block_number,block_hash,parent_hash,timestamp,timestamp_utc,base_fee_per_gas,gas_used,gas_limit
25545556,0x54c750c70571220b6f1f8cde3c77bb1bdc58e2f25f60fe9fb9cfbb6eab189e83,0xbefb96884020aabf16ea336a26cc330ca6d5bbd91c52e699882436ba714e8551,1784208851,2026-07-16T13:34:11Z,200068078,29162392,60000000
25545557,0xd648ca5b9d912f35e8724e444e2a742f94ffa6582cd444abfa108e956553517b,0x54c750c70571220b6f1f8cde3c77bb1bdc58e2f25f60fe9fb9cfbb6eab189e83,1784208863,2026-07-16T13:34:23Z,199369834,31422039,60000000
25545558,0x7180c6de2f98e4743106f4a01f01012bbe9b06493f68a29cf9a90b06d098d443,0xd648ca5b9d912f35e8724e444e2a742f94ffa6582cd444abfa108e956553517b,1784208875,2026-07-16T13:34:35Z,200551132,31254387,60000000
25545559,0x22316c695e3830e81c21e45ce792ad6b5669b4a328c49afa27015da6cc4b92a4,0x7180c6de2f98e4743106f4a01f01012bbe9b06493f68a29cf9a90b06d098d443,1784208887,2026-07-16T13:34:47Z,201599335,23403994,60000000
25545560,0x2320020eaf06a6e82fe8e0ecf4d5215b68b3a188d0dacae32efc92e52f9de89e,0x22316c695e3830e81c21e45ce792ad6b5669b4a328c49afa27015da6cc4b92a4,1784208899,2026-07-16T13:34:59Z,196058709,12690052,60000000
25545561,0x7f569ad89632726d41bb3ac947d34fe1dc0107de4f28cca2212fc31f0e03ed92,0x2320020eaf06a6e82fe8e0ecf4d5215b68b3a188d0dacae32efc92e52f9de89e,1784208911,2026-07-16T13:35:11Z,181918018,35190063,60000000
25545562,0x3483d18112dff6553d24ebe70ef92ad9447712cf71d294e896c7dab25f9a8c4c,0x7f569ad89632726d41bb3ac947d34fe1dc0107de4f28cca2212fc31f0e03ed92,1784208923,2026-07-16T13:35:23Z,185852042,30082167,60000000
25545563,0xeb08e3e80424f366c519a24eddb213b7af75e5a91d399628ea8dde70389945c6,0x3483d18112dff6553d24ebe70ef92ad9447712cf71d294e896c7dab25f9a8c4c,1784208935,2026-07-16T13:35:35Z,185915670,30605097,60000000
25545564,0x0938b60765c5682d3a57826fdd719149b341ab88f2b7c4059eb466039d092e46,0xeb08e3e80424f366c519a24eddb213b7af75e5a91d399628ea8dde70389945c6,1784208947,2026-07-16T13:35:47Z,186384407,23061979,60000000
25545565,0x9ee0a29c4b7c8cfb9d197f0ef85fccac239bf2fb1be51f9fede6b6d917c8bf5b,0x0938b60765c5682d3a57826fdd719149b341ab88f2b7c4059eb466039d092e46,1784208959,2026-07-16T13:35:59Z,180996329,16952992,60000000
25545566,0xbdfc0044bc40244c987a054e71151b0b8d0afb9e800bb7ea76a4768b29b8f2f8,0x9ee0a29c4b7c8cfb9d197f0ef85fccac239bf2fb1be51f9fede6b6d917c8bf5b,1784208971,2026-07-16T13:36:11Z,171156911,38024923,60000000
25545567,0xf1101810044bc6179b028d885f0e6aa121e615a233d7139a6680bb3c8e5c9ea9,0xbdfc0044bc40244c987a054e71151b0b8d0afb9e800bb7ea76a4768b29b8f2f8,1784208983,2026-07-16T13:36:23Z,176879915,26691717,60000000
25545568,0x95fee5317362b64adb7fb9bc6481f078bdb959edc6afd149ec04e190b6504ed2,0xf1101810044bc6179b028d885f0e6aa121e615a233d7139a6680bb3c8e5c9ea9,1784208995,2026-07-16T13:36:35Z,174441712,20518201,60000000
25545569,0x8016e48c331ccc006f0cb3eb5103b511315256886b0244707ec2aab682f7a70e,0x95fee5317362b64adb7fb9bc6481f078bdb959edc6afd149ec04e190b6504ed2,1784209007,2026-07-16T13:36:47Z,167549957,30956858,60000000
25545570,0x93c9371aa876ea5c68d78053f33bb5c98c633e164da4a6ee51f16222e43d901f,0x8016e48c331ccc006f0cb3eb5103b511315256886b0244707ec2aab682f7a70e,1784209019,2026-07-16T13:36:59Z,168217963,31727727,60000000
25545571,0xd287665cffbbeb7c6ba18b54884009d53a6c5b42eba330079a7ccc9c6287d97f,0x93c9371aa876ea5c68d78053f33bb5c98c633e164da4a6ee51f16222e43d901f,1784209031,2026-07-16T13:37:11Z,169428940,56620681,60000000
25545572,0xd82f47016a0c9eb26da30cc71a058bdc10c05c2be388563e12fa403fbee4ec81,0xd287665cffbbeb7c6ba18b54884009d53a6c5b42eba330079a7ccc9c6287d97f,1784209043,2026-07-16T13:37:23Z,188221914,6206025,60000000
25545573,0x14c7b596f7696520552171af5badcae7ceacdb31213598ad94458cec58f41b1a,0xd82f47016a0c9eb26da30cc71a058bdc10c05c2be388563e12fa403fbee4ec81,1784209055,2026-07-16T13:37:35Z,169561300,14397562,60000000
25545574,0xf98a9a8b0c18d2d4f25caad8826cb88d6a076e032000c101f70e4ef256350360,0x14c7b596f7696520552171af5badcae7ceacdb31213598ad94458cec58f41b1a,1784209067,2026-07-16T13:37:47Z,158538094,12447833,60000000
25545575,0xecb68e746bcf731a0ffb96179f370d4f3256ad92c65333b3e806f5cb8b894070,0xf98a9a8b0c18d2d4f25caad8826cb88d6a076e032000c101f70e4ef256350360,1784209079,2026-07-16T13:37:59Z,146943565,59564121,60000000
25545576,0x2b14a484cc8836471724d02937eaf28a38b8ff8c236f44f8ff6d8c7f4fc54a70,0xecb68e746bcf731a0ffb96179f370d4f3256ad92c65333b3e806f5cb8b894070,1784209091,2026-07-16T13:38:11Z,165044637,14347982,60000000
25545577,0x23aeb5266adf84e404da44d38b730e37a11ea077107e9cb41703494056ebc74e,0x2b14a484cc8836471724d02937eaf28a38b8ff8c236f44f8ff6d8c7f4fc54a70,1784209103,2026-07-16T13:38:23Z,154280964,41426085,60000000
25545578,0x4ca161b5e6e38733b4133e603a98067fd88078812c544b9711e9e0caf713e69a,0x23aeb5266adf84e404da44d38b730e37a11ea077107e9cb41703494056ebc74e,1784209115,2026-07-16T13:38:35Z,161626078,54127233,60000000
25545579,0xb32bbe6d1b44c40292e55fd0f20c8f58e02bde70049ababf22c9f37212a8272e,0x4ca161b5e6e38733b4133e603a98067fd88078812c544b9711e9e0caf713e69a,1784209127,2026-07-16T13:38:47Z,177874369,23140731,60000000
25545580,0x1ad7579a2ce0d1d67e3c1118ff1e3914f15705c784ed140f5323c373469b2938,0xb32bbe6d1b44c40292e55fd0f20c8f58e02bde70049ababf22c9f37212a8272e,1784209139,2026-07-16T13:38:59Z,172790669,28169535,60000000
25545581,0x97a2a75a558b850f13d13e3c27533e64be8fb2ec37a88ddc01472552bcdf3c45,0x1ad7579a2ce0d1d67e3c1118ff1e3914f15705c784ed140f5323c373469b2938,1784209151,2026-07-16T13:39:11Z,171472806,40972109,60000000
25545582,0x512b60163134fce2968807d5454174775ae1ffddf0c4a3a360322157e1840297,0x97a2a75a558b850f13d13e3c27533e64be8fb2ec37a88ddc01472552bcdf3c45,1784209163,2026-07-16T13:39:23Z,179312048,30706569,60000000
25545583,0x364a8941577bdac2728394619e53af2738c127bf6f2c4fa657d4b7eee74ddc80,0x512b60163134fce2968807d5454174775ae1ffddf0c4a3a360322157e1840297,1784209175,2026-07-16T13:39:35Z,179839949,4785367,60000000
25545584,0x9c75f00e97895f8bc5c30673c877a408fc79ae5897bc8326dc094404cb47442d,0x364a8941577bdac2728394619e53af2738c127bf6f2c4fa657d4b7eee74ddc80,1784209187,2026-07-16T13:39:47Z,160945790,50801400,60000000
25545585,0x0eced23b5f75e48ae176647a03cd20e7c2b3b56e5a07d7354d92dcec4c7a6421,0x9c75f00e97895f8bc5c30673c877a408fc79ae5897bc8326dc094404cb47442d,1784209199,2026-07-16T13:39:59Z,174895363,48195240,60000000
25545586,0x8e2c3680401477f6a10615ea4f9a6fef9ee362e4e2934460aab0791af27999b9,0x0eced23b5f75e48ae176647a03cd20e7c2b3b56e5a07d7354d92dcec4c7a6421,1784209211,2026-07-16T13:40:11Z,188154792,30413361,60000000
25545587,0x8fe2582c7e2e4e550f7867e6b78b47a5544fa8c4da81009350e1f68b035b091a,0x8e2c3680401477f6a10615ea4f9a6fef9ee362e4e2934460aab0791af27999b9,1784209223,2026-07-16T13:40:23Z,188478858,29779032,60000000
25545588,0xfc445bfc5631705d25ac9ddb6e2f7d22a3c64a81ffdd6b4a6233cf80e44703cf,0x8fe2582c7e2e4e550f7867e6b78b47a5544fa8c4da81009350e1f68b035b091a,1784209235,2026-07-16T13:40:35Z,188305326,31621978,60000000
25545589,0xd369104d464d1eb11ac3770c049f0f7dee22c2832cfb6ad9f6ab4b607f08e58b,0xfc445bfc5631705d25ac9ddb6e2f7d22a3c64a81ffdd6b4a6233cf80e44703cf,1784209247,2026-07-16T13:40:47Z,189577938,6040121,60000000
25545590,0xa6e7836ec8550c35719276240acafaf185eb2beefd15aae1bbdc3986ffcbe5f9,0xd369104d464d1eb11ac3770c049f0f7dee22c2832cfb6ad9f6ab4b607f08e58b,1784209259,2026-07-16T13:40:59Z,170651837,44472685,60000000
25545591,0x18febb8a7abd90a629bb633b1ade4809b8170e3cde37ed679986d24bd8d3cd87,0xa6e7836ec8550c35719276240acafaf185eb2beefd15aae1bbdc3986ffcbe5f9,1784209271,2026-07-16T13:41:11Z,180942629,31824376,60000000
25545592,0x7188de47c4ac09ecc5ecd28901cdd566ad8cca4b317d69698fca9faeeca8c6be,0x18febb8a7abd90a629bb633b1ade4809b8170e3cde37ed679986d24bd8d3cd87,1784209283,2026-07-16T13:41:23Z,182318076,18760282,60000000
25545593,0x1274db15f75705492a46d6f5e87143ca21e0eca0d3d00c184dca99dc30034ee1,0x7188de47c4ac09ecc5ecd28901cdd566ad8cca4b317d69698fca9faeeca8c6be,1784209295,2026-07-16T13:41:35Z,173779727,28948441,60000000
25545594,0x735bc69a9279d76684c6f328f65db8b45b0283388a53ffd6d43ec6d05cdd9257,0x1274db15f75705492a46d6f5e87143ca21e0eca0d3d00c184dca99dc30034ee1,1784209307,2026-07-16T13:41:47Z,173018312,7090674,60000000
25545595,0xe0e3475f3b40865488ab6f0d29af7f87cb6ac01688eabea3915e2bf7e2df3c0b,0x735bc69a9279d76684c6f328f65db8b45b0283388a53ffd6d43ec6d05cdd9257,1784209319,2026-07-16T13:41:59Z,156502759,39387744,60000000
25545596,0x920b791842a9841ed9ee0e9ccab6164946da716c9fbda27fc3f02486bab7690c,0xe0e3475f3b40865488ab6f0d29af7f87cb6ac01688eabea3915e2bf7e2df3c0b,1784209331,2026-07-16T13:42:11Z,162624458,17282158,60000000
25545597,0x7a5d03418e73745317b0bfc19e68b2324b0fc95d265064a625ef9f650ea2bb61,0x920b791842a9841ed9ee0e9ccab6164946da716c9fbda27fc3f02486bab7690c,1784209343,2026-07-16T13:42:23Z,154006824,12387542,60000000
25545598,0x1530c648adf14f34b2494ee322756a5b99798202045fbff1250a1ea41ee3aff8,0x7a5d03418e73745317b0bfc19e68b2324b0fc95d265064a625ef9f650ea2bb61,1784209355,2026-07-16T13:42:35Z,142704997,45097400,60000000
25545599,0x22916fff8dbc4a15e065f5aac69432b2b03d7cf966345beb6d9fe9cd37ae6447,0x1530c648adf14f34b2494ee322756a5b99798202045fbff1250a1ea41ee3aff8,1784209367,2026-07-16T13:42:47Z,151681973,59953552,60000000
25545600,0x096fff1dded21ca60d7cab0fdacd65af634f1ee5302518ecc7bbe33f64a47274,0x22916fff8dbc4a15e065f5aac69432b2b03d7cf966345beb6d9fe9cd37ae6447,1784209379,2026-07-16T13:42:59Z,170612864,47135625,60000000
25545601,0x9f912e729ca3af0ca7ddcd169b1a6c2c03f2aafe315223063c30da3df0b036b0,0x096fff1dded21ca60d7cab0fdacd65af634f1ee5302518ecc7bbe33f64a47274,1784209391,2026-07-16T13:43:11Z,182794355,32958864,60000000
25545602,0x0ba7f7f0ca498218147242759a5f946fa6d404726ef398776cde16b5e37c5293,0x9f912e729ca3af0ca7ddcd169b1a6c2c03f2aafe315223063c30da3df0b036b0,1784209403,2026-07-16T13:43:23Z,185047953,29543113,60000000
25545603,0x30806f40df23100aec4af24beb63ff99523e6ec858e42cf6e6184e9799d6ccd4,0x0ba7f7f0ca498218147242759a5f946fa6d404726ef398776cde16b5e37c5293,1784209415,2026-07-16T13:43:35Z,184695678,10526804,60000000
25545604,0x1096fb823635b0386e69338e3320ca2e14f4af5549e03ef8779b3dfa9be1a34d,0x30806f40df23100aec4af24beb63ff99523e6ec858e42cf6e6184e9799d6ccd4,1784209427,2026-07-16T13:43:47Z,169709782,53742431,60000000
25545605,0x952589d0ac786349ef096f6647856475246f25d7655a1e00f538297aefe64cb9,0x1096fb823635b0386e69338e3320ca2e14f4af5549e03ef8779b3dfa9be1a34d,1784209439,2026-07-16T13:43:59Z,186498626,14028700,60000000
25545606,0x0805598a0c874ee62528afe1b80c971b8b611b8d10625d735edbbdbbf3cb2219,0x952589d0ac786349ef096f6647856475246f25d7655a1e00f538297aefe64cb9,1784209451,2026-07-16T13:44:11Z,174087687,52955081,60000000
25545607,0xbc851861647370062094c76dd33568639809f3488148fc3eebffb1448f2c7966,0x0805598a0c874ee62528afe1b80c971b8b611b8d10625d735edbbdbbf3cb2219,1784209463,2026-07-16T13:44:23Z,190738507,21506471,60000000
25545608,0x0e44bcfcb71b50cb56f09083d7d69dfcbad07627b18062c2a10086608ac9e159,0xbc851861647370062094c76dd33568639809f3488148fc3eebffb1448f2c7966,1784209475,2026-07-16T13:44:35Z,183988328,19768339,60000000
25545609,0x59122e43e575e8def0428f501a8618e680d11ec42067fecac3a8bf6a13785f77,0x0e44bcfcb71b50cb56f09083d7d69dfcbad07627b18062c2a10086608ac9e159,1784209487,2026-07-16T13:44:47Z,176144553,23672601,60000000
25545610,0x6e7326389d4dfaf6858f8b7bd8fb9c858f9de30ea89afe0f019caec29ff98a49,0x59122e43e575e8def0428f501a8618e680d11ec42067fecac3a8bf6a13785f77,1784209499,2026-07-16T13:44:59Z,171500650,45385964,60000000
25545611,0x268e0ae052c4c8f172b80ce1159a94326f7abf3007d7585162df54089a5a9d92,0x6e7326389d4dfaf6858f8b7bd8fb9c858f9de30ea89afe0f019caec29ff98a49,1784209511,2026-07-16T13:45:11Z,182495245,38472497,60000000
25545612,0x2bb1bd350f4a20e7adb8bcd4700e50f6087f508107f9468fb1b03dbf03301080,0x268e0ae052c4c8f172b80ce1159a94326f7abf3007d7585162df54089a5a9d92,1784209523,2026-07-16T13:45:23Z,188937705,26612384,60000000
25545613,0xd96e19c5929df22f932442b54e068aafa70fb4b43d76196ca2791daad18c9184,0x2bb1bd350f4a20e7adb8bcd4700e50f6087f508107f9468fb1b03dbf03301080,1784209535,2026-07-16T13:45:35Z,186270837,22577945,60000000
25545614,0x72b7782941f9e7153445e35cd2524dcbb4f1d3cf4ac7aa23053ad9368a211eca,0xd96e19c5929df22f932442b54e068aafa70fb4b43d76196ca2791daad18c9184,1784209547,2026-07-16T13:45:47Z,180510369,31833756,60000000
25545615,0x4ee547789ba8736132d0693d7dc3f1ca026c6997b681d4de74ad674ea15deb6c,0x72b7782941f9e7153445e35cd2524dcbb4f1d3cf4ac7aa23053ad9368a211eca,1784209559,2026-07-16T13:45:59Z,181889585,21339643,60000000
25545616,0xca13563e70b02d82752fe02320f12ad71fc15594312619d79398ac7e70d76fdc,0x4ee547789ba8736132d0693d7dc3f1ca026c6997b681d4de74ad674ea15deb6c,1784209571,2026-07-16T13:46:11Z,175326132,32218848,60000000
25545617,0x3bc3a377ec0a987f0fa7c562e04c5b99bec78fa572953f98e47d47720bf31886,0xca13563e70b02d82752fe02320f12ad71fc15594312619d79398ac7e70d76fdc,1784209583,2026-07-16T13:46:23Z,176947057,11874222,60000000
25545618,0x8208a48a1fe6821e851a79f026e6977dae4b2ff4b354d8aee0f4fceab4fa6c19,0x3bc3a377ec0a987f0fa7c562e04c5b99bec78fa572953f98e47d47720bf31886,1784209595,2026-07-16T13:46:35Z,163583295,31961106,60000000
25545619,0x890caf53e6e709949438c6bf47eeef7059352436e76bd054cfa7d1498c4b9a78,0x8208a48a1fe6821e851a79f026e6977dae4b2ff4b354d8aee0f4fceab4fa6c19,1784209607,2026-07-16T13:46:47Z,164919979,37100707,60000000
25545620,0x452343a736f2ec74640bdad306ab7b4fc889ffe22b1847c116a5883d4c1a92df,0x890caf53e6e709949438c6bf47eeef7059352436e76bd054cfa7d1498c4b9a78,1784209619,2026-07-16T13:46:59Z,169799347,33784118,60000000
25545621,0xb1b101f54e59160d38ccff5b36223995f7de90bbce96e3903ba29cef2ee40ddd,0x452343a736f2ec74640bdad306ab7b4fc889ffe22b1847c116a5883d4c1a92df,1784209631,2026-07-16T13:47:11Z,172476600,29229793,60000000
25545622,0x1847ac9afcb2cf1441f4d936890e821f64aede7b51eb8c261849511d15d92071,0xb1b101f54e59160d38ccff5b36223995f7de90bbce96e3903ba29cef2ee40ddd,1784209643,2026-07-16T13:47:23Z,171923089,33892585,60000000
25545623,0x1b05a45f4ea9461bbaa1f884f477c1ac5e77d7d47bd4f928f20813c14d995fa1,0x1847ac9afcb2cf1441f4d936890e821f64aede7b51eb8c261849511d15d92071,1784209655,2026-07-16T13:47:35Z,174711527,21715681,60000000
25545624,0xe8c26160b8dc2dfb76be27d4653b32e0b163689a6c8d68cec4bf0196b461c247,0x1b05a45f4ea9461bbaa1f884f477c1ac5e77d7d47bd4f928f20813c14d995fa1,1784209667,2026-07-16T13:47:47Z,168680836,27529611,60000000
25545625,0x859e00836f5b4fb12da714ed7c545eba97fe036dc0e1802ba237c3e546c1f6d0,0xe8c26160b8dc2dfb76be27d4653b32e0b163689a6c8d68cec4bf0196b461c247,1784209679,2026-07-16T13:47:59Z,166944556,32309382,60000000
25545626,0x56a217748d2ada68c41cc1211c72d4b205e18fc88552e167a5866114f9d3b8cd,0x859e00836f5b4fb12da714ed7c545eba97fe036dc0e1802ba237c3e546c1f6d0,1784209691,2026-07-16T13:48:11Z,168550967,32284169,60000000
25545627,0x6ce8bced035d92e261f38b80ce116c9ee9153d144aa88b51d908810c86a3deda,0x56a217748d2ada68c41cc1211c72d4b205e18fc88552e167a5866114f9d3b8cd,1784209703,2026-07-16T13:48:23Z,170155129,20287097,59941408
25545628,0xa23b35d41f152fc04b5199f0edc4b36be9e7a9ec435d6125fe3252306e8aba03,0x6ce8bced035d92e261f38b80ce116c9ee9153d144aa88b51d908810c86a3deda,1784209715,2026-07-16T13:48:35Z,163282938,44456558,59999943
25545629,0x22d3c6f7e26d1f36c957ecd55b274e9fec47d26da4e1621726d66948b4dc6289,0xa23b35d41f152fc04b5199f0edc4b36be9e7a9ec435d6125fe3252306e8aba03,1784209727,2026-07-16T13:48:47Z,173118422,32487702,60000000
25545630,0x83caa9d15e78118a130439b6251fc0b52e23b5f14d740252688af6d63c94c9ab,0x22d3c6f7e26d1f36c957ecd55b274e9fec47d26da4e1621726d66948b4dc6289,1784209739,2026-07-16T13:48:59Z,174912868,21753073,60000000
25545631,0x35319a7608b4f6ad09de6225633efd775e266d7c8c57b74ae994a7d8908fcbfb,0x83caa9d15e78118a130439b6251fc0b52e23b5f14d740252688af6d63c94c9ab,1784209751,2026-07-16T13:49:11Z,168902478,55190014,60000000
25545632,0x8ee009eae05ec8987f478266cc9e16f6f0616634e1887b9e6b1a4b5d012997c8,0x35319a7608b4f6ad09de6225633efd775e266d7c8c57b74ae994a7d8908fcbfb,1784209763,2026-07-16T13:49:23Z,186630210,59668769,60000000
25545633,0x51ae104efae8e9f8685b0db434b25a4d0d54ee5bd51ef79fbb1677d844030733,0x8ee009eae05ec8987f478266cc9e16f6f0616634e1887b9e6b1a4b5d012997c8,1784209775,2026-07-16T13:49:35Z,209701412,57354058,60000000
25545634,0x3ce57f6594ae0a58d36786379543263a607b3054e94e0c9952196cd926bf0832,0x51ae104efae8e9f8685b0db434b25a4d0d54ee5bd51ef79fbb1677d844030733,1784209787,2026-07-16T13:49:47Z,233602181,25978549,60000000
25545635,0x61acd4213d4f20d849b62c152f864a1d3087ad6c0e7338e8ef687ba5595f4f28,0x3ce57f6594ae0a58d36786379543263a607b3054e94e0c9952196cd926bf0832,1784209799,2026-07-16T13:49:59Z,229687933,31596339,60000000
25545636,0xeda71d6535e3ee85c11b707a299c6e19a1daaeac82c1487d3af4062069467634,0x61acd4213d4f20d849b62c152f864a1d3087ad6c0e7338e8ef687ba5595f4f28,1784209811,2026-07-16T13:50:11Z,231215682,32525518,60000000
25545637,0x52a2d2e428591bfc68d1dbb2eb8e75404d8449c7a4c5d70f934f10db34651672,0xeda71d6535e3ee85c11b707a299c6e19a1daaeac82c1487d3af4062069467634,1784209823,2026-07-16T13:50:23Z,233648762,26330821,60000000
25545638,0x3c9e3073548258e14f50eabfced69c859bc145a40c4e6f9a3da8265f4da2ec00,0x52a2d2e428591bfc68d1dbb2eb8e75404d8449c7a4c5d70f934f10db34651672,1784209835,2026-07-16T13:50:35Z,230076683,32887907,60000000
25545639,0xe5172c363390bd936fad8eca39c403b82cc8d5aa90e5ed48c1354c74b9bbb1d6,0x3c9e3073548258e14f50eabfced69c859bc145a40c4e6f9a3da8265f4da2ec00,1784209847,2026-07-16T13:50:47Z,232845183,22608314,60000000
25545640,0x6769ea49f7e4ace28b2c96093bcbb1fea5509c2cee9d2b6d5dae8cf9e71b574b,0xe5172c363390bd936fad8eca39c403b82cc8d5aa90e5ed48c1354c74b9bbb1d6,1784209859,2026-07-16T13:50:59Z,225673857,31980682,60000000
25545641,0x2743a161bc3b99ff84dcd52fec8e59000d3de3ff4825bbafcbd700b054138d54,0x6769ea49f7e4ace28b2c96093bcbb1fea5509c2cee9d2b6d5dae8cf9e71b574b,1784209871,2026-07-16T13:51:11Z,227536307,27407424,60000000
25545642,0x0dcfa8de125baee4451d9592e5f02da60bb75b1fc0cc8211b0676648da046b57,0x2743a161bc3b99ff84dcd52fec8e59000d3de3ff4825bbafcbd700b054138d54,1784209883,2026-07-16T13:51:23Z,225078369,23574029,60000000
25545643,0xb032b7a4658787deb653d0879ec823fd4d9f132a82508a4c24c1c691b7d686da,0x0dcfa8de125baee4451d9592e5f02da60bb75b1fc0cc8211b0676648da046b57,1784209895,2026-07-16T13:51:35Z,219051923,25450097,60000000
25545644,0xa74a95c60af1c0fc2860b263e13ed35efbbb7c11acdd6114e84c0f978632fb98,0xb032b7a4658787deb653d0879ec823fd4d9f132a82508a4c24c1c691b7d686da,1784209907,2026-07-16T13:51:47Z,214899153,22535578,60000000
25545645,0x362cdbffc858ae7e32bebb5c20b3e04f418ce8c9f8577fb186249d14f5c5b475,0xa74a95c60af1c0fc2860b263e13ed35efbbb7c11acdd6114e84c0f978632fb98,1784209919,2026-07-16T13:51:59Z,208215412,28432889,60000000
25545646,0x41ce0bc5e9445f4cd41f421b4ed431e7a732c9bc530a38f6b82c2b05fd912d0c,0x362cdbffc858ae7e32bebb5c20b3e04f418ce8c9f8577fb186249d14f5c5b475,1784209931,2026-07-16T13:52:11Z,206855843,25290663,60000000
25545647,0x5a976ae341af99d598a06663fb7526712846b0cbb74f3c3963936dc868f32625,0x41ce0bc5e9445f4cd41f421b4ed431e7a732c9bc530a38f6b82c2b05fd912d0c,1784209943,2026-07-16T13:52:23Z,202796869,25322548,60000000
25545648,0x6691802f934776dbbed33118deab7e23e9f5719efd742a13531953eaa257f380,0x5a976ae341af99d598a06663fb7526712846b0cbb74f3c3963936dc868f32625,1784209955,2026-07-16T13:52:35Z,198844484,28856418,60000000
25545649,0x1996ee652e9df9e905f2e795a3ad35fff190befecfb9d07f59b8aac2a0d13b97,0x6691802f934776dbbed33118deab7e23e9f5719efd742a13531953eaa257f380,1784209967,2026-07-16T13:52:47Z,197897005,14159367,60000000
25545650,0x41dde23a2e68efea87219bef67e9fe6dbb9999e0d571a18d1f8e1bce60a6e121,0x1996ee652e9df9e905f2e795a3ad35fff190befecfb9d07f59b8aac2a0d13b97,1784209979,2026-07-16T13:52:59Z,184835281,40072807,60000000
25545651,0xd87c5206fcd8389887c371d1aac7f5cfee90f9d4bc6a43ac3f2834efc761718c,0x41dde23a2e68efea87219bef67e9fe6dbb9999e0d571a18d1f8e1bce60a6e121,1784209991,2026-07-16T13:53:11Z,192592823,21177985,60000000
25545652,0x2c3948d7d2eebf1bf2613d495ad90fa6905882b08dbba3b88e4a05cb492dc478,0xd87c5206fcd8389887c371d1aac7f5cfee90f9d4bc6a43ac3f2834efc761718c,1784210003,2026-07-16T13:53:23Z,185513420,27907187,60000000
25545653,0x5cc8b52cc85e5987e6e800af4fe2a67708c743ecfd326e4a770f57ad59876be0,0x2c3948d7d2eebf1bf2613d495ad90fa6905882b08dbba3b88e4a05cb492dc478,1784210015,2026-07-16T13:53:35Z,183895733,13592034,60000000
25545654,0x32faaff209d6ff54d485b6a3153f07832f206b6af4d4abbc04699129e3b46c92,0x5cc8b52cc85e5987e6e800af4fe2a67708c743ecfd326e4a770f57ad59876be0,1784210027,2026-07-16T13:53:47Z,171323421,25162942,60000000
25545655,0xf73e713780cfd59f14059ce04c9bfb82ffd10ffa8bfa4c815d46962df21b94ba,0x32faaff209d6ff54d485b6a3153f07832f206b6af4d4abbc04699129e3b46c92,1784210039,2026-07-16T13:53:59Z,167870499,19592808,60000000
25545656,0xdb12d9dc057431c0d58c3762ce3ac07cff4fa839f70eedad329a490974ec9e58,0xf73e713780cfd59f14059ce04c9bfb82ffd10ffa8bfa4c815d46962df21b94ba,1784210051,2026-07-16T13:54:11Z,160591081,26988920,60000000
25545657,0x656a771858f3774e41e876a45231aa2421e622c1a03ddd26de22944c4c1c372c,0xdb12d9dc057431c0d58c3762ce3ac07cff4fa839f70eedad329a490974ec9e58,1784210063,2026-07-16T13:54:23Z,158576279,33137578,60000000
25545658,0x37cafb6f7ba604d3be5747abc95209b9984d6f702c8ebfbdaf50f993542b52af,0x656a771858f3774e41e876a45231aa2421e622c1a03ddd26de22944c4c1c372c,1784210075,2026-07-16T13:54:35Z,160649385,36010643,60000000
25545659,0xfcbd0f96c391ef3a1d9c2206ae95dc6946ec833e4134c3c6c74db3d5d74a06cc,0x37cafb6f7ba604d3be5747abc95209b9984d6f702c8ebfbdaf50f993542b52af,1784210087,2026-07-16T13:54:47Z,164672743,35498286,60000000
25545660,0x9f7d68ff3930b7b75626f426c243f8f2bf447f05adcf9f68bd753bab2154c11d,0xfcbd0f96c391ef3a1d9c2206ae95dc6946ec833e4134c3c6c74db3d5d74a06cc,1784210099,2026-07-16T13:54:59Z,168445317,17205108,60000000
25545661,0x0b538994c1ec4f637a0bdee93d2c9bdec3dafbd9b9b7ca7562bff93357d7b376,0x9f7d68ff3930b7b75626f426c243f8f2bf447f05adcf9f68bd753bab2154c11d,1784210111,2026-07-16T13:55:11Z,159465152,46642546,60000000
25545662,0xc8b61283e5f173f9dcfa17a1abfe583a88559cfd4a437a08b8fc335a8301e44e,0x0b538994c1ec4f637a0bdee93d2c9bdec3dafbd9b9b7ca7562bff93357d7b376,1784210123,2026-07-16T13:55:23Z,170523094,12246551,60000000
25545663,0x5643d3175e218e8f9d0be672693d7d3b0b1382f95f85cfcd1394b66764304401,0xc8b61283e5f173f9dcfa17a1abfe583a88559cfd4a437a08b8fc335a8301e44e,1784210135,2026-07-16T13:55:35Z,157909040,48755644,60000000
25545664,0x66c95619ca2849e929e33752595d13d3e15200bd44ea0e52f24ea701e350cea1,0x5643d3175e218e8f9d0be672693d7d3b0b1382f95f85cfcd1394b66764304401,1784210147,2026-07-16T13:55:47Z,170249397,7669823,60000000
25545665,0x0356ed5d4875946187a51967165249253aab9460940e5ea6514dab8b212926d9,0x66c95619ca2849e929e33752595d13d3e15200bd44ea0e52f24ea701e350cea1,1784210159,2026-07-16T13:55:59Z,154408984,48191170,60000000
25545666,0xed527018237e964225ac96f87fc83561eefd92795fea49c126c3b8189263c440,0x0356ed5d4875946187a51967165249253aab9460940e5ea6514dab8b212926d9,1784210171,2026-07-16T13:56:11Z,166112650,37089764,60000000
25545667,0x3351dae486bbf1b1aefebf18e340dc0be688d6487cfa8599a9384c295e807d8e,0xed527018237e964225ac96f87fc83561eefd92795fea49c126c3b8189263c440,1784210183,2026-07-16T13:56:23Z,171019731,51295637,60000000
25545668,0x12615cf75b7da613a0a360303efc110a0a9c21ffc95aa11454fc0e3af7b5f0ed,0x3351dae486bbf1b1aefebf18e340dc0be688d6487cfa8599a9384c295e807d8e,1784210195,2026-07-16T13:56:35Z,186194623,30038230,60000000
25545669,0xdf54d21e68200815e1a341c56645d187e0e003dee752913de0ff460124a8506e,0x12615cf75b7da613a0a360303efc110a0a9c21ffc95aa11454fc0e3af7b5f0ed,1784210207,2026-07-16T13:56:47Z,186224282,30423408,60000000
25545670,0x7b843e9b9279de0cd522b94fc94e542d91b0854d56fe0281f14ce283d412f125,0xdf54d21e68200815e1a341c56645d187e0e003dee752913de0ff460124a8506e,1784210219,2026-07-16T13:56:59Z,186552818,28832707,60000000
25545671,0x2bc98643014daad715150a458675afb54d9e1ffede3663a4483ba96fae912510,0x7b843e9b9279de0cd522b94fc94e542d91b0854d56fe0281f14ce283d412f125,1784210231,2026-07-16T13:57:11Z,185645478,41527404,60000000
25545672,0x6b893c294a8208999f1edbcc931b0b8aa400c6ea0b15381f6e2bdbcd0d2074c8,0x2bc98643014daad715150a458675afb54d9e1ffede3663a4483ba96fae912510,1784210243,2026-07-16T13:57:23Z,194562188,30933059,60000000
25545673,0x3dee4d2297878918459272e94c42ba417c7d558ef9fcb28297c1d1f7887fe3d2,0x6b893c294a8208999f1edbcc931b0b8aa400c6ea0b15381f6e2bdbcd0d2074c8,1784210255,2026-07-16T13:57:35Z,195318596,27680302,60000000
25545674,0x0890985bf4294f2f0e46a7c8fef565486614b3582bf2d538ee1fae457cdf2f9d,0x3dee4d2297878918459272e94c42ba417c7d558ef9fcb28297c1d1f7887fe3d2,1784210267,2026-07-16T13:57:47Z,193430763,38939833,60000000
25545675,0x7ab8f6309c89d85387ed331fb5426902039b9a9424e1f05c0e4cfe458c68891b,0x0890985bf4294f2f0e46a7c8fef565486614b3582bf2d538ee1fae457cdf2f9d,1784210279,2026-07-16T13:57:59Z,200635924,26123226,60000000
25545676,0x47b4cf7e0ee80f818c346bd28eb7e1f3504c9fbd938acd58e7ec4dfe09135d75,0x7ab8f6309c89d85387ed331fb5426902039b9a9424e1f05c0e4cfe458c68891b,1784210291,2026-07-16T13:58:11Z,197395007,27994267,60000000
25545677,0x08831586bb8195e77b8e2bd58ae8b7cbf7496d9b5d3c88beedf1838fbfe2c02a,0x47b4cf7e0ee80f818c346bd28eb7e1f3504c9fbd938acd58e7ec4dfe09135d75,1784210303,2026-07-16T13:58:23Z,195745334,31842228,60000000
25545678,0x0b4700a54527c135989a83878e8934d21be97aae36ed42c9c8d3a7a67afee91f,0x08831586bb8195e77b8e2bd58ae8b7cbf7496d9b5d3c88beedf1838fbfe2c02a,1784210315,2026-07-16T13:58:35Z,197247865,14481822,60000000
25545679,0x1fff2a80a0ba9d1d331b69f300a857bf8c5e17ad45192fd45279dce7ce56b11f,0x0b4700a54527c135989a83878e8934d21be97aae36ed42c9c8d3a7a67afee91f,1784210327,2026-07-16T13:58:47Z,184494001,50079510,60000000
25545680,0x4f4e3bfa33839457ad873f30084fa7e7bd9c0765e4287a6f029ce1fcd2a49933,0x1fff2a80a0ba9d1d331b69f300a857bf8c5e17ad45192fd45279dce7ce56b11f,1784210339,2026-07-16T13:58:59Z,199929622,37301024,60000000
25545681,0x7e847f2f72e255fc75097f9cfb0a73e625efde7640ac21e7bdb993109bc1b8a8,0x4f4e3bfa33839457ad873f30084fa7e7bd9c0765e4287a6f029ce1fcd2a49933,1784210351,2026-07-16T13:59:11Z,206011667,23328855,60000000
25545682,0x64f5d171276de118f48e10085773c91c764fd72e14ebf78573e03e2887487db9,0x7e847f2f72e255fc75097f9cfb0a73e625efde7640ac21e7bdb993109bc1b8a8,1784210363,2026-07-16T13:59:23Z,200285277,23528149,60000000
25545683,0xe41b437965b7bdfa46c1035031b7997ca6dfbdc9aba205318b23825ff1e11568,0x64f5d171276de118f48e10085773c91c764fd72e14ebf78573e03e2887487db9,1784210375,2026-07-16T13:59:35Z,194884376,21940101,60000000
25545684,0xb7aae8da65528b0450ee912e6551f1680d893df81b61b9bc559b93ff13712028,0xe41b437965b7bdfa46c1035031b7997ca6dfbdc9aba205318b23825ff1e11568,1784210387,2026-07-16T13:59:47Z,188339592,10195499,60000000
25545685,0x27559b7403a567462ba051e1bc3c589f48c8f1db3e53039251822f6f7947190b,0xb7aae8da65528b0450ee912e6551f1680d893df81b61b9bc559b93ff13712028,1784210399,2026-07-16T13:59:59Z,172798044,40761377,60000000
25545686,0x3008ea6231f9f910e823bc2a01e0d991f0f230b4706828f7d86f636bcc6dc6ac,0x27559b7403a567462ba051e1bc3c589f48c8f1db3e53039251822f6f7947190b,1784210411,2026-07-16T14:00:11Z,180546147,43420895,60000000
25545687,0x9edd19b4bd964aee508e20250d5bc552787604ab10a69a93c84d2f0c0a64b47d,0x3008ea6231f9f910e823bc2a01e0d991f0f230b4706828f7d86f636bcc6dc6ac,1784210423,2026-07-16T14:00:23Z,190642359,29298914,60000000
25545688,0x5fb7bdc687baff332918037fdb61f55c5f24aa74ef5b89f0632c84d8603d2a00,0x9edd19b4bd964aee508e20250d5bc552787604ab10a69a93c84d2f0c0a64b47d,1784210435,2026-07-16T14:00:35Z,190085457,46146636,60000000
25545689,0x9cbc12be17da19fe0ccf3d09e2b891684e3efa77b9fbe1c7993939300b91f1fb,0x5fb7bdc687baff332918037fdb61f55c5f24aa74ef5b89f0632c84d8603d2a00,1784210447,2026-07-16T14:00:47Z,202873959,40161712,60000000
25545690,0xc5362febb16e93a1705bf5edce100a06084e222b903ab242c6e319818e95110b,0x9cbc12be17da19fe0ccf3d09e2b891684e3efa77b9fbe1c7993939300b91f1fb,1784210459,2026-07-16T14:00:59Z,211463737,21742738,60000000
25545691,0x9051ba6ac53596f68702f6cc72f33b557cc657e44b327ed85a2dd018f15837d3,0xc5362febb16e93a1705bf5edce100a06084e222b903ab242c6e319818e95110b,1784210471,2026-07-16T14:01:11Z,204188273,59611985,60000000
25545692,0xdb93e994198d5251a748820f316c58e641ee71397a03ed706f037c5d0c669f2f,0x9051ba6ac53596f68702f6cc72f33b557cc657e44b327ed85a2dd018f15837d3,1784210483,2026-07-16T14:01:23Z,229381689,13934856,60000000
25545693,0x3160883314c439df8d4692a9f1b288dfe4de44adeef82e902d693fc8c3a503ec,0xdb93e994198d5251a748820f316c58e641ee71397a03ed706f037c5d0c669f2f,1784210495,2026-07-16T14:01:35Z,214027315,54503286,59941408
25545694,0xe784402bad4956cd9f81bfd86efb86a49726496d606e1785169711e7927c767c,0x3160883314c439df8d4692a9f1b288dfe4de44adeef82e902d693fc8c3a503ec,1784210507,2026-07-16T14:01:47Z,235926377,48688794,59999943
25545695,0x750e4aef934f140e4a82b1ccf1f8d2e78a91c3f289d2240d49ac7ab9a9380891,0xe784402bad4956cd9f81bfd86efb86a49726496d606e1785169711e7927c767c,1784210519,2026-07-16T14:01:59Z,254298004,18590011,60000000
25545696,0x7d4672d658b7412f82ef6d05ebc34c29317970f2f96ad8817add40aa62f7f846,0x750e4aef934f140e4a82b1ccf1f8d2e78a91c3f289d2240d49ac7ab9a9380891,1784210531,2026-07-16T14:02:11Z,242208265,38030279,60000000
25545697,0xa81640483ca88701d1f86c2016a81a7b4a6b56a068b963ec1bf7b0c543761e87,0x7d4672d658b7412f82ef6d05ebc34c29317970f2f96ad8817add40aa62f7f846,1784210543,2026-07-16T14:02:23Z,250312431,31819965,60000000
25545698,0xb8baef8a2b5a672a239c5f67891a120f4ff55407a0d4f9fff2fa912a0464bdac,0xa81640483ca88701d1f86c2016a81a7b4a6b56a068b963ec1bf7b0c543761e87,1784210555,2026-07-16T14:02:35Z,252210597,30590206,60000000
25545699,0x6c1ddb85b0d0a4de2a21644d45440b34a388f9943f7b3870d39cf2c2c7974467,0xb8baef8a2b5a672a239c5f67891a120f4ff55407a0d4f9fff2fa912a0464bdac,1784210567,2026-07-16T14:02:47Z,252830831,21739438,60000000
25545700,0x60b9b56a3a39405c32cd3f09edb3100098bbe928c7dfb38b6f6a6ad9e92019da,0x6c1ddb85b0d0a4de2a21644d45440b34a388f9943f7b3870d39cf2c2c7974467,1784210579,2026-07-16T14:02:59Z,244128645,23337013,60000000
25545701,0x83f57a63ab6034eb9eba4429b97548749107d64f24bf0f94e1351e199d645dd3,0x60b9b56a3a39405c32cd3f09edb3100098bbe928c7dfb38b6f6a6ad9e92019da,1784210591,2026-07-16T14:03:11Z,237351037,31071753,60000000
25545702,0x66e60582728ea75b2b713493e46bb6cacab40a6c324cc0c8dfe5e131747c6dc1,0x83f57a63ab6034eb9eba4429b97548749107d64f24bf0f94e1351e199d645dd3,1784210603,2026-07-16T14:03:23Z,238410960,31485760,60000000
25545703,0xd246fdb64aa34e48643a5b2a43e31ae504fd8632264611e72e5e8435554e598e,0x66e60582728ea75b2b713493e46bb6cacab40a6c324cc0c8dfe5e131747c6dc1,1784210615,2026-07-16T14:03:35Z,239886882,22695617,60000000
25545704,0x2337e30764f18c4e0b30fbd670da26d4a687ddfd82debf9f6d3657c930b03c32,0xd246fdb64aa34e48643a5b2a43e31ae504fd8632264611e72e5e8435554e598e,1784210627,2026-07-16T14:03:47Z,232585942,27927707,60000000
25545705,0xabf0e8e8595d9b640c6841b2516f186a6f4b079e5cd381b0239eb81d676f9ecf,0x2337e30764f18c4e0b30fbd670da26d4a687ddfd82debf9f6d3657c930b03c32,1784210639,2026-07-16T14:03:59Z,230577667,26816008,60000000
25545706,0x6f604921cb4a7b04285d5939824cd6b894db7beec5d0c266026bb790db0b67e9,0xabf0e8e8595d9b640c6841b2516f186a6f4b079e5cd381b0239eb81d676f9ecf,1784210651,2026-07-16T14:04:11Z,227518678,37250992,60000000
25545707,0x9496f3b45014e80df97f832868978cdcbf775ad422e942343c8a2ba88fb5cf70,0x6f604921cb4a7b04285d5939824cd6b894db7beec5d0c266026bb790db0b67e9,1784210663,2026-07-16T14:04:23Z,234392578,23611218,60000000
25545708,0xaf9b01e40f87f337a24c8386b0c7985461b82c238f8047469966e577b9978d15,0x9496f3b45014e80df97f832868978cdcbf775ad422e942343c8a2ba88fb5cf70,1784210675,2026-07-16T14:04:35Z,228153066,22837351,60000000
25545709,0x62ed07ef5df93b51e95ec64d75d974d455b6a342d26e0cd1b889a897e4e9f2d2,0xaf9b01e40f87f337a24c8386b0c7985461b82c238f8047469966e577b9978d15,1784210687,2026-07-16T14:04:47Z,221343982,35330638,60000000
25545710,0xf78071d73b32e47dc791d688cb2f7f77b92f08dbb1518f3a3476144a49afbd5b,0x62ed07ef5df93b51e95ec64d75d974d455b6a342d26e0cd1b889a897e4e9f2d2,1784210699,2026-07-16T14:04:59Z,226260251,29402617,60000000
25545711,0x582e0406f7b45fab6b809b7c7f99ad29d1636f0c58228f5868ecdb53dbb4cb0a,0xf78071d73b32e47dc791d688cb2f7f77b92f08dbb1518f3a3476144a49afbd5b,1784210711,2026-07-16T14:05:11Z,225697068,38532760,60000000
25545712,0xe18213dea5765a721fef00af0fcdccfefb073d26ce71cc13ecfc47bb88b6c769,0x582e0406f7b45fab6b809b7c7f99ad29d1636f0c58228f5868ecdb53dbb4cb0a,1784210723,2026-07-16T14:05:23Z,233721313,15096428,60000000
25545713,0x2752d2215fa904208119c701a022baac113d7fd5848acccb7b8b6c1426bbfc36,0xe18213dea5765a721fef00af0fcdccfefb073d26ce71cc13ecfc47bb88b6c769,1784210735,2026-07-16T14:05:35Z,219207637,45750651,60000000
25545714,0x3dbe10c1a0d6912045f1d304693189d69280c5f9213e26cb3b5773220ce698b7,0x2752d2215fa904208119c701a022baac113d7fd5848acccb7b8b6c1426bbfc36,1784210747,2026-07-16T14:05:47Z,233593732,12040046,60000000
25545715,0x71c4d0517aa2a99009571aa14ded9e1f291660c33da2c9b0f760ea1048794dcf,0x3dbe10c1a0d6912045f1d304693189d69280c5f9213e26cb3b5773220ce698b7,1784210759,2026-07-16T14:05:59Z,216113180,7700699,60000000
25545716,0xfb6762c545907bd3f9d39677b89bc8ea421e2e717c3c2d5a857ea628ad37a4c9,0x71c4d0517aa2a99009571aa14ded9e1f291660c33da2c9b0f760ea1048794dcf,1784210771,2026-07-16T14:06:11Z,196033294,42945131,60000000
25545717,0x158a6c48bf0b9676ee2640df59630e83bea2f69f4aac49c471d3265f33005778,0xfb6762c545907bd3f9d39677b89bc8ea421e2e717c3c2d5a857ea628ad37a4c9,1784210783,2026-07-16T14:06:23Z,206606946,25520976,60000000
25545718,0x21e84c54cbe49387c08e11e9160594bf5151b7fe3a9c376356a0740b4f2d8921,0x158a6c48bf0b9676ee2640df59630e83bea2f69f4aac49c471d3265f33005778,1784210795,2026-07-16T14:06:35Z,202751124,13172834,60000000
25545719,0xd2cb72b2951229050ea3de9ae5713284c09649adadd2c8f59079b3616f3a7088,0x21e84c54cbe49387c08e11e9160594bf5151b7fe3a9c376356a0740b4f2d8921,1784210807,2026-07-16T14:06:47Z,188535596,49568683,60000000
25545720,0x578374d08bf4b1c9bf590c09749bd7993938e99b976c412c4548a79cd5ca1da5,0xd2cb72b2951229050ea3de9ae5713284c09649adadd2c8f59079b3616f3a7088,1784210819,2026-07-16T14:06:59Z,203908068,29620171,60000000
25545721,0x776408b31b6d4747253c052b383839b7e795c562804934e8bfd12a45bcd19765,0x578374d08bf4b1c9bf590c09749bd7993938e99b976c412c4548a79cd5ca1da5,1784210831,2026-07-16T14:07:11Z,203585359,33064395,60000000
25545722,0xa1895be329a45a0c0d7308cbb3d8868b480c50d101e90b0698a2ff055706c0f2,0x776408b31b6d4747253c052b383839b7e795c562804934e8bfd12a45bcd19765,1784210843,2026-07-16T14:07:23Z,206184800,32743102,60000000
25545723,0x5866e534433c2618ba2020567b5e1a84fc7f56aa00bf1ebde069eb0e6f9dff12,0xa1895be329a45a0c0d7308cbb3d8868b480c50d101e90b0698a2ff055706c0f2,1784210855,2026-07-16T14:07:35Z,208541408,22821335,60000000
25545724,0x7ca66da39c195bdf1853054f1446c2c7a26e04680f409be8967178a6926c79f3,0x5866e534433c2618ba2020567b5e1a84fc7f56aa00bf1ebde069eb0e6f9dff12,1784210867,2026-07-16T14:07:47Z,202303705,21220311,60000000
25545725,0x8c9b16b0805c3a9f620b78a8d593a0aafc02a5c86a5b46a45a5b5f23c3d0aac0,0x7ca66da39c195bdf1853054f1446c2c7a26e04680f409be8967178a6926c79f3,1784210879,2026-07-16T14:07:59Z,194903024,31807285,60000000
25545726,0xb5950bb416be7dfb6a9dcd654d7794f3f731d49144cca841dbca26a67808747c,0x8c9b16b0805c3a9f620b78a8d593a0aafc02a5c86a5b46a45a5b5f23c3d0aac0,1784210891,2026-07-16T14:08:11Z,196370712,29415104,60000000
25545727,0x644dfeb34dfff361348676b9b027aba5324810ca91a7b0de88b2847f3b55bbd3,0xb5950bb416be7dfb6a9dcd654d7794f3f731d49144cca841dbca26a67808747c,1784210903,2026-07-16T14:08:23Z,195892144,35651197,60000000
25545728,0x99f8667f2cbdcd210026b2b4da3571fea582bb72026c7dc76ffb1ca7e0209c84,0x644dfeb34dfff361348676b9b027aba5324810ca91a7b0de88b2847f3b55bbd3,1784210915,2026-07-16T14:08:35Z,200504748,33151703,60000000
25545729,0x3e63683f52eab9fe64c9811dcda4b88d45c8abd2f7eb853d531d115f50da60d3,0x99f8667f2cbdcd210026b2b4da3571fea582bb72026c7dc76ffb1ca7e0209c84,1784210927,2026-07-16T14:08:47Z,203137795,29719234,60000000
25545730,0xd709cc30ffce2e0921d69f2c78b8006dd820afa279d3ecf894504274da862f24,0x3e63683f52eab9fe64c9811dcda4b88d45c8abd2f7eb853d531d115f50da60d3,1784210939,2026-07-16T14:08:59Z,202900153,37399893,59941408
25545731,0xa0d2803553bfd5b81cb49b1452b6cf513bb9a24f85abfafce4093bd295f3db86,0xd709cc30ffce2e0921d69f2c78b8006dd820afa279d3ecf894504274da862f24,1784210951,2026-07-16T14:09:11Z,209187057,30575182,59999943
25545732,0x7022e3f137f459afe17804c41f47c09d78395435b325143f25f971de59152a42,0xa0d2803553bfd5b81cb49b1452b6cf513bb9a24f85abfafce4093bd295f3db86,1784210963,2026-07-16T14:09:23Z,209688418,28654214,60058535
25545733,0xc975c77920502fdb728e1588821c6e96d637095b344d6cb0e1879cbe5d4991b1,0x7022e3f137f459afe17804c41f47c09d78395435b325143f25f971de59152a42,1784210975,2026-07-16T14:09:35Z,208488203,29426660,60000000
25545734,0xe4a1f1486adedcce4b5cc03c9aec5eae479e4fd53999931715f6ec5ad529457c,0xc975c77920502fdb728e1588821c6e96d637095b344d6cb0e1879cbe5d4991b1,1784210987,2026-07-16T14:09:47Z,207990143,15166660,60000000
25545735,0x4aa5eb8e104aa9c8d7ba77f60560dff337b04ea7f80dd0290534356e4761e8cf,0xe4a1f1486adedcce4b5cc03c9aec5eae479e4fd53999931715f6ec5ad529457c,1784210999,2026-07-16T14:09:59Z,195135191,44297889,60000000
25545736,0xda4267e310803a756db280a1a1684ee17e023306c4711ef96c8cb3e14dd2e7ff,0x4aa5eb8e104aa9c8d7ba77f60560dff337b04ea7f80dd0290534356e4761e8cf,1784211011,2026-07-16T14:10:11Z,206760279,34824535,60000000
25545737,0x3bd4fa18e3d4948e23a984157aeb7d49619c8ba7e4289b6796382d6b8c784c78,0xda4267e310803a756db280a1a1684ee17e023306c4711ef96c8cb3e14dd2e7ff,1784211023,2026-07-16T14:10:23Z,210916621,24243985,60000000
25545738,0x05bddc8f998e39ddf9bb609c045e2c0e4ee05decc602240f9ffc21f7e7522504,0x3bd4fa18e3d4948e23a984157aeb7d49619c8ba7e4289b6796382d6b8c784c78,1784211035,2026-07-16T14:10:35Z,205858125,38743757,60000000
25545739,0x2299fa02dca821d92350ea985c58140c60af74d0e0e8a6196b07a68383b27561,0x05bddc8f998e39ddf9bb609c045e2c0e4ee05decc602240f9ffc21f7e7522504,1784211047,2026-07-16T14:10:47Z,213358014,24391075,60000000
25545740,0x3ea6a02cb150ba4a3a2d042b6a8c351f469e37439878cb85828bdcd7de1b0a62,0x2299fa02dca821d92350ea985c58140c60af74d0e0e8a6196b07a68383b27561,1784211059,2026-07-16T14:10:59Z,208371727,10739144,59941408
25545741,0x50deaabca303e3de6e0c2ddb2f38c82f0eb6496dde9d36e08ccdef6fd179aacf,0x3ea6a02cb150ba4a3a2d042b6a8c351f469e37439878cb85828bdcd7de1b0a62,1784211071,2026-07-16T14:11:11Z,191658267,13848128,59999943
25545742,0xa2253435e9877bbe7e28568da3207657a990a7e9ad8a5d2081d4018d0beccc5e,0x50deaabca303e3de6e0c2ddb2f38c82f0eb6496dde9d36e08ccdef6fd179aacf,1784211083,2026-07-16T14:11:23Z,178759779,55648958,60000000
25545743,0x6939a46302bab07c8711a132ea8f60feb297d35052b50a36d4836a0be4caa59d,0xa2253435e9877bbe7e28568da3207657a990a7e9ad8a5d2081d4018d0beccc5e,1784211095,2026-07-16T14:11:35Z,197863954,34851917,60000000
25545744,0xb06f9743928c3b6bd6312f0ad16e5ff425f35ab76cb4f4aae441d9741c23f7dc,0x6939a46302bab07c8711a132ea8f60feb297d35052b50a36d4836a0be4caa59d,1784211107,2026-07-16T14:11:47Z,201864035,12076930,60000000
25545745,0x7bbc4619698dd7d7ac2a6a9b0547292464f4da3abc06fb20ff322fa6c12b10d3,0xb06f9743928c3b6bd6312f0ad16e5ff425f35ab76cb4f4aae441d9741c23f7dc,1784211119,2026-07-16T14:11:59Z,186788939,14830968,60000000
25545746,0x2b71d82189ed3becd502867bae5a84688e8195fae8cea0017b27d7540fb2649b,0x7bbc4619698dd7d7ac2a6a9b0547292464f4da3abc06fb20ff322fa6c12b10d3,1784211131,2026-07-16T14:12:11Z,174983075,59850263,60000000
25545747,0x9324fd5940be324aa8f5889edd539b6f7385ed12b1914fc410b1e9eb41f01a7d,0x2b71d82189ed3becd502867bae5a84688e8195fae8cea0017b27d7540fb2649b,1784211143,2026-07-16T14:12:23Z,196746786,14577821,60000000
25545748,0xe75063324220fa26d29d44077dbaacb207822676c9edc9180dc1a1c980ed6a39,0x9324fd5940be324aa8f5889edd539b6f7385ed12b1914fc410b1e9eb41f01a7d,1784211155,2026-07-16T14:12:35Z,184104019,59982547,60000000
25545749,0x224ea5e162ec8426d6926a34083b2ce9ef81c6f631045d651c0faa0ee19a1ea6,0xe75063324220fa26d29d44077dbaacb207822676c9edc9180dc1a1c980ed6a39,1784211167,2026-07-16T14:12:47Z,207103633,26064059,60000000
25545750,0x6e8137a88a935bb11b122950194f327395eb1c9302f253f01845c7fbc4c2b071,0x224ea5e162ec8426d6926a34083b2ce9ef81c6f631045d651c0faa0ee19a1ea6,1784211179,2026-07-16T14:12:59Z,203707185,59628224,60000000
25545751,0xcb9e2696377e4e7d11914782eea67ed894448c2a53d937a99005d5384831bafd,0x6e8137a88a935bb11b122950194f327395eb1c9302f253f01845c7fbc4c2b071,1784211191,2026-07-16T14:13:11Z,228855027,55148851,60000000
25545752,0x8cb9713cbba24a1f780c3b14cdfd377cde503ea0a7ba25a133f71023d4928cc4,0xcb9e2696377e4e7d11914782eea67ed894448c2a53d937a99005d5384831bafd,1784211203,2026-07-16T14:13:23Z,252836031,52946442,60000000
25545753,0x38f4b80f3b55b474a75249a391d98747d254b1a5576d2252ce174d7f084e863c,0x8cb9713cbba24a1f780c3b14cdfd377cde503ea0a7ba25a133f71023d4928cc4,1784211215,2026-07-16T14:13:35Z,277009728,46793861,60000000
25545754,0xb33c63bc532b267f7db166b6af3e08aa0612f08bcf6c4b6e0c089fa1b512ccf5,0x38f4b80f3b55b474a75249a391d98747d254b1a5576d2252ce174d7f084e863c,1784211227,2026-07-16T14:13:47Z,296393323,19588940,60000000
25545755,0xac46ef97e04e8b606e267d671f0293d447eefb9662468b7be8db6b5fc826378b,0xb33c63bc532b267f7db166b6af3e08aa0612f08bcf6c4b6e0c089fa1b512ccf5,1784211239,2026-07-16T14:13:59Z,283535954,36681340,60000000
25545756,0x42c6ee9ec38e56f76157dfb05bb9f44f4c5770d55542b6163864f3319b195601,0xac46ef97e04e8b606e267d671f0293d447eefb9662468b7be8db6b5fc826378b,1784211251,2026-07-16T14:14:11Z,291429287,21671489,60000000
25545757,0x53a0e542c17395b190ea774ca1c497a683f9087063b9d2913beafb38ffda231d,0x42c6ee9ec38e56f76157dfb05bb9f44f4c5770d55542b6163864f3319b195601,1784211263,2026-07-16T14:14:23Z,281316071,21209468,60000000
25545758,0xc8e246c428bf9c01284a15e7d2e9d1b2d61f5a020181b0503f10e5d3c4cbc099,0x53a0e542c17395b190ea774ca1c497a683f9087063b9d2913beafb38ffda231d,1784211275,2026-07-16T14:14:35Z,271012247,30260101,60000000
25545759,0x0f51df9f4297bf558c2a2ee43a80f3214448eea5632263377aeee4355a275d02,0xc8e246c428bf9c01284a15e7d2e9d1b2d61f5a020181b0503f10e5d3c4cbc099,1784211287,2026-07-16T14:14:47Z,271305957,36660690,60000000
25545760,0x183b876ac2035ce8b64a61d3d4bdc1cb03b0f24483cbe6e112e18cc90fcc6532,0x0f51df9f4297bf558c2a2ee43a80f3214448eea5632263377aeee4355a275d02,1784211299,2026-07-16T14:14:59Z,278835477,15238159,60000000
25545761,0x6d727e9fac32f90218620c51dd427ebc584af8e2050cb31d7dbbd5c70d4d7635,0x183b876ac2035ce8b64a61d3d4bdc1cb03b0f24483cbe6e112e18cc90fcc6532,1784211311,2026-07-16T14:15:11Z,261684957,48683532,60000000
25545762,0x15edf318a7423c403bb957db0c27f5dc47f6909d53dfd760d8fee9362afdc15c,0x6d727e9fac32f90218620c51dd427ebc584af8e2050cb31d7dbbd5c70d4d7635,1784211323,2026-07-16T14:15:23Z,282056620,28053506,60000000
25545763,0xac2f77058ce4eb4702f4687b67ae76b3e2eba0264b42f75fe3a42564f9618a82,0x15edf318a7423c403bb957db0c27f5dc47f6909d53dfd760d8fee9362afdc15c,1784211335,2026-07-16T14:15:35Z,279769031,28854655,59941408
25545764,0x15515cb82167772efd6a9374c58e4495f7b1468dc3731b8a55e306317478a047,0xac2f77058ce4eb4702f4687b67ae76b3e2eba0264b42f75fe3a42564f9618a82,1784211347,2026-07-16T14:15:47Z,278466777,26588632,59999943
25545765,0xf16d0aeae23a4e6e9689819d9f37fe961c82374aa03c7d95f9845fb8d9e2d488,0x15515cb82167772efd6a9374c58e4495f7b1468dc3731b8a55e306317478a047,1784211359,2026-07-16T14:15:59Z,274508671,22699304,60000000
25545766,0xd027b70ef72f8c10579de9c9b6991240f16b8201d120c7f8df4a761237013c5c,0xf16d0aeae23a4e6e9689819d9f37fe961c82374aa03c7d95f9845fb8d9e2d488,1784211371,2026-07-16T14:16:11Z,266158237,28781171,60000000
25545767,0xfbe41ae817e4dd2394e154c72f2455c0fbebd3c37651a50d30d1af128e9ea003,0xd027b70ef72f8c10579de9c9b6991240f16b8201d120c7f8df4a761237013c5c,1784211383,2026-07-16T14:16:23Z,264806565,32661796,60000000
25545768,0x55dfbbf0045e2f5ddd9b6939c40df51a3e1992e3d9c35854eb2532638f7a939c,0xfbe41ae817e4dd2394e154c72f2455c0fbebd3c37651a50d30d1af128e9ea003,1784211395,2026-07-16T14:16:35Z,267743486,23742592,60000000
25545769,0xcc931b0d55c4f1c5586057662d9b70425712c67b606f0165aa99f2a1ea6cb4b2,0x55dfbbf0045e2f5ddd9b6939c40df51a3e1992e3d9c35854eb2532638f7a939c,1784211407,2026-07-16T14:16:47Z,260762736,16670477,60000000
25545770,0x862daadd39efabfce1e77929de72d2640fd1483d37273327a9ac6dfc71a07c5f,0xcc931b0d55c4f1c5586057662d9b70425712c67b606f0165aa99f2a1ea6cb4b2,1784211419,2026-07-16T14:16:59Z,246280058,36068216,60000000
25545771,0xf439d0eb4010d4bada7363598a73e52f0e7353b8dfff0f16bad570636289bbb9,0x862daadd39efabfce1e77929de72d2640fd1483d37273327a9ac6dfc71a07c5f,1784211431,2026-07-16T14:17:11Z,252507060,37939882,60000000
25545772,0xf9ceb2a7e01138559b567ddae876972b944cb65ae620f9f6e5d2fade8a7702aa,0xf439d0eb4010d4bada7363598a73e52f0e7353b8dfff0f16bad570636289bbb9,1784211443,2026-07-16T14:17:23Z,260860711,28499264,59941408
25545773,0x6016e715a663cf02379d0894b600a2490bee0cdef3399e8336651771c339967a,0xf9ceb2a7e01138559b567ddae876972b944cb65ae620f9f6e5d2fade8a7702aa,1784211455,2026-07-16T14:17:35Z,259259811,22168099,59999943
25545774,0x21500eb6edd39ee8f057c62ba9b9e0153d01e6a44830605d772d2f849f888ac5,0x6016e715a663cf02379d0894b600a2490bee0cdef3399e8336651771c339967a,1784211467,2026-07-16T14:17:47Z,250799430,23702622,60000000
25545775,0xaced69519b0d388e9ac035357fbe54c142b8e1c914c40c53b86d9ca80eb45051,0x21500eb6edd39ee8f057c62ba9b9e0153d01e6a44830605d772d2f849f888ac5,1784211479,2026-07-16T14:17:59Z,244218685,24632050,60000000
25545776,0x9e4b307f3a7f2808fcdbad96e1b4c4327eae5fd229c41342be48eed4b3cf3d07,0xaced69519b0d388e9ac035357fbe54c142b8e1c914c40c53b86d9ca80eb45051,1784211491,2026-07-16T14:18:11Z,238756378,34100894,60000000
25545777,0x4eeb4d11b802a409f51e0361bd0741fb4cb1451f6e42abe245951ff82a8cd772,0x9e4b307f3a7f2808fcdbad96e1b4c4327eae5fd229c41342be48eed4b3cf3d07,1784211503,2026-07-16T14:18:23Z,242836022,25501820,60000000
25545778,0x6755c42c95d903405c43c293150e55c9c9caee38c14dd74947741ca5224f5770,0x4eeb4d11b802a409f51e0361bd0741fb4cb1451f6e42abe245951ff82a8cd772,1784211515,2026-07-16T14:18:35Z,238284689,22698226,60000000
25545779,0x2f8d389c1698f5e8d1b92579e8aff4402db82a77af92a891dddef718a091e0c6,0x6755c42c95d903405c43c293150e55c9c9caee38c14dd74947741ca5224f5770,1784211527,2026-07-16T14:18:47Z,231035102,27777628,60000000
25545780,0xf5c760b174dd0cab98e900191ce913ebf412c23fff61e90ba5f2edf1950efaeb,0x2f8d389c1698f5e8d1b92579e8aff4402db82a77af92a891dddef718a091e0c6,1784211539,2026-07-16T14:18:59Z,228895744,33430617,60000000
25545781,0xd904a603e403f27106630cf688b833c7d666c14b529d4740a6f9e96003a3e5f0,0xf5c760b174dd0cab98e900191ce913ebf412c23fff61e90ba5f2edf1950efaeb,1784211551,2026-07-16T14:19:11Z,232167634,32836454,60000000
25545782,0xaf93ba10581cb5db7ddc9643f3e4f2df8a6632fffc4c60746bda4daf3db6b697,0xd904a603e403f27106630cf688b833c7d666c14b529d4740a6f9e96003a3e5f0,1784211563,2026-07-16T14:19:23Z,234911520,49759682,60000000
25545783,0x3e4177949d25ecd1a7c4c417f8186a1e3853cd41e07176b9a8c5f4bc406acc7e,0xaf93ba10581cb5db7ddc9643f3e4f2df8a6632fffc4c60746bda4daf3db6b697,1784211575,2026-07-16T14:19:35Z,254252257,27360556,60000000
25545784,0xbab3fdab8e1db29ff5421c2e65006d2c958bed8fcec471c95d14419293c534aa,0x3e4177949d25ecd1a7c4c417f8186a1e3853cd41e07176b9a8c5f4bc406acc7e,1784211587,2026-07-16T14:19:47Z,251456072,23994767,60000000
25545785,0x11d8628b829bd746db17876c9d4bc2482e170a5a65ac1a210c6b786d892afde7,0xbab3fdab8e1db29ff5421c2e65006d2c958bed8fcec471c95d14419293c534aa,1784211599,2026-07-16T14:19:59Z,245164188,30693541,60000000
25545786,0xd218b10ada7e0ddc95b41de31c333ec2f82febe34901214ed81c79467adccff3,0x11d8628b829bd746db17876c9d4bc2482e170a5a65ac1a210c6b786d892afde7,1784211611,2026-07-16T14:20:11Z,245872652,35053138,60000000
25545787,0x5d606c3d1dabe9ae89fae5e1610a9d1d3ddc254d8fa25458ab9d6fe4a1f1a123,0xd218b10ada7e0ddc95b41de31c333ec2f82febe34901214ed81c79467adccff3,1784211623,2026-07-16T14:20:23Z,251049437,10381818,60000000
25545788,0x16a0030be787179118a76a881c6f8cda640069fa054f25b42db1eaf6e892c294,0x5d606c3d1dabe9ae89fae5e1610a9d1d3ddc254d8fa25458ab9d6fe4a1f1a123,1784211635,2026-07-16T14:20:35Z,230528048,24658352,60000000
25545789,0x6980bde43c6435935c12e0b905a33224bc5d8e7d616d3475a6400aa951686cf8,0x16a0030be787179118a76a881c6f8cda640069fa054f25b42db1eaf6e892c294,1784211647,2026-07-16T14:20:47Z,225397216,39609925,60000000
25545790,0xbb4b4fd32f26927a66009c0a430ec5448b7982d64bc7f125c30845675c512435,0x6980bde43c6435935c12e0b905a33224bc5d8e7d616d3475a6400aa951686cf8,1784211659,2026-07-16T14:20:59Z,234422425,26453904,59941408
25545791,0xb729230d0a20254835a4a7de040b8ed92dd459047e414ad933871548d352459a,0xbb4b4fd32f26927a66009c0a430ec5448b7982d64bc7f125c30845675c512435,1784211671,2026-07-16T14:21:11Z,230983998,28946872,59999943
25545792,0xc4cf1dc1bc45c10b621a9c9e771e2e0618f415e315b14c2d4a0d17d79aff519c,0xb729230d0a20254835a4a7de040b8ed92dd459047e414ad933871548d352459a,1784211683,2026-07-16T14:21:23Z,229970460,13502669,60000000
25545793,0x2e5952f21b416f1a1aae50bb1fff2df348291c3dd3a94e17059807a85c9c0212,0xc4cf1dc1bc45c10b621a9c9e771e2e0618f415e315b14c2d4a0d17d79aff519c,1784211695,2026-07-16T14:21:35Z,214162549,37474718,60000000
25545794,0x82d99f1e11a2f9de04e7ac9abbfa0f8830c644f030f9f24970ca5f80be0229e3,0x2e5952f21b416f1a1aae50bb1fff2df348291c3dd3a94e17059807a85c9c0212,1784211707,2026-07-16T14:21:47Z,220832568,25783616,60000000
25545795,0xbcc540d6547309313eecc3345a7877a2ce28a6d7466f9a6caf5977821a43c0f6,0x82d99f1e11a2f9de04e7ac9abbfa0f8830c644f030f9f24970ca5f80be0229e3,1784211719,2026-07-16T14:21:59Z,216952923,24217307,60000000
25545796,0xd00c414b662194b944f6f47c7f92fe3b8fceccc14d9a6098b0681921dd8d32a7,0xbcc540d6547309313eecc3345a7877a2ce28a6d7466f9a6caf5977821a43c0f6,1784211731,2026-07-16T14:22:11Z,211725540,20065901,60000000
25545797,0xa16fbd33367bb9f4098295071b7fbb0b16122cf7896680a424587d5897701796,0xd00c414b662194b944f6f47c7f92fe3b8fceccc14d9a6098b0681921dd8d32a7,1784211743,2026-07-16T14:22:23Z,202961780,38936339,60000000
25545798,0x2d5c0b6890de06e00f314db353f7effb45868a0f1f714865c5ff17f9b0de6bad,0xa16fbd33367bb9f4098295071b7fbb0b16122cf7896680a424587d5897701796,1784211755,2026-07-16T14:22:35Z,210519010,23732982,60000000
25545799,0x806dc5b6322a72a0f7e5b515987d529ef98b9dbccad0f41ad8efd7aec15417d1,0x2d5c0b6890de06e00f314db353f7effb45868a0f1f714865c5ff17f9b0de6bad,1784211767,2026-07-16T14:22:47Z,205021817,25189332,60000000
25545800,0x9cdf763cb4874542839a36a90e9432c451dae34a418a8918f77b1f5d58a66358,0x806dc5b6322a72a0f7e5b515987d529ef98b9dbccad0f41ad8efd7aec15417d1,1784211779,2026-07-16T14:22:59Z,200912268,28274913,60000000
25545801,0x5eff9dfb343de279dc27927d2bf7bb9178f2005579efc255de96a64fc0b80c21,0x9cdf763cb4874542839a36a90e9432c451dae34a418a8918f77b1f5d58a66358,1784211791,2026-07-16T14:23:11Z,199468139,34393275,60000000
25545802,0x17cc18ca99aab29a7c7b5163c31b3feff5b22c576e798c38b6762bcb1988486b,0x5eff9dfb343de279dc27927d2bf7bb9178f2005579efc255de96a64fc0b80c21,1784211803,2026-07-16T14:23:23Z,203119465,31198690,60000000
25545803,0x02c1bf6a6d9b724569a1b212923808f7cb41d8f60c5f6531c7aecac68d0e488f,0x17cc18ca99aab29a7c7b5163c31b3feff5b22c576e798c38b6762bcb1988486b,1784211815,2026-07-16T14:23:35Z,204133953,23006203,60000000
25545804,0x891bbd914900710f891e48d48827c768aadd36593671b276e7717f79cfa5689c,0x02c1bf6a6d9b724569a1b212923808f7cb41d8f60c5f6531c7aecac68d0e488f,1784211827,2026-07-16T14:23:47Z,198185323,20866503,60000000
25545805,0x7303d4141e9bae1f8bfb0072f6dc5fc58099f664f8e37b1561bb9c21bac98488,0x891bbd914900710f891e48d48827c768aadd36593671b276e7717f79cfa5689c,1784211839,2026-07-16T14:23:59Z,190643136,30306573,60000000
25545806,0xc5572a57d7a4d53a797f869861afe5f210053d60e911e828dffffa4799276440,0x7303d4141e9bae1f8bfb0072f6dc5fc58099f664f8e37b1561bb9c21bac98488,1784211851,2026-07-16T14:24:11Z,190886661,34377943,60000000
25545807,0xc5fcfb18c00d00f4ad098e7c34c620c4980f5d4a92672abc5e3b3bd48de12e5b,0xc5572a57d7a4d53a797f869861afe5f210053d60e911e828dffffa4799276440,1784211863,2026-07-16T14:24:23Z,194368706,26026057,60000000
25545808,0xb9a82140274331e63ae349b0390b74532c93ccff24dd737753eeda79801e5251,0xc5fcfb18c00d00f4ad098e7c34c620c4980f5d4a92672abc5e3b3bd48de12e5b,1784211875,2026-07-16T14:24:35Z,191150331,34086267,60000000
25545809,0x66555e2f8f8f3f7db4c64865ad1d397554dd95ed16d7067e2e03f3220c6bc3a0,0xb9a82140274331e63ae349b0390b74532c93ccff24dd737753eeda79801e5251,1784211887,2026-07-16T14:24:47Z,194404878,25010884,60000000
25545810,0x5142db1f65a5fd2b36120044882b03d5fdfebb5cb422f645f9d46dcfe65239e1,0x66555e2f8f8f3f7db4c64865ad1d397554dd95ed16d7067e2e03f3220c6bc3a0,1784211899,2026-07-16T14:24:59Z,190363593,4095528,60000000
25545811,0xc430a2dcb9152b23293155435233cbd3da550ad260dee5872be5dbab39dab303,0x5142db1f65a5fd2b36120044882b03d5fdfebb5cb422f645f9d46dcfe65239e1,1784211911,2026-07-16T14:25:11Z,169816642,52881660,60000000
25545812,0x1fdc17233bc3d6ac610d43bd8d2a234761a36310a19a088d00d2b33146d56db6,0xc430a2dcb9152b23293155435233cbd3da550ad260dee5872be5dbab39dab303,1784211923,2026-07-16T14:25:23Z,186007003,8828327,60000000
25545813,0x3f865775fd0171a799582956267489f4a232c5353b28196812dad47c36915c1b,0x1fdc17233bc3d6ac610d43bd8d2a234761a36310a19a088d00d2b33146d56db6,1784211935,2026-07-16T14:25:35Z,169598339,32792266,60000000
25545814,0x13692421c443ffe065c06c5111566e6bafdbd0b4cc9d696134fe4f43e88c162c,0x3f865775fd0171a799582956267489f4a232c5353b28196812dad47c36915c1b,1784211947,2026-07-16T14:25:47Z,171571520,37980718,60000000
25545815,0x47563c5b8eefb164347978403b01325a09e64b0c2c28d8c2356822eac33dd972,0x13692421c443ffe065c06c5111566e6bafdbd0b4cc9d696134fe4f43e88c162c,1784211959,2026-07-16T14:25:59Z,177276786,35335807,60000000
25545816,0xe1761474f31103cf1abab95b1f8d3dbe6c593bea2297bcddc2d7f4ac618abbf7,0x47563c5b8eefb164347978403b01325a09e64b0c2c28d8c2356822eac33dd972,1784211971,2026-07-16T14:26:11Z,181218097,33756267,60000000
25545817,0x4ec1076d41a3b796127077875cc05d84c1d4bcb08bb7599d505b734ea71dfceb,0xe1761474f31103cf1abab95b1f8d3dbe6c593bea2297bcddc2d7f4ac618abbf7,1784211983,2026-07-16T14:26:23Z,184054361,37165879,60000000
25545818,0x12f14e683a41640347b4561cf780872c399319517dd90df034bc5e72c7efd915,0x4ec1076d41a3b796127077875cc05d84c1d4bcb08bb7599d505b734ea71dfceb,1784211995,2026-07-16T14:26:35Z,189549824,34642544,60000000
25545819,0xc10facb8098d8e1f8e74a4505f2f56738b321927b32bd3c22b9dc7c1ba5068a0,0x12f14e683a41640347b4561cf780872c399319517dd90df034bc5e72c7efd915,1784212007,2026-07-16T14:26:47Z,193216463,34181449,60000000
25545820,0xd8d5d00e8aa45eac1e8851a16856a1d04ff2191da104fda07ffe47e80e810986,0xc10facb8098d8e1f8e74a4505f2f56738b321927b32bd3c22b9dc7c1ba5068a0,1784212019,2026-07-16T14:26:59Z,196582816,29222730,60000000
25545821,0x0f8f871f9960021f2e8205a3ee72cd3e6d66fea7ee54e07062ebbd8120974f17,0xd8d5d00e8aa45eac1e8851a16856a1d04ff2191da104fda07ffe47e80e810986,1784212031,2026-07-16T14:27:11Z,195946158,6434588,60000000
25545822,0x54ebabfc0670b8735ac8dee688b3aa973074e4fae702f3f04f564c2a5bc9d4d9,0x0f8f871f9960021f2e8205a3ee72cd3e6d66fea7ee54e07062ebbd8120974f17,1784212043,2026-07-16T14:27:23Z,176706359,37012931,60000000
25545823,0x6e01d9a6b22c3513b3310caa5f6305118775c2e30ba17e2b058f5e32bb5fa87f,0x54ebabfc0670b8735ac8dee688b3aa973074e4fae702f3f04f564c2a5bc9d4d9,1784212055,2026-07-16T14:27:35Z,181869815,14616496,60000000
25545824,0x12bcb02a453d71b71af0eebe1a2d2cbea1c8ae47fd856f8d0b8c6290e86f7690,0x6e01d9a6b22c3513b3310caa5f6305118775c2e30ba17e2b058f5e32bb5fa87f,1784212067,2026-07-16T14:27:47Z,170212336,17546323,59941408
25545825,0xe23a651541731daafc38e860e6314f7a4399cc3218fa3291b784157ad3c50f2f,0x12bcb02a453d71b71af0eebe1a2d2cbea1c8ae47fd856f8d0b8c6290e86f7690,1784212079,2026-07-16T14:27:59Z,161392128,47077809,59999943
25545826,0x4f15efd53860207503f12d7ec9e9e4165917f5c2b25c1df09aabce9f36712333,0xe23a651541731daafc38e860e6314f7a4399cc3218fa3291b784157ad3c50f2f,1784212091,2026-07-16T14:28:11Z,172876425,35645031,59941351
25545827,0xc730e9530400d1e3eefb1edb4a1b0f4210a69d65d4dab3df9e6eca0da55773c6,0x4f15efd53860207503f12d7ec9e9e4165917f5c2b25c1df09aabce9f36712333,1784212103,2026-07-16T14:28:23Z,176967767,28543884,59999886
25545828,0xc2a1a797a96b82a3c8d5cc72169089add748717130f8c525ceb70efbf35039c0,0xc730e9530400d1e3eefb1edb4a1b0f4210a69d65d4dab3df9e6eca0da55773c6,1784212115,2026-07-16T14:28:35Z,175894118,32144018,60000000
25545829,0x5ec68687a8d34e8882702d58874d7dfc2fbe2f8b6f3421f9c6954ff2ff10a88a,0xc2a1a797a96b82a3c8d5cc72169089add748717130f8c525ceb70efbf35039c0,1784212127,2026-07-16T14:28:47Z,177465451,26040819,60000000
25545830,0x7615678fde90360735cf8d39af34e741a22eef6c7c553b8c78c4fbed4c1a7427,0x5ec68687a8d34e8882702d58874d7dfc2fbe2f8b6f3421f9c6954ff2ff10a88a,1784212139,2026-07-16T14:28:59Z,174537877,39889107,60000000
25545831,0xce3866b3711c78f8f65244999a14dbbd0dc6428b86926a561aed8fbdcbe9efe0,0x7615678fde90360735cf8d39af34e741a22eef6c7c553b8c78c4fbed4c1a7427,1784212151,2026-07-16T14:29:11Z,181729642,34950987,60000000
25545832,0xc25641a28488f9be5efbecb0d894ba3f379501bbf7cad4b3e4faf8819bb1c4dc,0xce3866b3711c78f8f65244999a14dbbd0dc6428b86926a561aed8fbdcbe9efe0,1784212163,2026-07-16T14:29:23Z,185478563,35012814,60000000
25545833,0xd3916111046233f7d6d7de5378694a3f32bb16fd62b1f553663e73c746af0800,0xc25641a28488f9be5efbecb0d894ba3f379501bbf7cad4b3e4faf8819bb1c4dc,1784212175,2026-07-16T14:29:35Z,189352602,29412923,60000000
25545834,0x50c0599b68fe59b40ba111a34d073e9afbaf349267ed720f58ca334168e6ca0c,0xd3916111046233f7d6d7de5378694a3f32bb16fd62b1f553663e73c746af0800,1784212187,2026-07-16T14:29:47Z,188889417,18467349,60000000
25545835,0xe38b2b214027c3210cb872625e5593b70e59226d93da4e38a5570043f47af56a,0x50c0599b68fe59b40ba111a34d073e9afbaf349267ed720f58ca334168e6ca0c,1784212199,2026-07-16T14:29:59Z,179812769,31755280,60000000
25545836,0x956f025c4747ee0f66bfd7b166ca395309e39198062d2fcde61d56e25de99d3c,0xe38b2b214027c3210cb872625e5593b70e59226d93da4e38a5570043f47af56a,1784212211,2026-07-16T14:30:11Z,181127859,32396411,60000000
25545837,0x59f3a76bb51161429af5a6efc2aad94acb5f64bed3fc57babf0433207d5bcea2,0x956f025c4747ee0f66bfd7b166ca395309e39198062d2fcde61d56e25de99d3c,1784212223,2026-07-16T14:30:23Z,182936428,59983436,60000000
25545838,0xc53305e618ae47ab9def42e2256bd101a710e0661e9b8389c15fb40a1a3dfbfc,0x59f3a76bb51161429af5a6efc2aad94acb5f64bed3fc57babf0433207d5bcea2,1784212235,2026-07-16T14:30:35Z,205790855,59991737,60000000
25545839,0x209a05c75501a6de83ea007fee956c569bac2fb8ab6a9de4fa8fae9b429cd9e9,0xc53305e618ae47ab9def42e2256bd101a710e0661e9b8389c15fb40a1a3dfbfc,1784212247,2026-07-16T14:30:47Z,231507626,25465227,60000000
25545840,0x25b7840a156a100c83b4c8dc4a7927571f38719aad12193a41acbff0e24f56a2,0x209a05c75501a6de83ea007fee956c569bac2fb8ab6a9de4fa8fae9b429cd9e9,1784212259,2026-07-16T14:30:59Z,227133316,8290220,60000000
25545841,0xb5348b796e1be979e2dad2fa8ce1b9aecd7513e4b65f926768a5a48f8da2af35,0x25b7840a156a100c83b4c8dc4a7927571f38719aad12193a41acbff0e24f56a2,1784212271,2026-07-16T14:31:11Z,206587423,59996048,60000000
25545842,0xe9c50e9713e1ddc835f7a4869fbaff2687253a338951b27900e08a61b430e697,0xb5348b796e1be979e2dad2fa8ce1b9aecd7513e4b65f926768a5a48f8da2af35,1784212283,2026-07-16T14:31:23Z,232407449,10705701,60000000
25545843,0xe7c6f6715c77fa99a2373a67a379b2d7d96d1a4a79c5141faffe29168fe1cb92,0xe9c50e9713e1ddc835f7a4869fbaff2687253a338951b27900e08a61b430e697,1784212295,2026-07-16T14:31:35Z,213723538,41106018,60000000
25545844,0x15946ec12921b7e8806b246bb7d3f6107dc345028f5246a20a91077e60d53630,0xe7c6f6715c77fa99a2373a67a379b2d7d96d1a4a79c5141faffe29168fe1cb92,1784212307,2026-07-16T14:31:47Z,223613610,35928806,60000000
25545845,0xf308b79a21ce3e78918d2e586f07474eb3fedb563b5dedddb1f7ddb482d18c74,0x15946ec12921b7e8806b246bb7d3f6107dc345028f5246a20a91077e60d53630,1784212319,2026-07-16T14:31:59Z,229137617,7558131,60000000
25545846,0x9209430ca0264e26709f4852e99e242851e0a2e18bef1c0c561571de36aa45f7,0xf308b79a21ce3e78918d2e586f07474eb3fedb563b5dedddb1f7ddb482d18c74,1784212331,2026-07-16T14:32:11Z,207711466,58815110,60000000
25545847,0x5082d150516702e800705f8b1adbf071d882a0944a3da20e5d4827f268228b9c,0x9209430ca0264e26709f4852e99e242851e0a2e18bef1c0c561571de36aa45f7,1784212343,2026-07-16T14:32:23Z,232649919,16373606,60000000
25545848,0x93fa517d6d9fa8535d2aa4e60f219a7a64497aaf71daa6124f50759da014cd37,0x5082d150516702e800705f8b1adbf071d882a0944a3da20e5d4827f268228b9c,1784212355,2026-07-16T14:32:35Z,219440838,50680034,60000000
25545849,0xc5324435a4b9aa193cc04320d5eeeca7e4f07b7983f2a160ed3f32f580f0f82d,0x93fa517d6d9fa8535d2aa4e60f219a7a64497aaf71daa6124f50759da014cd37,1784212367,2026-07-16T14:32:47Z,238349354,41389888,60000000
25545850,0x2e1eed4458ad5e43104dfd35451dfdfc1c1ca6739a905eac7c8440f423df20e8,0xc5324435a4b9aa193cc04320d5eeeca7e4f07b7983f2a160ed3f32f580f0f82d,1784212379,2026-07-16T14:32:59Z,249660905,25930078,60000000
25545851,0xfb5d2e5f1fe97a44e19730d01bf40d22d6fb61e55e33145ffd3917c8be483034,0x2e1eed4458ad5e43104dfd35451dfdfc1c1ca6739a905eac7c8440f423df20e8,1784212391,2026-07-16T14:33:11Z,245427154,39743386,60000000
25545852,0xcfe6e2c9cfa71b87618a5e86cd4f1dfce7dc1363cab764a4602ceafa830452da,0xfb5d2e5f1fe97a44e19730d01bf40d22d6fb61e55e33145ffd3917c8be483034,1784212403,2026-07-16T14:33:23Z,255390868,29458039,60000000
25545853,0x006e62b74da1887535bccb6547b6f247e784ad3e69650ee1532e8287a813aedf,0xcfe6e2c9cfa71b87618a5e86cd4f1dfce7dc1363cab764a4602ceafa830452da,1784212415,2026-07-16T14:33:35Z,254814152,24925857,60000000
25545854,0xd99028ace6331151782cf23397f276d976c32d85bc61029babd037b6a7c12da4,0x006e62b74da1887535bccb6547b6f247e784ad3e69650ee1532e8287a813aedf,1784212427,2026-07-16T14:33:47Z,249426805,6864674,60000000
25545855,0x8bf9a4a88e88abae85e1548610436f0239b68ccf109aa6c36973bf21a111fbbe,0xd99028ace6331151782cf23397f276d976c32d85bc61029babd037b6a7c12da4,1784212439,2026-07-16T14:33:59Z,225382762,13664248,59941408
25545856,0x2c098f0cef6b4140fe01c396e6ac86d5d7b50c966e88b996c27e5f430472ff5e,0x8bf9a4a88e88abae85e1548610436f0239b68ccf109aa6c36973bf21a111fbbe,1784212451,2026-07-16T14:34:11Z,210054485,46388755,59999943
25545857,0xeb2227e26caab7dcc33c2d99dcae7807029f43b830b21b8ef17c1617868e73cf,0x2c098f0cef6b4140fe01c396e6ac86d5d7b50c966e88b996c27e5f430472ff5e,1784212463,2026-07-16T14:34:23Z,224398405,40032335,60000000
25545858,0x6fe638459db9560932f0d9e94b2063c7947f042d13a857451264b50f127482ca,0xeb2227e26caab7dcc33c2d99dcae7807029f43b830b21b8ef17c1617868e73cf,1784212475,2026-07-16T14:34:35Z,233778571,8254990,60000000
25545859,0x31eb6a29365c750a6733dd8dd5a091cc86abfeb8265d7feccd67c91f06e859cc,0x6fe638459db9560932f0d9e94b2063c7947f042d13a857451264b50f127482ca,1784212487,2026-07-16T14:34:47Z,212597249,34817515,60000000
25545860,0xd6b0030b03dc6495bcb7243f8411afd7b37cf8e945491e3c2ec9e09d9ba58040,0x31eb6a29365c750a6733dd8dd5a091cc86abfeb8265d7feccd67c91f06e859cc,1784212499,2026-07-16T14:34:59Z,216864709,33323969,60000000
25545861,0x108d1cdb71513423e0957f60b9a0731ab2d330dc14392511fd339bfc43dc6a94,0xd6b0030b03dc6495bcb7243f8411afd7b37cf8e945491e3c2ec9e09d9ba58040,1784212511,2026-07-16T14:35:11Z,219868257,36682480,59941408
25545862,0x98ed572a99c43dbfa588ad6c7e9ecfafbe9e09328aa88a46499b65a7ebdc102c,0x108d1cdb71513423e0957f60b9a0731ab2d330dc14392511fd339bfc43dc6a94,1784212523,2026-07-16T14:35:23Z,226023044,22057272,59999943
25545863,0xc6be4d03a1a6cf7af15fa01fd02944e504e2f9a1626e0acbd7283f527b02ddf8,0x98ed572a99c43dbfa588ad6c7e9ecfafbe9e09328aa88a46499b65a7ebdc102c,1784212535,2026-07-16T14:35:35Z,218542900,9661664,60000000
25545864,0x1095d312f6e9143b1ef59d0ce2035d4a44bc56f39e0cef27d03bb8d0bb74a5f6,0xc6be4d03a1a6cf7af15fa01fd02944e504e2f9a1626e0acbd7283f527b02ddf8,1784212547,2026-07-16T14:35:47Z,200022905,34974026,60000000
25545865,0x4c9d4180ba69bad121f6ad855a39673a7eeb6f00554e5af710920d62fa497d15,0x1095d312f6e9143b1ef59d0ce2035d4a44bc56f39e0cef27d03bb8d0bb74a5f6,1784212559,2026-07-16T14:35:59Z,204168401,25004280,60000000
25545866,0x6892c0517ca14f8cde64a184e71724e85d36a5803b925428172e3a61bc5a8944,0x4c9d4180ba69bad121f6ad855a39673a7eeb6f00554e5af710920d62fa497d15,1784212571,2026-07-16T14:36:11Z,199918534,36414345,60000000
25545867,0x2aa729f03e27fa2bd41aedbe561581cae655ecfc626742c0ad62fc400180f168,0x6892c0517ca14f8cde64a184e71724e85d36a5803b925428172e3a61bc5a8944,1784212583,2026-07-16T14:36:23Z,205261644,31074894,60000000
25545868,0x2e7b8cf0baa24147e935b70cab95d1fbe65b258e616b6f1646d6e2537abc4f93,0x2aa729f03e27fa2bd41aedbe561581cae655ecfc626742c0ad62fc400180f168,1784212595,2026-07-16T14:36:35Z,206180954,31618139,60000000
25545869,0xfaef794f7e6ae8849df0a20a22c7c7d2ecf1d42f8b5c82c692cfb5f55cd4f8eb,0x2e7b8cf0baa24147e935b70cab95d1fbe65b258e616b6f1646d6e2537abc4f93,1784212607,2026-07-16T14:36:47Z,207571076,22973749,60000000
25545870,0x16fed22cf0c746e1fcef14c38b567898e983a524da07c8545105928f0014181c,0xfaef794f7e6ae8849df0a20a22c7c7d2ecf1d42f8b5c82c692cfb5f55cd4f8eb,1784212619,2026-07-16T14:36:59Z,201494216,26529326,60000000
25545871,0x7d02bae6c8771391a4efe89ca420d187bc0e41ca56121159ec97d9eb490e4fae,0x16fed22cf0c746e1fcef14c38b567898e983a524da07c8545105928f0014181c,1784212631,2026-07-16T14:37:11Z,198580380,28898097,60000000
25545872,0xa211a8cb9f509925b08e6946858716b75ca48f540b3928395306fc759a0971a5,0x7d02bae6c8771391a4efe89ca420d187bc0e41ca56121159ec97d9eb490e4fae,1784212643,2026-07-16T14:37:23Z,197668646,23182657,60000000
25545873,0x3fb5bda27a21571d61736703a25293193bae6a242bba0c2b7111e7f3d443db0c,0xa211a8cb9f509925b08e6946858716b75ca48f540b3928395306fc759a0971a5,1784212655,2026-07-16T14:37:35Z,192053751,5685794,60000000
25545874,0x1b552acffd10e9c6f85d46bf34d2aadaa12b0f57364737b8e854bb0eb890f8a5,0x3fb5bda27a21571d61736703a25293193bae6a242bba0c2b7111e7f3d443db0c,1784212667,2026-07-16T14:37:47Z,172596941,42716890,60000000
25545875,0x493a11b772698f75685401027193785fa6c286759ecdabc4f3b928a663b44bde,0x1b552acffd10e9c6f85d46bf34d2aadaa12b0f57364737b8e854bb0eb890f8a5,1784212679,2026-07-16T14:37:59Z,181742342,21684740,60000000
25545876,0xcc68b9653b4ac6acb92c4651d78a37fb410da8083233d4c84f7a67c01593777e,0x493a11b772698f75685401027193785fa6c286759ecdabc4f3b928a663b44bde,1784212691,2026-07-16T14:38:11Z,175445531,30389338,60000000
25545877,0x5ff2583643e95f50af04493eb6666fa80784b7945d828466795e040693cab4ab,0xcc68b9653b4ac6acb92c4651d78a37fb410da8083233d4c84f7a67c01593777e,1784212703,2026-07-16T14:38:23Z,175730146,34049752,60000000
25545878,0xf3a6a206b7cf02eecdd5e6a01ab5dd7fac6cea223722659eb3726573ba7f645a,0x5ff2583643e95f50af04493eb6666fa80784b7945d828466795e040693cab4ab,1784212715,2026-07-16T14:38:35Z,178695410,29948960,60000000
25545879,0x56820866b6b72ae2cd334d62ec5869f3168a824e078c1d89dd6b60d05de9a575,0xf3a6a206b7cf02eecdd5e6a01ab5dd7fac6cea223722659eb3726573ba7f645a,1784212727,2026-07-16T14:38:47Z,178657408,24226595,60000000
25545880,0x048233ccc241d5a42bbd5e1fa9ae4cecdc59d90e226cbdd3eea9c4cd8a169cd0,0x56820866b6b72ae2cd334d62ec5869f3168a824e078c1d89dd6b60d05de9a575,1784212739,2026-07-16T14:38:59Z,174359652,29656225,60000000
25545881,0x84699ccd0433566de753b66e6bcfb153736d7c571e931ac52ac2fc2816ec151d,0x048233ccc241d5a42bbd5e1fa9ae4cecdc59d90e226cbdd3eea9c4cd8a169cd0,1784212751,2026-07-16T14:39:11Z,174109900,26256662,60000000
25545882,0xbf518716e625aa1a5d935cd629f13d155d677f69a23c717812dcf67c02e394b1,0x84699ccd0433566de753b66e6bcfb153736d7c571e931ac52ac2fc2816ec151d,1784212763,2026-07-16T14:39:23Z,171394266,24037422,59941408
25545883,0xf8e2deabc176595a449e8dde39f4d1d3f95ddf7f0c68c5a4d03c072e284bdd2f,0xbf518716e625aa1a5d935cd629f13d155d677f69a23c717812dcf67c02e394b1,1784212775,2026-07-16T14:39:35Z,167152914,27194344,59999943
25545884,0xf17c8f62967f70ef1546a09566fcb8ea1b8236f68970ff6e1ff353f9cf624a84,0xf8e2deabc176595a449e8dde39f4d1d3f95ddf7f0c68c5a4d03c072e284bdd2f,1784212787,2026-07-16T14:39:47Z,165198876,29376792,60000000
25545885,0xce5437693432a8f80c44a0076f5d8450002832750c0b4482f1acd85fd18d4679,0xf17c8f62967f70ef1546a09566fcb8ea1b8236f68970ff6e1ff353f9cf624a84,1784212799,2026-07-16T14:39:59Z,164769905,32914860,60000000
25545886,0x97d60e4a554c527ec22cbe133041fa172628a6808bfadebe55cf52b58c3fcb51,0xce5437693432a8f80c44a0076f5d8450002832750c0b4482f1acd85fd18d4679,1784212811,2026-07-16T14:40:11Z,166771076,31698379,60000000
25545887,0x6738cfb69cacefa3ece6d95683bc1ddcb6d1719a082291a1936d3b36ae78e720,0x97d60e4a554c527ec22cbe133041fa172628a6808bfadebe55cf52b58c3fcb51,1784212823,2026-07-16T14:40:23Z,167951244,8489169,60000000
25545888,0x88f4f77aa1d1310dab4a53f0c5947012787164ff0337eb84c910f185a8afdfb2,0x6738cfb69cacefa3ece6d95683bc1ddcb6d1719a082291a1936d3b36ae78e720,1784212835,2026-07-16T14:40:35Z,152898033,40629587,60000000
25545889,0xf08b66d572f6fb4fa832d6be834b2680fdfffda1286fdbf78cce53d1e5b01f1a,0x88f4f77aa1d1310dab4a53f0c5947012787164ff0337eb84c910f185a8afdfb2,1784212847,2026-07-16T14:40:47Z,159669878,32262449,60000000
25545890,0x0bf69aaa51d54d3b269e644594c82c9968a365a9f92945b40b8287bf5e541546,0xf08b66d572f6fb4fa832d6be834b2680fdfffda1286fdbf78cce53d1e5b01f1a,1784212859,2026-07-16T14:40:59Z,161175065,25934876,60000000
25545891,0xd5791a4b4903a8f45ad10b07e5b89b9d01fa85488c6f306f5ee70ade2743d340,0x0bf69aaa51d54d3b269e644594c82c9968a365a9f92945b40b8287bf5e541546,1784212871,2026-07-16T14:41:11Z,158445080,8933243,60000000
25545892,0x9d06d4e0c90d9c833dfe64e2199c4dbc9a23ee76c520fe9df152bc241a1a57bd,0xd5791a4b4903a8f45ad10b07e5b89b9d01fa85488c6f306f5ee70ade2743d340,1784212883,2026-07-16T14:41:23Z,144537064,45197955,60000000
25545893,0xfffe8975f5aa38d2938b90addbf084cb10d348cdb14df3b00bdbec087d96c626,0x9d06d4e0c90d9c833dfe64e2199c4dbc9a23ee76c520fe9df152bc241a1a57bd,1784212895,2026-07-16T14:41:35Z,153689846,4952834,60000000
25545894,0x62018544adbc723a2fcc53ffe451e406f94857c18d03cbb9b8435f07ab034edf,0xfffe8975f5aa38d2938b90addbf084cb10d348cdb14df3b00bdbec087d96c626,1784212907,2026-07-16T14:41:47Z,137650284,45095672,60000000
25545895,0xdb39e27c90a96abec3cb0a7f9eb34d77dc7454fd7fecfd65086251b78fb86efe,0x62018544adbc723a2fcc53ffe451e406f94857c18d03cbb9b8435f07ab034edf,1784212919,2026-07-16T14:41:59Z,146308298,23422191,60000000
25545896,0x6a85175bfe7c1937fd030cbf3c09d516746d855c8a7f588a2c5cc4c89bde1d8d,0xdb39e27c90a96abec3cb0a7f9eb34d77dc7454fd7fecfd65086251b78fb86efe,1784212931,2026-07-16T14:42:11Z,142298348,27182950,60000000
25545897,0xd0d249b73ecf03d42096e3d197762b4375a276051fba3614594351f2f7a9a9c9,0x6a85175bfe7c1937fd030cbf3c09d516746d855c8a7f588a2c5cc4c89bde1d8d,1784212943,2026-07-16T14:42:23Z,140628092,20009482,60000000
25545898,0x3aafd15a2ba8e8406cdb9d8792b8d3d6be0bebbe6db42f772c193f1aad8f8493,0xd0d249b73ecf03d42096e3d197762b4375a276051fba3614594351f2f7a9a9c9,1784212955,2026-07-16T14:42:35Z,134774145,33799571,60000000
25545899,0x1c0d294697dfe9be0eb50d8d1c8231d28e0cdec64b76124acb04b77f50317482,0x3aafd15a2ba8e8406cdb9d8792b8d3d6be0bebbe6db42f772c193f1aad8f8493,1784212967,2026-07-16T14:42:47Z,136907828,29430395,60000000
25545900,0xf1a2967ddcc908e103f6d66ded42a2199ff30728ff8cd15352930936fff03fec,0x1c0d294697dfe9be0eb50d8d1c8231d28e0cdec64b76124acb04b77f50317482,1784212979,2026-07-16T14:42:59Z,136582898,31291141,60000000
25545901,0xa3805ad2f264efdbb8574dbf9da02951563d9cf8d6a94939a37db83fd9cd8c85,0xf1a2967ddcc908e103f6d66ded42a2199ff30728ff8cd15352930936fff03fec,1784212991,2026-07-16T14:43:11Z,137317680,7872778,60000000
25545902,0xdc14b4ea50d6044502145590ffe17a1b0d040ed6cecb8a6653b0ae169898e90c,0xa3805ad2f264efdbb8574dbf9da02951563d9cf8d6a94939a37db83fd9cd8c85,1784213003,2026-07-16T14:43:23Z,124657436,51756865,60000000
25545903,0xb3e82ef7b45d0e6be383c515ebc5850d71d80d4e27995df806c338bb130d24d3,0xdc14b4ea50d6044502145590ffe17a1b0d040ed6cecb8a6653b0ae169898e90c,1784213015,2026-07-16T14:43:35Z,135958081,40481534,60000000
25545904,0xb1d5a2da37f7f28e4b72e9c68b83100af4570400f48b952c2d6b77889c5a60a1,0xb3e82ef7b45d0e6be383c515ebc5850d71d80d4e27995df806c338bb130d24d3,1784213027,2026-07-16T14:43:47Z,141895786,24973802,60000000
25545905,0x0135c4c1b1e454c5e38944ab622f0457d6795fbb10d5dfb86d03d37459f5fb5a,0xb1d5a2da37f7f28e4b72e9c68b83100af4570400f48b952c2d6b77889c5a60a1,1784213039,2026-07-16T14:43:59Z,138924135,42659972,60000000
25545906,0x69ea9a4ec2a9218e0baa294ba865dbb7bd093210160348f020ab27a292eaa88f,0x0135c4c1b1e454c5e38944ab622f0457d6795fbb10d5dfb86d03d37459f5fb5a,1784213051,2026-07-16T14:44:11Z,146252366,21149875,60000000
25545907,0xef0c8a80b4547e797755e97ff391352a4a199d64c7b6896946999f30afae1d4a,0x69ea9a4ec2a9218e0baa294ba865dbb7bd093210160348f020ab27a292eaa88f,1784213063,2026-07-16T14:44:23Z,140859234,41125849,60000000
25545908,0xee5d4e46784487f0669a8a0263918d0ee8aab6f1182d19c8edab00d56f217ca2,0xef0c8a80b4547e797755e97ff391352a4a199d64c7b6896946999f30afae1d4a,1784213075,2026-07-16T14:44:35Z,147389144,19348148,60000000
25545909,0x2ddfcb0dc67c5d6a58d3ae0dc8a70b2315641c382e375e5549bf17cd051abdfe,0xee5d4e46784487f0669a8a0263918d0ee8aab6f1182d19c8edab00d56f217ca2,1784213087,2026-07-16T14:44:47Z,140847614,48750695,60000000
25545910,0x843ec6e9326d6e0ba30b8ca6ed056477b14b567aabbe56b78cf62fc4d989247d,0x2ddfcb0dc67c5d6a58d3ae0dc8a70b2315641c382e375e5549bf17cd051abdfe,1784213099,2026-07-16T14:44:59Z,151851741,44346251,60000000
25545911,0x49a6abcb37cfdb52bb5c13d20e5432c43420cca87ebd4e1bda90e16fd0ef8a3f,0x843ec6e9326d6e0ba30b8ca6ed056477b14b567aabbe56b78cf62fc4d989247d,1784213111,2026-07-16T14:45:11Z,160928837,24603245,59941408
25545912,0xe7e598736c5d14fec20a6f388c2e0784eeb5518aee59f22322815028482d20f5,0x49a6abcb37cfdb52bb5c13d20e5432c43420cca87ebd4e1bda90e16fd0ef8a3f,1784213123,2026-07-16T14:45:23Z,157326241,39386019,59999943
25545913,0xf6d039f29d6d619d5de0472a0adc2ab5831da80ecc7a0512b5bb77c266ae4e66,0xe7e598736c5d14fec20a6f388c2e0784eeb5518aee59f22322815028482d20f5,1784213135,2026-07-16T14:45:35Z,163479045,25815323,60000000
25545914,0x86c306f38efdad94b118215757afecced934d3d20e5d2209fd8d3c486031822b,0xf6d039f29d6d619d5de0472a0adc2ab5831da80ecc7a0512b5bb77c266ae4e66,1784213147,2026-07-16T14:45:47Z,160628600,42388566,60000000
25545915,0x2bb753046b3a58d5f020e5108cbee9f4ee3bae238805415818a4b4a77a362ad0,0x86c306f38efdad94b118215757afecced934d3d20e5d2209fd8d3c486031822b,1784213159,2026-07-16T14:45:59Z,168920091,35107196,59941408
25545916,0x4c456da1c4bd5ab8cddb386713475cbe6eb07fcc8f9c797cdd2777287af41a92,0x2bb753046b3a58d5f020e5108cbee9f4ee3bae238805415818a4b4a77a362ad0,1784213171,2026-07-16T14:46:11Z,172538861,33673542,59999943
25545917,0x2a95b8960e0a0a04045ecc845bac0ead9f4f8a98bcb2309f3e32020f15b6927c,0x4c456da1c4bd5ab8cddb386713475cbe6eb07fcc8f9c797cdd2777287af41a92,1784213183,2026-07-16T14:46:23Z,175179837,34883292,60000000
25545918,0x3e1303a0cfafe9bc357bd358c6e8744b3a1b57392ac17748563b03a8732ceb2a,0x2a95b8960e0a0a04045ecc845bac0ead9f4f8a98bcb2309f3e32020f15b6927c,1784213195,2026-07-16T14:46:35Z,178744229,28118240,60000000
25545919,0xe09372abf87aed409259746eb6c9bce99927e0bb9ea94f659a9ed1ded2928cd5,0x3e1303a0cfafe9bc357bd358c6e8744b3a1b57392ac17748563b03a8732ceb2a,1784213207,2026-07-16T14:46:47Z,177342756,38397438,60000000
25545920,0x39739d2339e790a033c9fbfbb01c37ebec3d3b3cc805125ff9f24fbe52180b09,0xe09372abf87aed409259746eb6c9bce99927e0bb9ea94f659a9ed1ded2928cd5,1784213219,2026-07-16T14:46:59Z,183547859,41901117,60000000
25545921,0x9cadcf58061df1220f84bb094771e198bf60086c163bfeb10614f88b35d67145,0x39739d2339e790a033c9fbfbb01c37ebec3d3b3cc805125ff9f24fbe52180b09,1784213231,2026-07-16T14:47:11Z,192649627,10522878,60000000
25545922,0x47beaa1923a0dcba1e5863b54533fa3795e455b537edcf1ca418e9013f8778be,0x9cadcf58061df1220f84bb094771e198bf60086c163bfeb10614f88b35d67145,1784213243,2026-07-16T14:47:23Z,177015210,53367864,60000000
25545923,0xd99ea16727c583c3a8560c7fb441fa51c092a1d369b9025b9b16d136cc6078c5,0x47beaa1923a0dcba1e5863b54533fa3795e455b537edcf1ca418e9013f8778be,1784213255,2026-07-16T14:47:35Z,194250490,34686837,60000000
25545924,0x74ee57a2926066bccb68d2b5ca06bd5137e4b69a9e20886d6500b7c76088dd92,0xd99ea16727c583c3a8560c7fb441fa51c092a1d369b9025b9b16d136cc6078c5,1784213267,2026-07-16T14:47:47Z,198043908,34309158,60000000
25545925,0xdc53c0ce469803698ba3f67c2059b813a69d249ef1b343f33127357e4eb51f5b,0x74ee57a2926066bccb68d2b5ca06bd5137e4b69a9e20886d6500b7c76088dd92,1784213279,2026-07-16T14:47:59Z,201599751,45659960,60000000
25545926,0xd9051289529c1941cb40919ad0e3c144c8e1b5189e069c98cfd86b562a956d54,0xdc53c0ce469803698ba3f67c2059b813a69d249ef1b343f33127357e4eb51f5b,1784213291,2026-07-16T14:48:11Z,214754101,57090147,60000000
25545927,0x3b0fd7a1d8ecb1603aa5e029440b8278201ef50d3ebaaee5e93b0d5e91806606,0xd9051289529c1941cb40919ad0e3c144c8e1b5189e069c98cfd86b562a956d54,1784213303,2026-07-16T14:48:23Z,238994601,38490640,60000000
25545928,0x8ce142188b5da31aa1006de41afee2323a98c55c570a74b171edb6bc108c82dc,0x3b0fd7a1d8ecb1603aa5e029440b8278201ef50d3ebaaee5e93b0d5e91806606,1784213315,2026-07-16T14:48:35Z,247449672,41582684,60000000
25545929,0x6218ded88eb5c71991b9b3c78ea45a02365b72d125747e69559f5b33fefe95a0,0x8ce142188b5da31aa1006de41afee2323a98c55c570a74b171edb6bc108c82dc,1784213327,2026-07-16T14:48:47Z,259391885,31159047,60000000
25545930,0x93ad98b791620f0f04c9ea711c06da8a07cd2b237aec7345ef9d3529207bbf95,0x6218ded88eb5c71991b9b3c78ea45a02365b72d125747e69559f5b33fefe95a0,1784213339,2026-07-16T14:48:59Z,260644582,16320472,60000000
25545931,0x08ccd86e6dee10d9769a6de64cc856ba391671126f95a0ae00c2ddcc265e2407,0x93ad98b791620f0f04c9ea711c06da8a07cd2b237aec7345ef9d3529207bbf95,1784213351,2026-07-16T14:49:11Z,245788354,59995949,60000000
25545932,0x9449b4853bf2c8147ab96f9f237359cdc19f9d53ca6aafc1e914ef24f76b42b9,0x08ccd86e6dee10d9769a6de64cc856ba391671126f95a0ae00c2ddcc265e2407,1784213363,2026-07-16T14:49:23Z,276507749,32832484,60000000
25545933,0xd7d59455659673e11b0d7f373c66683f6ee6f0f4a732d4fd3c003097621f2f72,0x9449b4853bf2c8147ab96f9f237359cdc19f9d53ca6aafc1e914ef24f76b42b9,1784213375,2026-07-16T14:49:35Z,279771098,59998576,60000000
25545934,0x6211b88e6867dc1fb4c5fe470a8080e107f00389772673503485c35ebcc5010e,0xd7d59455659673e11b0d7f373c66683f6ee6f0f4a732d4fd3c003097621f2f72,1784213387,2026-07-16T14:49:47Z,314740825,12595436,60000000
25545935,0x0a0df31e848ee1a165d396782f07c7a78ad2e3a99e44e5ffc4cc37b62578c9a6,0x6211b88e6867dc1fb4c5fe470a8080e107f00389772673503485c35ebcc5010e,1784213399,2026-07-16T14:49:59Z,291916130,49982809,60000000
25545936,0x6ca0670c8378bfa7acaf08baccc9298911030641c50ba3ab6cb4c199d2e746d6,0x0a0df31e848ee1a165d396782f07c7a78ad2e3a99e44e5ffc4cc37b62578c9a6,1784213411,2026-07-16T14:50:11Z,316221564,50633048,60000000
25545937,0xcb39abea86893d623c7f45b36c2c54d7dd5c6a90f8d5eed17ff5dd0596acd05a,0x6ca0670c8378bfa7acaf08baccc9298911030641c50ba3ab6cb4c199d2e746d6,1784213423,2026-07-16T14:50:23Z,343407458,35620752,59941408
25545938,0xf950fd3304e0f8d26a4c7df26fb5f4efaa431acd94ae1bc6f66f39c1f3811b8c,0xcb39abea86893d623c7f45b36c2c54d7dd5c6a90f8d5eed17ff5dd0596acd05a,1784213435,2026-07-16T14:50:35Z,351499813,39234469,59999943
25545939,0x9071ec1e6aa85024307f4ac8cbdfbb44f64b4b34d11dd8cc331be7636d087145,0xf950fd3304e0f8d26a4c7df26fb5f4efaa431acd94ae1bc6f66f39c1f3811b8c,1784213447,2026-07-16T14:50:47Z,365024510,30040774,60000000
25545940,0x0319f1feaf1743823b742f81ed5d18f6c880545ec10fd0afc3faad276412166a,0x9071ec1e6aa85024307f4ac8cbdfbb44f64b4b34d11dd8cc331be7636d087145,1784213459,2026-07-16T14:50:59Z,365086524,29983806,60000000
25545941,0xc433b3b0aba212ef977f3543d4a175b2a11bfca03eafede19d2ddceb95d66e92,0x0319f1feaf1743823b742f81ed5d18f6c880545ec10fd0afc3faad276412166a,1784213471,2026-07-16T14:51:11Z,365061890,30276958,60000000
25545942,0x8f2b6c204a7acfb6cfa2104838590d446e0f15df8b1cc5a252cd4a93ae139b11,0xc433b3b0aba212ef977f3543d4a175b2a11bfca03eafede19d2ddceb95d66e92,1784213483,2026-07-16T14:51:23Z,365483168,27128998,60000000
25545943,0x24a2ff16a118664a5b885478b1e78abf8eec51677997f615195ab865ece63be4,0x8f2b6c204a7acfb6cfa2104838590d446e0f15df8b1cc5a252cd4a93ae139b11,1784213495,2026-07-16T14:51:35Z,361111073,31456776,60000000
25545944,0x573e1ebe192afcd71cf645203f45966245373cc8184fc2b926b886a55b799133,0x24a2ff16a118664a5b885478b1e78abf8eec51677997f615195ab865ece63be4,1784213507,2026-07-16T14:51:47Z,363302981,27545814,60000000
25545945,0xe485d7fe7be35eed3402470bb9d9189d29cdeca5ad3a6659e36c0bcbbfc5dc26,0x573e1ebe192afcd71cf645203f45966245373cc8184fc2b926b886a55b799133,1784213519,2026-07-16T14:51:59Z,359587927,30080580,60000000
25545946,0x14aabb79ae89b7e68698d8e6139611b498f75d3f89445c9fcb42aeb86bb62994,0xe485d7fe7be35eed3402470bb9d9189d29cdeca5ad3a6659e36c0bcbbfc5dc26,1784213531,2026-07-16T14:52:11Z,359708658,7781513,60000000
25545947,0x9cc0b98d0c1c3431a7ac7b583d1378ff6a53b84ec7a49b964e0e44e0c60d0cb7,0x14aabb79ae89b7e68698d8e6139611b498f75d3f89445c9fcb42aeb86bb62994,1784213543,2026-07-16T14:52:23Z,326407900,59899268,60000000
25545948,0xb677362980ae6f7a812791250383cf1fc5a228539176efaed96b4c8fe908495b,0x9cc0b98d0c1c3431a7ac7b583d1378ff6a53b84ec7a49b964e0e44e0c60d0cb7,1784213555,2026-07-16T14:52:35Z,367071888,8860613,60000000
25545949,0x5060c8c9485b2be86b33cc1c97fee575d8918728dc765d263539bcf45a3c9568,0xb677362980ae6f7a812791250383cf1fc5a228539176efaed96b4c8fe908495b,1784213567,2026-07-16T14:52:47Z,334739911,32072633,60000000
25545950,0x02d42f312a107865dcd28cf48fe1987228657e8a660795e244eb72d97a0d6264,0x5060c8c9485b2be86b33cc1c97fee575d8918728dc765d263539bcf45a3c9568,1784213579,2026-07-16T14:52:59Z,337630715,30931244,60000000
25545951,0x54312e858b42c579c328b3180bf49d450f4ae762fb133ed73c0455ef6b0d6237,0x02d42f312a107865dcd28cf48fe1987228657e8a660795e244eb72d97a0d6264,1784213591,2026-07-16T14:53:11Z,338940784,27956270,60000000
25545952,0x4ec628f9f8e96a03a01fa1d3ce86acbd90facf314c7774a219908004cbf4f1af,0x54312e858b42c579c328b3180bf49d450f4ae762fb133ed73c0455ef6b0d6237,1784213603,2026-07-16T14:53:23Z,336054520,12283855,60000000
25545953,0xa0a19b740f9bc6e785c0b7dcfd6c22a3ee535aac6c37d8d5fd94dd42a64beef3,0x4ec628f9f8e96a03a01fa1d3ce86acbd90facf314c7774a219908004cbf4f1af,1784213615,2026-07-16T14:53:35Z,311247893,33350939,60000000
25545954,0xfb415cf21763d3c78b602e6d3344416ae61752fc8e179ebc138c944bdec82fa5,0xa0a19b740f9bc6e785c0b7dcfd6c22a3ee535aac6c37d8d5fd94dd42a64beef3,1784213627,2026-07-16T14:53:47Z,315593612,59797898,60000000
25545955,0xaa2b056d61f5f0af55291d75087e93c084bfd1720343830e20520bc5c469961e,0xfb415cf21763d3c78b602e6d3344416ae61752fc8e179ebc138c944bdec82fa5,1784213639,2026-07-16T14:53:59Z,354777054,23049045,60000000
25545956,0x338fb2d0cb6033cca900e5393b26f8555174c5baf6ce974ad337d54c216c5019,0xaa2b056d61f5f0af55291d75087e93c084bfd1720343830e20520bc5c469961e,1784213651,2026-07-16T14:54:11Z,344501891,11334272,60000000
25545957,0x86b648874506b4190d05fc7c19279ea5de38e78a83ea4499bf7b980984d05a39,0x338fb2d0cb6033cca900e5393b26f8555174c5baf6ce974ad337d54c216c5019,1784213663,2026-07-16T14:54:23Z,317708647,40550392,60000000
25545958,0x28694f3f089b7c2f2c92ab824fe12dadfaac4d8b35d5f7ec9e9889532dceeb98,0x86b648874506b4190d05fc7c19279ea5de38e78a83ea4499bf7b980984d05a39,1784213675,2026-07-16T14:54:35Z,331675108,38350979,60000000
25545959,0x86458db9a9102b16eb0fb12aca17d47d55d614e1652996f228ff8599a6094654,0x28694f3f089b7c2f2c92ab824fe12dadfaac4d8b35d5f7ec9e9889532dceeb98,1784213687,2026-07-16T14:54:47Z,343215990,5907776,60000000
25545960,0x496cf75336d97b83d684c7d83091ddefbadfe8dec2493298a5cc92d927c7c529,0x86458db9a9102b16eb0fb12aca17d47d55d614e1652996f228ff8599a6094654,1784213699,2026-07-16T14:54:59Z,308762505,24613039,60000000
25545961,0xb3737f905647281d463c7a24e2f2cdaf7122cb097bc02e168dccf362ccbe079f,0x496cf75336d97b83d684c7d83091ddefbadfe8dec2493298a5cc92d927c7c529,1784213711,2026-07-16T14:55:11Z,301832124,15077056,60000000
25545962,0x19784d1cb1e3b5bd7bde391044ad5abba12d13f045c5efa45f23e7648473fd37,0xb3737f905647281d463c7a24e2f2cdaf7122cb097bc02e168dccf362ccbe079f,1784213723,2026-07-16T14:55:23Z,283064525,15231190,60000000
25545963,0x4dda341d1fe9b5298afdc0d930d82745a037f2363108d17bc572eec37f282451,0x19784d1cb1e3b5bd7bde391044ad5abba12d13f045c5efa45f23e7648473fd37,1784213735,2026-07-16T14:55:35Z,265645666,40488532,60000000
25545964,0xdc63a9e7c95008b2bc3961632796a381d1900e8042773cc6ddb82232e7b90c3e,0x4dda341d1fe9b5298afdc0d930d82745a037f2363108d17bc572eec37f282451,1784213747,2026-07-16T14:55:47Z,277254970,10326716,60000000
25545965,0xc01274e0d9d3ec8c581d88f3c9e501cc530ca4ee7b0b7c9e58dd7b17035bdd36,0xdc63a9e7c95008b2bc3961632796a381d1900e8042773cc6ddb82232e7b90c3e,1784213759,2026-07-16T14:55:59Z,254527821,14994055,60000000
25545966,0x4d47a22b243b00cfb25d9b1c2543ea8a0f3909fcc641a2b616e74abc5aef0f20,0xc01274e0d9d3ec8c581d88f3c9e501cc530ca4ee7b0b7c9e58dd7b17035bdd36,1784213771,2026-07-16T14:56:11Z,238613528,29364304,60000000
25545967,0x49fdfe23817128db2457ca296bdf0048f38dfe252ae3b7fa5d24a8cadb2cfedb,0x4d47a22b243b00cfb25d9b1c2543ea8a0f3909fcc641a2b616e74abc5aef0f20,1784213783,2026-07-16T14:56:23Z,237981505,44410232,60000000
25545968,0xf718eb8da48b68619793c6db319f2924a1122653f09e749df84df36493163dca,0x49fdfe23817128db2457ca296bdf0048f38dfe252ae3b7fa5d24a8cadb2cfedb,1784213795,2026-07-16T14:56:35Z,252270541,59221142,60000000
25545969,0x0fe4916ebf1dff00df4838813f73f280bd13f5af2cd37384be60d941bcecafab,0xf718eb8da48b68619793c6db319f2924a1122653f09e749df84df36493163dca,1784213807,2026-07-16T14:56:47Z,282985679,24352932,60000000
25545970,0xdeb41a27c1cf728fb9354d6f20d6f898cafce0c5fe627477d14ac557f047db28,0x0fe4916ebf1dff00df4838813f73f280bd13f5af2cd37384be60d941bcecafab,1784213819,2026-07-16T14:56:59Z,276327182,59987388,60000000
25545971,0xe6d2f6d69a4a61ee06effe337397173b3b52be52d2a0320a398b2813ee111c9f,0xdeb41a27c1cf728fb9354d6f20d6f898cafce0c5fe627477d14ac557f047db28,1784213831,2026-07-16T14:57:11Z,310853558,47624203,60000000
25545972,0xc05a6d978989eb08e9ed26f33fbc3b22c56550b078a49944db23bc1e5d109caa,0xe6d2f6d69a4a61ee06effe337397173b3b52be52d2a0320a398b2813ee111c9f,1784213843,2026-07-16T14:57:23Z,333680833,44438769,60000000
25545973,0x95e3b6b2350561cd8506c1c051620b5d44031b927c3c4ec4ef4e738489a6a400,0xc05a6d978989eb08e9ed26f33fbc3b22c56550b078a49944db23bc1e5d109caa,1784213855,2026-07-16T14:57:35Z,353755584,31954182,60000000
25545974,0x9ffded2d0769d5fbbf8bfaa77ca2a8aa5055a6a8aaf9e80e8d2d2965d5d7257d,0x95e3b6b2350561cd8506c1c051620b5d44031b927c3c4ec4ef4e738489a6a400,1784213867,2026-07-16T14:57:47Z,356636012,38528828,60000000
25545975,0xeb898e98f3682b2abb18c83dd7398bb0ba6a5539d12586fbc203218da18f8e07,0x9ffded2d0769d5fbbf8bfaa77ca2a8aa5055a6a8aaf9e80e8d2d2965d5d7257d,1784213879,2026-07-16T14:57:59Z,369309708,25629461,60000000
25545976,0x8011801c43b56ade53c19169678a85b31ebf797012be9254be5a3e46b0191aa4,0xeb898e98f3682b2abb18c83dd7398bb0ba6a5539d12586fbc203218da18f8e07,1784213891,2026-07-16T14:58:11Z,362584365,33603074,60000000
25545977,0x4c830287c7409a16fa1830af22a8ff0c28415c37e0d52cebb7018bc9fac7f554,0x8011801c43b56ade53c19169678a85b31ebf797012be9254be5a3e46b0191aa4,1784213903,2026-07-16T14:58:23Z,368027774,25495214,60000000
25545978,0xcafefc9fa52bd78105475fb7e2105d4f3dbd4ba82182911c579575e4842354f0,0x4c830287c7409a16fa1830af22a8ff0c28415c37e0d52cebb7018bc9fac7f554,1784213915,2026-07-16T14:58:35Z,361119915,29251522,60000000
25545979,0x408f7715f2cec18adb7ed5be4891c17f3bc26f49f3f42b7233f543296edacf22,0xcafefc9fa52bd78105475fb7e2105d4f3dbd4ba82182911c579575e4842354f0,1784213927,2026-07-16T14:58:47Z,359993706,23347479,60000000
25545980,0xd536c165b5cc5d845c46ec59a53d892cb6a0f3b5de9be88685de13d725e1fb4b,0x408f7715f2cec18adb7ed5be4891c17f3bc26f49f3f42b7233f543296edacf22,1784213939,2026-07-16T14:58:59Z,350015099,22141710,59941408
25545981,0x96865387ddaae36e937ae9e0f9c9dca895df905f30519d776e759a4ad1fc0052,0xd536c165b5cc5d845c46ec59a53d892cb6a0f3b5de9be88685de13d725e1fb4b,1784213951,2026-07-16T14:59:11Z,338586163,25479900,59999943
25545982,0x3d714fbafa0f65e0733eda91f076a110a8c45f3a6cd863d1accbcf4c325fc6cd,0x96865387ddaae36e937ae9e0f9c9dca895df905f30519d776e759a4ad1fc0052,1784213963,2026-07-16T14:59:23Z,332209351,5479076,60000000
25545983,0x39679b25143e05a3e7ae9f9c31f727a4ec51ee893de8652091c83077485efd1d,0x3d714fbafa0f65e0733eda91f076a110a8c45f3a6cd863d1accbcf4c325fc6cd,1784213975,2026-07-16T14:59:35Z,298267350,33623831,60000000
25545984,0x8a4c4623a702ee4e940389ae16700f62aa07b9c47656789c9d987b019f6164df,0x39679b25143e05a3e7ae9f9c31f727a4ec51ee893de8652091c83077485efd1d,1784213987,2026-07-16T14:59:47Z,302770976,30294722,60000000
25545985,0xf83ff36a0bff8fc86dd99e9284adbf53f421442821a53a95240a45867dd2eb6f,0x8a4c4623a702ee4e940389ae16700f62aa07b9c47656789c9d987b019f6164df,1784213999,2026-07-16T14:59:59Z,303142781,37410883,60000000
25545986,0x5601176153bad9c8ea77fafca4c59da4b2def1571ec71d30a48ff518c70d700a,0xf83ff36a0bff8fc86dd99e9284adbf53f421442821a53a95240a45867dd2eb6f,1784214011,2026-07-16T15:00:11Z,312503429,59997030,60000000
25545987,0xf03989bb09e4e06fa57973c91d0c313a9809955969bc9dd67b1223c52e7aa85d,0x5601176153bad9c8ea77fafca4c59da4b2def1571ec71d30a48ff518c70d700a,1784214023,2026-07-16T15:00:23Z,351562490,59980192,60000000
25545988,0x6d1fa72391c11063b6270f7e655823ea02e9a56fdb2fbb776453f2316ceb394c,0xf03989bb09e4e06fa57973c91d0c313a9809955969bc9dd67b1223c52e7aa85d,1784214035,2026-07-16T15:00:35Z,395478785,51827852,60000000
25545989,0x64020393e434d4129af23a9bc7a339eee1b6f11b5585fb0677810f8291d0f8e4,0x6d1fa72391c11063b6270f7e655823ea02e9a56fdb2fbb776453f2316ceb394c,1784214047,2026-07-16T15:00:47Z,431447336,20477735,60000000
25545990,0x99399dc96d606e691b72f3138a472ee5242115790ca2cb99faf3e5d488da6413,0x64020393e434d4129af23a9bc7a339eee1b6f11b5585fb0677810f8291d0f8e4,1784214059,2026-07-16T15:00:59Z,414329187,26191079,60000000
25545991,0x9d31364621e612ea03e762fb1368d7579f8449d45f0d18a31fefd948df019bec,0x99399dc96d606e691b72f3138a472ee5242115790ca2cb99faf3e5d488da6413,1784214071,2026-07-16T15:01:11Z,407753574,22478689,60000000
25545992,0x061b3a69ed2887cb1ddfa89b7203154044f46de729ce3ee7abab8733cc7d55b0,0x9d31364621e612ea03e762fb1368d7579f8449d45f0d18a31fefd948df019bec,1784214083,2026-07-16T15:01:23Z,394975068,26031465,60000000
25545993,0x9e0569458c28ef585e38b1fca358ffc088492ec2bb61f6e277ff3fdd518bcac6,0x061b3a69ed2887cb1ddfa89b7203154044f46de729ce3ee7abab8733cc7d55b0,1784214095,2026-07-16T15:01:35Z,388443934,39536573,60000000
25545994,0x49a1ae2e097d837ee1af5ff766926e271aa821703a99db696d892820d120a440,0x9e0569458c28ef585e38b1fca358ffc088492ec2bb61f6e277ff3fdd518bcac6,1784214107,2026-07-16T15:01:47Z,403879033,22107411,60000000
25545995,0x0d2c0b5839245713510e28ec5b49858f59cb67dd11064a56c01bc149b58099db,0x49a1ae2e097d837ee1af5ff766926e271aa821703a99db696d892820d120a440,1784214119,2026-07-16T15:01:59Z,390597153,7121696,60000000
25545996,0x115b2dd0368964a7c1a2442738c59a164701fd8d30675cc9acf8ce058663c670,0x0d2c0b5839245713510e28ec5b49858f59cb67dd11064a56c01bc149b58099db,1784214131,2026-07-16T15:02:11Z,353362985,41666906,60000000
25545997,0xfbcc6399b8a4b6323c192b093011a466bf17d30b7510526982aaf70b2e0d2789,0x115b2dd0368964a7c1a2442738c59a164701fd8d30675cc9acf8ce058663c670,1784214143,2026-07-16T15:02:23Z,370540704,27380472,60000000
25545998,0xb1c640b1fb048dd308a1e6e555e956db76a5651465eb7f8d8ceb22f476743f0c,0xfbcc6399b8a4b6323c192b093011a466bf17d30b7510526982aaf70b2e0d2789,1784214155,2026-07-16T15:02:35Z,366496364,31000409,60000000
25545999,0x3660c854e08b1d1dc1bf363aaf9534dee7923b99c4a8eb79bcfe1f45af421d3d,0xb1c640b1fb048dd308a1e6e555e956db76a5651465eb7f8d8ceb22f476743f0c,1784214167,2026-07-16T15:02:47Z,368024056,34373794,60000000
25546000,0x3432633dd9c438abca43508a91150f9047963835e95480c82475ea520e198b57,0x3660c854e08b1d1dc1bf363aaf9534dee7923b99c4a8eb79bcfe1f45af421d3d,1784214179,2026-07-16T15:02:59Z,374730978,21938016,60000000
25546001,0x67a1ef15d36d6999fa818233c054faf5060ae4b7198358b4bf106c382c0e2f7d,0x3432633dd9c438abca43508a91150f9047963835e95480c82475ea520e198b57,1784214191,2026-07-16T15:03:11Z,362143165,32454111,60000000
25546002,0xe1d53c6a66d844c0d63b50ffd553bceb5f46831e08aa1b9a284bb39a0788957e,0x67a1ef15d36d6999fa818233c054faf5060ae4b7198358b4bf106c382c0e2f7d,1784214203,2026-07-16T15:03:23Z,365846246,20870050,60000000
25546003,0x9dcd1073153fb9ae30c100e44f6bcb27482aabeed2e6c88dd8d81d8df15f2392,0xe1d53c6a66d844c0d63b50ffd553bceb5f46831e08aa1b9a284bb39a0788957e,1784214215,2026-07-16T15:03:35Z,351928922,31374740,60000000
25546004,0xd0c953bd5dadcf9418d3e5c6e7a6c395960f67f650061aee4a71ec10c72332c8,0x9dcd1073153fb9ae30c100e44f6bcb27482aabeed2e6c88dd8d81d8df15f2392,1784214227,2026-07-16T15:03:47Z,353944800,23997140,60000000
25546005,0xcba463e7e750d77ce5ee91e9efc474155d1724c2f879e30be6cff814f1e115ca,0xd0c953bd5dadcf9418d3e5c6e7a6c395960f67f650061aee4a71ec10c72332c8,1784214239,2026-07-16T15:03:59Z,345091963,29695168,60000000
25546006,0x040f7bb8f476c4c05c3df49782f4cc18ac0f3f4cb57975555b8f478387f968ce,0xcba463e7e750d77ce5ee91e9efc474155d1724c2f879e30be6cff814f1e115ca,1784214251,2026-07-16T15:04:11Z,344653651,28976532,60000000
25546007,0x23cb63e579823b0694553d8c443bc64d16fb1a1376af49bd023e6a82ced7a7a0,0x040f7bb8f476c4c05c3df49782f4cc18ac0f3f4cb57975555b8f478387f968ce,1784214263,2026-07-16T15:04:23Z,343183893,22192637,60000000
25546008,0x03d98695419acc09b4c5ec8e2b7b087aa74aab980243aa7abd7f572ce7ba979a,0x23cb63e579823b0694553d8c443bc64d16fb1a1376af49bd023e6a82ced7a7a0,1784214275,2026-07-16T15:04:35Z,332019888,23458368,60000000
25546009,0x60dda90839bd3099d19715eb934af601e9575c36279183286169442296973818,0x03d98695419acc09b4c5ec8e2b7b087aa74aab980243aa7abd7f572ce7ba979a,1784214287,2026-07-16T15:04:47Z,322970089,15924740,60000000
25546010,0x49f8453b372cafa606f2529e121aeed12c5522e2c89b9f685f5954c9773eb651,0x60dda90839bd3099d19715eb934af601e9575c36279183286169442296973818,1784214299,2026-07-16T15:04:59Z,304028890,23038794,60000000
25546011,0x24e090fc3c34be78f2f0ec4e2a09e689cbaa667c0eeec765ade84ba0c653ac83,0x49f8453b372cafa606f2529e121aeed12c5522e2c89b9f685f5954c9773eb651,1784214311,2026-07-16T15:05:11Z,295210525,23875218,60000000
25546012,0x2089ba63f2c4162ea578cf08172623f93846b792cf84c662122267f9080401f9,0x24e090fc3c34be78f2f0ec4e2a09e689cbaa667c0eeec765ade84ba0c653ac83,1784214323,2026-07-16T15:05:23Z,287676775,36776787,60000000
25546013,0x3e3c5ffb9b8f920f5df0310e49f808578a4424cc6127c4e26c8b881a06bc6e1b,0x2089ba63f2c4162ea578cf08172623f93846b792cf84c662122267f9080401f9,1784214335,2026-07-16T15:05:35Z,295799792,39646714,60000000
25546014,0xd69cc0f367261b6f4974686f3f5a7f7d39374fb710b087de949b3ba3572de880,0x3e3c5ffb9b8f920f5df0310e49f808578a4424cc6127c4e26c8b881a06bc6e1b,1784214347,2026-07-16T15:05:47Z,307689358,28753420,60000000
25546015,0x907c548871d7de5f405d8cf0cf0ad7eb78b87f44e97bf611a8988bb2a47ff0f5,0xd69cc0f367261b6f4974686f3f5a7f7d39374fb710b087de949b3ba3572de880,1784214359,2026-07-16T15:05:59Z,306091194,13931149,60000000
25546016,0xe56c8ec817e8b15f59006ef54aef297df8f763afaccfb2fca419f482548450d3,0x907c548871d7de5f405d8cf0cf0ad7eb78b87f44e97bf611a8988bb2a47ff0f5,1784214371,2026-07-16T15:06:11Z,285597304,23241029,60000000
25546017,0x883934353eeebba61ea700246d1d1e8db73b24307044b077f4d80e5928d86633,0xe56c8ec817e8b15f59006ef54aef297df8f763afaccfb2fca419f482548450d3,1784214383,2026-07-16T15:06:23Z,277554205,56197375,60000000
25546018,0x30e60a4ba7333e99946203529d7bb47d624b88f15887851b47f3d78c89471595,0x883934353eeebba61ea700246d1d1e8db73b24307044b077f4d80e5928d86633,1784214395,2026-07-16T15:06:35Z,307850836,30303625,60000000
25546019,0xf666c28a31baefa30ce7cb618b1fe5720962502304ec73f355000cba89f10f05,0x30e60a4ba7333e99946203529d7bb47d624b88f15887851b47f3d78c89471595,1784214407,2026-07-16T15:06:47Z,308240299,21825657,60000000
25546020,0xe070caa870243213faeace52078d293bc201f2466a0dd3569a24957895440564,0xf666c28a31baefa30ce7cb618b1fe5720962502304ec73f355000cba89f10f05,1784214419,2026-07-16T15:06:59Z,297741708,12405629,60000000
25546021,0xa86b2618ad2e22012249d8bfb4a8e0e1027733b99c48ba8689cf0ce610e9f616,0xe070caa870243213faeace52078d293bc201f2466a0dd3569a24957895440564,1784214431,2026-07-16T15:07:11Z,275914300,27122072,59941408
25546022,0x4039f1ad6213e8ee88d0d747d79a012d5d88fa284731e2cb75c3a727cb0a2df1,0xa86b2618ad2e22012249d8bfb4a8e0e1027733b99c48ba8689cf0ce610e9f616,1784214443,2026-07-16T15:07:23Z,272636190,41069964,59999943
25546023,0xe5ab082cbb933ce23491502e01eb6ce65ba450d82395ebdb7c4d47764b6adf80,0x4039f1ad6213e8ee88d0d747d79a012d5d88fa284731e2cb75c3a727cb0a2df1,1784214455,2026-07-16T15:07:35Z,285211538,25115035,60000000
25546024,0xbc2d421f4090b25ccadf8170e4f18ef9bc4612774834329e13aa377e5ff98f23,0xe5ab082cbb933ce23491502e01eb6ce65ba450d82395ebdb7c4d47764b6adf80,1784214467,2026-07-16T15:07:47Z,279406337,24147565,60000000
25546025,0x3cc5773d5acb9f897fa8a22f1337efec165dfdf8791eb6daae0f33a6bc87eecd,0xbc2d421f4090b25ccadf8170e4f18ef9bc4612774834329e13aa377e5ff98f23,1784214479,2026-07-16T15:07:59Z,272592973,55097359,60000000
25546026,0x52a321dcfdb0974fbcc5e9e8f73ff7181323c95789a6c616216da03cf6c337de,0x3cc5773d5acb9f897fa8a22f1337efec165dfdf8791eb6daae0f33a6bc87eecd,1784214491,2026-07-16T15:08:11Z,301098655,25523206,60000000
25546027,0xb77f1add2a3168c57d4236c6cdb286789204867852555f37661084dc6c14c810,0x52a321dcfdb0974fbcc5e9e8f73ff7181323c95789a6c616216da03cf6c337de,1784214503,2026-07-16T15:08:23Z,295482169,9398248,60000000
25546028,0xd87240826d3cf2f8e82a1d11f109e33f95fa71310156ab0c689c18722d211715,0xb77f1add2a3168c57d4236c6cdb286789204867852555f37661084dc6c14c810,1784214515,2026-07-16T15:08:35Z,270117793,8492041,60000000
25546029,0xf47749a8860281a12d9346e53c141dc1f9388b5d587fddcd35466c0269d82501,0xd87240826d3cf2f8e82a1d11f109e33f95fa71310156ab0c689c18722d211715,1784214527,2026-07-16T15:08:47Z,245910783,13005397,60000000
25546030,0xc7fc006a4f5dfdc7f9b32ed7cbceba930ea5fe628910c399ddb7735e2a5ccf88,0xf47749a8860281a12d9346e53c141dc1f9388b5d587fddcd35466c0269d82501,1784214539,2026-07-16T15:08:59Z,228497633,59979067,60000000
25546031,0x0e9c2eee6904b9d1d2fac89d7353706bfa9b7bf8a6b9072630f1f35d4b880d86,0xc7fc006a4f5dfdc7f9b32ed7cbceba930ea5fe628910c399ddb7735e2a5ccf88,1784214551,2026-07-16T15:09:11Z,257039907,59984846,60000000
25546032,0x7924545389156f3baa4bca985acf02c37afc72fceb137bb544d51c17dd1fb8ff,0x0e9c2eee6904b9d1d2fac89d7353706bfa9b7bf8a6b9072630f1f35d4b880d86,1784214563,2026-07-16T15:09:23Z,289153665,7620284,60000000
25546033,0x3503179e41d55bdd9024e290b921c878ed4a636dcaf1a36dfdbe65f338c853fc,0x7924545389156f3baa4bca985acf02c37afc72fceb137bb544d51c17dd1fb8ff,1784214575,2026-07-16T15:09:35Z,262190428,44118670,60000000
25546034,0x9723e7ef0bb6434d468f48ac89b669c6f2f0649d5a8c96e3072d59cb8ea8f5ae,0x3503179e41d55bdd9024e290b921c878ed4a636dcaf1a36dfdbe65f338c853fc,1784214587,2026-07-16T15:09:47Z,277614511,59987934,60000000
25546035,0xa629244b127bfe0d9af693a6343de1dba42dc0c9c8b902e9ef62d6fc9bc72f9c,0x9723e7ef0bb6434d468f48ac89b669c6f2f0649d5a8c96e3072d59cb8ea8f5ae,1784214599,2026-07-16T15:09:59Z,312302367,40084550,60000000
25546036,0x97f2b800cb331fbe6ed73762d0cb718fd3d6d6709abf14774ac8722b07ea2470,0xa629244b127bfe0d9af693a6343de1dba42dc0c9c8b902e9ef62d6fc9bc72f9c,1784214611,2026-07-16T15:10:11Z,325424987,28301291,60000000
25546037,0x17d772999917723c115688a45ca91e47bb468015165f1907e8aa16b0dc57dfa5,0x97f2b800cb331fbe6ed73762d0cb718fd3d6d6709abf14774ac8722b07ea2470,1784214623,2026-07-16T15:10:23Z,323121644,22323863,60000000
25546038,0xfe6f0f9951c0d66d92312b06fe3fc4558f1429001c72cbf892b0db3e5e2ce4f5,0x17d772999917723c115688a45ca91e47bb468015165f1907e8aa16b0dc57dfa5,1784214635,2026-07-16T15:10:35Z,312786953,24656495,60000000
25546039,0xb32ddda426cd21ac13b7df7a2c0a8bb62b7464e0bde001ecb6823f3e05a6cc37,0xfe6f0f9951c0d66d92312b06fe3fc4558f1429001c72cbf892b0db3e5e2ce4f5,1784214647,2026-07-16T15:10:47Z,305822876,28003958,60000000
25546040,0x5f5096a64b52bdc0a1abf944b348583a0f3217ad45e43f53d590441776fc4482,0xb32ddda426cd21ac13b7df7a2c0a8bb62b7464e0bde001ecb6823f3e05a6cc37,1784214659,2026-07-16T15:10:59Z,303279396,12898859,60000000
25546041,0x34c28aa74e2740541febf4af6ea14937c75f6f68aac5d1e06a6a315b6d277e11,0x5f5096a64b52bdc0a1abf944b348583a0f3217ad45e43f53d590441776fc4482,1784214671,2026-07-16T15:11:11Z,281669298,27638448,60000000
25546042,0x2e42d0b83e0d2ac5d24e3764273d64bfc10b06fbb9f40b2fb22b8a23b1eb0b04,0x34c28aa74e2740541febf4af6ea14937c75f6f68aac5d1e06a6a315b6d277e11,1784214683,2026-07-16T15:11:23Z,278897729,34680284,60000000
25546043,0x0250d0256ebe179c1310d07506449c0820f3f72f58535dc728b024d8b69a806d,0x2e42d0b83e0d2ac5d24e3764273d64bfc10b06fbb9f40b2fb22b8a23b1eb0b04,1784214695,2026-07-16T15:11:35Z,284336564,40923287,60000000
25546044,0x5b75890caefd459fae003672432851ea8ede8d4a17f143ff9e671d3c1ab05096,0x0250d0256ebe179c1310d07506449c0820f3f72f58535dc728b024d8b69a806d,1784214707,2026-07-16T15:11:47Z,297277771,20879112,60000000
25546045,0xac059010b00df24135f0694812247d7b462ef67e4307e10805f68d0d4987c145,0x5b75890caefd459fae003672432851ea8ede8d4a17f143ff9e671d3c1ab05096,1784214719,2026-07-16T15:11:59Z,285980116,24198714,60000000
25546046,0x8a6aff3e1dbc8d0933f158c6f842a34ff4a7fa2325b970f268e61894a102d18d,0xac059010b00df24135f0694812247d7b462ef67e4307e10805f68d0d4987c145,1784214731,2026-07-16T15:12:11Z,279067398,29840679,60000000
25546047,0x0ca59554910bb8f53de7753be706737ef33c0be5b1befa313f520dee62780606,0x8a6aff3e1dbc8d0933f158c6f842a34ff4a7fa2325b970f268e61894a102d18d,1784214743,2026-07-16T15:12:23Z,278882143,35331164,60000000
25546048,0x32a83a3172186feb7a3cbcc7c903ad0f2457a488fe24b9d6f5246517980b5d10,0x0ca59554910bb8f53de7753be706737ef33c0be5b1befa313f520dee62780606,1784214755,2026-07-16T15:12:35Z,285077003,16683035,60000000
25546049,0x833c487c4739264983c0e9d4ae6f9e459d67b3d4309d5296915ff5b260b688a9,0x32a83a3172186feb7a3cbcc7c903ad0f2457a488fe24b9d6f5246517980b5d10,1784214767,2026-07-16T15:12:47Z,269258835,53531844,60000000
25546050,0x27427ade6b015807649c6269447f06124a4371eea9c4213b288969970678489b,0x833c487c4739264983c0e9d4ae6f9e459d67b3d4309d5296915ff5b260b688a9,1784214779,2026-07-16T15:12:59Z,295659488,27731333,60000000
25546051,0x99a4e918ce32775c3a76422d6ace589f71d7e8c017b536f2ab945b02d260108a,0x27427ade6b015807649c6269447f06124a4371eea9c4213b288969970678489b,1784214791,2026-07-16T15:13:11Z,292864685,24356284,60000000
25546052,0x62de01386da0b95897941fe4acc34a7e9639cfb3e46835fcccaf254e89f2fa95,0x99a4e918ce32775c3a76422d6ace589f71d7e8c017b536f2ab945b02d260108a,1784214815,2026-07-16T15:13:35Z,285977831,52803331,60000000
25546053,0xbb75341a46ed784dc5a304a85012e409ba16c64ff62454b4ba955372f4afd99b,0x62de01386da0b95897941fe4acc34a7e9639cfb3e46835fcccaf254e89f2fa95,1784214827,2026-07-16T15:13:47Z,313149694,50749510,60000000
25546054,0xd1ff6128836c526b5b36202d696cc6fe4f0f6e37f766e80d3afa498d1ce9322f,0xbb75341a46ed784dc5a304a85012e409ba16c64ff62454b4ba955372f4afd99b,1784214839,2026-07-16T15:13:59Z,340223455,16425884,60000000
25546055,0xcf7876f9fbf4ecdf6cc04e529b2b10ae2c89be27f883809c5349a952dec14a8f,0xd1ff6128836c526b5b36202d696cc6fe4f0f6e37f766e80d3afa498d1ce9322f,1784214851,2026-07-16T15:14:11Z,320980819,41072272,60000000
25546056,0xe514fcb993b55a0b1c0c0d1561ee715c9794da3eef6fc6a10af34182cc382290,0xcf7876f9fbf4ecdf6cc04e529b2b10ae2c89be27f883809c5349a952dec14a8f,1784214863,2026-07-16T15:14:23Z,335789097,21416186,60000000
25546057,0x95ada64ea27069eacb9f51238de38556b078c734519a51beb2471a846708c944,0xe514fcb993b55a0b1c0c0d1561ee715c9794da3eef6fc6a10af34182cc382290,1784214875,2026-07-16T15:14:35Z,323779301,38210569,60000000
25546058,0x03293040825e05e42b76d93ada22782669bcc78f2a1ba8416c9a01a372315557,0x95ada64ea27069eacb9f51238de38556b078c734519a51beb2471a846708c944,1784214899,2026-07-16T15:14:59Z,334856018,31805482,60000000
25546059,0xf3ee7b1d6a6654feb4d04f639c1a4e1a5d6b5a58a2c3fcf6e1a3bdc4e8d382bf,0x03293040825e05e42b76d93ada22782669bcc78f2a1ba8416c9a01a372315557,1784214911,2026-07-16T15:15:11Z,337375086,21113150,60000000
25546060,0xebc89aca17afe0ca7192c8a27caf7fda1c0fa115d97aa74537cec41cd27125b5,0xf3ee7b1d6a6654feb4d04f639c1a4e1a5d6b5a58a2c3fcf6e1a3bdc4e8d382bf,1784214923,2026-07-16T15:15:23Z,324882579,45632425,60000000
25546061,0x87793b3e0f5d4e8ba78ca913006a6afe0dbd561f35f6746de62fee2f323c2fd4,0xebc89aca17afe0ca7192c8a27caf7fda1c0fa115d97aa74537cec41cd27125b5,1784214935,2026-07-16T15:15:35Z,346043839,27218518,60000000
25546062,0x35c4da17de428e399bbc145b456cd0dcddcbc774f47355d6abe169f2def7bbce,0x87793b3e0f5d4e8ba78ca913006a6afe0dbd561f35f6746de62fee2f323c2fd4,1784214947,2026-07-16T15:15:47Z,342033362,29767962,59941408
25546063,0x2b169a84330a3110f7481b7ed15f40078297f2142bf2ca589f98382f0443c97e,0x35c4da17de428e399bbc145b456cd0dcddcbc774f47355d6abe169f2def7bbce,1784214959,2026-07-16T15:15:59Z,341744145,17003553,59999943
25546064,0xa1e9b24d2976ddc35b007d7ec938d1956182024bff7701878d8f56b748133141,0x2b169a84330a3110f7481b7ed15f40078297f2142bf2ca589f98382f0443c97e,1784214971,2026-07-16T15:16:11Z,323238087,18040034,60000000
25546065,0xd974af5cfbee77eac114970ef2663401338ed28d6ad109faaa073fb0a26627a9,0xa1e9b24d2976ddc35b007d7ec938d1956182024bff7701878d8f56b748133141,1784214983,2026-07-16T15:16:23Z,307130102,46232375,60000000
25546066,0xcec5ace4103bb4e8a6e561783d919d2ce7c486bd5edde379976d558d006349c9,0xd974af5cfbee77eac114970ef2663401338ed28d6ad109faaa073fb0a26627a9,1784214995,2026-07-16T15:16:35Z,327902814,27365618,60000000
25546067,0x0c0985ede6fd97107c54e1e9e2d5aefd5a5cebcd4c299428d1a11e682b111966,0xcec5ace4103bb4e8a6e561783d919d2ce7c486bd5edde379976d558d006349c9,1784215007,2026-07-16T15:16:47Z,324303559,20525695,60000000
25546068,0x92dea5116b5c28430b5bc9e15219b7590ddb7dca9814643864c0864ab75f07f9,0x0c0985ede6fd97107c54e1e9e2d5aefd5a5cebcd4c299428d1a11e682b111966,1784215019,2026-07-16T15:16:59Z,311501264,27572398,60000000
25546069,0x2a244013ed9349090bd7241f8d0789d77d234eb9ca520a93c8f734679adbe4f0,0x92dea5116b5c28430b5bc9e15219b7590ddb7dca9814643864c0864ab75f07f9,1784215031,2026-07-16T15:17:11Z,308350427,21259543,60000000
25546070,0xbbe662efc1e195a33c3ac6a4844335e78c0c969af2f5b5a68fecff02a70598fa,0x2a244013ed9349090bd7241f8d0789d77d234eb9ca520a93c8f734679adbe4f0,1784215043,2026-07-16T15:17:23Z,297120746,26319980,60000000
25546071,0x5c53cb29b9b26806885f8fd10009e99131b51e80b2fdc79631360ad0b1a4837d,0xbbe662efc1e195a33c3ac6a4844335e78c0c969af2f5b5a68fecff02a70598fa,1784215055,2026-07-16T15:17:35Z,292564870,28622145,60000000
25546072,0xabd91fdd8988c95f91a4e29904781fccd4074a50e48bb5a03f0d326131e2960a,0x5c53cb29b9b26806885f8fd10009e99131b51e80b2fdc79631360ad0b1a4837d,1784215067,2026-07-16T15:17:47Z,290885237,27049229,60000000
25546073,0x37da76576530b25028a4bff3c2c657d119cbdc25d64423bd935574a264943a85,0xabd91fdd8988c95f91a4e29904781fccd4074a50e48bb5a03f0d326131e2960a,1784215079,2026-07-16T15:17:59Z,287308839,30426125,60000000
25546074,0x3c818188841e975c76c0a9a20bbe44d55340cee3519e1c36fede8fbf3f74f654,0x37da76576530b25028a4bff3c2c657d119cbdc25d64423bd935574a264943a85,1784215091,2026-07-16T15:18:11Z,287818961,29472688,60000000
25546075,0x80d961159880f722d657723fdafa60c6000910f7ceff9e20d40c045f0a874c07,0x3c818188841e975c76c0a9a20bbe44d55340cee3519e1c36fede8fbf3f74f654,1784215103,2026-07-16T15:18:23Z,287186585,24929267,60000000
25546076,0xa5fe20d2edf2213dde0fe1342b89852b618c482dc42cbd9a959d2826215b4c2f,0x80d961159880f722d657723fdafa60c6000910f7ceff9e20d40c045f0a874c07,1784215115,2026-07-16T15:18:35Z,281118892,26832703,60000000
25546077,0xdd428203a9b280e89674242ffbfacbcead8f928a2ff392c96fa83635c65bca62,0xa5fe20d2edf2213dde0fe1342b89852b618c482dc42cbd9a959d2826215b4c2f,1784215127,2026-07-16T15:18:47Z,277408947,36062658,60000000
25546078,0x84a26b3b758398792bf9d807b42cfd0fb53940a65e3667b4dd040672f4cac269,0xdd428203a9b280e89674242ffbfacbcead8f928a2ff392c96fa83635c65bca62,1784215139,2026-07-16T15:18:59Z,284416595,21246395,59941408
25546079,0x6fe4f416b95db75da5dab0798f019a4d8c0ac7288290ac8ecf2d014098e081ca,0x84a26b3b758398792bf9d807b42cfd0fb53940a65e3667b4dd040672f4cac269,1784215151,2026-07-16T15:19:11Z,274067580,33903908,59999943
25546080,0x2020e01033401e79bccfede5e0d4822d2a525905f56bebd093c2969eaf29f94c,0x6fe4f416b95db75da5dab0798f019a4d8c0ac7288290ac8ecf2d014098e081ca,1784215163,2026-07-16T15:19:23Z,278525678,35889119,60000000
25546081,0x0c8908180fbc122ad23ea9329a0278d3a4eeef3843de61e4a499adc3e33c4aba,0x2020e01033401e79bccfede5e0d4822d2a525905f56bebd093c2969eaf29f94c,1784215175,2026-07-16T15:19:35Z,285360139,22831343,60000000
25546082,0x5d083b38f790e86a308aec898958f65a13b7536d4cc79f37f4807a29407166d5,0x0c8908180fbc122ad23ea9329a0278d3a4eeef3843de61e4a499adc3e33c4aba,1784215187,2026-07-16T15:19:47Z,276836602,26348213,60000000
25546083,0x4259bbbe1ab97f3c119db13b50a226ef74e547c33f85a14b788190c75be15e36,0x5d083b38f790e86a308aec898958f65a13b7536d4cc79f37f4807a29407166d5,1784215199,2026-07-16T15:19:59Z,272624318,33361336,60000000
25546084,0x7539ca76e5897ac4194fc4ce9b7feb054b49a1dbd1ac6b1fcdd3efb2c43aa9ab,0x4259bbbe1ab97f3c119db13b50a226ef74e547c33f85a14b788190c75be15e36,1784215211,2026-07-16T15:20:11Z,276442576,32462956,60000000
25546085,0x500c915df986da7c19b08e658df4494e5b149b71d5bcb6e4972d33e5b9ba1749,0x7539ca76e5897ac4194fc4ce9b7feb054b49a1dbd1ac6b1fcdd3efb2c43aa9ab,1784215223,2026-07-16T15:20:23Z,279279517,22468978,60000000
25546086,0x763ce5983b24c2e401b5a4f5f364c270a71317a26f323e0c360a2ffee771d881,0x500c915df986da7c19b08e658df4494e5b149b71d5bcb6e4972d33e5b9ba1749,1784215235,2026-07-16T15:20:35Z,270515933,21746424,60000000
25546087,0x867c46d89dc891a9622a20c52cfc90e13d2800e9e81a91002d274dc5df54e353,0x763ce5983b24c2e401b5a4f5f364c270a71317a26f323e0c360a2ffee771d881,1784215247,2026-07-16T15:20:47Z,261212918,27643723,60000000
25546088,0x813772f60d1de1b58c8112aae9de52b1ff1e0ef7c17774ab44f638fbedacdf26,0x867c46d89dc891a9622a20c52cfc90e13d2800e9e81a91002d274dc5df54e353,1784215259,2026-07-16T15:20:59Z,258648377,23186754,60000000
25546089,0x45b8a784078e71d2077041bad2c4dc1efc07f60e40d051f5e39a6bde36805a65,0x813772f60d1de1b58c8112aae9de52b1ff1e0ef7c17774ab44f638fbedacdf26,1784215271,2026-07-16T15:21:11Z,251305732,17064426,60000000
25546090,0x03a9c80b9dbd0403d28096771b11341336a0c637698bd049f4ddecaf0f7c56d9,0x45b8a784078e71d2077041bad2c4dc1efc07f60e40d051f5e39a6bde36805a65,1784215283,2026-07-16T15:21:23Z,237760800,18285151,60000000
25546091,0xe6b101babe82640177bb692468ba9cf67e445c47ac1d7875080909e974570686,0x03a9c80b9dbd0403d28096771b11341336a0c637698bd049f4ddecaf0f7c56d9,1784215295,2026-07-16T15:21:35Z,226155251,22105156,60000000
25546092,0x1911188ce46ad3d76c667ac2048ed3a1312e344853d05323bcd821a26d7d440b,0xe6b101babe82640177bb692468ba9cf67e445c47ac1d7875080909e974570686,1784215307,2026-07-16T15:21:47Z,218715833,49644156,60000000
25546093,0x2e911925bfd6be80db10a0ee7dc2a81f28dc6501cd81e8c6f52e44fb8f7174d0,0x1911188ce46ad3d76c667ac2048ed3a1312e344853d05323bcd821a26d7d440b,1784215319,2026-07-16T15:21:59Z,236617866,33548598,60000000
25546094,0xc401cc3cf7325aaaad5db8f1fd62c0316e0a7d254f91d7b6e69b3186c1da3294,0x2e911925bfd6be80db10a0ee7dc2a81f28dc6501cd81e8c6f52e44fb8f7174d0,1784215331,2026-07-16T15:22:11Z,240116456,29093429,60000000
25546095,0x9eccb55bf20acbf9b39d8e04e217a2f337369cbb2ee44a9221513812b9f8f60c,0xc401cc3cf7325aaaad5db8f1fd62c0316e0a7d254f91d7b6e69b3186c1da3294,1784215343,2026-07-16T15:22:23Z,239209446,35336661,60000000
25546096,0x4e93843c3bfb2544b57fe517e6febd84553d8614fea0a0353097e5c70615b99b,0x9eccb55bf20acbf9b39d8e04e217a2f337369cbb2ee44a9221513812b9f8f60c,1784215355,2026-07-16T15:22:35Z,244528528,23277517,60000000
25546097,0xeff7124828ffe4855cf67882eb4a0e29b0e2b4c1e73f0d7698e1b910928237f5,0x4e93843c3bfb2544b57fe517e6febd84553d8614fea0a0353097e5c70615b99b,1784215367,2026-07-16T15:22:47Z,237679200,46013223,60000000
25546098,0x85b0d818e84b9eb43341237bf8a9bb4f9ce94d3547e484070286629ebe8087ec,0xeff7124828ffe4855cf67882eb4a0e29b0e2b4c1e73f0d7698e1b910928237f5,1784215379,2026-07-16T15:22:59Z,253537575,24101126,60000000
25546099,0xa0d70c74f79c9f5ef87176f00112b49fa64714ae8267a1ae57a9df4a8d50cf4c,0x85b0d818e84b9eb43341237bf8a9bb4f9ce94d3547e484070286629ebe8087ec,1784215391,2026-07-16T15:23:11Z,247305966,40477741,60000000
25546100,0x6369637d63d7f8e09c42ea06a9b3ef9ea5abc47e9367c06d17827ebc9422cb64,0xa0d70c74f79c9f5ef87176f00112b49fa64714ae8267a1ae57a9df4a8d50cf4c,1784215403,2026-07-16T15:23:23Z,258102665,30606726,60000000
25546101,0x999c04fb5aa5e3683fdae14887f1c0eebe0c37fec38e2b367d5f9d5665453266,0x6369637d63d7f8e09c42ea06a9b3ef9ea5abc47e9367c06d17827ebc9422cb64,1784215415,2026-07-16T15:23:35Z,258755154,5787436,60000000
25546102,0x513951edd2ea9f538f72e4ea68c9c0442b6fb4bfd347544d167954895655529e,0x999c04fb5aa5e3683fdae14887f1c0eebe0c37fec38e2b367d5f9d5665453266,1784215427,2026-07-16T15:23:47Z,232650464,47133868,60000000
25546103,0x2384b7b1ef6247eab657f977b8df15239f08303d3d5117769780ab0d1ac54f90,0x513951edd2ea9f538f72e4ea68c9c0442b6fb4bfd347544d167954895655529e,1784215439,2026-07-16T15:23:59Z,249259640,30550521,60000000
25546104,0xb66056ca770883ba075b0d3d2f16a75f426de5306ab67f7b82f220c1a5df3ea8,0x2384b7b1ef6247eab657f977b8df15239f08303d3d5117769780ab0d1ac54f90,1784215451,2026-07-16T15:24:11Z,249831401,25215912,60000000
25546105,0x2bc417a404cdfc89d473d766af839a8815be897144ce83036cc7930e8a002c2d,0xb66056ca770883ba075b0d3d2f16a75f426de5306ab67f7b82f220c1a5df3ea8,1784215463,2026-07-16T15:24:23Z,244851337,25212951,60000000
25546106,0xcf722fa84ba8dbf462953098ce4299eedbf530d6048de66faa2460ead74ef1de,0x2bc417a404cdfc89d473d766af839a8815be897144ce83036cc7930e8a002c2d,1784215475,2026-07-16T15:24:35Z,239967524,13168488,60000000
25546107,0x7053537e00463e234c3d1810cacc28fb386100c7596c2063f8a2348da5e7f9b9,0xcf722fa84ba8dbf462953098ce4299eedbf530d6048de66faa2460ead74ef1de,1784215487,2026-07-16T15:24:47Z,223138290,18220024,60000000
25546108,0x55f40a1eb81765e2e1ab2f1169b5f5b20af292af1163be8190f205cfa5a8ca4d,0x7053537e00463e234c3d1810cacc28fb386100c7596c2063f8a2348da5e7f9b9,1784215499,2026-07-16T15:24:59Z,212185942,39692273,60000000
25546109,0xd11bd4bd57b04f7bf4392fb719b6c72ec5fd3314a1aec921e56458d0151df2af,0x55f40a1eb81765e2e1ab2f1169b5f5b20af292af1163be8190f205cfa5a8ca4d,1784215511,2026-07-16T15:25:11Z,220754958,19859028,60000000
25546110,0x56ef14632da7ad832e61c25a67ece04ebd4d9ab7c003db5440d1764d65ec83ca,0xd11bd4bd57b04f7bf4392fb719b6c72ec5fd3314a1aec921e56458d0151df2af,1784215523,2026-07-16T15:25:23Z,211427167,25544490,60000000
25546111,0x22c7e25d702998ff63a9930e5efb97b3e04f03528ad3e94b71358411af2faebd,0x56ef14632da7ad832e61c25a67ece04ebd4d9ab7c003db5440d1764d65ec83ca,1784215535,2026-07-16T15:25:35Z,207502101,59983613,60000000
25546112,0x31f61d8a97e89e0c54b934f65b10999b32be643cc84223984d1ad7d2581fb9e3,0x22c7e25d702998ff63a9930e5efb97b3e04f03528ad3e94b71358411af2faebd,1784215547,2026-07-16T15:25:47Z,233425695,34286845,60000000
25546113,0x0ae8341b72a3341035738af767ef6162275f66157da170521bb09f03b4fc4678,0x31f61d8a97e89e0c54b934f65b10999b32be643cc84223984d1ad7d2581fb9e3,1784215559,2026-07-16T15:25:59Z,237595110,22913217,60000000
25546114,0xd6aaac8ff50be359daba6f47d7cfc884b8828fdbaa7034524c540763c08c7228,0x0ae8341b72a3341035738af767ef6162275f66157da170521bb09f03b4fc4678,1784215571,2026-07-16T15:26:11Z,230579340,37330694,60000000
25546115,0x67a7ee7ddb9e0515a3d266e7b8fc726e01e121c65c22fa1d517331b1dab42ffd,0xd6aaac8ff50be359daba6f47d7cfc884b8828fdbaa7034524c540763c08c7228,1784215583,2026-07-16T15:26:23Z,237622284,24196820,60000000
25546116,0xaf7e6ac9bc034596066f2ac1a9ba98ee3c380ebdb5cf4d36b45e0f40cf56e332,0x67a7ee7ddb9e0515a3d266e7b8fc726e01e121c65c22fa1d517331b1dab42ffd,1784215595,2026-07-16T15:26:35Z,231876597,59994520,60000000
25546117,0x2876aec997b8bd5ba7b0780ac0063fd7763bb52fc8b94b10d3092610f0d1353c,0xaf7e6ac9bc034596066f2ac1a9ba98ee3c380ebdb5cf4d36b45e0f40cf56e332,1784215607,2026-07-16T15:26:47Z,260855877,15425833,60000000
25546118,0x1f35b2231326cb41ca9bb331b7dde464cbe7ba0bf6d946c96fce892d54e4d07c,0x2876aec997b8bd5ba7b0780ac0063fd7763bb52fc8b94b10d3092610f0d1353c,1784215619,2026-07-16T15:26:59Z,245015223,24962627,59941408
25546119,0x27380ba66f78450ce339f3179fcfa02d5bffb1bba3536678fdf079a51c9d15aa,0x1f35b2231326cb41ca9bb331b7dde464cbe7ba0bf6d946c96fce892d54e4d07c,1784215631,2026-07-16T15:27:11Z,239897496,56194853,59999943
25546120,0x8dbba1d11209e6c30f200e8db67d5c4bf425851aafd038cf69e29834b2ea0203,0x27380ba66f78450ce339f3179fcfa02d5bffb1bba3536678fdf079a51c9d15aa,1784215643,2026-07-16T15:27:23Z,266081215,59856142,60000000
25546121,0x1581c4200bd4e7db2f1e955466912670f5dfd01ca8e3cbe1d57d050743ff8c9f,0x8dbba1d11209e6c30f200e8db67d5c4bf425851aafd038cf69e29834b2ea0203,1784215655,2026-07-16T15:27:35Z,299181875,56319698,60000000
25546122,0xab335e92dee669d20c9251bd394f385f335a65ae958aa51ae590d089cb36d8f7,0x1581c4200bd4e7db2f1e955466912670f5dfd01ca8e3cbe1d57d050743ff8c9f,1784215667,2026-07-16T15:27:47Z,331991777,17840794,60000000
25546123,0x08de67ea743d6a8122b5230ac620ef404fc1cc2736f19dce36cc3a75654cb6a9,0xab335e92dee669d20c9251bd394f385f335a65ae958aa51ae590d089cb36d8f7,1784215679,2026-07-16T15:27:59Z,315171959,2917309,60000000
25546124,0x3bdddbafe076542b68ad919e8a998ee77b976f5888d0e683e840db629b74bb29,0x08de67ea743d6a8122b5230ac620ef404fc1cc2736f19dce36cc3a75654cb6a9,1784215691,2026-07-16T15:28:11Z,279606523,33410772,60000000
25546125,0x25bbb7eaafa0d0f1b1dfd4ac8d816b8e28114c705a32263b19a6b70f0100db29,0x3bdddbafe076542b68ad919e8a998ee77b976f5888d0e683e840db629b74bb29,1784215703,2026-07-16T15:28:23Z,283580165,59971461,60000000
25546126,0x946bca6c9bf310ef07274a99806d1d9f57949f569c77a8355f3c75a9299b7457,0x25bbb7eaafa0d0f1b1dfd4ac8d816b8e28114c705a32263b19a6b70f0100db29,1784215715,2026-07-16T15:28:35Z,318993964,27803234,60000000
25546127,0x3113fa010748e7a45883ced988a881989635b157bb91025125c210d5c0634889,0x946bca6c9bf310ef07274a99806d1d9f57949f569c77a8355f3c75a9299b7457,1784215727,2026-07-16T15:28:47Z,316074152,47528067,60000000
25546128,0xc2dd7d43c8c742c48d3f33bf6fc4b4a657eae0bf83debd59a002ad6d1ee3110e,0x3113fa010748e7a45883ced988a881989635b157bb91025125c210d5c0634889,1784215739,2026-07-16T15:28:59Z,339158189,59998127,60000000
25546129,0x4e6430ae4a59e59d48e1dd8c2fa31513a95b8650e4d37e6378cbefdaec315ba4,0xc2dd7d43c8c742c48d3f33bf6fc4b4a657eae0bf83debd59a002ad6d1ee3110e,1784215751,2026-07-16T15:29:11Z,381550315,53571703,60000000
25546130,0x982398fbdabbd98ee9d056616197a9f9ff3e6fd0712872e149f690086c4dbe7a,0x4e6430ae4a59e59d48e1dd8c2fa31513a95b8650e4d37e6378cbefdaec315ba4,1784215763,2026-07-16T15:29:23Z,419024442,58562273,60000000
25546131,0x4a5b8ff0689cb215fa4803b4d75bff877313ce5a0b6ba3c9d98f21e3c8732b83,0x982398fbdabbd98ee9d056616197a9f9ff3e6fd0712872e149f690086c4dbe7a,1784215775,2026-07-16T15:29:35Z,468892319,59430890,60000000
25546132,0x774121fa908cfcb9a878618072d65fdb6eff879c732f77d707d5ffea3b533bc4,0x4a5b8ff0689cb215fa4803b4d75bff877313ce5a0b6ba3c9d98f21e3c8732b83,1784215787,2026-07-16T15:29:47Z,526391978,59998958,60000000
25546133,0xdd077d00a1b28d5465ac5d14d149402f64bbdc16a78d5a30666e2cf73a56965c,0x774121fa908cfcb9a878618072d65fdb6eff879c732f77d707d5ffea3b533bc4,1784215799,2026-07-16T15:29:59Z,592188689,54324215,60000000
25546134,0xa678fda5040f4ef67c6a24abb78e93af53c51aad06d111fb33b3d2e2dbe53103,0xdd077d00a1b28d5465ac5d14d149402f64bbdc16a78d5a30666e2cf73a56965c,1784215811,2026-07-16T15:30:11Z,652207543,59993061,60000000
25546135,0xf270b9c2664f2c9a1409a09716711b07a280f60d9abcb8b82aae4a64966a93b4,0xa678fda5040f4ef67c6a24abb78e93af53c51aad06d111fb33b3d2e2dbe53103,1784215823,2026-07-16T15:30:23Z,733714628,59927285,60000000
25546136,0x5ddecff2748128fd0ebce4f448fa5a3e4ea95cdb2d5458fcadda37537ffcd28b,0xf270b9c2664f2c9a1409a09716711b07a280f60d9abcb8b82aae4a64966a93b4,1784215835,2026-07-16T15:30:35Z,825206656,59994139,60000000
25546137,0x96f26aa4cab583510e33ec0dbad2ac39961eea6b18a2d06cca1396323d2506c7,0x5ddecff2748128fd0ebce4f448fa5a3e4ea95cdb2d5458fcadda37537ffcd28b,1784215847,2026-07-16T15:30:47Z,928337335,59988353,60000000
25546138,0x3813f42675705109f5e4a4709a5d17e25726f892ff26c35db65cb977fc0d42cf,0x96f26aa4cab583510e33ec0dbad2ac39961eea6b18a2d06cca1396323d2506c7,1784215859,2026-07-16T15:30:59Z,1044334450,59972455,60000000
25546139,0xc875ec39955c1b5b9fd180aaf8af0b0c5f1fee6506f9e5c8513ae93dbe896901,0x3813f42675705109f5e4a4709a5d17e25726f892ff26c35db65cb977fc0d42cf,1784215871,2026-07-16T15:31:11Z,1174756397,59947540,60000000
25546140,0xb92746ced2ebd79a378046c6d9d425cd2f227a13f8376fb301a1c47c904a0d4e,0xc875ec39955c1b5b9fd180aaf8af0b0c5f1fee6506f9e5c8513ae93dbe896901,1784215883,2026-07-16T15:31:23Z,1321344164,32066168,60000000
25546141,0xae9f121fcc20ffe112b475047f3805e6a00fa0f8674f56f932df76caf6e7bd5c,0xb92746ced2ebd79a378046c6d9d425cd2f227a13f8376fb301a1c47c904a0d4e,1784215895,2026-07-16T15:31:35Z,1332719659,22309393,60000000
25546142,0x5fa56789c6b3b324d19be9c95ab2afb4f497b7b4dcd8796f7c328344f159103d,0xae9f121fcc20ffe112b475047f3805e6a00fa0f8674f56f932df76caf6e7bd5c,1784215907,2026-07-16T15:31:47Z,1290013730,45019867,60000000
25546143,0x9af2a34cec19b114e9c2770708010a6ad4902ba8fdc7a791556fe7fcd2d51135,0x5fa56789c6b3b324d19be9c95ab2afb4f497b7b4dcd8796f7c328344f159103d,1784215919,2026-07-16T15:31:59Z,1370746374,39395537,60000000
25546144,0x3fdcd40cbb5269bc20b033790de56448d8e34acbe2d4a23ee50295822cecaf15,0x9af2a34cec19b114e9c2770708010a6ad4902ba8fdc7a791556fe7fcd2d51135,1784215931,2026-07-16T15:32:11Z,1424408450,50415668,60000000
25546145,0x902250a1450ad8664aa7ff0c450703ff224b418b6d189502720d6d2fb069d77e,0x3fdcd40cbb5269bc20b033790de56448d8e34acbe2d4a23ee50295822cecaf15,1784215943,2026-07-16T15:32:23Z,1545576158,27231885,60000000
25546146,0x4aeb491ac23d2938555d270cc77f6d7a42c67dac07d7172cc7bd11ec7d4acb93,0x902250a1450ad8664aa7ff0c450703ff224b418b6d189502720d6d2fb069d77e,1784215955,2026-07-16T15:32:35Z,1527749773,40948470,60000000
25546147,0x5543ef9a62385c6f585a6e1982e806a0d3d84be2338d8f9d3e35299a7850003a,0x4aeb491ac23d2938555d270cc77f6d7a42c67dac07d7172cc7bd11ec7d4acb93,1784215967,2026-07-16T15:32:47Z,1597443616,16972590,60000000
25546148,0x21daf4a5f8233f19612b8fd32bff6b890bf01d9a54d7f6ac01f6caf80bcd65da,0x5543ef9a62385c6f585a6e1982e806a0d3d84be2338d8f9d3e35299a7850003a,1784215979,2026-07-16T15:32:59Z,1510732979,33972739,60000000
25546149,0x7aee97aa20fb6ec5e2d3e81b95fa9a95e1886323569ff6714b372dcbc35fe484,0x21daf4a5f8233f19612b8fd32bff6b890bf01d9a54d7f6ac01f6caf80bcd65da,1784215991,2026-07-16T15:33:11Z,1535740261,17757971,60000000
25546150,0xbdb2c29978d4af6d87a4af0e6f929565d88ba561634a34424aad84e667007299,0x7aee97aa20fb6ec5e2d3e81b95fa9a95e1886323569ff6714b372dcbc35fe484,1784216003,2026-07-16T15:33:23Z,1457404525,25257097,59941408
25546151,0xf533694e5696a7d8e0f5c65bb3f0afcd4bc952b1c92e3b26b654bb2fe304e2d1,0xbdb2c29978d4af6d87a4af0e6f929565d88ba561634a34424aad84e667007299,1784216015,2026-07-16T15:33:35Z,1428753079,31215504,59999943
25546152,0x62494adc846b502beb84276f533fef87191692a07ec2eff7aacfedf6c8bc207a,0xf533694e5696a7d8e0f5c65bb3f0afcd4bc952b1c92e3b26b654bb2fe304e2d1,1784216027,2026-07-16T15:33:47Z,1435989321,42926308,60000000
25546153,0x81b10d3329d51d0c6f2bb0a5c0379a88b2b2dc994c5744622a539034b2922e19,0x62494adc846b502beb84276f533fef87191692a07ec2eff7aacfedf6c8bc207a,1784216039,2026-07-16T15:33:59Z,1513331155,43484302,60000000
25546154,0x65463493e872301f6d67f4fda5e050d8c92bfe3a4947fe947c591787370826d3,0x81b10d3329d51d0c6f2bb0a5c0379a88b2b2dc994c5744622a539034b2922e19,1784216051,2026-07-16T15:34:11Z,1598357048,13822675,60000000
25546155,0x82028fa0991d51490c859c06ba81235a2918ee40e32e13f5eaf803640731f6e1,0x65463493e872301f6d67f4fda5e050d8c92bfe3a4947fe947c591787370826d3,1784216063,2026-07-16T15:34:23Z,1490618959,35351802,60000000
25546156,0x040424515c09d4c75e9ecdbba27a279349e88e9a64540d5af0eecaa5ea7cba94,0x82028fa0991d51490c859c06ba81235a2918ee40e32e13f5eaf803640731f6e1,1784216075,2026-07-16T15:34:35Z,1523858532,23211758,60000000
25546157,0xfbd946105662a3abbdedf58acd7b38d071a35b8f679729479a02f8ff3d87dc60,0x040424515c09d4c75e9ecdbba27a279349e88e9a64540d5af0eecaa5ea7cba94,1784216087,2026-07-16T15:34:47Z,1480757197,24412810,60000000
25546158,0x3bd66b61098360cc61fc7a2d83962b57f9a741ba43e3432f21484b7bab8f7c1d,0xfbd946105662a3abbdedf58acd7b38d071a35b8f679729479a02f8ff3d87dc60,1784216099,2026-07-16T15:34:59Z,1446285232,31417167,60000000
25546159,0x860f9098b267237078f6a54f0abc9b18e65ea9156d1d518bdb16a02ab744e62e,0x3bd66b61098360cc61fc7a2d83962b57f9a741ba43e3432f21484b7bab8f7c1d,1784216111,2026-07-16T15:35:11Z,1454825347,46107280,60000000
25546160,0x12967ceb28d54cf1489594fda5871a071b71aee3bdb256327db11f31da2b58f2,0x860f9098b267237078f6a54f0abc9b18e65ea9156d1d518bdb16a02ab744e62e,1784216123,2026-07-16T15:35:23Z,1552464010,13936488,60000000
25546161,0x65272ab0114b383dc1c1d4a699ef5406dfd153c8cf28689f0723d32cd79ceb18,0x12967ceb28d54cf1489594fda5871a071b71aee3bdb256327db11f31da2b58f2,1784216135,2026-07-16T15:35:35Z,1448555576,24146551,60000000
25546162,0x916e5771801656c3af70d50edddd9fc38f24b85c8d5980ddc3e029b4229d1690,0x65272ab0114b383dc1c1d4a699ef5406dfd153c8cf28689f0723d32cd79ceb18,1784216147,2026-07-16T15:35:47Z,1413226217,29614368,60000000
25546163,0xe3e40072555f93d938fa412e032e1d9dd36cd58b470d029bec269eb576c360ec,0x916e5771801656c3af70d50edddd9fc38f24b85c8d5980ddc3e029b4229d1690,1784216159,2026-07-16T15:35:59Z,1410955446,23206025,60000000
25546164,0xc2b81294d09357d4287c9a2f43f90794fd5b33b6047d692ad093b3bff5e915eb,0xe3e40072555f93d938fa412e032e1d9dd36cd58b470d029bec269eb576c360ec,1784216171,2026-07-16T15:36:11Z,1371013796,19396674,60000000
25546165,0x7c45d55d0c938fdb591385b91987b789ae5ad982f10798e8aca41f928ecf0301,0xc2b81294d09357d4287c9a2f43f90794fd5b33b6047d692ad093b3bff5e915eb,1784216183,2026-07-16T15:36:23Z,1310441687,38843167,60000000
25546166,0x62da51ef8e7db2bc264d6e6e52353a90f7a2e0a1a160bd96eb4707be63823126,0x7c45d55d0c938fdb591385b91987b789ae5ad982f10798e8aca41f928ecf0301,1784216195,2026-07-16T15:36:35Z,1358726914,28318572,60000000
25546167,0xdf9663149a477d5e5e4654ad60e847974be9c261e0abb20f449bc7ce7d9eac57,0x62da51ef8e7db2bc264d6e6e52353a90f7a2e0a1a160bd96eb4707be63823126,1784216207,2026-07-16T15:36:47Z,1349207742,25510707,60000000
25546168,0xfd1770c94beecf6b7aa45230b43c1786f26579ae861fd7190062e5f9676b8d39,0xdf9663149a477d5e5e4654ad60e847974be9c261e0abb20f449bc7ce7d9eac57,1784216219,2026-07-16T15:36:59Z,1323970289,15792081,60000000
25546169,0x92532e660616e47f0ae2319672887e12b980ac1e07b121c0a00638603c95834f,0xfd1770c94beecf6b7aa45230b43c1786f26579ae861fd7190062e5f9676b8d39,1784216231,2026-07-16T15:37:11Z,1245591695,25029401,60000000
25546170,0x4f32aa624c66a3c3ff06abaa3cf83fe885c6674932dd8688940e18267c0dc7cc,0x92532e660616e47f0ae2319672887e12b980ac1e07b121c0a00638603c95834f,1784216243,2026-07-16T15:37:23Z,1219794459,25229391,60000000
25546171,0x923ea916a1f58786babf1483fdaa6509ef0f16a6f30294409b057fdf913c8498,0x4f32aa624c66a3c3ff06abaa3cf83fe885c6674932dd8688940e18267c0dc7cc,1784216255,2026-07-16T15:37:35Z,1195547949,24617848,60000000
25546172,0xd49d514f1095d7f8487da1f253aaedfe211f709508c95c6b4f0d50f690ec40d3,0x923ea916a1f58786babf1483fdaa6509ef0f16a6f30294409b057fdf913c8498,1784216267,2026-07-16T15:37:47Z,1168737030,19289187,60000000
25546173,0xf4e5e088b83a9bc102b26341b33a71acecba92aad222549aef1b443338159c85,0xd49d514f1095d7f8487da1f253aaedfe211f709508c95c6b4f0d50f690ec40d3,1784216279,2026-07-16T15:37:59Z,1116578181,8981941,60000000
25546174,0xe0a325da2963d7293671473568b53e24100fe92e7bd5d481849817942036c620,0xf4e5e088b83a9bc102b26341b33a71acecba92aad222549aef1b443338159c85,1784216291,2026-07-16T15:38:11Z,1018793573,17807907,60000000
25546175,0x4657b71c9c87364480b27ca3775cf373e06c72b5ca3207edf9ccfcf5f3516ee9,0xe0a325da2963d7293671473568b53e24100fe92e7bd5d481849817942036c620,1784216303,2026-07-16T15:38:23Z,967038465,58836944,60000000
25546176,0x045e023945284db82c303f741911cc6512ab5305ebaa56c56aed298e0f14c2b0,0x4657b71c9c87364480b27ca3775cf373e06c72b5ca3207edf9ccfcf5f3516ee9,1784216315,2026-07-16T15:38:35Z,1083231940,24591137,60000000
25546177,0x38b7b5836c4063aca9ba96b00aa8392b607e947a9ca10602cf1b7be50245a93f,0x045e023945284db82c303f741911cc6512ab5305ebaa56c56aed298e0f14c2b0,1784216327,2026-07-16T15:38:47Z,1058819219,27126070,60000000
25546178,0xce8a0716015927ca523e45862df2c8fa8ab374e7643bdb6ddf3915ff08f07e00,0x38b7b5836c4063aca9ba96b00aa8392b607e947a9ca10602cf1b7be50245a93f,1784216339,2026-07-16T15:38:59Z,1046140168,16813038,60000000
25546179,0x78e113d1b613da29d99b2457f85c4ebe469fd955009a95ceb028a58ef47c5392,0xce8a0716015927ca523e45862df2c8fa8ab374e7643bdb6ddf3915ff08f07e00,1784216351,2026-07-16T15:39:11Z,988659291,18323712,60000000
25546180,0xa286b03281e9cc6ace4196be61538d6be3871c2fe94af46d8b61156666ec1e89,0x78e113d1b613da29d99b2457f85c4ebe469fd955009a95ceb028a58ef47c5392,1784216363,2026-07-16T15:39:23Z,940559831,26869104,60000000
25546181,0xad6f90c02a8150af85b8b22ec42ef2f5e146d27fe78178306b22b8d1e29aeae8,0xa286b03281e9cc6ace4196be61538d6be3871c2fe94af46d8b61156666ec1e89,1784216375,2026-07-16T15:39:35Z,928289852,35326385,60000000
25546182,0x0ef42bed822681d1f45535f09d0f15b43db042a3daf662884b5717ca69d0a2c5,0xad6f90c02a8150af85b8b22ec42ef2f5e146d27fe78178306b22b8d1e29aeae8,1784216387,2026-07-16T15:39:47Z,948891640,30212837,60000000
25546183,0x73943d56bf50a80770369f4aa1b59533820e834766f1c8d3ce62fa7245d4f352,0x0ef42bed822681d1f45535f09d0f15b43db042a3daf662884b5717ca69d0a2c5,1784216399,2026-07-16T15:39:59Z,949733136,15679777,60000000
25546184,0xab5617b2f5a82740c762d57c011a989468941e3c5560356795e0c1c0cf52779f,0x73943d56bf50a80770369f4aa1b59533820e834766f1c8d3ce62fa7245d4f352,1784216411,2026-07-16T15:40:11Z,893064844,37269158,60000000
25546185,0xb5f8b4b3a82a4652fa9df8b05c2c1634b91e6ba3150ae6cf3e6d4ba8d98fa7db,0xab5617b2f5a82740c762d57c011a989468941e3c5560356795e0c1c0cf52779f,1784216423,2026-07-16T15:40:23Z,920114133,48246951,60000000
25546186,0x7a1faadf5238790ab1f8ce7273be3a2fcce4388aac1562b051426b64aa8c8ea2,0xb5f8b4b3a82a4652fa9df8b05c2c1634b91e6ba3150ae6cf3e6d4ba8d98fa7db,1784216435,2026-07-16T15:40:35Z,990069455,31742395,60000000
25546187,0x87cb95015501ba9b59e31a2ce2670d345369b30883ec59a41cfd776999565ad0,0x7a1faadf5238790ab1f8ce7273be3a2fcce4388aac1562b051426b64aa8c8ea2,1784216447,2026-07-16T15:40:47Z,997257338,47966918,60000000
25546188,0x2e3e181c9632ca5a9e477ce288b6f7b424002272c027fc1d1e43fa50615bf4ff,0x87cb95015501ba9b59e31a2ce2670d345369b30883ec59a41cfd776999565ad0,1784216459,2026-07-16T15:40:59Z,1071914174,19944135,60000000
25546189,0x819008c31ccee896dce93614af182f38e61496081f026462270be5ba2f40f5c6,0x2e3e181c9632ca5a9e477ce288b6f7b424002272c027fc1d1e43fa50615bf4ff,1784216471,2026-07-16T15:41:11Z,1027001574,59979965,60000000
25546190,0x5155638fe02b4ce8a450d1c0664bf0e2f6ab1c2f534fa677352fd8cc85870e95,0x819008c31ccee896dce93614af182f38e61496081f026462270be5ba2f40f5c6,1784216483,2026-07-16T15:41:23Z,1155291037,59095227,60000000
25546191,0x146a69d6c95fec906e6d49e0c802d157d7ae202da1caf0175a48f6cdfa8b0b76,0x5155638fe02b4ce8a450d1c0664bf0e2f6ab1c2f534fa677352fd8cc85870e95,1784216495,2026-07-16T15:41:35Z,1295347099,26938291,60000000
25546192,0x4f9721e09f85148d5dc156e7758493b1f395e9f0414206f57e5bef1a1b0f1fb6,0x146a69d6c95fec906e6d49e0c802d157d7ae202da1caf0175a48f6cdfa8b0b76,1784216507,2026-07-16T15:41:47Z,1278822200,50180018,60000000
25546193,0x783adafdfb1ad88fd20f6f84428a2a85427ac3a1798ece8791df022ba3881b78,0x4f9721e09f85148d5dc156e7758493b1f395e9f0414206f57e5bef1a1b0f1fb6,1784216519,2026-07-16T15:41:59Z,1386349929,45295474,60000000
25546194,0xa04b46e88c86f4978545c4b12cb6c3a815cdbcb5b6bc106e3a5ee7f4bc76a7fa,0x783adafdfb1ad88fd20f6f84428a2a85427ac3a1798ece8791df022ba3881b78,1784216531,2026-07-16T15:42:11Z,1474703592,32929152,60000000
25546195,0x74c4d38ef1b6d417a1a3fe47930c66c2e30afb7ea98ca9508497dcb49f9e8924,0xa04b46e88c86f4978545c4b12cb6c3a815cdbcb5b6bc106e3a5ee7f4bc76a7fa,1784216543,2026-07-16T15:42:23Z,1492702054,5622380,60000000
25546196,0xa91f64c8b8c5d6c62bf30983184df4f9c318c32a23536a4e6967f4d2016b7b55,0x74c4d38ef1b6d417a1a3fe47930c66c2e30afb7ea98ca9508497dcb49f9e8924,1784216555,2026-07-16T15:42:35Z,1341083207,55855570,60000000
25546197,0xa9978e89777c64ac213b1e1ec213c5ade0ccd9baada605a89a941abda250bf00,0xa91f64c8b8c5d6c62bf30983184df4f9c318c32a23536a4e6967f4d2016b7b55,1784216567,2026-07-16T15:42:47Z,1485560168,40979928,60000000
25546198,0x3ad105df467609e964710b742b57b10b1de6b7973cb6055f37e612c4fbeefa57,0xa9978e89777c64ac213b1e1ec213c5ade0ccd9baada605a89a941abda250bf00,1784216579,2026-07-16T15:42:59Z,1553524100,22729342,60000000
25546199,0x0b50ef325243773963e56ea5fb461608e0948c4382685f8a5e8f548cf9054f55,0x3ad105df467609e964710b742b57b10b1de6b7973cb6055f37e612c4fbeefa57,1784216591,2026-07-16T15:43:11Z,1506461007,59984639,60000000
25546200,0x86b826217df4c19c1c80b3bcb060586541bd422ed8288889c9edd5a44b9c971e,0x0b50ef325243773963e56ea5fb461608e0948c4382685f8a5e8f548cf9054f55,1784216603,2026-07-16T15:43:23Z,1694672213,59995722,60000000
25546201,0xf21c9cf59b5a5413727f02f85a76bf07a437accae1c4f9c71767e3d1671bc2c2,0x86b826217df4c19c1c80b3bcb060586541bd422ed8288889c9edd5a44b9c971e,1784216615,2026-07-16T15:43:35Z,1906476032,59949912,60000000
25546202,0x426a514d0e1b543d6295ece408c548227690ef84cb0a5e2cc74ea40e00122ada,0xf21c9cf59b5a5413727f02f85a76bf07a437accae1c4f9c71767e3d1671bc2c2,1784216627,2026-07-16T15:43:47Z,2144387654,59948361,60000000
25546203,0x4c08d5826a0ff1af8d23cc5492f783bc3706c73d7ca8f97eb3aebff29a86eb90,0x426a514d0e1b543d6295ece408c548227690ef84cb0a5e2cc74ea40e00122ada,1784216639,2026-07-16T15:43:59Z,2411974718,29495511,60000000
25546204,0x21e931b10cfab395ff7a67c3ee189ca2ea11a73f6796f07d9b8bf8ae1e15d69b,0x4c08d5826a0ff1af8d23cc5492f783bc3706c73d7ca8f97eb3aebff29a86eb90,1784216651,2026-07-16T15:44:11Z,2406904657,23559202,60000000
25546205,0x23d5cd18cb20f83b144b6ed5936cd3e79688cbdbab2a7e3019bd70da9c258759,0x21e931b10cfab395ff7a67c3ee189ca2ea11a73f6796f07d9b8bf8ae1e15d69b,1784216663,2026-07-16T15:44:23Z,2342311380,46822001,60000000
25546206,0xa14405f05efd091b5d11171ae3a5d300a13159491e942b0744247e4f4c2ce8a5,0x23d5cd18cb20f83b144b6ed5936cd3e79688cbdbab2a7e3019bd70da9c258759,1784216675,2026-07-16T15:44:35Z,2506487898,46596953,60000000
25546207,0x3ac68108d9a28af1ab1b59184ac60f90d0553ac09f5688c1b64916c0f90461df,0xa14405f05efd091b5d11171ae3a5d300a13159491e942b0744247e4f4c2ce8a5,1784216687,2026-07-16T15:44:47Z,2679821488,25493874,60000000
25546208,0x83ab1bafa209bffd742a8c059160f9c88b122806b9d2baf45397d9d49707b89a,0x3ac68108d9a28af1ab1b59184ac60f90d0553ac09f5688c1b64916c0f90461df,1784216699,2026-07-16T15:44:59Z,2629506433,50666661,60000000
25546209,0x97bd399bb7c00d92a215bc392e19d9dbed4355a4968dad09c0d78592ca88444e,0x83ab1bafa209bffd742a8c059160f9c88b122806b9d2baf45397d9d49707b89a,1784216711,2026-07-16T15:45:11Z,2855936091,29981109,60000000
25546210,0x719bcefd046c7871bf796337c06e0ee2ab8bfee4b8a79d43c9d707b484f7456a,0x97bd399bb7c00d92a215bc392e19d9dbed4355a4968dad09c0d78592ca88444e,1784216723,2026-07-16T15:45:23Z,2855711294,20902982,60000000
25546211,0xacb87a55060d14090768122a404d8120c40d8140ef0818e36e948301b2e91b23,0x719bcefd046c7871bf796337c06e0ee2ab8bfee4b8a79d43c9d707b484f7456a,1784216735,2026-07-16T15:45:35Z,2747467723,28921813,59941408
25546212,0x2f71fe680985188e3cc0c35f40d99d9dbd125dd9d9021a7c486b35aecd0a5447,0xacb87a55060d14090768122a404d8120c40d8140ef0818e36e948301b2e91b23,1784216747,2026-07-16T15:45:47Z,2735448511,32923147,59999943
25546213,0xd25417dbc2f78273919c9d479a73841c0930a5b11a309a2d43db06095eea31a0,0x2f71fe680985188e3cc0c35f40d99d9dbd125dd9d9021a7c486b35aecd0a5447,1784216759,2026-07-16T15:45:59Z,2768766032,42891653,60000000
25546214,0xe4595ad5d437582c8633762b28b0c50d3156083dfef74f2e3f2e6b22e882e8fb,0xd25417dbc2f78273919c9d479a73841c0930a5b11a309a2d43db06095eea31a0,1784216771,2026-07-16T15:46:11Z,2917490910,24708839,59941408
25546215,0x6071b39d0ad9bd37375b2f50066708f771cdad6f924ef39b65aa7b8702424043,0xe4595ad5d437582c8633762b28b0c50d3156083dfef74f2e3f2e6b22e882e8fb,1784216783,2026-07-16T15:46:23Z,2853464039,32112701,59999943
25546216,0x3edab596ae7ad1fec6f3892ce63f4717ef6387466d597285b41c23952eb06666,0x6071b39d0ad9bd37375b2f50066708f771cdad6f924ef39b65aa7b8702424043,1784216795,2026-07-16T15:46:35Z,2878583226,20451296,60000000
25546217,0xf9437f5f49781de1bb653e192fd61eaec418a8d986d05313d04fe92a8137d628,0x3edab596ae7ad1fec6f3892ce63f4717ef6387466d597285b41c23952eb06666,1784216807,2026-07-16T15:46:47Z,2764055147,24346294,60000000
25546218,0xec0260108acb5e5ed90989ac5971db738c8b7b4d4743f21d4fae6648d1cd749a,0xf9437f5f49781de1bb653e192fd61eaec418a8d986d05313d04fe92a8137d628,1784216819,2026-07-16T15:46:59Z,2698942001,31821558,60000000
25546219,0xaa26de1593b9882e264ef565e6668cf5fb9329e4f0015c3000e1ab00cc738c47,0xec0260108acb5e5ed90989ac5971db738c8b7b4d4743f21d4fae6648d1cd749a,1784216831,2026-07-16T15:47:11Z,2719426498,31116754,60000000
25546220,0x2af6c1f39edf588d6a53c88b428c1222067dfb4df2d9b2fb690f966334ea4c18,0xaa26de1593b9882e264ef565e6668cf5fb9329e4f0015c3000e1ab00cc738c47,1784216843,2026-07-16T15:47:23Z,2732080374,26038177,60000000
25546221,0x7e6624719768c54ad0dfa81ad8e01ffc0685ac24d0f662f8c2d82995de04ba42,0x2af6c1f39edf588d6a53c88b428c1222067dfb4df2d9b2fb690f966334ea4c18,1784216855,2026-07-16T15:47:35Z,2686980296,44818765,60000000
25546222,0x1bb1938384e19aa5e16512473929e104659ca9c892af32d87f236e4137eb1437,0x7e6624719768c54ad0dfa81ad8e01ffc0685ac24d0f662f8c2d82995de04ba42,1784216867,2026-07-16T15:47:47Z,2852887502,18102089,60000000
25546223,0xd865095e7dd3471107326275a6cf4e4e016f31de76ff6860b77417ac27aa5b8c,0x1bb1938384e19aa5e16512473929e104659ca9c892af32d87f236e4137eb1437,1784216879,2026-07-16T15:47:59Z,2711456663,17200096,60000000
25546224,0xb58b26ee9da32b038d9017b0671db499d502479beafbd6f29454b3835c0d3fcf,0xd865095e7dd3471107326275a6cf4e4e016f31de76ff6860b77417ac27aa5b8c,1784216891,2026-07-16T15:48:11Z,2566846726,59999672,60000000
25546225,0x334da04e18ce9ef82b64fb384ef66c745519cd62acb391a06aa2b36f9e588dda,0xb58b26ee9da32b038d9017b0671db499d502479beafbd6f29454b3835c0d3fcf,1784216903,2026-07-16T15:48:23Z,2887699058,32300948,60000000
25546226,0x3af32e655a16f957ab670bf8fb35f7866f0311be3b2a278b0800c4095688805a,0x334da04e18ce9ef82b64fb384ef66c745519cd62acb391a06aa2b36f9e588dda,1784216915,2026-07-16T15:48:35Z,2915384247,14937157,60000000
25546227,0x90bbe659d1ffc75883a88cbc06411676fbe46a28fca40c87ba47c673b4f7d6b8,0x3af32e655a16f957ab670bf8fb35f7866f0311be3b2a278b0800c4095688805a,1784216927,2026-07-16T15:48:47Z,2732409351,15712588,60000000
25546228,0xba8fa43528c0a8ddee17ff760698db77a80b76662b9eca9b306167d3fc0bf254,0x90bbe659d1ffc75883a88cbc06411676fbe46a28fca40c87ba47c673b4f7d6b8,1784216939,2026-07-16T15:48:59Z,2569746609,38488113,60000000
25546229,0x5a7008a3851b624a802cec7635acd83d26910252ecd1b6d0f57cf80e0caf53f6,0xba8fa43528c0a8ddee17ff760698db77a80b76662b9eca9b306167d3fc0bf254,1784216951,2026-07-16T15:49:11Z,2660631190,23571070,60000000
25546230,0x5e1e013bfbb52c1eddd540ea14e37055370aafa113a60162a4fb8f5e47df3e8c,0x5a7008a3851b624a802cec7635acd83d26910252ecd1b6d0f57cf80e0caf53f6,1784216963,2026-07-16T15:49:23Z,2589360309,22027352,59941408
25546231,0x5e228bb46d2f141d093f99d94fbe6cb5ae40cb84ecdb817b65070726bc2c997a,0x5e1e013bfbb52c1eddd540ea14e37055370aafa113a60162a4fb8f5e47df3e8c,1784216975,2026-07-16T15:49:35Z,2503575703,17937027,59999943
25546232,0x82a3dc576a0b978eccd5b1f4d1f07b1fc1b7e6f5c253c8ca5d7d0872e1eeb989,0x5e228bb46d2f141d093f99d94fbe6cb5ae40cb84ecdb817b65070726bc2c997a,1784216987,2026-07-16T15:49:47Z,2377740192,26618789,60000000
25546233,0x98e7ff7b5e1726243e6fc1509d6d174b2fb032a6c2c1ac0c51b8e5cb42f499e4,0x82a3dc576a0b978eccd5b1f4d1f07b1fc1b7e6f5c253c8ca5d7d0872e1eeb989,1784216999,2026-07-16T15:49:59Z,2344241687,19931564,60000000
25546234,0x346fbc2c5a86d9656b5c71e192ed93481f1e81594b514472ada01a149ce7e173,0x98e7ff7b5e1726243e6fc1509d6d174b2fb032a6c2c1ac0c51b8e5cb42f499e4,1784217011,2026-07-16T15:50:11Z,2245896490,27530421,60000000
25546235,0xe1283d38b6273ef39382040302c94c346cb52e75799ac2372f16a33398a60fcc,0x346fbc2c5a86d9656b5c71e192ed93481f1e81594b514472ada01a149ce7e173,1784217023,2026-07-16T15:50:23Z,2222786412,22220546,59941408
25546236,0x1313d9cb2264570085fa94eed99decfc5c960751aaa6a483b328fd60bc6ae324,0xe1283d38b6273ef39382040302c94c346cb52e75799ac2372f16a33398a60fcc,1784217035,2026-07-16T15:50:35Z,2150937308,23326106,59999943
25546237,0x2c19a081dcb745d15b7180546ee6b53e82d16431f4aee506108257af571b28ab,0x1313d9cb2264570085fa94eed99decfc5c960751aaa6a483b328fd60bc6ae324,1784217047,2026-07-16T15:50:47Z,2091124479,21360400,60000000
25546238,0x77c1a02380d91174f3509869a42192035948ed96e1fa33b5f1aa2be3e90a78a4,0x2c19a081dcb745d15b7180546ee6b53e82d16431f4aee506108257af571b28ab,1784217059,2026-07-16T15:50:59Z,2015847483,18180899,60000000
25546239,0x988eb0a3db0ea772343e2ac1fee7546654bce27384f356b686b01fde6adcdf90,0x77c1a02380d91174f3509869a42192035948ed96e1fa33b5f1aa2be3e90a78a4,1784217071,2026-07-16T15:51:11Z,1916574546,28036428,59941408
25546240,0xe1e3a5bb1b25773df6f8c922d55ef7d8199527996250906ecb44f029205673e7,0x988eb0a3db0ea772343e2ac1fee7546654bce27384f356b686b01fde6adcdf90,1784217083,2026-07-16T15:51:23Z,1901112847,19668918,59999943
25546241,0x07b383d3fe3c7a7e55195f98b0e4f80fa281f0252f848608563c0e3ce3fa8e63,0xe1e3a5bb1b25773df6f8c922d55ef7d8199527996250906ecb44f029205673e7,1784217095,2026-07-16T15:51:35Z,1819277362,21713711,60000000
25546242,0xa3aa5f0eb97851c8e5680d9ee388a0cf567896ec5a1fb033477d802b200730f2,0x07b383d3fe3c7a7e55195f98b0e4f80fa281f0252f848608563c0e3ce3fa8e63,1784217107,2026-07-16T15:51:47Z,1756464621,8733094,60000000
25546243,0x07eca34fcb2f73fe0d16d091027b979cb21c6a2c024cd442db9f7746011bb124,0xa3aa5f0eb97851c8e5680d9ee388a0cf567896ec5a1fb033477d802b200730f2,1784217119,2026-07-16T15:51:59Z,1600820588,32993529,60000000
25546244,0x2489fbc39faeb0f35b04559dc96ca736fa90757da86ce57aa67cf4124f472dfd,0x07eca34fcb2f73fe0d16d091027b979cb21c6a2c024cd442db9f7746011bb124,1784217131,2026-07-16T15:52:11Z,1620787683,34186408,60000000
25546245,0xb0d72c6cc5d67db4d5f7994fda87af49e90521fde9ac7e542d6c5ffe6acdce33,0x2489fbc39faeb0f35b04559dc96ca736fa90757da86ce57aa67cf4124f472dfd,1784217143,2026-07-16T15:52:23Z,1649059676,20148358,60000000
25546246,0x5bf44872d2dab3097981a0d6af4790d64c6daa3305ab0c12b7bd86a1171226a8,0xb0d72c6cc5d67db4d5f7994fda87af49e90521fde9ac7e542d6c5ffe6acdce33,1784217155,2026-07-16T15:52:35Z,1581368237,25234604,60000000
25546247,0x570b91637e8a8e541ac07ba04e28dac47a7e075b503c2d46b8588253885eb0ea,0x5bf44872d2dab3097981a0d6af4790d64c6daa3305ab0c12b7bd86a1171226a8,1784217167,2026-07-16T15:52:47Z,1549968880,33625591,60000000
25546248,0x9b2f5c3fb87e77cfa0badef95d55267e25ddbc35eacc42a4b2abd660729053f5,0x570b91637e8a8e541ac07ba04e28dac47a7e075b503c2d46b8588253885eb0ea,1784217179,2026-07-16T15:52:59Z,1573383685,59994352,60000000
25546249,0x602e65351c112a1428959b754c0967f3eb990121e5dba25001d697e932da5253,0x9b2f5c3fb87e77cfa0badef95d55267e25ddbc35eacc42a4b2abd660729053f5,1784217191,2026-07-16T15:53:11Z,1770019618,19158976,60000000
25546250,0xb6243ad2cee7516f4fd5496bd36023bc520077d28752b8d07a95340ef8f2a492,0x602e65351c112a1428959b754c0967f3eb990121e5dba25001d697e932da5253,1784217203,2026-07-16T15:53:23Z,1690066180,33295114,60000000
25546251,0x60c468dbb945aff019139b5c6694af074fe9e727d809cecbed93db4713d70c24,0xb6243ad2cee7516f4fd5496bd36023bc520077d28752b8d07a95340ef8f2a492,1784217215,2026-07-16T15:53:35Z,1713270183,44276796,59941408
25546252,0x28d6f58586f3e1d35f93658ff84f13cdabe646fc204a18f7970d0016ae90b499,0x60c468dbb945aff019139b5c6694af074fe9e727d809cecbed93db4713d70c24,1784217227,2026-07-16T15:53:47Z,1815495846,27692352,59999943
25546253,0x2e5eeb27204e493ddd2876fbd84b0e2395891aed0d5f103f3be2184d69a5d7b4,0x28d6f58586f3e1d35f93658ff84f13cdabe646fc204a18f7970d0016ae90b499,1784217239,2026-07-16T15:53:59Z,1798039693,16144719,60000000
25546254,0x74c6bf3d8ee9d6be5ce011818fb3923b50faaa4c8239c763cb2b2f419a348e7f,0x2e5eeb27204e493ddd2876fbd84b0e2395891aed0d5f103f3be2184d69a5d7b4,1784217251,2026-07-16T15:54:11Z,1694238255,20623764,60000000
25546255,0xb8d12e437eea0b8a718a222841922729bd8b4d1a9621984ca1e4e3dbaeb739bd,0x74c6bf3d8ee9d6be5ce011818fb3923b50faaa4c8239c763cb2b2f419a348e7f,1784217263,2026-07-16T15:54:23Z,1628048348,14908908,60000000
25546256,0x3a9edfd0d32c6abe3f79d7d470cbf9a6bf340c29e6ca7665d27abef6ad63be3e,0xb8d12e437eea0b8a718a222841922729bd8b4d1a9621984ca1e4e3dbaeb739bd,1784217275,2026-07-16T15:54:35Z,1525677401,24786700,60000000
25546257,0x730ddc9ff5e104bae90135821cf49cd81694f2f452423bb109efef0d283db040,0x3a9edfd0d32c6abe3f79d7d470cbf9a6bf340c29e6ca7665d27abef6ad63be3e,1784217287,2026-07-16T15:54:47Z,1492536510,14694848,60000000
25546258,0xad77f135b88b10491ff89c4703e12d40e2440d3a48e8e3fde54eccc7ba712737,0x730ddc9ff5e104bae90135821cf49cd81694f2f452423bb109efef0d283db040,1784217299,2026-07-16T15:54:59Z,1397355268,8558880,60000000
25546259,0xbe44715924dc46dcab1a5126cca1b8a56370f7011ce6fe88668e96f0a57a3fb3,0xad77f135b88b10491ff89c4703e12d40e2440d3a48e8e3fde54eccc7ba712737,1784217311,2026-07-16T15:55:11Z,1272518344,33001006,60000000
25546260,0xe80e9f01a88122b0d8b6c591ee06617c317557416a798144cd7698cd106eb3ee,0xbe44715924dc46dcab1a5126cca1b8a56370f7011ce6fe88668e96f0a57a3fb3,1784217323,2026-07-16T15:55:23Z,1288430157,30186497,60000000
25546261,0x8b3b40d6cd661ab337a6ce3a83d33543039b604905e7b772b6d81625d1eaeef4,0xe80e9f01a88122b0d8b6c591ee06617c317557416a798144cd7698cd106eb3ee,1784217335,2026-07-16T15:55:35Z,1289431358,4773148,60000000
25546262,0x3da000ac16d6786749e4485fcbbad7386fc4aa2e091c449592f0bc0ecfccbe76,0x8b3b40d6cd661ab337a6ce3a83d33543039b604905e7b772b6d81625d1eaeef4,1784217347,2026-07-16T15:55:47Z,1153896800,55730235,60000000
25546263,0xd0804bb2c738ce366ea1f65629b90f6d7563c8a4ec9f2804c9a26797366690a6,0x3da000ac16d6786749e4485fcbbad7386fc4aa2e091c449592f0bc0ecfccbe76,1784217359,2026-07-16T15:55:59Z,1277605282,32464217,60000000
25546264,0x839e4233e885e457f3a330c5358d723b5bb12acc3473433fcfa73b1ee48ac1a1,0xd0804bb2c738ce366ea1f65629b90f6d7563c8a4ec9f2804c9a26797366690a6,1784217371,2026-07-16T15:56:11Z,1290723184,38503551,60000000
25546265,0x0e67e346fe2eb9eef22a1cf9cab0a8325436536be3f059a876d7f8b67b96a9f4,0x839e4233e885e457f3a330c5358d723b5bb12acc3473433fcfa73b1ee48ac1a1,1784217383,2026-07-16T15:56:23Z,1336455394,17320416,60000000
25546266,0xf0b59b6e5754cd227fb1e2f43209e100865d725436b3bf6b6f3818805f604faa,0x0e67e346fe2eb9eef22a1cf9cab0a8325436536be3f059a876d7f8b67b96a9f4,1784217395,2026-07-16T15:56:35Z,1265848318,21966965,60000000
25546267,0xb7bfbd130884a688193744cf142f76318ee7c1538b55d648bd232f9f50c8585d,0xf0b59b6e5754cd227fb1e2f43209e100865d725436b3bf6b6f3818805f604faa,1784217407,2026-07-16T15:56:47Z,1223479136,22979666,59941408
25546268,0x0e35e300f288c1ab448adf30b4ecbcfb01e2c4d6f742e912cfd601deae0d4ec1,0xb7bfbd130884a688193744cf142f76318ee7c1538b55d648bd232f9f50c8585d,1784217419,2026-07-16T15:56:59Z,1187805178,22222478,59999943
25546269,0xcb92e797ae0d6744bd5b7f6aa3e21c6ee319d0c80070585b4cb3f776d3cf844f,0x0e35e300f288c1ab448adf30b4ecbcfb01e2c4d6f742e912cfd601deae0d4ec1,1784217431,2026-07-16T15:57:11Z,1149312864,42386920,60000000
25546270,0xde263e039fb4da2f28df8aeb292fd35ca4eb5c181f04225615cbea480bd43a4d,0xcb92e797ae0d6744bd5b7f6aa3e21c6ee319d0c80070585b4cb3f776d3cf844f,1784217443,2026-07-16T15:57:23Z,1208631391,40114179,60000000
25546271,0x3eee43264aab5370dc1b4d3a51e97d59ac8e662e411093a973c7cc96ecbe5058,0xde263e039fb4da2f28df8aeb292fd35ca4eb5c181f04225615cbea480bd43a4d,1784217455,2026-07-16T15:57:35Z,1259566033,40074966,60000000
25546272,0x396cab04ca6d52d2fec08147de4a618a56c90a530fd103865aaae94fef085ebd,0x3eee43264aab5370dc1b4d3a51e97d59ac8e662e411093a973c7cc96ecbe5058,1784217467,2026-07-16T15:57:47Z,1312441386,26205682,60000000
25546273,0xc6514da0a211e041bc8def2753119ac0fa7a00288d124eb7233feaedf2218a19,0x396cab04ca6d52d2fec08147de4a618a56c90a530fd103865aaae94fef085ebd,1784217479,2026-07-16T15:57:59Z,1291692137,20867282,60000000
25546274,0xf2056baa2290ca80d177350c8532120a103bae1c1422db2e8fabffbf0824dab2,0xc6514da0a211e041bc8def2753119ac0fa7a00288d124eb7233feaedf2218a19,1784217491,2026-07-16T15:58:11Z,1242539387,20137042,60000000
25546275,0x3eb93d09d7b2e9892c37130270f9c543c432e0cbbbd05ae1de0207b023045881,0xf2056baa2290ca80d177350c8532120a103bae1c1422db2e8fabffbf0824dab2,1784217503,2026-07-16T15:58:23Z,1191476413,26688076,60000000
25546276,0x4ab6cd0b429a830926b0a1a02ddda5152b08933f938eeb73f6b64bdaa813a46c,0x3eb93d09d7b2e9892c37130270f9c543c432e0cbbbd05ae1de0207b023045881,1784217515,2026-07-16T15:58:35Z,1175034416,13125138,60000000
25546277,0x7e1086b5ff1bd0262346ab00a314a38d6bfa334c5d2d5d6259b448440d9bd28c,0x4ab6cd0b429a830926b0a1a02ddda5152b08933f938eeb73f6b64bdaa813a46c,1784217527,2026-07-16T15:58:47Z,1092415485,18436300,60000000
25546278,0x0857fd1a703e00b508dc9dff38d2255f33f5b1d4e206147103c27baac5bf4466,0x7e1086b5ff1bd0262346ab00a314a38d6bfa334c5d2d5d6259b448440d9bd28c,1784217539,2026-07-16T15:58:59Z,1039780632,23776257,60000000
25546279,0xd6d86acd8d34382d5627a1f8ce3bfced03114c7ab21bf4ff143c215931a7240d,0x0857fd1a703e00b508dc9dff38d2255f33f5b1d4e206147103c27baac5bf4466,1784217551,2026-07-16T15:59:11Z,1012816768,19364186,59941408
25546280,0x1ba88b051d0e83d451c2c411814a1ae39e05ac5ba5abbd94d829512f68df7f7f,0xd6d86acd8d34382d5627a1f8ce3bfced03114c7ab21bf4ff143c215931a7240d,1784217563,2026-07-16T15:59:23Z,968012769,28794967,59999943
25546281,0xfb346928cd0a3956ac10dce428a5c33e8a134e19315148c46bf8afe3d9ace56e,0x1ba88b051d0e83d451c2c411814a1ae39e05ac5ba5abbd94d829512f68df7f7f,1784217575,2026-07-16T15:59:35Z,963152518,37716460,60000000
25546282,0xf58f181b05bf11b9d99a537aa2c85f4a7a068219695996304b4adfda5747bac1,0xfb346928cd0a3956ac10dce428a5c33e8a134e19315148c46bf8afe3d9ace56e,1784217587,2026-07-16T15:59:47Z,994119717,20265261,59941408
25546283,0x81ff1e0696c1d6252f23d7d35801d5f68cf46789cd8c37b6f192df6913fc4338,0xf58f181b05bf11b9d99a537aa2c85f4a7a068219695996304b4adfda5747bac1,1784217599,2026-07-16T15:59:59Z,953878870,24252422,59999943
25546284,0x30db12393482914201373c7984d940f3205381a520d0dad4849ff63550d69243,0x81ff1e0696c1d6252f23d7d35801d5f68cf46789cd8c37b6f192df6913fc4338,1784217611,2026-07-16T16:00:11Z,931035242,27352501,59941351
25546285,0x55dd3e37d18d5931f35b81a3381e4130d1e5d46e56ac14c71099129b54f397ed,0x30db12393482914201373c7984d940f3205381a520d0dad4849ff63550d69243,1784217623,2026-07-16T16:00:23Z,920868587,16694750,59999886
25546286,0xdba7cf38774560f6da18d8736bf2608a7281768e9c4e9365f8645ccbc3d93c9c,0x55dd3e37d18d5931f35b81a3381e4130d1e5d46e56ac14c71099129b54f397ed,1784217635,2026-07-16T16:00:35Z,869817098,38406639,60000000
25546287,0x1738399c5453bc0f0cad3b5a5406108f2cb08f87295ce8096be93deccc1f993a,0xdba7cf38774560f6da18d8736bf2608a7281768e9c4e9365f8645ccbc3d93c9c,1784217647,2026-07-16T16:00:47Z,900284757,20742864,60000000
25546288,0xfab6f0ab87052fe331519758f8516ff6757b899c281ae120261713a4b1a6da1f,0x1738399c5453bc0f0cad3b5a5406108f2cb08f87295ce8096be93deccc1f993a,1784217659,2026-07-16T16:00:59Z,865559514,10853832,60000000
25546289,0xfcbefd5ac64927771abff519671431de40a1bec1ec44e5e3cd15123c6881ac98,0xfab6f0ab87052fe331519758f8516ff6757b899c281ae120261713a4b1a6da1f,1784217671,2026-07-16T16:01:11Z,796508898,49396806,60000000
25546290,0x88baa4b0c6694f33c7c60456945dfb6e8ee7d601c15237948cf92e5666089dc8,0xfcbefd5ac64927771abff519671431de40a1bec1ec44e5e3cd15123c6881ac98,1784217683,2026-07-16T16:01:23Z,860882767,5715152,60000000
25546291,0x44dd04ec208decf34fa77a749f923eff167fb00818ae843fea62f0a78993b4e8,0x88baa4b0c6694f33c7c60456945dfb6e8ee7d601c15237948cf92e5666089dc8,1784217695,2026-07-16T16:01:35Z,773772738,57839596,60000000
25546292,0xe1ad8a55627f7e2845265a1eb43be4527fe384bab24419a08279c81f0d7a8f02,0x44dd04ec208decf34fa77a749f923eff167fb00818ae843fea62f0a78993b4e8,1784217707,2026-07-16T16:01:47Z,863529073,19913319,60000000
25546293,0x0ec524413efd0cab1d7152af58c5bc9274f523ed650f483119d6099291f2840c,0xe1ad8a55627f7e2845265a1eb43be4527fe384bab24419a08279c81f0d7a8f02,1784217719,2026-07-16T16:01:59Z,827236814,45446980,60000000
25546294,0x441f9b55027a3380af11cf0f7ceaede58ac2abd9a845a648169b42ef3470dd6b,0x0ec524413efd0cab1d7152af58c5bc9274f523ed650f483119d6099291f2840c,1784217731,2026-07-16T16:02:11Z,880479774,17939635,60000000
25546295,0x54af5feae463ee552ef7e01376b6f668f28f716cad7ea660d37b596575fec57a,0x441f9b55027a3380af11cf0f7ceaede58ac2abd9a845a648169b42ef3470dd6b,1784217743,2026-07-16T16:02:23Z,836234327,31093076,60000000
25546296,0xc01379eb1f18a5e7ecfd30d5aff8fe922e92ee05113f2770965b8eb425c9d09f,0x54af5feae463ee552ef7e01376b6f668f28f716cad7ea660d37b596575fec57a,1784217755,2026-07-16T16:02:35Z,840042942,25822945,60000000
25546297,0x2710648a4becedb78ef8805cf51d57b41c9041e08576508c78ef75c46cc02018,0xc01379eb1f18a5e7ecfd30d5aff8fe922e92ee05113f2770965b8eb425c9d09f,1784217767,2026-07-16T16:02:47Z,825422503,35508041,60000000
25546298,0x73518dc9b8bbd0442d13585053a865b39a482ca8ea1a6510f9b617fdd4d81cfb,0x2710648a4becedb78ef8805cf51d57b41c9041e08576508c78ef75c46cc02018,1784217779,2026-07-16T16:02:59Z,844366090,22073496,60000000
25546299,0x05bbb60104287460f0b6279166a642795f37a8232dfae2bac9d76d38991384bb,0x73518dc9b8bbd0442d13585053a865b39a482ca8ea1a6510f9b617fdd4d81cfb,1784217791,2026-07-16T16:03:11Z,816479127,22869837,60000000
25546300,0xdbe0c3a7085e14467850aa0cf99f5b13d22554c007f26bc59e7f61209cc73a18,0x05bbb60104287460f0b6279166a642795f37a8232dfae2bac9d76d38991384bb,1784217803,2026-07-16T16:03:23Z,792222339,57774743,60000000
25546301,0x55922720cca34a8edd3edb906a2740477fa6030c6f65b805a0506919e3aeb812,0xdbe0c3a7085e14467850aa0cf99f5b13d22554c007f26bc59e7f61209cc73a18,1784217815,2026-07-16T16:03:35Z,883904721,25875918,60000000
25546302,0x4a8a010251f05e93f2dcac9b190e4ba1f7a5d60ef37deeb6efe1c5c3c36288d7,0x55922720cca34a8edd3edb906a2740477fa6030c6f65b805a0506919e3aeb812,1784217827,2026-07-16T16:03:47Z,868715990,31830498,60000000
25546303,0x353fbb478752d7d8325fc3e93ff5b5468219455cf4f19c4c962bd367511ac8cb,0x4a8a010251f05e93f2dcac9b190e4ba1f7a5d60ef37deeb6efe1c5c3c36288d7,1784217839,2026-07-16T16:03:59Z,875341752,28975181,60000000
25546304,0x0237f8569202c733c5592ab2f48958dc4268a3190774104be752d8b91623fe28,0x353fbb478752d7d8325fc3e93ff5b5468219455cf4f19c4c962bd367511ac8cb,1784217851,2026-07-16T16:04:11Z,871603974,28099058,60000000
25546305,0x55b63b1b80f81899b199f589ad46aaf5bcde378f016e5888f215c9a3202fda0a,0x0237f8569202c733c5592ab2f48958dc4268a3190774104be752d8b91623fe28,1784217863,2026-07-16T16:04:23Z,864700355,20292032,60000000
25546306,0xfff7a458da76aacce0a2c91847f1f66fd2b3a648d9d716d1d301b2b467fde1b0,0x55b63b1b80f81899b199f589ad46aaf5bcde378f016e5888f215c9a3202fda0a,1784217875,2026-07-16T16:04:35Z,829723341,23938558,60000000
25546307,0x3e95ed0ffaa2fa12c45b5f340b6f69b8ac926ef1e00b938c31b37d555824bdea,0xfff7a458da76aacce0a2c91847f1f66fd2b3a648d9d716d1d301b2b467fde1b0,1784217887,2026-07-16T16:04:47Z,808767842,23157796,60000000
25546308,0x463a5aba186eae604b2c05491be69a6f06b0c36421ae6488ad6709f499f33147,0x3e95ed0ffaa2fa12c45b5f340b6f69b8ac926ef1e00b938c31b37d555824bdea,1784217899,2026-07-16T16:04:59Z,785710532,2346195,60000000
25546309,0x152e77cf97a4766bae1857836500cfd62fcf354b6ac26cbcf90ecfb12a1b6c0c,0x463a5aba186eae604b2c05491be69a6f06b0c36421ae6488ad6709f499f33147,1784217911,2026-07-16T16:05:11Z,695177675,52668538,60000000
25546310,0xf948123f067e82a7495c03700d85949192a6ea716097ec8f8b65403fa6c8f3a5,0x152e77cf97a4766bae1857836500cfd62fcf354b6ac26cbcf90ecfb12a1b6c0c,1784217923,2026-07-16T16:05:23Z,760838764,45845318,60000000
25546311,0x4a665b435abc42d3f0dd56a6dee7109ddac677407c740c6fe79db332c357c4ad,0xf948123f067e82a7495c03700d85949192a6ea716097ec8f8b65403fa6c8f3a5,1784217935,2026-07-16T16:05:35Z,811070981,33278025,60000000
25546312,0x8486d49c711d528efd891dc8def9d21b106551183e28a3244ec49f6e504a165e,0x4a665b435abc42d3f0dd56a6dee7109ddac677407c740c6fe79db332c357c4ad,1784217947,2026-07-16T16:05:47Z,822148943,46427321,60000000
25546313,0x39d13d1300ff25076f1eae7acbfc6ab74ee8ebab26b4f97b7d588009ffb7e453,0x8486d49c711d528efd891dc8def9d21b106551183e28a3244ec49f6e504a165e,1784217959,2026-07-16T16:05:59Z,878422712,24776542,60000000
25546314,0x7f5f37f1d1431dc56cf2f9bc21dcf225afc56c87a30d1142c83cfbfa50104967,0x39d13d1300ff25076f1eae7acbfc6ab74ee8ebab26b4f97b7d588009ffb7e453,1784217971,2026-07-16T16:06:11Z,859304362,38915699,60000000
25546315,0xf17baffd9bac0e83fdf082a27b80f6fb1e82ab567ca1321fa081820aeca613c2,0x7f5f37f1d1431dc56cf2f9bc21dcf225afc56c87a30d1142c83cfbfa50104967,1784217983,2026-07-16T16:06:23Z,891226441,16630175,60000000
25546316,0xb01df75644e8273810f7829b243d5a9ec42cff41a5b24f99422e8c4eda4a7bce,0xf17baffd9bac0e83fdf082a27b80f6fb1e82ab567ca1321fa081820aeca613c2,1784217995,2026-07-16T16:06:35Z,841578352,17860195,60000000
25546317,0x12bb9817c53f397bdacdaf60e0d4d171292c2fabf5d67e79e317558ee28c2c1b,0xb01df75644e8273810f7829b243d5a9ec42cff41a5b24f99422e8c4eda4a7bce,1784218007,2026-07-16T16:06:47Z,799009198,25395743,60000000
25546318,0x76f49b911d925dc6d5964250af01c018a01b9fe710772ad75dd19c67c73e79ce,0x12bb9817c53f397bdacdaf60e0d4d171292c2fabf5d67e79e317558ee28c2c1b,1784218019,2026-07-16T16:06:59Z,783680683,35639368,59941408
25546319,0x77a7e586961d6f30d0a41495ec4e4c46bdcd42bec01ed74aedbfdaf8e43f754c,0x76f49b911d925dc6d5964250af01c018a01b9fe710772ad75dd19c67c73e79ce,1784218031,2026-07-16T16:07:11Z,802208870,20398372,59999943
25546320,0xae6c7b9fd2848705978360d2df65ba27c1d7a5955e080af6d1f11908fccf4863,0x77a7e586961d6f30d0a41495ec4e4c46bdcd42bec01ed74aedbfdaf8e43f754c,1784218043,2026-07-16T16:07:23Z,770115140,23220427,60000000
25546321,0x34394c243e2a824ecd72963d7808e1400394f0f185434cb0b62e4c28f37f9af6,0xae6c7b9fd2848705978360d2df65ba27c1d7a5955e080af6d1f11908fccf4863,1784218055,2026-07-16T16:07:35Z,748360758,24348515,60000000
25546322,0xe04e76f4a5ecb5b5acdd3d9d0f6ca7cd941df098a31496e55da4c424151ac826,0x34394c243e2a824ecd72963d7808e1400394f0f185434cb0b62e4c28f37f9af6,1784218067,2026-07-16T16:07:47Z,730738469,26274042,60000000
25546323,0x5cdc5f5a71ad3b0ee3d70cebca30bfc700ff67f2aad69497654bc99db0bbeb1b,0xe04e76f4a5ecb5b5acdd3d9d0f6ca7cd941df098a31496e55da4c424151ac826,1784218079,2026-07-16T16:07:59Z,719393883,15804330,60000000
25546324,0xebed4ce21b56fde23a0fde6ec65bbb59d232078725096f8d5a9e042cf16a596d,0x5cdc5f5a71ad3b0ee3d70cebca30bfc700ff67f2aad69497654bc99db0bbeb1b,1784218091,2026-07-16T16:08:11Z,676842724,27147154,60000000
25546325,0x0074890b6cfa8ff11bc0d1a03bb8f78b9009849e16dff05f0920abd257713b49,0xebed4ce21b56fde23a0fde6ec65bbb59d232078725096f8d5a9e042cf16a596d,1784218103,2026-07-16T16:08:23Z,668797191,20821110,60000000
25546326,0x72528e7459c3f183986b3265f57192c817c1ea320af32057eeef35eb06e2849b,0x0074890b6cfa8ff11bc0d1a03bb8f78b9009849e16dff05f0920abd257713b49,1784218115,2026-07-16T16:08:35Z,643218792,23472214,60000000
25546327,0xf39b728c1f9f192c7f4010d4884d9cc3dc00cb2e5fe57bcd219c17ce9a42fbc0,0x72528e7459c3f183986b3265f57192c817c1ea320af32057eeef35eb06e2849b,1784218127,2026-07-16T16:08:47Z,625723815,31471421,60000000
25546328,0x95cef558cd5584c36bb66b0271d26252d0e5facd82e5d0e13faebfa08c9c6de7,0xf39b728c1f9f192c7f4010d4884d9cc3dc00cb2e5fe57bcd219c17ce9a42fbc0,1784218139,2026-07-16T16:08:59Z,629560078,21510724,60000000
25546329,0x09f60072546a05617b50c89aed210ef7711f50bcaa104923a1a40b3958719656,0x95cef558cd5584c36bb66b0271d26252d0e5facd82e5d0e13faebfa08c9c6de7,1784218151,2026-07-16T16:09:11Z,607291290,22974654,60000000
25546330,0x637053e2acd91f80448758726ca3394b26660eb0ef656ddc3ba3396dbe90159a,0x09f60072546a05617b50c89aed210ef7711f50bcaa104923a1a40b3958719656,1784218163,2026-07-16T16:09:23Z,589514493,22192984,60000000
25546331,0x781b83b3a14fb10d2008982a685ecde4b8cb3939c262984b49f9f68f72fe5281,0x637053e2acd91f80448758726ca3394b26660eb0ef656ddc3ba3396dbe90159a,1784218175,2026-07-16T16:09:35Z,570338039,24240829,60000000
25546332,0xd9b5896dd7518178d1b62503830c4a743f452785b186cad26ad8d3a3059cc629,0x781b83b3a14fb10d2008982a685ecde4b8cb3939c262984b49f9f68f72fe5281,1784218187,2026-07-16T16:09:47Z,556651897,24333490,60000000
25546333,0x8e41e808ee45a081ce09131d2a0030f87bdf0ab47bce1e3241689a82c3bbfcb3,0xd9b5896dd7518178d1b62503830c4a743f452785b186cad26ad8d3a3059cc629,1784218199,2026-07-16T16:09:59Z,543509091,8854944,60000000
25546334,0x7d572c503e1e3b489845feb2b6b36675980a3af9e648b65640505c0ea451f95e,0x8e41e808ee45a081ce09131d2a0030f87bdf0ab47bce1e3241689a82c3bbfcb3,1784218211,2026-07-16T16:10:11Z,495623549,55804649,60000000
25546335,0xb69f54e056adf3c406db2ec2920d50f50f1d71da62f07c68f7e2bdec896d9f04,0x7d572c503e1e3b489845feb2b6b36675980a3af9e648b65640505c0ea451f95e,1784218223,2026-07-16T16:10:23Z,548912681,30463751,60000000
25546336,0xf3e9e10065976ba88fc22d1ce3b23b8e78dad19a6e2949328fef14d91566099b,0xb69f54e056adf3c406db2ec2920d50f50f1d71da62f07c68f7e2bdec896d9f04,1784218235,2026-07-16T16:10:35Z,549973342,24105406,60000000
25546337,0x7d595ba7f73cb3a7b78362021dc6ae91d722b67d97f825bc09277bb6509c2298,0xf3e9e10065976ba88fc22d1ce3b23b8e78dad19a6e2949328fef14d91566099b,1784218247,2026-07-16T16:10:47Z,536465553,22897054,60000000
25546338,0x092ff7b87536d9fc8212d0b53aaa7a77c04fefee1298bc7e710e500a498d30d0,0x7d595ba7f73cb3a7b78362021dc6ae91d722b67d97f825bc09277bb6509c2298,1784218259,2026-07-16T16:10:59Z,520588529,23487146,60000000
25546339,0x9e34cd3f8e1d36bc50bf05d59fece2a43baca1b72c063fca44c4c4d5c48a1363,0x092ff7b87536d9fc8212d0b53aaa7a77c04fefee1298bc7e710e500a498d30d0,1784218271,2026-07-16T16:11:11Z,506461375,32226349,60000000
25546340,0x04ad46d15148a565cd14e78b9e3b850346ca28419b92156587d828b32c77c26a,0x9e34cd3f8e1d36bc50bf05d59fece2a43baca1b72c063fca44c4c4d5c48a1363,1784218283,2026-07-16T16:11:23Z,511159540,8112302,60000000
25546341,0x5ed2f89b633aa80d2516069a7e7cf7b02f0960a4a8e72351a8b8d8c18970c6e0,0x04ad46d15148a565cd14e78b9e3b850346ca28419b92156587d828b32c77c26a,1784218295,2026-07-16T16:11:35Z,464542434,53825669,60000000
25546342,0x1fe8f94d4e22e3f2cbd2705f337f3630a1b7768a3a6aa07995591eaf2844cf38,0x5ed2f89b633aa80d2516069a7e7cf7b02f0960a4a8e72351a8b8d8c18970c6e0,1784218307,2026-07-16T16:11:47Z,510659243,30389901,60000000
25546343,0xb637ba3a0c66f096623ac53b5781bcc07c58771ad0237d83a1cafdcb218f99a9,0x1fe8f94d4e22e3f2cbd2705f337f3630a1b7768a3a6aa07995591eaf2844cf38,1784218319,2026-07-16T16:11:59Z,511488853,32243911,60000000
25546344,0xaaac37aa0f980fe6e7934f8c9caf23dc0a4ba5696576e274f9979e17facff2ea,0xb637ba3a0c66f096623ac53b5781bcc07c58771ad0237d83a1cafdcb218f99a9,1784218331,2026-07-16T16:12:11Z,516271084,25885081,60000000
25546345,0x2597a4fbf0626f0ac3c93b7c12b7ae19cecb398ff803c7e531072f1377f687cf,0xaaac37aa0f980fe6e7934f8c9caf23dc0a4ba5696576e274f9979e17facff2ea,1784218343,2026-07-16T16:12:23Z,507419361,28919242,60000000
25546346,0xf49169882181cece5ed002322f6ba032ddf77b226f126b34071ef23ff6e4c029,0x2597a4fbf0626f0ac3c93b7c12b7ae19cecb398ff803c7e531072f1377f687cf,1784218355,2026-07-16T16:12:35Z,505134372,33409328,59941408
25546347,0x55bc759a304ae3f00a228bbc87db8de132a11ea03dff9fcc601aea3feab1f4fa,0xf49169882181cece5ed002322f6ba032ddf77b226f126b34071ef23ff6e4c029,1784218367,2026-07-16T16:12:47Z,512378809,29652467,59999943
25546348,0x836a692025cfed0b840618b49322ce7a8fd80678822413b43119da2b482c5906,0x55bc759a304ae3f00a228bbc87db8de132a11ea03dff9fcc601aea3feab1f4fa,1784218379,2026-07-16T16:12:59Z,511636918,34719940,60000000
25546349,0x22371938447bd417c1cfb5749b2400550412c16a7b39335917359b926a0c6202,0x836a692025cfed0b840618b49322ce7a8fd80678822413b43119da2b482c5906,1784218391,2026-07-16T16:13:11Z,521698982,30279977,60000000
25546350,0x597e79b8933d2e07974aea440487f1d8175c610215139c183ee1d04a73da858b,0x22371938447bd417c1cfb5749b2400550412c16a7b39335917359b926a0c6202,1784218403,2026-07-16T16:13:23Z,522307580,29878531,60000000
25546351,0x88408868f9f8e791b4c648bf09038d4ffcbe0b5122b36d8beaa823c8f7228131,0x597e79b8933d2e07974aea440487f1d8175c610215139c183ee1d04a73da858b,1784218415,2026-07-16T16:13:35Z,522043230,30428210,60000000
25546352,0xf2442bfd3523ed7f51eeaa77a8f0d137cdf5c1784091b00ada1e49a049ff4e84,0x88408868f9f8e791b4c648bf09038d4ffcbe0b5122b36d8beaa823c8f7228131,1784218427,2026-07-16T16:13:47Z,522974663,25888820,60000000
25546353,0x48b13760fbfae4fb26c2450c71c1ded5344448c771d94cbab2f2542412809531,0xf2442bfd3523ed7f51eeaa77a8f0d137cdf5c1784091b00ada1e49a049ff4e84,1784218439,2026-07-16T16:13:59Z,514016151,31287415,60000000
25546354,0xa64786c4f20dc6e079f9c780a2e92efffbf56bb8c16fa70a5d1bd7968454a3aa,0x48b13760fbfae4fb26c2450c71c1ded5344448c771d94cbab2f2542412809531,1784218451,2026-07-16T16:14:11Z,516773451,26391841,60000000
25546355,0x342e550ac6559404d6008f63cb13783c4ef18b9997b912c3de05c5993352cc68,0xa64786c4f20dc6e079f9c780a2e92efffbf56bb8c16fa70a5d1bd7968454a3aa,1784218463,2026-07-16T16:14:23Z,509004282,36692272,60000000
25546356,0xb47053ad212b2b40ac4f0c1d0e4afdae175c738184c090ca51e188f582ad4a6c,0x342e550ac6559404d6008f63cb13783c4ef18b9997b912c3de05c5993352cc68,1784218475,2026-07-16T16:14:35Z,523197594,21409909,60000000
25546357,0xe6b4ad5e6ffc58de3f9404631ff94e7a494c2189d572ab721b694a70b9b16812,0xb47053ad212b2b40ac4f0c1d0e4afdae175c738184c090ca51e188f582ad4a6c,1784218487,2026-07-16T16:14:47Z,504471282,43650688,60000000
25546358,0x53e5ee3917d901b7ade9744870b116ee2b31d117db12f114a96e317435cdc9c0,0xe6b4ad5e6ffc58de3f9404631ff94e7a494c2189d572ab721b694a70b9b16812,1784218499,2026-07-16T16:14:59Z,533164532,6847356,60000000
25546359,0x42913ea27ebd0f4423c1fd7ed3715b6db5d97dc8336f9dd83bd792529c69ab38,0x53e5ee3917d901b7ade9744870b116ee2b31d117db12f114a96e317435cdc9c0,1784218511,2026-07-16T16:15:11Z,481730497,36613482,60000000
25546360,0x5a9b313b0b945d38c50bfe24a599a4f25b14cf7e9d34b1246755fbc61c9fd37a,0x42913ea27ebd0f4423c1fd7ed3715b6db5d97dc8336f9dd83bd792529c69ab38,1784218523,2026-07-16T16:15:23Z,495005146,37498958,60000000
25546361,0x3fa4b35b7ffdbfcf95d8ec0f7daa9a89ec313b0a597290ba8a668cea858c5c4e,0x5a9b313b0b945d38c50bfe24a599a4f25b14cf7e9d34b1246755fbc61c9fd37a,1784218535,2026-07-16T16:15:35Z,510471907,25081031,60000000
25546362,0x0923b48c60631c38fa0502d35e9c198628583337f23868d52e1ab3602faabee3,0x3fa4b35b7ffdbfcf95d8ec0f7daa9a89ec313b0a597290ba8a668cea858c5c4e,1784218547,2026-07-16T16:15:47Z,500009426,15626103,60000000
25546363,0xcfab76829c7f6beb125002fac770ebb4746eaac8eb6f756e29ec5b886b947094,0x0923b48c60631c38fa0502d35e9c198628583337f23868d52e1ab3602faabee3,1784218559,2026-07-16T16:15:59Z,470063243,22559300,60000000
25546364,0x86caf31a9400d0f03c649d9b19de5a1bb93f4b6546824d4d03b8b2c785353f6c,0xcfab76829c7f6beb125002fac770ebb4746eaac8eb6f756e29ec5b886b947094,1784218571,2026-07-16T16:16:11Z,455489912,24674674,60000000
25546365,0x6e98567437cfbf2c843afc3558d85aae045912f64473c715528171b05263fb3b,0x86caf31a9400d0f03c649d9b19de5a1bb93f4b6546824d4d03b8b2c785353f6c,1784218583,2026-07-16T16:16:23Z,445383111,34248449,60000000
25546366,0x838faa5508116710299cd3186d52ed8dce6a97450d1c81700e37d13a789175a4,0x6e98567437cfbf2c843afc3558d85aae045912f64473c715528171b05263fb3b,1784218595,2026-07-16T16:16:35Z,453267225,29993433,60000000
25546367,0x134689fec1525beb131bb2497469e35e60d4fa15f8306567ea605b018f6bb886,0x838faa5508116710299cd3186d52ed8dce6a97450d1c81700e37d13a789175a4,1784218607,2026-07-16T16:16:47Z,453254823,25653990,60000000
25546368,0x4b9580cc84003e97c89421a7a83faa91fef88531a669ad1277a7214460b46f1b,0x134689fec1525beb131bb2497469e35e60d4fa15f8306567ea605b018f6bb886,1784218619,2026-07-16T16:16:59Z,445047115,29263731,60000000
25546369,0x3b3ab545bdd04aecba82e9487ef7e2353a0bbc23685005725713d15bc3fde121,0x4b9580cc84003e97c89421a7a83faa91fef88531a669ad1277a7214460b46f1b,1784218631,2026-07-16T16:17:11Z,443681806,35252920,60000000
25546370,0x603b3d89adb287b75c29700e1187c4161462b35845914a52df4c0ec8916cdb56,0x3b3ab545bdd04aecba82e9487ef7e2353a0bbc23685005725713d15bc3fde121,1784218643,2026-07-16T16:17:23Z,453392743,20483253,60000000
25546371,0x6836bf3f8dad96a5a6032d8924cc5dda1721086c1f067bd355e527620b67e764,0x603b3d89adb287b75c29700e1187c4161462b35845914a52df4c0ec8916cdb56,1784218655,2026-07-16T16:17:35Z,435414310,31545908,60000000
25546372,0xf88c7da05b78fa3900e41c4e349596a876a96d4c62cdceec7c70699f655af729,0x6836bf3f8dad96a5a6032d8924cc5dda1721086c1f067bd355e527620b67e764,1784218667,2026-07-16T16:17:47Z,438218936,10147002,60000000
25546373,0x42fb39f2854c9642a2afea4449c7375b82457fefd314549bde74662cadde20c4,0xf88c7da05b78fa3900e41c4e349596a876a96d4c62cdceec7c70699f655af729,1784218679,2026-07-16T16:17:59Z,401969105,40456379,59941408
25546374,0x60fc5269fc31999f9f28570715e417fd5fc79facdfe1474ac65bc0fa246524e6,0x42fb39f2854c9642a2afea4449c7375b82457fefd314549bde74662cadde20c4,1784218691,2026-07-16T16:18:11Z,419548427,19353647,59999943
25546375,0xad9b2593d4e06090f135171fbc706bc19c540cae329234ddb7463f4d3670841c,0x60fc5269fc31999f9f28570715e417fd5fc79facdfe1474ac65bc0fa246524e6,1784218715,2026-07-16T16:18:35Z,400937374,0,60000000
25546376,0x1c2e593c21df017a935b5362bb5c4deb3c35446c8c2b0fc26226b7ad51bec31f,0xad9b2593d4e06090f135171fbc706bc19c540cae329234ddb7463f4d3670841c,1784218727,2026-07-16T16:18:47Z,350820203,39347087,60000000
25546377,0xe1b40b138244fd5d9cf4e074926233114d627b42f955cbc1f1597b48d707d31d,0x1c2e593c21df017a935b5362bb5c4deb3c35446c8c2b0fc26226b7ad51bec31f,1784218739,2026-07-16T16:18:59Z,364483315,59957636,60000000
25546378,0x2e3d3e455d5920be929bd69adc77c31601cdc366dc9a81c8f953637d456aba13,0xe1b40b138244fd5d9cf4e074926233114d627b42f955cbc1f1597b48d707d31d,1784218751,2026-07-16T16:19:11Z,409979391,37403714,60000000
25546379,0x7ec13d709ddba690972d32e04a6d3f5d68986ab849ae1faeee5906b9df67e30f,0x2e3d3e455d5920be929bd69adc77c31601cdc366dc9a81c8f953637d456aba13,1784218763,2026-07-16T16:19:23Z,422626766,31786903,60000000
25546380,0x9186b5d3cc756c25de9d0f96972df72b6977f05920a420fef7c93cf9f7d81f06,0x7ec13d709ddba690972d32e04a6d3f5d68986ab849ae1faeee5906b9df67e30f,1784218775,2026-07-16T16:19:35Z,425773403,26132842,60000000
25546381,0x652936a3dcd9cd1da0557732ed6ed19545043fa9feb9ea3f7a90f38ed9f1e1e0,0x9186b5d3cc756c25de9d0f96972df72b6977f05920a420fef7c93cf9f7d81f06,1784218787,2026-07-16T16:19:47Z,418912849,20257683,60000000
25546382,0x1a4bc145a0d9d1655f8e9f560c5d88a2711a1f09b75600a1298b441b94833d28,0x652936a3dcd9cd1da0557732ed6ed19545043fa9feb9ea3f7a90f38ed9f1e1e0,1784218799,2026-07-16T16:19:59Z,401907925,18616315,59941408
25546383,0x81e0edbac957a6a2722b3ca9a2cfd18dcf040bc37c0f331e7a949b4a90af5c1e,0x1a4bc145a0d9d1655f8e9f560c5d88a2711a1f09b75600a1298b441b94833d28,1784218811,2026-07-16T16:20:11Z,382875094,24682458,59882873
25546384,0xafd0c6039cb4c827262c62a5c7cd56ce086fcd5944006e3045483e2ecdf331a5,0x81e0edbac957a6a2722b3ca9a2cfd18dcf040bc37c0f331e7a949b4a90af5c1e,1784218823,2026-07-16T16:20:23Z,374468969,48364954,59941351
25546385,0xdc7e4479b0e0dd872474327f34ef58ed08da169ceda42d0417dbe3f474aaefa5,0xafd0c6039cb4c827262c62a5c7cd56ce086fcd5944006e3045483e2ecdf331a5,1784218835,2026-07-16T16:20:35Z,403197412,24685467,59999886
25546386,0x248b1c7c69acb921712b7c453a91fec3b0ffc03bc1a2235bace3b8e5b2f3e1fb,0xdc7e4479b0e0dd872474327f34ef58ed08da169ceda42d0417dbe3f474aaefa5,1784218847,2026-07-16T16:20:47Z,394269133,27606064,60000000
25546387,0xab81ef13d42f8a1c72f0701aed6672f3bee0ad943b876b8b7ca24278247d1a33,0x248b1c7c69acb921712b7c453a91fec3b0ffc03bc1a2235bace3b8e5b2f3e1fb,1784218859,2026-07-16T16:20:59Z,390336404,26920911,59941408
25546388,0x3eb0b863fb7605c275a61bf6d8aa43f30dbb719fc241d3021b54f3a994c65f3e,0xab81ef13d42f8a1c72f0701aed6672f3bee0ad943b876b8b7ca24278247d1a33,1784218871,2026-07-16T16:21:11Z,385371368,29555520,59999943
25546389,0xb78f60f1bae83f4022e118583fb43cc8cb75ab66a87c3f6d5f377ffb2e7aecf1,0x3eb0b863fb7605c275a61bf6d8aa43f30dbb719fc241d3021b54f3a994c65f3e,1784218883,2026-07-16T16:21:23Z,384657707,23407288,60000000
25546390,0xb84e5614ef2a7e60543cdcf6e4499e988174c788bac85c93210ca01f53422004,0xb78f60f1bae83f4022e118583fb43cc8cb75ab66a87c3f6d5f377ffb2e7aecf1,1784218895,2026-07-16T16:21:35Z,374091301,29677885,60000000
25546391,0xdff1c2c3eb804827350372fec9fe7d96aba8d26519670e04eaa9d878fa44d901,0xb84e5614ef2a7e60543cdcf6e4499e988174c788bac85c93210ca01f53422004,1784218907,2026-07-16T16:21:47Z,373589216,20100229,60000000
25546392,0x36d5e292defa79a985ea92c58702eee92b2246060b272b97171b47223b2cb615,0xdff1c2c3eb804827350372fec9fe7d96aba8d26519670e04eaa9d878fa44d901,1784218919,2026-07-16T16:21:59Z,358179018,20971780,60000000
25546393,0x1277e4448aae16fda752b12e50edb0903d8109fe4a61bb841e6c9a7995a5bd96,0x36d5e292defa79a985ea92c58702eee92b2246060b272b97171b47223b2cb615,1784218931,2026-07-16T16:22:11Z,344705189,33294595,59941408
25546394,0x3039b6e8328880255c4957f4a970c8b417a6bf8a20861015d0ade71179323975,0x1277e4448aae16fda752b12e50edb0903d8109fe4a61bb841e6c9a7995a5bd96,1784218943,2026-07-16T16:22:23Z,349483865,6963389,59999943
25546395,0x069351d2faeee66bc57fb7f3cbeb672492aacb9914f6d18e86a50d4ca5834766,0x3039b6e8328880255c4957f4a970c8b417a6bf8a20861015d0ade71179323975,1784218955,2026-07-16T16:22:35Z,315938359,51609645,60000000
25546396,0xf9d0d93d00571fffbdca4765503a9ad327c848e7dbd8bf9be0b2c79c2433197d,0x069351d2faeee66bc57fb7f3cbeb672492aacb9914f6d18e86a50d4ca5834766,1784218967,2026-07-16T16:22:47Z,344385508,24691829,60000000
25546397,0x765187f8748f41ee3648f8644dd5bb92eec6e4a5f434030385e2231dae001142,0xf9d0d93d00571fffbdca4765503a9ad327c848e7dbd8bf9be0b2c79c2433197d,1784218979,2026-07-16T16:22:59Z,336768604,19090286,60000000
25546398,0x428bf8f26b3de23d3e7b2337d11558558a6d7fd932df3a32f475fa35aef39f15,0x765187f8748f41ee3648f8644dd5bb92eec6e4a5f434030385e2231dae001142,1784218991,2026-07-16T16:23:11Z,321460066,33200052,60000000
25546399,0x0c617eb350b355556fcdf8d9979b8660573e863f79cac1abfab06ec44b59b7c4,0x428bf8f26b3de23d3e7b2337d11558558a6d7fd932df3a32f475fa35aef39f15,1784219003,2026-07-16T16:23:23Z,325746269,33926672,60000000
25546400,0x73dec22656aafa4773484fc63cea21899d02b526ba0563191a83d8a5e634e8bf,0x0c617eb350b355556fcdf8d9979b8660573e863f79cac1abfab06ec44b59b7c4,1784219015,2026-07-16T16:23:35Z,331075847,23275249,60000000
25546401,0x623c8dcac2765c2684c7c8c88ccffaca1a4aad1de4c1c36b50fa3b50b878548d,0x73dec22656aafa4773484fc63cea21899d02b526ba0563191a83d8a5e634e8bf,1784219027,2026-07-16T16:23:47Z,321799170,23133402,60000000
25546402,0x7da88d2c012178d8d40de64d74a516aec1fe187901ad53ab7f64fa16e9f85029,0x623c8dcac2765c2684c7c8c88ccffaca1a4aad1de4c1c36b50fa3b50b878548d,1784219039,2026-07-16T16:23:59Z,312592231,24350298,60000000
25546403,0x17c30b097e8e00ef805e4ed45d8c28ba8c636a0ce22d9bdcf0f602c2a4ce1290,0x7da88d2c012178d8d40de64d74a516aec1fe187901ad53ab7f64fa16e9f85029,1784219051,2026-07-16T16:24:11Z,305233678,28152668,60000000
25546404,0x1ca491619d34e46045eb53e1c1c83aa46410acd99a45acaca6bab98d32c97c0b,0x17c30b097e8e00ef805e4ed45d8c28ba8c636a0ce22d9bdcf0f602c2a4ce1290,1784219063,2026-07-16T16:24:23Z,302884229,17506896,60000000
25546405,0xd04c8d37104ca2402ada31c8aad91e34d9c5614adcdc251c422b5a75d0505571,0x1ca491619d34e46045eb53e1c1c83aa46410acd99a45acaca6bab98d32c97c0b,1784219075,2026-07-16T16:24:35Z,287117712,41396619,60000000
25546406,0x29bfe554ebcf34042a9ca50c5e0580b9e122050463b3ef912561f6c20a304d36,0xd04c8d37104ca2402ada31c8aad91e34d9c5614adcdc251c422b5a75d0505571,1784219087,2026-07-16T16:24:47Z,300751758,56988175,60000000
25546407,0xcc881fe5708eedeae063e72fa167b5e36fa1f6c1fff426858edc909e267242f6,0x29bfe554ebcf34042a9ca50c5e0580b9e122050463b3ef912561f6c20a304d36,1784219099,2026-07-16T16:24:59Z,334571512,55351088,60000000
25546408,0xb5ec6480ce437a7ea4b22ad3ad8b769a909cc1caf2d24581a53bb5e1cbce3203,0xcc881fe5708eedeae063e72fa167b5e36fa1f6c1fff426858edc909e267242f6,1784219111,2026-07-16T16:25:11Z,369912144,55030131,60000000
25546409,0x81e9fa6a9743ed0149648c44a136781efdf1c2441cce7703573364e530ef577d,0xb5ec6480ce437a7ea4b22ad3ad8b769a909cc1caf2d24581a53bb5e1cbce3203,1784219123,2026-07-16T16:25:23Z,408491099,25660855,60000000
25546410,0xb1e9ce52cb9610809fd27540b82e728f97bb840c4ad9566e65efdade1108791a,0x81e9fa6a9743ed0149648c44a136781efdf1c2441cce7703573364e530ef577d,1784219135,2026-07-16T16:25:35Z,401105674,37818658,60000000
25546411,0x643a8de73eeddb31e225caf71fa1f8924e60754aa95af8be8df26adeab63da05,0xb1e9ce52cb9610809fd27540b82e728f97bb840c4ad9566e65efdade1108791a,1784219147,2026-07-16T16:25:47Z,414172791,24541516,60000000
25546412,0x1a3e1bef0212a61d012baa8a7927686e45778daca5bac689f1516b73fe070df1,0x643a8de73eeddb31e225caf71fa1f8924e60754aa95af8be8df26adeab63da05,1784219159,2026-07-16T16:25:59Z,404752977,27421772,60000000
25546413,0x2c246852638e8f7a5758083dce9c4ad5f69f0348132cdbfa1476cda49886cf55,0x1a3e1bef0212a61d012baa8a7927686e45778daca5bac689f1516b73fe070df1,1784219171,2026-07-16T16:26:11Z,400404871,6124054,60000000
25546414,0xe3ee38dd43654db54b03cefd8111775d20e28c85acbe716674c5cd1ad806e1a0,0x2c246852638e8f7a5758083dce9c4ad5f69f0348132cdbfa1476cda49886cf55,1784219183,2026-07-16T16:26:23Z,360571350,31433161,60000000
25546415,0x3a25d8b13b30adc536190e11f3ec814f02a1ff7235b8a844bf045d0f6c744e5d,0xe3ee38dd43654db54b03cefd8111775d20e28c85acbe716674c5cd1ad806e1a0,1784219195,2026-07-16T16:26:35Z,362724503,42762263,60000000
25546416,0x9a64658c4f054dad18da98864245ead05ba608beecccb1b76e7b386c6b741edb,0x3a25d8b13b30adc536190e11f3ec814f02a1ff7235b8a844bf045d0f6c744e5d,1784219207,2026-07-16T16:26:47Z,382012775,18500217,60000000
25546417,0x9e7654a124d33e0c573de60a9a660304c503e085f2e65d36c1a56de6d00766e7,0x9a64658c4f054dad18da98864245ead05ba608beecccb1b76e7b386c6b741edb,1784219219,2026-07-16T16:26:59Z,363708342,20337609,60000000
25546418,0x85cf9dc404562a821bfb7932e5c793bb87d4de04f9fffb4a8587f18dfbc3b14e,0x9e7654a124d33e0c573de60a9a660304c503e085f2e65d36c1a56de6d00766e7,1784219231,2026-07-16T16:27:11Z,349065458,15259813,60000000
25546419,0x1359f323f70d36fa6e04eaf3be7f8fea22b2ce36912d58bc017df3c6654b80ef,0x85cf9dc404562a821bfb7932e5c793bb87d4de04f9fffb4a8587f18dfbc3b14e,1784219243,2026-07-16T16:27:23Z,327626750,34113584,60000000
25546420,0x7af45a8a489d016f970f739bc4e86451b68b18cfa1b4e77e407bb955074e5a98,0x1359f323f70d36fa6e04eaf3be7f8fea22b2ce36912d58bc017df3c6654b80ef,1784219255,2026-07-16T16:27:35Z,333242250,24094471,60000000
25546421,0xd0d10ee5d573172ba0bc673cd8354dd2d4471db9d8b511513267f3c1e76b17af,0x7af45a8a489d016f970f739bc4e86451b68b18cfa1b4e77e407bb955074e5a98,1784219267,2026-07-16T16:27:47Z,325042368,18583680,60000000
25546422,0xb45ccb05f5f932791e80884e9c7ddeea4bd272a615aa5d7589aac2fad2dda11e,0xd0d10ee5d573172ba0bc673cd8354dd2d4471db9d8b511513267f3c1e76b17af,1784219279,2026-07-16T16:27:59Z,309580753,11806967,59941408
25546423,0xc2d5c015bdc30f8abee2703adee77e30a841628d8750e4c058b90c901c534d84,0xb45ccb05f5f932791e80884e9c7ddeea4bd272a615aa5d7589aac2fad2dda11e,1784219291,2026-07-16T16:28:11Z,286128087,36193537,59999943
25546424,0x4c89e97e9a802d69735954aef2f83c1f3424be2a14ff38899430998ed79a257d,0xc2d5c015bdc30f8abee2703adee77e30a841628d8750e4c058b90c901c534d84,1784219303,2026-07-16T16:28:23Z,293512065,52131439,60000000
25546425,0xb8a691d0d106e2b65d39f39dd3bd71f5705d19838d3385f656e179e60d99f314,0x4c89e97e9a802d69735954aef2f83c1f3424be2a14ff38899430998ed79a257d,1784219315,2026-07-16T16:28:35Z,320578083,33862378,60000000
25546426,0xd1863e8e2e16712cffa3234132befa9cdc9ce94f2534b2e959fb00072a6c1925,0xb8a691d0d106e2b65d39f39dd3bd71f5705d19838d3385f656e179e60d99f314,1784219327,2026-07-16T16:28:47Z,325737223,19767019,60000000
25546427,0x8f86278cc2c7570784ecc3f05c450968735495fad406a432213b2385349f4704,0xd1863e8e2e16712cffa3234132befa9cdc9ce94f2534b2e959fb00072a6c1925,1784219339,2026-07-16T16:28:59Z,311848628,35145399,60000000
25546428,0x2681fe849fa05f655b159b7a1eb17c6f6d415c758b99c4990a99fb1c63838bf4,0x8f86278cc2c7570784ecc3f05c450968735495fad406a432213b2385349f4704,1784219351,2026-07-16T16:29:11Z,318534401,11050432,60000000
25546429,0x87e041966ed2d6e1584b57fa6010f1ed4d4c1957009a46a50e5dc8b50ca3706a,0x2681fe849fa05f655b159b7a1eb17c6f6d415c758b99c4990a99fb1c63838bf4,1784219363,2026-07-16T16:29:23Z,293384029,36333372,60000000
25546430,0xdcc2ecfbed9578c49f44d85b96772f7d804b924f5b10a52b400a8df163de8113,0x87e041966ed2d6e1584b57fa6010f1ed4d4c1957009a46a50e5dc8b50ca3706a,1784219375,2026-07-16T16:29:35Z,301126154,59981591,60000000
25546431,0xa016e45cd984547d7ca6c659536295360214f0d83e1d675ded8f6e4a765036f7,0xdcc2ecfbed9578c49f44d85b96772f7d804b924f5b10a52b400a8df163de8113,1784219387,2026-07-16T16:29:47Z,338743825,14494608,60000000
25546432,0x6a449441df72f45767c9568bd1a689b9cb73a4846aa2771b8d2d0c9c1cb2ecbb,0xa016e45cd984547d7ca6c659536295360214f0d83e1d675ded8f6e4a765036f7,1784219399,2026-07-16T16:29:59Z,316859010,47877121,59941408
25546433,0x9cad8a7a06a288350ccf479b6eaa3fb10da439d6902701c249aeaa68e2759d4d,0x6a449441df72f45767c9568bd1a689b9cb73a4846aa2771b8d2d0c9c1cb2ecbb,1784219411,2026-07-16T16:30:11Z,340522991,33989040,59882873
25546434,0xea81f428fce5d83ea34cec7a187c822c79e07070b52f5bd558949003df062166,0x9cad8a7a06a288350ccf479b6eaa3fb10da439d6902701c249aeaa68e2759d4d,1784219423,2026-07-16T16:30:23Z,346277149,22456126,59941351
25546435,0x3da5642603acad26a62a42428f9d06460df8f4b66a83abe9cff0d0b4d489f771,0xea81f428fce5d83ea34cec7a187c822c79e07070b52f5bd558949003df062166,1784219435,2026-07-16T16:30:35Z,335424388,18829137,59999886
25546436,0xdba22ea64048bd88a87fafaf1e7fb2152eec34fd4f46e899d9fd7c34d7ac232d,0x3da5642603acad26a62a42428f9d06460df8f4b66a83abe9cff0d0b4d489f771,1784219447,2026-07-16T16:30:47Z,319812022,58396017,60000000
25546437,0x57d64f0cad7d46133b5f4ce0961a26efab16adf32731f501d64771aa90541b4f,0xdba22ea64048bd88a87fafaf1e7fb2152eec34fd4f46e899d9fd7c34d7ac232d,1784219459,2026-07-16T16:30:59Z,357651137,27372232,60000000
25546438,0x5d552e32ddd40d4eb4a2a267cc84ed99aae5f71d65a1a68a7233c2b6ec52851c,0x57d64f0cad7d46133b5f4ce0961a26efab16adf32731f501d64771aa90541b4f,1784219471,2026-07-16T16:31:11Z,353735203,23445716,60000000
25546439,0x205d9ad5752b2a3e84bfc8666331db88f95008d78caa90b383db720b677d934e,0x5d552e32ddd40d4eb4a2a267cc84ed99aae5f71d65a1a68a7233c2b6ec52851c,1784219483,2026-07-16T16:31:23Z,344074866,20264054,60000000
25546440,0x8c473447ec1dae87883bbcecddd395885dba44da1f378b907aa515bc18148af4,0x205d9ad5752b2a3e84bfc8666331db88f95008d78caa90b383db720b677d934e,1784219495,2026-07-16T16:31:35Z,330116974,24230852,59941408
25546441,0x4b60f534cffa9d2dd5b69ae19ce4364ee6ac4c81d06e365b0dc936f9a72265e9,0x8c473447ec1dae87883bbcecddd395885dba44da1f378b907aa515bc18148af4,1784219507,2026-07-16T16:31:47Z,322214163,32643419,59999943
25546442,0xabca912801bb0728ed1aac649b7b0f54def727e888c68b95f2263b6bc85af72e,0x4b60f534cffa9d2dd5b69ae19ce4364ee6ac4c81d06e365b0dc936f9a72265e9,1784219519,2026-07-16T16:31:59Z,325763151,18354062,60000000
25546443,0x0db2e081bdcaf14906065ea0214478883cc627f3a577ce84f01747b36faae18f,0xabca912801bb0728ed1aac649b7b0f54def727e888c68b95f2263b6bc85af72e,1784219531,2026-07-16T16:32:11Z,309955579,21519007,60000000
25546444,0x3b81ba1771d2a09247dac49a43656ef3a8ddc250008b0853ba01ce4acfcdc7ab,0x0db2e081bdcaf14906065ea0214478883cc627f3a577ce84f01747b36faae18f,1784219543,2026-07-16T16:32:23Z,299002533,16662446,60000000
25546445,0x2549a68360bce5db654fcc9a054f9bc4be2aa846629e9b55c669fa4dac2942b9,0x3b81ba1771d2a09247dac49a43656ef3a8ddc250008b0853ba01ce4acfcdc7ab,1784219555,2026-07-16T16:32:35Z,282386023,42822111,60000000
25546446,0x2c2a0c10c567444952c6de5b9452d4046b2b9335742ec1e3299adfd698e9c248,0x2549a68360bce5db654fcc9a054f9bc4be2aa846629e9b55c669fa4dac2942b9,1784219567,2026-07-16T16:32:47Z,297472626,34642865,60000000
25546447,0xba5f3d88e46ba4f8bd4475261b6928f6011da3f301febc24c9b592ba3ccf0f6d,0x2c2a0c10c567444952c6de5b9452d4046b2b9335742ec1e3299adfd698e9c248,1784219579,2026-07-16T16:32:59Z,303227314,30848259,60000000
25546448,0xbc598f4193faa4141d3cf289976fbae25a8fcac2c588bacc6b7d6c86b974f075,0xba5f3d88e46ba4f8bd4475261b6928f6011da3f301febc24c9b592ba3ccf0f6d,1784219591,2026-07-16T16:33:11Z,304299044,36221251,60000000
25546449,0xf2ddd5dca798cd9989e033658246946f8c659d46ce9b254e823278f50174f413,0xbc598f4193faa4141d3cf289976fbae25a8fcac2c588bacc6b7d6c86b974f075,1784219603,2026-07-16T16:33:23Z,312187047,29567747,60000000
25546450,0xae61c55876bcbbe0c636be6558ca9bd264ccc0980312bcacc8a923c2cbc14bc2,0xf2ddd5dca798cd9989e033658246946f8c659d46ce9b254e823278f50174f413,1784219615,2026-07-16T16:33:35Z,311624782,14856546,60000000
25546451,0xda8a0f2f75461ed54573908c0791cb918b3af21de4df167991f65248fd86ab98,0xae61c55876bcbbe0c636be6558ca9bd264ccc0980312bcacc8a923c2cbc14bc2,1784219627,2026-07-16T16:33:47Z,291961968,21056852,60000000
25546452,0x95a2f1387b24bea743e0a8239efb754b5844130fbd21e58c279bf940524678dc,0xda8a0f2f75461ed54573908c0791cb918b3af21de4df167991f65248fd86ab98,1784219639,2026-07-16T16:33:59Z,281082556,30043048,60000000
25546453,0xc87ebd31d35960d3e6f1dcf1a9e8e4bb7daf7a410aa733f168354dac803c6124,0x95a2f1387b24bea743e0a8239efb754b5844130fbd21e58c279bf940524678dc,1784219651,2026-07-16T16:34:11Z,281132972,32271572,60000000
25546454,0x6720adbe87a93e766bfd6fa9f5951a703ce42b4e23f32b91e1d805f85e26729d,0xc87ebd31d35960d3e6f1dcf1a9e8e4bb7daf7a410aa733f168354dac803c6124,1784219663,2026-07-16T16:34:23Z,283793862,23278213,60000000
25546455,0xbaedebbc6e18ae1803f8990a4908d92ad65b3e6ad9897f314ee94e7aa920621e,0x6720adbe87a93e766bfd6fa9f5951a703ce42b4e23f32b91e1d805f85e26729d,1784219675,2026-07-16T16:34:35Z,275845521,33568896,60000000
25546456,0xeb5c2c5a29fc55b5fe6891ab00163617f3c06b96e7272ceb6f1bfdd7f8a33440,0xbaedebbc6e18ae1803f8990a4908d92ad65b3e6ad9897f314ee94e7aa920621e,1784219687,2026-07-16T16:34:47Z,279947454,23264772,60000000
25546457,0x5dde476a4a43bf23d78dd9ea086a1aa610a659ee99aed5f97c1881e2e4ec68ff,0xeb5c2c5a29fc55b5fe6891ab00163617f3c06b96e7272ceb6f1bfdd7f8a33440,1784219699,2026-07-16T16:34:59Z,272091163,59982862,60000000
25546458,0x08ea4e0c7b875c963a97bf418dcd0ca4955406e276d2b0fd46deaba89ba6711a,0x5dde476a4a43bf23d78dd9ea086a1aa610a659ee99aed5f97c1881e2e4ec68ff,1784219711,2026-07-16T16:35:11Z,306083128,23120115,60000000
25546459,0xc8ef216aa8c888849273d45d8bb888d391d78a2cd18c5cb08a920b7aa33e77a7,0x08ea4e0c7b875c963a97bf418dcd0ca4955406e276d2b0fd46deaba89ba6711a,1784219723,2026-07-16T16:35:23Z,297308892,26185365,60000000
25546460,0x22beeb94d52d4063fbc1d455764b7d443d12ae6241fed8aed152775685b5e631,0xc8ef216aa8c888849273d45d8bb888d391d78a2cd18c5cb08a920b7aa33e77a7,1784219735,2026-07-16T16:35:35Z,292583372,36192030,60000000
25546461,0x6ff27717b156c911964752e31b239f1004fc918a7a6a314e8f16478c283b469d,0x22beeb94d52d4063fbc1d455764b7d443d12ae6241fed8aed152775685b5e631,1784219747,2026-07-16T16:35:47Z,300132059,17296540,60000000
25546462,0x17767d2044aa3221efbf825b8fb5b11b4a0b21f666252bcc9a1a25ae1d39b6fd,0x6ff27717b156c911964752e31b239f1004fc918a7a6a314e8f16478c283b469d,1784219759,2026-07-16T16:35:59Z,284245744,27142763,60000000
25546463,0xfd61c3e6b23f2708b5a71e5e71c64fa7aad84c417c3ef3241af5a8dc2af21d06,0x17767d2044aa3221efbf825b8fb5b11b4a0b21f666252bcc9a1a25ae1d39b6fd,1784219771,2026-07-16T16:36:11Z,280861755,31257508,60000000
25546464,0x651d4b742527c94510f0c6e24b19c855dd5095e60e1da36e4610314429999d75,0xfd61c3e6b23f2708b5a71e5e71c64fa7aad84c417c3ef3241af5a8dc2af21d06,1784219783,2026-07-16T16:36:23Z,282333362,26444664,60000000
25546465,0xc89410f6c9e7253f134be3a9d2a1f09e649f583430ea0e7c55c27cfa8646e018,0x651d4b742527c94510f0c6e24b19c855dd5095e60e1da36e4610314429999d75,1784219795,2026-07-16T16:36:35Z,278150904,31765590,60000000
25546466,0x109fbd73877945f9b678e36f3e52380386e8ef7bf87f84d0a4c1ef883a045d22,0xc89410f6c9e7253f134be3a9d2a1f09e649f583430ea0e7c55c27cfa8646e018,1784219807,2026-07-16T16:36:47Z,280197155,29766931,60000000
25546467,0x50cbb1974dfffb9e124059a822e0408b34a04fe71bbc10dda36c67e41a380a60,0x109fbd73877945f9b678e36f3e52380386e8ef7bf87f84d0a4c1ef883a045d22,1784219819,2026-07-16T16:36:59Z,279925050,31872265,60000000
25546468,0xdec6265c43dab1c895b8f7d7b8d8f269072caf087696b74656094f0b3b66c9b8,0x50cbb1974dfffb9e124059a822e0408b34a04fe71bbc10dda36c67e41a380a60,1784219831,2026-07-16T16:37:11Z,282108774,24061320,60000000
25546469,0x011b0a8198ed40c9784ebe8efc31f3c0b0382f026442fe061af7546be3917d82,0xdec6265c43dab1c895b8f7d7b8d8f269072caf087696b74656094f0b3b66c9b8,1784219843,2026-07-16T16:37:23Z,275128134,36431768,60000000
25546470,0xcf4245867447297a63e55167c67d80da1fc61eba6f50216d3d6906e1bfbd5303,0x011b0a8198ed40c9784ebe8efc31f3c0b0382f026442fe061af7546be3917d82,1784219855,2026-07-16T16:37:35Z,282501302,24227707,59941408
25546471,0x50b260da7b12e5b0e1ac34d7146e4697ebcb3303e5b435d444306cc3d065735f,0xcf4245867447297a63e55167c67d80da1fc61eba6f50216d3d6906e1bfbd5303,1784219867,2026-07-16T16:37:47Z,275734677,17527243,59999943
25546472,0x761549449c3d797d587953c9d67f940f3e4d6a6b4a3bba4c48514616ca8a0bef,0x50b260da7b12e5b0e1ac34d7146e4697ebcb3303e5b435d444306cc3d065735f,1784219879,2026-07-16T16:37:59Z,261404815,30552046,60000000
25546473,0x656b54e12fd409c7ceccc2245f0cef27fb0411ff8a70627b1c85a8f88bf2c719,0x761549449c3d797d587953c9d67f940f3e4d6a6b4a3bba4c48514616ca8a0bef,1784219891,2026-07-16T16:38:11Z,262006096,33082472,60000000
25546474,0xe652681b697bfeca5bdedc92afee69db2cf843c1901bda033e86d5630854cedc,0x656b54e12fd409c7ceccc2245f0cef27fb0411ff8a70627b1c85a8f88bf2c719,1784219903,2026-07-16T16:38:23Z,265371206,59937055,60000000
25546475,0xa8a93f01f2ebe708fe87cbe78a4be5df877f10df1f6e7970dc28d9064da92407,0xe652681b697bfeca5bdedc92afee69db2cf843c1901bda033e86d5630854cedc,1784219915,2026-07-16T16:38:35Z,298473007,29725364,60000000
25546476,0xf14f291af6dc6e5e3793ebe6363af4ff5f6b52bfa5cbe8b2aec6b70a9e2af310,0xa8a93f01f2ebe708fe87cbe78a4be5df877f10df1f6e7970dc28d9064da92407,1784219927,2026-07-16T16:38:47Z,298131460,37802944,60058592
25546477,0x463be2db39cea9c22e2239609a1c7ceacfbbdeb52e1d206c413e58af01698882,0xf14f291af6dc6e5e3793ebe6363af4ff5f6b52bfa5cbe8b2aec6b70a9e2af310,1784219939,2026-07-16T16:38:59Z,307778576,37840022,60000000
25546478,0x0fd0a28b2243b5a5db21bb6d96bd6228f3ceefd6e9bc4d9db2dd5aeaf08b2c94,0x463be2db39cea9c22e2239609a1c7ceacfbbdeb52e1d206c413e58af01698882,1784219951,2026-07-16T16:39:11Z,317832704,22074700,60000000
25546479,0x6d546af9c5788c966fb38e9fd7c6a0a22ab50fe8abb5657930ef83a685a56ad8,0x0fd0a28b2243b5a5db21bb6d96bd6228f3ceefd6e9bc4d9db2dd5aeaf08b2c94,1784219963,2026-07-16T16:39:23Z,307337206,43711009,60000000
25546480,0x5bc02293b7287ae89899e8730f24817b592be555a53fb7c12038dd2b2508f331,0x6d546af9c5788c966fb38e9fd7c6a0a22ab50fe8abb5657930ef83a685a56ad8,1784219975,2026-07-16T16:39:35Z,324895135,59646633,60000000
25546481,0x5e3fa2b76a8a02258cabdf533dc16c231d81d8fa23c9e4ce4f0e2581e01b7e9c,0x5bc02293b7287ae89899e8730f24817b592be555a53fb7c12038dd2b2508f331,1784219987,2026-07-16T16:39:47Z,365028663,31856519,60000000
25546482,0x1f1b797b76c901703df968045d0ee80adf68e9dff3c5f7c451dc28b66a5f86f2,0x5e3fa2b76a8a02258cabdf533dc16c231d81d8fa23c9e4ce4f0e2581e01b7e9c,1784219999,2026-07-16T16:39:59Z,367852340,25606957,60000000
25546483,0x1213198b79c071d47b9a619dc0f16c0b921dc86f3d115652dd331fd620cc4260,0x1f1b797b76c901703df968045d0ee80adf68e9dff3c5f7c451dc28b66a5f86f2,1784220011,2026-07-16T16:40:11Z,361119044,44741353,60000000
25546484,0x4094294684ee4b0dc394353c0c9a9770b9ad2472bf7574a01549548d14651c8d,0x1213198b79c071d47b9a619dc0f16c0b921dc86f3d115652dd331fd620cc4260,1784220023,2026-07-16T16:40:23Z,383299807,21644128,59941408
25546485,0xccc26b81566803feee83bf3f0be2d1dcd898aa6d6dca434f75a1f7f82b94c719,0x4094294684ee4b0dc394353c0c9a9770b9ad2472bf7574a01549548d14651c8d,1784220035,2026-07-16T16:40:35Z,369988580,27743320,59999943
25546486,0xaddf93807dfc6fef014abea42a881a3e54fe909ab003e01bb58cdd99ad9f7218,0xccc26b81566803feee83bf3f0be2d1dcd898aa6d6dca434f75a1f7f82b94c719,1784220047,2026-07-16T16:40:47Z,366509681,25236540,60000000
25546487,0xb7cdcb95bd487bfd737636ea2e8a7ce9b34e3301db53eea3231c4bfed10b4a8b,0xaddf93807dfc6fef014abea42a881a3e54fe909ab003e01bb58cdd99ad9f7218,1784220059,2026-07-16T16:40:59Z,359235289,26062073,60000000
25546488,0x4a1d10ad7a0b700a2e8408880251890125ee95150a66d68703c2856a216ef42a,0xb7cdcb95bd487bfd737636ea2e8a7ce9b34e3301db53eea3231c4bfed10b4a8b,1784220071,2026-07-16T16:41:11Z,353340946,21066469,60000000
25546489,0xd810a31a51fabad447b2a93e50bafaa9aef9b5fc3e58097d4c45ebafb37fe3c3,0x4a1d10ad7a0b700a2e8408880251890125ee95150a66d68703c2856a216ef42a,1784220083,2026-07-16T16:41:23Z,340188520,20863185,60000000
25546490,0xb719f751e21bc5faf11d07d5b7212c7c52e90ca904c6c8c3b74e18c35a7f11a1,0xd810a31a51fabad447b2a93e50bafaa9aef9b5fc3e58097d4c45ebafb37fe3c3,1784220095,2026-07-16T16:41:35Z,327237522,25206218,60000000
25546491,0xf45e073f3701676c662614b81886e0c6b34653c5e90e8c1535e8683b6b2e7432,0xb719f751e21bc5faf11d07d5b7212c7c52e90ca904c6c8c3b74e18c35a7f11a1,1784220107,2026-07-16T16:41:47Z,320701250,26130848,60000000
25546492,0x58bec5ddec867df3e3b716c2070ac35c10adbdec38148d18383ad940ff379b02,0xf45e073f3701676c662614b81886e0c6b34653c5e90e8c1535e8683b6b2e7432,1784220119,2026-07-16T16:41:59Z,315531076,14130461,60000000
25546493,0x5669209996ef7b85ac95e35bba70d7c61adaad5eba5659e6e0a1b68860a96ebf,0x58bec5ddec867df3e3b716c2070ac35c10adbdec38148d18383ad940ff379b02,1784220131,2026-07-16T16:42:11Z,294667190,25183933,60000000
25546494,0xd22084de899d68e8e39ff880295c8a88dc9023679c458596687d8a8b6c8cf011,0x5669209996ef7b85ac95e35bba70d7c61adaad5eba5659e6e0a1b68860a96ebf,1784220143,2026-07-16T16:42:23Z,288754120,25171906,60000000
25546495,0xc767b47d1b3d719aacb88c196b68a30d667c89e67165c3b244cb1a1fd1181890,0xd22084de899d68e8e39ff880295c8a88dc9023679c458596687d8a8b6c8cf011,1784220155,2026-07-16T16:42:35Z,282945237,12662938,60000000
25546496,0xb8b6a0fdbf07603dfa11a439d960bc13103168ad95709e9c34666625b1e93c1e,0xc767b47d1b3d719aacb88c196b68a30d667c89e67165c3b244cb1a1fd1181890,1784220167,2026-07-16T16:42:47Z,262505908,38894855,60000000
25546497,0xc4d8e7cdab59af5abd5f62f9bfe950046abfaa6b54b0f2d5158f3565ebb2fc1a,0xb8b6a0fdbf07603dfa11a439d960bc13103168ad95709e9c34666625b1e93c1e,1784220179,2026-07-16T16:42:59Z,272234874,30260666,60000000
25546498,0x15006a2193c99b9060e036d41053cf74d4460baa7c93100c2fdc3faacf629b49,0xc4d8e7cdab59af5abd5f62f9bfe950046abfaa6b54b0f2d5158f3565ebb2fc1a,1784220191,2026-07-16T16:43:11Z,272530550,35243033,60000000
25546499,0x9dea199931ea8fd307cb13d74597ca99ad89ac7645a8a4ea6501091966f79636,0x15006a2193c99b9060e036d41053cf74d4460baa7c93100c2fdc3faacf629b49,1784220203,2026-07-16T16:43:23Z,278484244,11204019,60000000
25546500,0x9cf40ae37e36d470562ecfe199369d60bce85bc3e7625af517c1e7fc2e90b788,0x9dea199931ea8fd307cb13d74597ca99ad89ac7645a8a4ea6501091966f79636,1784220215,2026-07-16T16:43:35Z,256674309,35508823,60000000
25546501,0x1e67374fe9a5c6f6d5951497a76bc5e4ec35069bb89594d0a65e654560006ab1,0x9cf40ae37e36d470562ecfe199369d60bce85bc3e7625af517c1e7fc2e90b788,1784220227,2026-07-16T16:43:47Z,262565864,43494970,60000000
25546502,0xac17542063fcd95bd6330fb518ac8c1c4e3cc4d195114c15a958e3f3c171357d,0x1e67374fe9a5c6f6d5951497a76bc5e4ec35069bb89594d0a65e654560006ab1,1784220239,2026-07-16T16:43:59Z,277329690,25636191,60000000
25546503,0x8d79315bb4f619f763aced94f9be1169991315dd2ce251d9dd119852b358e0b1,0xac17542063fcd95bd6330fb518ac8c1c4e3cc4d195114c15a958e3f3c171357d,1784220251,2026-07-16T16:44:11Z,272287133,44403721,60000000
25546504,0xc9752e580971fdfe468a3f417532b53ac59130fe5eb9bccb9b4f37356385ab7d,0x8d79315bb4f619f763aced94f9be1169991315dd2ce251d9dd119852b358e0b1,1784220263,2026-07-16T16:44:23Z,288628582,26009679,60000000
25546505,0x849eef5db8118e2ddd40da96f4825b4a8b83a61fe5f5d920935cbdb6fcaa6bc0,0xc9752e580971fdfe468a3f417532b53ac59130fe5eb9bccb9b4f37356385ab7d,1784220275,2026-07-16T16:44:35Z,283829746,24672790,60000000
25546506,0x4edfbf38de3ec8e8bc1a165d536e2907c6e55b344cd171fdba50f186b13de4df,0x849eef5db8118e2ddd40da96f4825b4a8b83a61fe5f5d920935cbdb6fcaa6bc0,1784220287,2026-07-16T16:44:47Z,277529660,28103853,59941408
25546507,0x6db1ea05eb3fbd252d4de37ea4a1965235b2720a5933b03cc6e0651860a4e52e,0x4edfbf38de3ec8e8bc1a165d536e2907c6e55b344cd171fdba50f186b13de4df,1784220299,2026-07-16T16:44:59Z,275368773,39591375,59999943
25546508,0x720ca75d4827357ea6c426409db18dd0e809c574b0ae1f2ec10548770de1aa0c,0x6db1ea05eb3fbd252d4de37ea4a1965235b2720a5933b03cc6e0651860a4e52e,1784220311,2026-07-16T16:45:11Z,286373671,16773022,60000000
25546509,0x3a17b7690ab02e13f64454cff3718153e033257108dc9662aa107cb0b95a6605,0x720ca75d4827357ea6c426409db18dd0e809c574b0ae1f2ec10548770de1aa0c,1784220323,2026-07-16T16:45:23Z,270590929,22729230,60000000
25546510,0x9ce3f07365547d9418d9ce92a53a5a29bf3e23e59a407636d8b27c5489d15eb3,0x3a17b7690ab02e13f64454cff3718153e033257108dc9662aa107cb0b95a6605,1784220335,2026-07-16T16:45:35Z,262393411,30284561,60000000
25546511,0xdfc57780a057c1f1c00f74b51536d75ad572181b24bcc122c883bd9d49345a98,0x9ce3f07365547d9418d9ce92a53a5a29bf3e23e59a407636d8b27c5489d15eb3,1784220347,2026-07-16T16:45:47Z,262704523,3162894,60000000
25546512,0x26db8966049a2c167c8f7706e9edfc056d05fecb55ca1446992873f4953f4426,0xdfc57780a057c1f1c00f74b51536d75ad572181b24bcc122c883bd9d49345a98,1784220359,2026-07-16T16:45:59Z,233328569,53532647,60000000
25546513,0x7f814f9ce7eb75f91cbdc2929f6d9d8f4dd245ce06306e6e95d2fdcf073da475,0x26db8966049a2c167c8f7706e9edfc056d05fecb55ca1446992873f4953f4426,1784220371,2026-07-16T16:46:11Z,256207064,26121615,59941408
25546514,0x0c3da621a3afcc27d84592978ee20fdeee8762cc1535d5228501d0d3e388d68e,0x7f814f9ce7eb75f91cbdc2929f6d9d8f4dd245ce06306e6e95d2fdcf073da475,1784220383,2026-07-16T16:46:23Z,252094032,18717617,59999943
25546515,0x4e09757d276f6dffbcc67a0b3bf4be773fc46deb62219598dc71ff5f6128b794,0x0c3da621a3afcc27d84592978ee20fdeee8762cc1535d5228501d0d3e388d68e,1784220395,2026-07-16T16:46:35Z,240243129,15038865,60058535
25546516,0xeb079012ba46b386ae4af097c4fc6dc942387ce19fbd32b8be85b067b5ce5ffc,0x4e09757d276f6dffbcc67a0b3bf4be773fc46deb62219598dc71ff5f6128b794,1784220407,2026-07-16T16:46:47Z,225252166,49517039,60000000
25546517,0x91f494a35709c7222ccd3602900c3c0c424d84567117f26a59c9675938388ca2,0xeb079012ba46b386ae4af097c4fc6dc942387ce19fbd32b8be85b067b5ce5ffc,1784220419,2026-07-16T16:46:59Z,243569896,30416904,60000000
25546518,0x92041b8045a70fbb50bc394c27f7719a21c8ae1ac740dbb85e3730a3624f031f,0x91f494a35709c7222ccd3602900c3c0c424d84567117f26a59c9675938388ca2,1784220431,2026-07-16T16:47:11Z,243993001,34576665,60000000
25546519,0x8bcab4b7c69c61f7229a6714c8790dd539d8e5372a3c9666e729018993178580,0x92041b8045a70fbb50bc394c27f7719a21c8ae1ac740dbb85e3730a3624f031f,1784220443,2026-07-16T16:47:23Z,248645810,24143946,60000000
25546520,0xab45e8dc8b4a8585a970f734739267c5e4dfb612b6cf107ab43e62922bd1778a,0x8bcab4b7c69c61f7229a6714c8790dd539d8e5372a3c9666e729018993178580,1784220455,2026-07-16T16:47:35Z,242578797,4176814,60000000
25546521,0x2e6e002daa273b19938a22850fe22cbb4c0527b0d8d40e5e4c7f1c8604d396c6,0xab45e8dc8b4a8585a970f734739267c5e4dfb612b6cf107ab43e62922bd1778a,1784220467,2026-07-16T16:47:47Z,216478142,46770724,60000000
25546522,0x28c3a1b74b9f6d872c09dd7120b98b293c79b986e34b2268a76eb74ac1260666,0x2e6e002daa273b19938a22850fe22cbb4c0527b0d8d40e5e4c7f1c8604d396c6,1784220479,2026-07-16T16:47:59Z,231605205,22563320,60000000
25546523,0x113940b9f514aa0b79507372869e420cdaa040cce90f58381e156a34133e28f9,0x28c3a1b74b9f6d872c09dd7120b98b293c79b986e34b2268a76eb74ac1260666,1784220491,2026-07-16T16:48:11Z,224428648,27067361,60000000
25546524,0xce0fb981fb27f3b6688d38fbc95fad38643d7a729c257672b15fdf79d38673ea,0x113940b9f514aa0b79507372869e420cdaa040cce90f58381e156a34133e28f9,1784220503,2026-07-16T16:48:23Z,221686281,3604003,60000000
25546525,0x9e3d32ef3dc23b5951e5f14ec758240dd6c8dd7451dcf047f2a30189f6ecf852,0xce0fb981fb27f3b6688d38fbc95fad38643d7a729c257672b15fdf79d38673ea,1784220515,2026-07-16T16:48:35Z,197304488,14246775,60000000
25546526,0xf9290fd6bc93c432d814b88d7b062dc2a3ac7f6b1b48edf6db6d5bd258ae4f30,0x9e3d32ef3dc23b5951e5f14ec758240dd6c8dd7451dcf047f2a30189f6ecf852,1784220527,2026-07-16T16:48:47Z,184353730,37528417,60000000
25546527,0x16a0f5c072289c4ae21f3942dc6005e982c0cacdcf1fd9aff4ee4e7fee887848,0xf9290fd6bc93c432d814b88d7b062dc2a3ac7f6b1b48edf6db6d5bd258ae4f30,1784220539,2026-07-16T16:48:59Z,190136612,58923558,60000000
25546528,0x7f92d4a50e36c325cbafa40ffa3e7818a5ea095156e5ce6a8098e90fd0b074c3,0x16a0f5c072289c4ae21f3942dc6005e982c0cacdcf1fd9aff4ee4e7fee887848,1784220551,2026-07-16T16:49:11Z,213050892,29501591,60000000
25546529,0x5a8fb2c13df06f49976a805ac5af23275b496ba28dee8969a4ff2c746918782b,0x7f92d4a50e36c325cbafa40ffa3e7818a5ea095156e5ce6a8098e90fd0b074c3,1784220563,2026-07-16T16:49:23Z,212608449,40440150,60000000
25546530,0x1ac32ebe9d613e17d206818100e6024d4d812feb69794b183620f33402d7048b,0x5a8fb2c13df06f49976a805ac5af23275b496ba28dee8969a4ff2c746918782b,1784220575,2026-07-16T16:49:35Z,221857049,29148688,59941408
25546531,0xd70de28334ad44ee4abaff12d9829d620096bcfcf3af2b6da4ef53b31797664f,0x1ac32ebe9d613e17d206818100e6024d4d812feb69794b183620f33402d7048b,1784220587,2026-07-16T16:49:47Z,221096432,37167364,59999943
25546532,0x71c85192599a57fb8297707516be761a9bfca46b427cb519f61f5c71c55b583f,0xd70de28334ad44ee4abaff12d9829d620096bcfcf3af2b6da4ef53b31797664f,1784220599,2026-07-16T16:49:59Z,227699292,31547187,60000000
25546533,0x7de34f6c38add1b7103e2d603d302b6c324c856115bb94f7f36237cd4c480bf0,0x71c85192599a57fb8297707516be761a9bfca46b427cb519f61f5c71c55b583f,1784220611,2026-07-16T16:50:11Z,229167181,48143807,60000000
25546534,0xf9a578ccadf10b218ded8ef847009c097a9d42caccbe0c0563185d9f7edb7a28,0x7de34f6c38add1b7103e2d603d302b6c324c856115bb94f7f36237cd4c480bf0,1784220623,2026-07-16T16:50:23Z,246492035,30657844,60000000
25546535,0x53f1c645d5fda0b28535c1332e554014049d218e79aec8da6c68454060335f9c,0xf9a578ccadf10b218ded8ef847009c097a9d42caccbe0c0563185d9f7edb7a28,1784220635,2026-07-16T16:50:35Z,247167673,39043475,59941408
25546536,0x9dda10f26e43b960e9b96bc4e1831cca76e9ac07d0c1f5bbf5bc7d933ec1e3f7,0x53f1c645d5fda0b28535c1332e554014049d218e79aec8da6c68454060335f9c,1784220647,2026-07-16T16:50:47Z,256520538,33521640,59999943
25546537,0x79edcce6fdb52bb56116ba7aaeba87445ffcc0b5c94a042f0bdcacf1cef69346,0x9dda10f26e43b960e9b96bc4e1831cca76e9ac07d0c1f5bbf5bc7d933ec1e3f7,1784220659,2026-07-16T16:50:59Z,260284626,34100585,60000000
25546538,0xc9d12824f92bc6a0be406705a3fe249824ca21e10aaf22a3d425f2f4c583c985,0x79edcce6fdb52bb56116ba7aaeba87445ffcc0b5c94a042f0bdcacf1cef69346,1784220671,2026-07-16T16:51:11Z,264731789,31705488,59941408
25546539,0x6f97e8f8d8c518d02a4933f9c365e244f3fdd62bb849f04332fd0984c1eda2aa,0xc9d12824f92bc6a0be406705a3fe249824ca21e10aaf22a3d425f2f4c583c985,1784220695,2026-07-16T16:51:35Z,266647211,34779405,59999943
25546540,0x6e9a7edcb292d857da2a9030734cab13210bcb489bcd2cf5f17f344544d248cb,0x6f97e8f8d8c518d02a4933f9c365e244f3fdd62bb849f04332fd0984c1eda2aa,1784220707,2026-07-16T16:51:47Z,271957310,33125919,60000000
25546541,0x65e366d852093eaa37c68e79bb50efda9292fa4de821bf280f718569ea37083b,0x6e9a7edcb292d857da2a9030734cab13210bcb489bcd2cf5f17f344544d248cb,1784220719,2026-07-16T16:51:59Z,275499462,7681530,60000000
25546542,0x390b733b098baeeb3dc0c5dfffe447fe1993ee80f7b6c5b9c91431702b3bb246,0x65e366d852093eaa37c68e79bb50efda9292fa4de821bf280f718569ea37083b,1784220731,2026-07-16T16:52:11Z,249879769,51976690,60000000
25546543,0x58e9c1414cbbdf3d50722f8e9f8be9992dd1a8e76249db54f3aa1ed7d2274104,0x390b733b098baeeb3dc0c5dfffe447fe1993ee80f7b6c5b9c91431702b3bb246,1784220743,2026-07-16T16:52:23Z,272761144,29027143,60000000
25546544,0xfeedb841f34d59881f56051a486c657a65aae475c76fbef0dcd36714da589327,0x58e9c1414cbbdf3d50722f8e9f8be9992dd1a8e76249db54f3aa1ed7d2274104,1784220755,2026-07-16T16:52:35Z,271655488,39507322,60000000
25546545,0x55e97b7229f15ca5a8fa3a4f28340e01761e4c62977dcd0e43c5a9b59b4f9826,0xfeedb841f34d59881f56051a486c657a65aae475c76fbef0dcd36714da589327,1784220767,2026-07-16T16:52:47Z,282416805,40185913,60000000
25546546,0x2f08640806dbc857751fb3fe18a3ad80dd1327771cde39040b8c7e92526aef3d,0x55e97b7229f15ca5a8fa3a4f28340e01761e4c62977dcd0e43c5a9b59b4f9826,1784220779,2026-07-16T16:52:59Z,294402942,26707105,60000000
25546547,0x6db3f0ad38b54b00ff8e2f8405245ec178f2e13260c0624fb3c5c1aa7f98a90f,0x2f08640806dbc857751fb3fe18a3ad80dd1327771cde39040b8c7e92526aef3d,1784220791,2026-07-16T16:53:11Z,290363618,24236269,60000000
25546548,0x5dfb02756afff627b44a43736f277e78884e1cc8320a3b4a988d697d5e914659,0x6db3f0ad38b54b00ff8e2f8405245ec178f2e13260c0624fb3c5c1aa7f98a90f,1784220803,2026-07-16T16:53:23Z,283390378,22018494,60000000
25546549,0x7c9f4745a467d4628a7f2038f4e524e03aed646d59bcb5daecdd80e46da1782e,0x5dfb02756afff627b44a43736f277e78884e1cc8320a3b4a988d697d5e914659,1784220815,2026-07-16T16:53:35Z,273965870,29309981,60000000
25546550,0x11df77ef931100b59736fa609c035fb8db3fe3624bbd99c75daac1485a0a27ee,0x7c9f4745a467d4628a7f2038f4e524e03aed646d59bcb5daecdd80e46da1782e,1784220827,2026-07-16T16:53:47Z,273178197,18855006,60000000
25546551,0xab1fcb9b0c43a63366901c5cacf631ac05b4c3c961f7ddc77a3550391f7b1df1,0x11df77ef931100b59736fa609c035fb8db3fe3624bbd99c75daac1485a0a27ee,1784220839,2026-07-16T16:53:59Z,260492492,19768478,60000000
25546552,0xc9fc916d560ef78d67a9bf3ce65f73e3a1bec1a369bbe88fd545ba8b73d9484c,0xab1fcb9b0c43a63366901c5cacf631ac05b4c3c961f7ddc77a3550391f7b1df1,1784220851,2026-07-16T16:54:11Z,249387348,27724638,60000000
25546553,0x23770c253ea51b452bf764c3240c94654e9f4a0ec97758d787d30dd035b7a9b0,0xc9fc916d560ef78d67a9bf3ce65f73e3a1bec1a369bbe88fd545ba8b73d9484c,1784220863,2026-07-16T16:54:23Z,247022988,10289797,60000000
25546554,0xfc19b0c1c34c610160e6df000534388702905ef0717bda5b67a1bb168595bed4,0x23770c253ea51b452bf764c3240c94654e9f4a0ec97758d787d30dd035b7a9b0,1784220875,2026-07-16T16:54:35Z,226736017,38767820,60000000
25546555,0xaa71ab4c31109dd1fb983c5e57481faa49551b965657ee6a064527910cc5a54f,0xfc19b0c1c34c610160e6df000534388702905ef0717bda5b67a1bb168595bed4,1784220887,2026-07-16T16:54:47Z,235019269,26319556,60000000
