chain_id,block_number,pair_id,pair_address,token0_address,token1_address,reserve0_raw,reserve1_raw,state_quality_flag,state_source_type,last_sync_block_number,last_sync_transaction_hash,last_sync_log_index,initial_sync_matches_historical_call
1,25545556,USDC_USDT,0x3041cbd36888becc7bbcbc0045e3b1f144466f5f,0xa0b86991c6218b36c1d19d4a2e9eb0ce3606eb48,0xdac17f958d2ee523a2206206994597c13d831ec7,1667847355905,1665681492358,carried_forward,sync_log,25545276,0x70c314ed26835b70df0491d6082c086cb5590a8fe6d44aefe46351ae6f91dfb9,650,True
1,25545556,USDT_WETH,0x0d4a11d5eeaac28ec3f61d100daf4d40471f1852,0xc02aaa39b223fe8d0a0e5c4f27ead9083c756cc2,0xdac17f958d2ee523a2206206994597c13d831ec7,3921650498208409284943,7377639596297,carried_forward,sync_log,25545537,0x44fb878c2bbc24c7b2321bca4b8f017d6de7d2d6583a0ac4e8220ca5b05c7f20,213,True
1,25545556,WETH_USDC,0xb4e16d0168e52d35cacd2c6185b44281ec28c9dc,0xa0b86991c6218b36c1d19d4a2e9eb0ce3606eb48,0xc02aaa39b223fe8d0a0e5c4f27ead9083c756cc2,8789009291485,4675102558484953081945,observed_sync,sync_log,25545556,0x8376fddaaf7d66f7195b2999004b8d465c1a5141d6ce61258dfaa948348fc7b5,350,True
1,25545557,USDC_USDT,0x3041cbd36888becc7bbcbc0045e3b1f144466f5f,0xa0b86991c6218b36c1d19d4a2e9eb0ce3606eb48,0xdac17f958d2ee523a2206206994597c13d831ec7,1667847355905,1665681492358,carried_forward,sync_log,25545276,0x70c314ed26835b70df0491d6082c086cb5590a8fe6d44aefe46351ae6f91dfb9,650,True
1,25545557,USDT_WETH,0x0d4a11d5eeaac28ec3f61d100daf4d40471f1852,0xc02aaa39b223fe8d0a0e5c4f27ead9083c756cc2,0xdac17f958d2ee523a2206206994597c13d831ec7,3921650498208409284943,7377639596297,carried_forward,sync_log,25545537,0x44fb878c2bbc24c7b2321bca4b8f017d6de7d2d6583a0ac4e8220ca5b05c7f20,213,True
1,25545557,WETH_USDC,0xb4e16d0168e52d35cacd2c6185b44281ec28c9dc,0xa0b86991c6218b36c1d19d4a2e9eb0ce3606eb48,0xc02aaa39b223fe8d0a0e5c4f27ead9083c756cc2,8789009291485,4675102558484953081945,carried_forward,sync_log,25545556,0x8376fddaaf7d66f7195b2999004b8d465c1a5141d6ce61258dfaa948348fc7b5,350,True
1,25545558,USDC_USDT,0x3041cbd36888becc7bbcbc0045e3b1f144466f5f,0xa0b86991c6218b36c1d19d4a2e9eb0ce3606eb48,0xdac17f958d2ee523a2206206994597c13d831ec7,1667847355905,1665681492358,carried_forward,sync_log,25545276,0x70c314ed26835b70df0491d6082c086cb5590a8fe6d44aefe46351ae6f91dfb9,650,True
1,25545558,USDT_WETH,0x0d4a11d5eeaac28ec3f61d100daf4d40471f1852,0xc02aaa39b223fe8d0a0e5c4f27ead9083c756cc2,0xdac17f958d2ee523a2206206994597c13d831ec7,3921650498208409284943,7377639596297,carried_forward,sync_log,25545537,0x44fb878c2bbc24c7b2321bca4b8f017d6de7d2d6583a0ac4e8220ca5b05c7f20,213,True
1,25545558,WETH_USDC,0xb4e16d0168e52d35cacd2c6185b44281ec28c9dc,0xa0b86991c6218b36c1d19d4a2e9eb0ce3606eb48,0xc02aaa39b223fe8d0a0e5c4f27ead9083c756cc2,8789009291485,4675102558484953081945,carried_forward,sync_log,25545556,0x8376fddaaf7d66f7195b2999004b8d465c1a5141d6ce61258dfaa948348fc7b5,350,True
1,25545559,USDC_USDT,0x3041cbd36888becc7bbcbc0045e3b1f144466f5f,0xa0b86991c6218b36c1d19d4a2e9eb0ce3606eb48,0xdac17f958d2ee523a2206206994597c13d831ec7,1667847355905,1665681492358,carried_forward,sync_log,25545276,0x70c314ed26835b70df0491d6082c086cb5590a8fe6d44aefe46351ae6f91dfb9,650,True
1,25545559,USDT_WETH,0x0d4a11d5eeaac28ec3f61d100daf4d40471f1852,0xc02aaa39b223fe8d0a0e5c4f27ead9083c756cc2,0xdac17f958d2ee523a2206206994597c13d831ec7,3921650498208409284943,7377639596297,carried_forward,sync_log,25545537,0x44fb878c2bbc24c7b2321bca4b8f017d6de7d2d6583a0ac4e8220ca5b05c7f20,213,True
1,25545559,WETH_USDC,0xb4e16d0168e52d35cacd2c6185b44281ec28c9dc,0xa0b86991c6218b36c1d19d4a2e9eb0ce3606eb48,0xc02aaa39b223fe8d0a0e5c4f27ead9083c756cc2,8789009291485,4675102558484953081945,carried_forward,sync_log,25545556,0x8376fddaaf7d66f7195b2999004b8d465c1a5141d6ce61258dfaa948348fc7b5,350,True
1,25545560,USDC_USDT,0x3041cbd36888becc7bbcbc0045e3b1f144466f5f,0xa0b86991c6218b36c1d19d4a2e9eb0ce3606eb48,0xdac17f958d2ee523a2206206994597c13d831ec7,1667847355905,1665681492358,carried_forward,sync_log,25545276,0x70c314ed26835b70df0491d6082c086cb5590a8fe6d44aefe46351ae6f91dfb9,650,True
1,25545560,USDT_WETH,0x0d4a11d5eeaac28ec3f61d100daf4d40471f1852,0xc02aaa39b223fe8d0a0e5c4f27ead9083c756cc2,0xdac17f958d2ee523a2206206994597c13d831ec7,3921650498208409284943,7377639596297,carried_forward,sync_log,25545537,0x44fb878c2bbc24c7b2321bca4b8f017d6de7d2d6583a0ac4e8220ca5b05c7f20,213,True
1,25545560,WETH_USDC,0xb4e16d0168e52d35cacd2c6185b44281ec28c9dc,0xa0b86991c6218b36c1d19d4a2e9eb0ce3606eb48,0xc02aaa39b223fe8d0a0e5c4f27ead9083c756cc2,8789009291485,4675102558484953081945,carried_forward,sync_log,25545556,0x8376fddaaf7d66f7195b2999004b8d465c1a5141d6ce61258dfaa948348fc7b5,350,True
1,25545561,USDC_USDT,0x3041cbd36888becc7bbcbc0045e3b1f144466f5f,0xa0b86991c6218b36c1d19d4a2e9eb0ce3606eb48,0xdac17f958d2ee523a2206206994597c13d831ec7,1667847355905,1665681492358,carried_forward,sync_log,25545276,0x70c314ed26835b70df0491d6082c086cb5590a8fe6d44aefe46351ae6f91dfb9,650,True
1,25545561,USDT_WETH,0x0d4a11d5eeaac28ec3f61d100daf4d40471f1852,0xc02aaa39b223fe8d0a0e5c4f27ead9083c756cc2,0xdac17f958d2ee523a2206206994597c13d831ec7,3921650498208409284943,7377639596297,carried_forward,sync_log,25545537,0x44fb878c2bbc24c7b2321bca4b8f017d6de7d2d6583a0ac4e8220ca5b05c7f20,213,True
1,25545561,WETH_USDC,0xb4e16d0168e52d35cacd2c6185b44281ec28c9dc,0xa0b86991c6218b36c1d19d4a2e9eb0ce3606eb48,0xc02aaa39b223fe8d0a0e5c4f27ead9083c756cc2,8789009291485,4675102558484953081945,carried_forward,sync_log,25545556,0x8376fddaaf7d66f7195b2999004b8d465c1a5141d6ce61258dfaa948348fc7b5,350,True
1,25545562,USDC_USDT,0x3041cbd36888becc7bbcbc0045e3b1f144466f5f,0xa0b86991c6218b36c1d19d4a2e9eb0ce3606eb48,0xdac17f958d2ee523a2206206994597c13d831ec7,1667847355905,1665681492358,carried_forward,sync_log,25545276,0x70c314ed26835b70df0491d6082c086cb5590a8fe6d44aefe46351ae6f91dfb9,650,True
1,25545562,USDT_WETH,0x0d4a11d5eeaac28ec3f61d100daf4d40471f1852,0xc02aaa39b223fe8d0a0e5c4f27ead9083c756cc2,0xdac17f958d2ee523a2206206994597c13d831ec7,3921650498208409284943,7377639596297,carried_forward,sync_log,25545537,0x44fb878c2bbc24c7b2321bca4b8f017d6de7d2d6583a0ac4e8220ca5b05c7f20,213,True
1,25545562,WETH_USDC,0xb4e16d0168e52d35cacd2c6185b44281ec28c9dc,0xa0b86991c6218b36c1d19d4a2e9eb0ce3606eb48,0xc02aaa39b223fe8d0a0e5c4f27ead9083c756cc2,8789009291485,4675102558484953081945,carried_forward,sync_log,25545556,0x8376fddaaf7d66f7195b2999004b8d465c1a5141d6ce61258dfaa948348fc7b5,350,True
1,25545563,USDC_USDT,0x3041cbd36888becc7bbcbc0045e3b1f144466f5f,0xa0b86991c6218b36c1d19d4a2e9eb0ce3606eb48,0xdac17f958d2ee523a2206206994597c13d831ec7,1667847355905,1665681492358,carried_forward,sync_log,25545276,0x70c314ed26835b70df0491d6082c086cb5590a8fe6d44aefe46351ae6f91dfb9,650,True
1,25545563,USDT_WETH,0x0d4a11d5eeaac28ec3f61d100daf4d40471f1852,0xc02aaa39b223fe8d0a0e5c4f27ead9083c756cc2,0xdac17f958d2ee523a2206206994597c13d831ec7,3921655868268312053742,7377629524146,observed_sync,sync_log,25545563,0x3d9eb410d87409bcb4856089eee738b608d44bc20959dcaee84d3ece99693c2a,212,True
1,25545563,WETH_USDC,0xb4e16d0168e52d35cacd2c6185b44281ec28c9dc,0xa0b86991c6218b36c1d19d4a2e9eb0ce3606eb48,0xc02aaa39b223fe8d0a0e5c4f27ead9083c756cc2,8789009291485,4675102558484953081945,carried_forward,sync_log,25545556,0x8376fddaaf7d66f7195b2999004b8d465c1a5141d6ce61258dfaa948348fc7b5,350,True
1,25545564,USDC_USDT,0x3041cbd36888becc7bbcbc0045e3b1f144466f5f,0xa0b86991c6218b36c1d19d4a2e9eb0ce3606eb48,0xdac17f958d2ee523a2206206994597c13d831ec7,1667847355905,1665681492358,carried_forward,sync_log,25545276,0x70c314ed26835b70df0491d6082c086cb5590a8fe6d44aefe46351ae6f91dfb9,650,True
1,25545564,USDT_WETH,0x0d4a11d5eeaac28ec3f61d100daf4d40471f1852,0xc02aaa39b223fe8d0a0e5c4f27ead9083c756cc2,0xdac17f958d2ee523a2206206994597c13d831ec7,3921655868268312053742,7377629524146,carried_forward,sync_log,25545563,0x3d9eb410d87409bcb4856089eee738b608d44bc20959dcaee84d3ece99693c2a,212,True
1,25545564,WETH_USDC,0xb4e16d0168e52d35cacd2c6185b44281ec28c9dc,0xa0b86991c6218b36c1d19d4a2e9eb0ce3606eb48,0xc02aaa39b223fe8d0a0e5c4f27ead9083c756cc2,8789009291485,4675102558484953081945,carried_forward,sync_log,25545556,0x8376fddaaf7d66f7195b2999004b8d465c1a5141d6ce61258dfaa948348fc7b5,350,True
1,25545565,USDC_USDT,0x3041cbd36888becc7bbcbc0045e3b1f144466f5f,0xa0b86991c6218b36c1d19d4a2e9eb0ce3606eb48,0xdac17f958d2ee523a2206206994597c13d831ec7,1667847355905,1665681492358,carried_forward,sync_log,25545276,0x70c314ed26835b70df0491d6082c086cb5590a8fe6d44aefe46351ae6f91dfb9,650,True
1,25545565,USDT_WETH,0x0d4a11d5eeaac28ec3f61d100daf4d40471f1852,0xc02aaa39b223fe8d0a0e5c4f27ead9083c756cc2,0xdac17f958d2ee523a2206206994597c13d831ec7,3921655868268312053742,7377629524146,carried_forward,sync_log,25545563,0x3d9eb410d87409bcb4856089eee738b608d44bc20959dcaee84d3ece99693c2a,212,True
1,25545565,WETH_USDC,0xb4e16d0168e52d35cacd2c6185b44281ec28c9dc,0xa0b86991c6218b36c1d19d4a2e9eb0ce3606eb48,0xc02aaa39b223fe8d0a0e5c4f27ead9083c756cc2,8788968606492,4675124265110864990237,observed_sync,sync_log,25545565,0x3772db17905febe0ae5ddc4f0242925db4311d855614773c895c19914fd1b210,357,True
1,25545566,USDC_USDT,0x3041cbd36888becc7bbcbc0045e3b1f144466f5f,0xa0b86991c6218b36c1d19d4a2e9eb0ce3606eb48,0xdac17f958d2ee523a2206206994597c13d831ec7,1667847355905,1665681492358,carried_forward,sync_log,25545276,0x70c314ed26835b70df0491d6082c086cb5590a8fe6d44aefe46351ae6f91dfb9,650,True
1,25545566,USDT_WETH,0x0d4a11d5eeaac28ec3f61d100daf4d40471f1852,0xc02aaa39b223fe8d0a0e5c4f27ead9083c756cc2,0xdac17f958d2ee523a2206206994597c13d831ec7,3921655868268312053742,7377629524146,carried_forward,sync_log,25545563,0x3d9eb410d87409bcb4856089eee738b608d44bc20959dcaee84d3ece99693c2a,212,True
1,25545566,WETH_USDC,0xb4e16d0168e52d35cacd2c6185b44281ec28c9dc,0xa0b86991c6218b36c1d19d4a2e9eb0ce3606eb48,0xc02aaa39b223fe8d0a0e5c4f27ead9083c756cc2,8788968606492,4675124265110864990237,carried_forward,sync_log,25545565,0x3772db17905febe0ae5ddc4f0242925db4311d855614773c895c19914fd1b210,357,True
1,25545567,USDC_USDT,0x3041cbd36888becc7bbcbc0045e3b1f144466f5f,0xa0b86991c6218b36c1d19d4a2e9eb0ce3606eb48,0xdac17f958d2ee523a2206206994597c13d831ec7,1667847355905,1665681492358,carried_forward,sync_log,25545276,0x70c314ed26835b70df0491d6082c086cb5590a8fe6d44aefe46351ae6f91dfb9,650,True
1,25545567,USDT_WETH,0x0d4a11d5eeaac28ec3f61d100daf4d40471f1852,0xc02aaa39b223fe8d0a0e5c4f27ead9083c756cc2,0xdac17f958d2ee523a2206206994597c13d831ec7,3921655868268312053742,7377629524146,carried_forward,sync_log,25545563,0x3d9eb410d87409bcb4856089eee738b608d44bc20959dcaee84d3ece99693c2a,212,True
1,25545567,WETH_USDC,0xb4e16d0168e52d35cacd2c6185b44281ec28c9dc,0xa0b86991c6218b36c1d19d4a2e9eb0ce3606eb48,0xc02aaa39b223fe8d0a0e5c4f27ead9083c756cc2,8788968606492,4675124265110864990237,carried_forward,sync_log,25545565,0x3772db17905febe0ae5ddc4f0242925db4311d855614773c895c19914fd1b210,357,True
1,25545568,USDC_USDT,0x3041cbd36888becc7bbcbc0045e3b1f144466f5f,0xa0b86991c6218b36c1d19d4a2e9eb0ce3606eb48,0xdac17f958d2ee523a2206206994597c13d831ec7,1667847355905,1665681492358,carried_forward,sync_log,25545276,0x70c314ed26835b70df0491d6082c086cb5590a8fe6d44aefe46351ae6f91dfb9,650,True
1,25545568,USDT_WETH,0x0d4a11d5eeaac28ec3f61d100daf4d40471f1852,0xc02aaa39b223fe8d0a0e5c4f27ead9083c756cc2,0xdac17f958d2ee523a2206206994597c13d831ec7,3921047476461740036820,7378777685541,observed_sync,sync_log,25545568,0x6750ca877b7c20e7c3b227a24f8cfc94e703fd8f3a95c618d8c8131c990ba579,259,True
1,25545568,WETH_USDC,0xb4e16d0168e52d35cacd2c6185b44281ec28c9dc,0xa0b86991c6218b36c1d19d4a2e9eb0ce3606eb48,0xc02aaa39b223fe8d0a0e5c4f27ead9083c756cc2,8790562880573,4674278918425209405584,observed_sync,sync_log,25545568,0x6750ca877b7c20e7c3b227a24f8cfc94e703fd8f3a95c618d8c8131c990ba579,219,True
1,25545569,USDC_USDT,0x3041cbd36888becc7bbcbc0045e3b1f144466f5f,0xa0b86991c6218b36c1d19d4a2e9eb0ce3606eb48,0xdac17f958d2ee523a2206206994597c13d831ec7,1667847355905,1665681492358,carried_forward,sync_log,25545276,0x70c314ed26835b70df0491d6082c086cb5590a8fe6d44aefe46351ae6f91dfb9,650,True
1,25545569,USDT_WETH,0x0d4a11d5eeaac28ec3f61d100daf4d40471f1852,0xc02aaa39b223fe8d0a0e5c4f27ead9083c756cc2,0xdac17f958d2ee523a2206206994597c13d831ec7,3921047476461740036820,7378777685541,carried_forward,sync_log,25545568,0x6750ca877b7c20e7c3b227a24f8cfc94e703fd8f3a95c618d8c8131c990ba579,259,True
1,25545569,WETH_USDC,0xb4e16d0168e52d35cacd2c6185b44281ec28c9dc,0xa0b86991c6218b36c1d19d4a2e9eb0ce3606eb48,0xc02aaa39b223fe8d0a0e5c4f27ead9083c756cc2,8790562880573,4674278918425209405584,carried_forward,sync_log,25545568,0x6750ca877b7c20e7c3b227a24f8cfc94e703fd8f3a95c618d8c8131c990ba579,219,True
1,25545570,USDC_USDT,0x3041cbd36888becc7bbcbc0045e3b1f144466f5f,0xa0b86991c6218b36c1d19d4a2e9eb0ce3606eb48,0xdac17f958d2ee523a2206206994597c13d831ec7,1667847355905,1665681492358,carried_forward,sync_log,25545276,0x70c314ed26835b70df0491d6082c086cb5590a8fe6d44aefe46351ae6f91dfb9,650,True
1,25545570,USDT_WETH,0x0d4a11d5eeaac28ec3f61d100daf4d40471f1852,0xc02aaa39b223fe8d0a0e5c4f27ead9083c756cc2,0xdac17f958d2ee523a2206206994597c13d831ec7,3921047476461740036820,7378777685541,carried_forward,sync_log,25545568,0x6750ca877b7c20e7c3b227a24f8cfc94e703fd8f3a95c618d8c8131c990ba579,259,True
1,25545570,WETH_USDC,0xb4e16d0168e52d35cacd2c6185b44281ec28c9dc,0xa0b86991c6218b36c1d19d4a2e9eb0ce3606eb48,0xc02aaa39b223fe8d0a0e5c4f27ead9083c756cc2,8790562880573,4674278918425209405584,carried_forward,sync_log,25545568,0x6750ca877b7c20e7c3b227a24f8cfc94e703fd8f3a95c618d8c8131c990ba579,219,True
1,25545571,USDC_USDT,0x3041cbd36888becc7bbcbc0045e3b1f144466f5f,0xa0b86991c6218b36c1d19d4a2e9eb0ce3606eb48,0xdac17f958d2ee523a2206206994597c13d831ec7,1667847355905,1665681492358,carried_forward,sync_log,25545276,0x70c314ed26835b70df0491d6082c086cb5590a8fe6d44aefe46351ae6f91dfb9,650,True
1,25545571,USDT_WETH,0x0d4a11d5eeaac28ec3f61d100daf4d40471f1852,0xc02aaa39b223fe8d0a0e5c4f27ead9083c756cc2,0xdac17f958d2ee523a2206206994597c13d831ec7,3917951769048401373898,7384625455304,observed_sync,sync_log,25545571,0xab4d7c56dd9be8c998959e2b0a4b78fa79ee374a1b0a0e65960f64ab62fc4d4f,652,True
1,25545571,WETH_USDC,0xb4e16d0168e52d35cacd2c6185b44281ec28c9dc,0xa0b86991c6218b36c1d19d4a2e9eb0ce3606eb48,0xc02aaa39b223fe8d0a0e5c4f27ead9083c756cc2,8794016743113,4672448594087362492995,observed_sync,sync_log,25545571,0xe1f740336f4f10504c1d786f6317437aee5a8eeeda07da197515edad7ccdca7f,108,True
1,25545572,USDC_USDT,0x3041cbd36888becc7bbcbc0045e3b1f144466f5f,0xa0b86991c6218b36c1d19d4a2e9eb0ce3606eb48,0xdac17f958d2ee523a2206206994597c13d831ec7,1667847355905,1665681492358,carried_forward,sync_log,25545276,0x70c314ed26835b70df0491d6082c086cb5590a8fe6d44aefe46351ae6f91dfb9,650,True
1,25545572,USDT_WETH,0x0d4a11d5eeaac28ec3f61d100daf4d40471f1852,0xc02aaa39b223fe8d0a0e5c4f27ead9083c756cc2,0xdac17f958d2ee523a2206206994597c13d831ec7,3917951769048401373898,7384625455304,carried_forward,sync_log,25545571,0xab4d7c56dd9be8c998959e2b0a4b78fa79ee374a1b0a0e65960f64ab62fc4d4f,652,True
1,25545572,WETH_USDC,0xb4e16d0168e52d35cacd2c6185b44281ec28c9dc,0xa0b86991c6218b36c1d19d4a2e9eb0ce3606eb48,0xc02aaa39b223fe8d0a0e5c4f27ead9083c756cc2,8794016743113,4672448594087362492995,carried_forward,sync_log,25545571,0xe1f740336f4f10504c1d786f6317437aee5a8eeeda07da197515edad7ccdca7f,108,True
1,25545573,USDC_USDT,0x3041cbd36888becc7bbcbc0045e3b1f144466f5f,0xa0b86991c6218b36c1d19d4a2e9eb0ce3606eb48,0xdac17f958d2ee523a2206206994597c13d831ec7,1667847355905,1665681492358,carried_forward,sync_log,25545276,0x70c314ed26835b70df0491d6082c086cb5590a8fe6d44aefe46351ae6f91dfb9,650,True
1,25545573,USDT_WETH,0x0d4a11d5eeaac28ec3f61d100daf4d40471f1852,0xc02aaa39b223fe8d0a0e5c4f27ead9083c756cc2,0xdac17f958d2ee523a2206206994597c13d831ec7,3917951769048401373898,7384625455304,carried_forward,sync_log,25545571,0xab4d7c56dd9be8c998959e2b0a4b78fa79ee374a1b0a0e65960f64ab62fc4d4f,652,True
1,25545573,WETH_USDC,0xb4e16d0168e52d35cacd2c6185b44281ec28c9dc,0xa0b86991c6218b36c1d19d4a2e9eb0ce3606eb48,0xc02aaa39b223fe8d0a0e5c4f27ead9083c756cc2,8794016743113,4672448594087362492995,carried_forward,sync_log,25545571,0xe1f740336f4f10504c1d786f6317437aee5a8eeeda07da197515edad7ccdca7f,108,True
1,25545574,USDC_USDT,0x3041cbd36888becc7bbcbc0045e3b1f144466f5f,0xa0b86991c6218b36c1d19d4a2e9eb0ce3606eb48,0xdac17f958d2ee523a2206206994597c13d831ec7,1667847355905,1665681492358,carried_forward,sync_log,25545276,0x70c314ed26835b70df0491d6082c086cb5590a8fe6d44aefe46351ae6f91dfb9,650,True
1,25545574,USDT_WETH,0x0d4a11d5eeaac28ec3f61d100daf4d40471f1852,0xc02aaa39b223fe8d0a0e5c4f27ead9083c756cc2,0xdac17f958d2ee523a2206206994597c13d831ec7,3917951769048401373898,7384625455304,carried_forward,sync_log,25545571,0xab4d7c56dd9be8c998959e2b0a4b78fa79ee374a1b0a0e65960f64ab62fc4d4f,652,True
1,25545574,WETH_USDC,0xb4e16d0168e52d35cacd2c6185b44281ec28c9dc,0xa0b86991c6218b36c1d19d4a2e9eb0ce3606eb48,0xc02aaa39b223fe8d0a0e5c4f27ead9083c756cc2,8794016743113,4672448594087362492995,carried_forward,sync_log,25545571,0xe1f740336f4f10504c1d786f6317437aee5a8eeeda07da197515edad7ccdca7f,108,True
1,25545575,USDC_USDT,0x3041cbd36888becc7bbcbc0045e3b1f144466f5f,0xa0b86991c6218b36c1d19d4a2e9eb0ce3606eb48,0xdac17f958d2ee523a2206206994597c13d831ec7,1667847355905,1665681492358,carried_forward,sync_log,25545276,0x70c314ed26835b70df0491d6082c086cb5590a8fe6d44aefe46351ae6f91dfb9,650,True
1,25545575,USDT_WETH,0x0d4a11d5eeaac28ec3f61d100daf4d40471f1852,0xc02aaa39b223fe8d0a0e5c4f27ead9083c756cc2,0xdac17f958d2ee523a2206206994597c13d831ec7,3917951769048401373898,7384625455304,carried_forward,sync_log,25545571,0xab4d7c56dd9be8c998959e2b0a4b78fa79ee374a1b0a0e65960f64ab62fc4d4f,652,True
1,25545575,WETH_USDC,0xb4e16d0168e52d35cacd2c6185b44281ec28c9dc,0xa0b86991c6218b36c1d19d4a2e9eb0ce3606eb48,0xc02aaa39b223fe8d0a0e5c4f27ead9083c756cc2,8794016743113,4672448594087362492995,carried_forward,sync_log,25545571,0xe1f740336f4f10504c1d786f6317437aee5a8eeeda07da197515edad7ccdca7f,108,True
1,25545576,USDC_USDT,0x3041cbd36888becc7bbcbc0045e3b1f144466f5f,0xa0b86991c6218b36c1d19d4a2e9eb0ce3606eb48,0xdac17f958d2ee523a2206206994597c13d831ec7,1667847355905,1665681492358,carried_forward,sync_log,25545276,0x70c314ed26835b70df0491d6082c086cb5590a8fe6d44aefe46351ae6f91dfb9,650,True
1,25545576,USDT_WETH,0x0d4a11d5eeaac28ec3f61d100daf4d40471f1852,0xc02aaa39b223fe8d0a0e5c4f27ead9083c756cc2,0xdac17f958d2ee523a2206206994597c13d831ec7,3917951769048401373898,7384625455304,carried_forward,sync_log,25545571,0xab4d7c56dd9be8c998959e2b0a4b78fa79ee374a1b0a0e65960f64ab62fc4d4f,652,True
1,25545576,WETH_USDC,0xb4e16d0168e52d35cacd2c6185b44281ec28c9dc,0xa0b86991c6218b36c1d19d4a2e9eb0ce3606eb48,0xc02aaa39b223fe8d0a0e5c4f27ead9083c756cc2,8794016743113,4672448594087362492995,carried_forward,sync_log,25545571,0xe1f740336f4f10504c1d786f6317437aee5a8eeeda07da197515edad7ccdca7f,108,True
1,25545577,USDC_USDT,0x3041cbd36888becc7bbcbc0045e3b1f144466f5f,0xa0b86991c6218b36c1d19d4a2e9eb0ce3606eb48,0xdac17f958d2ee523a2206206994597c13d831ec7,1667847355905,1665681492358,carried_forward,sync_log,25545276,0x70c314ed26835b70df0491d6082c086cb5590a8fe6d44aefe46351ae6f91dfb9,650,True
1,25545577,USDT_WETH,0x0d4a11d5eeaac28ec3f61d100daf4d40471f1852,0xc02aaa39b223fe8d0a0e5c4f27ead9083c756cc2,0xdac17f958d2ee523a2206206994597c13d831ec7,3917951769048401373898,7384625455304,carried_forward,sync_log,25545571,0xab4d7c56dd9be8c998959e2b0a4b78fa79ee374a1b0a0e65960f64ab62fc4d4f,652,True
1,25545577,WETH_USDC,0xb4e16d0168e52d35cacd2c6185b44281ec28c9dc,0xa0b86991c6218b36c1d19d4a2e9eb0ce3606eb48,0xc02aaa39b223fe8d0a0e5c4f27ead9083c756cc2,8794016743113,4672448594087362492995,carried_forward,sync_log,25545571,0xe1f740336f4f10504c1d786f6317437aee5a8eeeda07da197515edad7ccdca7f,108,True
1,25545578,USDC_USDT,0x3041cbd36888becc7bbcbc0045e3b1f144466f5f,0xa0b86991c6218b36c1d19d4a2e9eb0ce3606eb48,0xdac17f958d2ee523a2206206994597c13d831ec7,1667847355905,1665681492358,carried_forward,sync_log,25545276,0x70c314ed26835b70df0491d6082c086cb5590a8fe6d44aefe46351ae6f91dfb9,650,True
1,25545578,USDT_WETH,0x0d4a11d5eeaac28ec3f61d100daf4d40471f1852,0xc02aaa39b223fe8d0a0e5c4f27ead9083c756cc2,0xdac17f958d2ee523a2206206994597c13d831ec7,3917951769048401373898,7384625455304,carried_forward,sync_log,25545571,0xab4d7c56dd9be8c998959e2b0a4b78fa79ee374a1b0a0e65960f64ab62fc4d4f,652,True
1,25545578,WETH_USDC,0xb4e16d0168e52d35cacd2c6185b44281ec28c9dc,0xa0b86991c6218b36c1d19d4a2e9eb0ce3606eb48,0xc02aaa39b223fe8d0a0e5c4f27ead9083c756cc2,8794016743113,4672448594087362492995,carried_forward,sync_log,25545571,0xe1f740336f4f10504c1d786f6317437aee5a8eeeda07da197515edad7ccdca7f,108,True
1,25545579,USDC_USDT,0x3041cbd36888becc7bbcbc0045e3b1f144466f5f,0xa0b86991c6218b36c1d19d4a2e9eb0ce3606eb48,0xdac17f958d2ee523a2206206994597c13d831ec7,1667847355905,1665681492358,carried_forward,sync_log,25545276,0x70c314ed26835b70df0491d6082c086cb5590a8fe6d44aefe46351ae6f91dfb9,650,True
1,25545579,USDT_WETH,0x0d4a11d5eeaac28ec3f61d100daf4d40471f1852,0xc02aaa39b223fe8d0a0e5c4f27ead9083c756cc2,0xdac17f958d2ee523a2206206994597c13d831ec7,3917951769048401373898,7384625455304,carried_forward,sync_log,25545571,0xab4d7c56dd9be8c998959e2b0a4b78fa79ee374a1b0a0e65960f64ab62fc4d4f,652,True
1,25545579,WETH_USDC,0xb4e16d0168e52d35cacd2c6185b44281ec28c9dc,0xa0b86991c6218b36c1d19d4a2e9eb0ce3606eb48,0xc02aaa39b223fe8d0a0e5c4f27ead9083c756cc2,8794016743113,4672448594087362492995,carried_forward,sync_log,25545571,0xe1f740336f4f10504c1d786f6317437aee5a8eeeda07da197515edad7ccdca7f,108,True
1,25545580,USDC_USDT,0x3041cbd36888becc7bbcbc0045e3b1f144466f5f,0xa0b86991c6218b36c1d19d4a2e9eb0ce3606eb48,0xdac17f958d2ee523a2206206994597c13d831ec7,1667847355905,1665681492358,carried_forward,sync_log,25545276,0x70c314ed26835b70df0491d6082c086cb5590a8fe6d44aefe46351ae6f91dfb9,650,True
1,25545580,USDT_WETH,0x0d4a11d5eeaac28ec3f61d100daf4d40471f1852,0xc02aaa39b223fe8d0a0e5c4f27ead9083c756cc2,0xdac17f958d2ee523a2206206994597c13d831ec7,3917978130218590062148,7384575918691,observed_sync,sync_log,25545580,0x57dce147e6a38b1b0ccff5949f681d2650da822758bbad3b99ac337d55247cc5,612,True
1,25545580,WETH_USDC,0xb4e16d0168e52d35cacd2c6185b44281ec28c9dc,0xa0b86991c6218b36c1d19d4a2e9eb0ce3606eb48,0xc02aaa39b223fe8d0a0e5c4f27ead9083c756cc2,8794016743113,4672448594087362492995,carried_forward,sync_log,25545571,0xe1f740336f4f10504c1d786f6317437aee5a8eeeda07da197515edad7ccdca7f,108,True
1,25545581,USDC_USDT,0x3041cbd36888becc7bbcbc0045e3b1f144466f5f,0xa0b86991c6218b36c1d19d4a2e9eb0ce3606eb48,0xdac17f958d2ee523a2206206994597c13d831ec7,1667847355905,1665681492358,carried_forward,sync_log,25545276,0x70c314ed26835b70df0491d6082c086cb5590a8fe6d44aefe46351ae6f91dfb9,650,True
1,25545581,USDT_WETH,0x0d4a11d5eeaac28ec3f61d100daf4d40471f1852,0xc02aaa39b223fe8d0a0e5c4f27ead9083c756cc2,0xdac17f958d2ee523a2206206994597c13d831ec7,3917978130218590062148,7384575918691,carried_forward,sync_log,25545580,0x57dce147e6a38b1b0ccff5949f681d2650da822758bbad3b99ac337d55247cc5,612,True
1,25545581,WETH_USDC,0xb4e16d0168e52d35cacd2c6185b44281ec28c9dc,0xa0b86991c6218b36c1d19d4a2e9eb0ce3606eb48,0xc02aaa39b223fe8d0a0e5c4f27ead9083c756cc2,8793976058120,4672470276037713346975,observed_sync,sync_log,25545581,0x943c6980e826e7c84e3a11bf973e96b12a45a266008f0cf6f8d14d61b4db5923,157,True
1,25545582,USDC_USDT,0x3041cbd36888becc7bbcbc0045e3b1f144466f5f,0xa0b86991c6218b36c1d19d4a2e9eb0ce3606eb48,0xdac17f958d2ee523a2206206994597c13d831ec7,1667847355905,1665681492358,carried_forward,sync_log,25545276,0x70c314ed26835b70df0491d6082c086cb5590a8fe6d44aefe46351ae6f91dfb9,650,True
1,25545582,USDT_WETH,0x0d4a11d5eeaac28ec3f61d100daf4d40471f1852,0xc02aaa39b223fe8d0a0e5c4f27ead9083c756cc2,0xdac17f958d2ee523a2206206994597c13d831ec7,3917978130218590062148,7384575918691,carried_forward,sync_log,25545580,0x57dce147e6a38b1b0ccff5949f681d2650da822758bbad3b99ac337d55247cc5,612,True
1,25545582,WETH_USDC,0xb4e16d0168e52d35cacd2c6185b44281ec28c9dc,0xa0b86991c6218b36c1d19d4a2e9eb0ce3606eb48,0xc02aaa39b223fe8d0a0e5c4f27ead9083c756cc2,8793976058120,4672470276037713346975,carried_forward,sync_log,25545581,0x943c6980e826e7c84e3a11bf973e96b12a45a266008f0cf6f8d14d61b4db5923,157,True
1,25545583,USDC_USDT,0x3041cbd36888becc7bbcbc0045e3b1f144466f5f,0xa0b86991c6218b36c1d19d4a2e9eb0ce3606eb48,0xdac17f958d2ee523a2206206994597c13d831ec7,1667847355905,1665681492358,carried_forward,sync_log,25545276,0x70c314ed26835b70df0491d6082c086cb5590a8fe6d44aefe46351ae6f91dfb9,650,True
1,25545583,USDT_WETH,0x0d4a11d5eeaac28ec3f61d100daf4d40471f1852,0xc02aaa39b223fe8d0a0e5c4f27ead9083c756cc2,0xdac17f958d2ee523a2206206994597c13d831ec7,3917978130218590062148,7384575918691,carried_forward,sync_log,25545580,0x57dce147e6a38b1b0ccff5949f681d2650da822758bbad3b99ac337d55247cc5,612,True
1,25545583,WETH_USDC,0xb4e16d0168e52d35cacd2c6185b44281ec28c9dc,0xa0b86991c6218b36c1d19d4a2e9eb0ce3606eb48,0xc02aaa39b223fe8d0a0e5c4f27ead9083c756cc2,8793976058120,4672470276037713346975,carried_forward,sync_log,25545581,0x943c6980e826e7c84e3a11bf973e96b12a45a266008f0cf6f8d14d61b4db5923,157,True
1,25545584,USDC_USDT,0x3041cbd36888becc7bbcbc0045e3b1f144466f5f,0xa0b86991c6218b36c1d19d4a2e9eb0ce3606eb48,0xdac17f958d2ee523a2206206994597c13d831ec7,1667847355905,1665681492358,carried_forward,sync_log,25545276,0x70c314ed26835b70df0491d6082c086cb5590a8fe6d44aefe46351ae6f91dfb9,650,True
1,25545584,USDT_WETH,0x0d4a11d5eeaac28ec3f61d100daf4d40471f1852,0xc02aaa39b223fe8d0a0e5c4f27ead9083c756cc2,0xdac17f958d2ee523a2206206994597c13d831ec7,3917978130218590062148,7384575918691,carried_forward,sync_log,25545580,0x57dce147e6a38b1b0ccff5949f681d2650da822758bbad3b99ac337d55247cc5,612,True
1,25545584,WETH_USDC,0xb4e16d0168e52d35cacd2c6185b44281ec28c9dc,0xa0b86991c6218b36c1d19d4a2e9eb0ce3606eb48,0xc02aaa39b223fe8d0a0e5c4f27ead9083c756cc2,8793976058120,4672470276037713346975,carried_forward,sync_log,25545581,0x943c6980e826e7c84e3a11bf973e96b12a45a266008f0cf6f8d14d61b4db5923,157,True
1,25545585,USDC_USDT,0x3041cbd36888becc7bbcbc0045e3b1f144466f5f,0xa0b86991c6218b36c1d19d4a2e9eb0ce3606eb48,0xdac17f958d2ee523a2206206994597c13d831ec7,1667847355905,1665681492358,carried_forward,sync_log,25545276,0x70c314ed26835b70df0491d6082c086cb5590a8fe6d44aefe46351ae6f91dfb9,650,True
1,25545585,USDT_WETH,0x0d4a11d5eeaac28ec3f61d100daf4d40471f1852,0xc02aaa39b223fe8d0a0e5c4f27ead9083c756cc2,0xdac17f958d2ee523a2206206994597c13d831ec7,3917978130218590062148,7384575918691,carried_forward,sync_log,25545580,0x57dce147e6a38b1b0ccff5949f681d2650da822758bbad3b99ac337d55247cc5,612,True
1,25545585,WETH_USDC,0xb4e16d0168e52d35cacd2c6185b44281ec28c9dc,0xa0b86991c6218b36c1d19d4a2e9eb0ce3606eb48,0xc02aaa39b223fe8d0a0e5c4f27ead9083c756cc2,8793917564588,4672501448912030034919,observed_sync,sync_log,25545585,0x35ee9c15b6110f76627c3af8f78fab433765681b5985c6228b167bb334fe73bb,1256,True
1,25545586,USDC_USDT,0x3041cbd36888becc7bbcbc0045e3b1f144466f5f,0xa0b86991c6218b36c1d19d4a2e9eb0ce3606eb48,0xdac17f958d2ee523a2206206994597c13d831ec7,1667847355905,1665681492358,carried_forward,sync_log,25545276,0x70c314ed26835b70df0491d6082c086cb5590a8fe6d44aefe46351ae6f91dfb9,650,True
1,25545586,USDT_WETH,0x0d4a11d5eeaac28ec3f61d100daf4d40471f1852,0xc02aaa39b223fe8d0a0e5c4f27ead9083c756cc2,0xdac17f958d2ee523a2206206994597c13d831ec7,3917977234052526498135,7384577612861,observed_sync,sync_log,25545586,0xadc837259586730646b8bb460577138c1dfd9e7f42355e761385af57e030ccf9,408,True
1,25545586,WETH_USDC,0xb4e16d0168e52d35cacd2c6185b44281ec28c9dc,0xa0b86991c6218b36c1d19d4a2e9eb0ce3606eb48,0xc02aaa39b223fe8d0a0e5c4f27ead9083c756cc2,8793917564588,4672501448912030034919,carried_forward,sync_log,25545585,0x35ee9c15b6110f76627c3af8f78fab433765681b5985c6228b167bb334fe73bb,1256,True
1,25545587,USDC_USDT,0x3041cbd36888becc7bbcbc0045e3b1f144466f5f,0xa0b86991c6218b36c1d19d4a2e9eb0ce3606eb48,0xdac17f958d2ee523a2206206994597c13d831ec7,1667847355905,1665681492358,carried_forward,sync_log,25545276,0x70c314ed26835b70df0491d6082c086cb5590a8fe6d44aefe46351ae6f91dfb9,650,True
1,25545587,USDT_WETH,0x0d4a11d5eeaac28ec3f61d100daf4d40471f1852,0xc02aaa39b223fe8d0a0e5c4f27ead9083c756cc2,0xdac17f958d2ee523a2206206994597c13d831ec7,3917977234052526498135,7384577612861,carried_forward,sync_log,25545586,0xadc837259586730646b8bb460577138c1dfd9e7f42355e761385af57e030ccf9,408,True
1,25545587,WETH_USDC,0xb4e16d0168e52d35cacd2c6185b44281ec28c9dc,0xa0b86991c6218b36c1d19d4a2e9eb0ce3606eb48,0xc02aaa39b223fe8d0a0e5c4f27ead9083c756cc2,8793917564588,4672501448912030034919,carried_forward,sync_log,25545585,0x35ee9c15b6110f76627c3af8f78fab433765681b5985c6228b167bb334fe73bb,1256,True
1,25545588,USDC_USDT,0x3041cbd36888becc7bbcbc0045e3b1f144466f5f,0xa0b86991c6218b36c1d19d4a2e9eb0ce3606eb48,0xdac17f958d2ee523a2206206994597c13d831ec7,1667847355905,1665681492358,carried_forward,sync_log,25545276,0x70c314ed26835b70df0491d6082c086cb5590a8fe6d44aefe46351ae6f91dfb9,650,True
1,25545588,USDT_WETH,0x0d4a11d5eeaac28ec3f61d100daf4d40471f1852,0xc02aaa39b223fe8d0a0e5c4f27ead9083c756cc2,0xdac17f958d2ee523a2206206994597c13d831ec7,3917977234052526498135,7384577612861,carried_forward,sync_log,25545586,0xadc837259586730646b8bb460577138c1dfd9e7f42355e761385af57e030ccf9,408,True
1,25545588,WETH_USDC,0xb4e16d0168e52d35cacd2c6185b44281ec28c9dc,0xa0b86991c6218b36c1d19d4a2e9eb0ce3606eb48,0xc02aaa39b223fe8d0a0e5c4f27ead9083c756cc2,8793917564588,4672501448912030034919,carried_forward,sync_log,25545585,0x35ee9c15b6110f76627c3af8f78fab433765681b5985c6228b167bb334fe73bb,1256,True
1,25545589,USDC_USDT,0x3041cbd36888becc7bbcbc0045e3b1f144466f5f,0xa0b86991c6218b36c1d19d4a2e9eb0ce3606eb48,0xdac17f958d2ee523a2206206994597c13d831ec7,1667847355905,1665681492358,carried_forward,sync_log,25545276,0x70c314ed26835b70df0491d6082c086cb5590a8fe6d44aefe46351ae6f91dfb9,650,True
1,25545589,USDT_WETH,0x0d4a11d5eeaac28ec3f61d100daf4d40471f1852,0xc02aaa39b223fe8d0a0e5c4f27ead9083c756cc2,0xdac17f958d2ee523a2206206994597c13d831ec7,3917977234052526498135,7384577612861,carried_forward,sync_log,25545586,0xadc837259586730646b8bb460577138c1dfd9e7f42355e761385af57e030ccf9,408,True
1,25545589,WETH_USDC,0xb4e16d0168e52d35cacd2c6185b44281ec28c9dc,0xa0b86991c6218b36c1d19d4a2e9eb0ce3606eb48,0xc02aaa39b223fe8d0a0e5c4f27ead9083c756cc2,8793917564588,4672501448912030034919,carried_forward,sync_log,25545585,0x35ee9c15b6110f76627c3af8f78fab433765681b5985c6228b167bb334fe73bb,1256,True
1,25545590,USDC_USDT,0x3041cbd36888becc7bbcbc0045e3b1f144466f5f,0xa0b86991c6218b36c1d19d4a2e9eb0ce3606eb48,0xdac17f958d2ee523a2206206994597c13d831ec7,1667847355905,1665681492358,carried_forward,sync_log,25545276,0x70c314ed26835b70df0491d6082c086cb5590a8fe6d44aefe46351ae6f91dfb9,650,True
1,25545590,USDT_WETH,0x0d4a11d5eeaac28ec3f61d100daf4d40471f1852,0xc02aaa39b223fe8d0a0e5c4f27ead9083c756cc2,0xdac17f958d2ee523a2206206994597c13d831ec7,3917977234052526498135,7384577612861,carried_forward,sync_log,25545586,0xadc837259586730646b8bb460577138c1dfd9e7f42355e761385af57e030ccf9,408,True
1,25545590,WETH_USDC,0xb4e16d0168e52d35cacd2c6185b44281ec28c9dc,0xa0b86991c6218b36c1d19d4a2e9eb0ce3606eb48,0xc02aaa39b223fe8d0a0e5c4f27ead9083c756cc2,8793917564588,4672501448912030034919,carried_forward,sync_log,25545585,0x35ee9c15b6110f76627c3af8f78fab433765681b5985c6228b167bb334fe73bb,1256,True
1,25545591,USDC_USDT,0x3041cbd36888becc7bbcbc0045e3b1f144466f5f,0xa0b86991c6218b36c1d19d4a2e9eb0ce3606eb48,0xdac17f958d2ee523a2206206994597c13d831ec7,1667847355905,1665681492358,carried_forward,sync_log,25545276,0x70c314ed26835b70df0491d6082c086cb5590a8fe6d44aefe46351ae6f91dfb9,650,True
1,25545591,USDT_WETH,0x0d4a11d5eeaac28ec3f61d100daf4d40471f1852,0xc02aaa39b223fe8d0a0e5c4f27ead9083c756cc2,0xdac17f958d2ee523a2206206994597c13d831ec7,3917977234052526498135,7384577612861,carried_forward,sync_log,25545586,0xadc837259586730646b8bb460577138c1dfd9e7f42355e761385af57e030ccf9,408,True
1,25545591,WETH_USDC,0xb4e16d0168e52d35cacd2c6185b44281ec28c9dc,0xa0b86991c6218b36c1d19d4a2e9eb0ce3606eb48,0xc02aaa39b223fe8d0a0e5c4f27ead9083c756cc2,8793917564588,4672501448912030034919,carried_forward,sync_log,25545585,0x35ee9c15b6110f76627c3af8f78fab433765681b5985c6228b167bb334fe73bb,1256,True
1,25545592,USDC_USDT,0x3041cbd36888becc7bbcbc0045e3b1f144466f5f,0xa0b86991c6218b36c1d19d4a2e9eb0ce3606eb48,0xdac17f958d2ee523a2206206994597c13d831ec7,1667847355905,1665681492358,carried_forward,sync_log,25545276,0x70c314ed26835b70df0491d6082c086cb5590a8fe6d44aefe46351ae6f91dfb9,650,True
1,25545592,USDT_WETH,0x0d4a11d5eeaac28ec3f61d100daf4d40471f1852,0xc02aaa39b223fe8d0a0e5c4f27ead9083c756cc2,0xdac17f958d2ee523a2206206994597c13d831ec7,3917977234052526498135,7384577612861,carried_forward,sync_log,25545586,0xadc837259586730646b8bb460577138c1dfd9e7f42355e761385af57e030ccf9,408,True
1,25545592,WETH_USDC,0xb4e16d0168e52d35cacd2c6185b44281ec28c9dc,0xa0b86991c6218b36c1d19d4a2e9eb0ce3606eb48,0xc02aaa39b223fe8d0a0e5c4f27ead9083c756cc2,8793917564588,4672501448912030034919,carried_forward,sync_log,25545585,0x35ee9c15b6110f76627c3af8f78fab433765681b5985c6228b167bb334fe73bb,1256,True
1,25545593,USDC_USDT,0x3041cbd36888becc7bbcbc0045e3b1f144466f5f,0xa0b86991c6218b36c1d19d4a2e9eb0ce3606eb48,0xdac17f958d2ee523a2206206994597c13d831ec7,1667847355905,1665681492358,carried_forward,sync_log,25545276,0x70c314ed26835b70df0491d6082c086cb5590a8fe6d44aefe46351ae6f91dfb9,650,True
1,25545593,USDT_WETH,0x0d4a11d5eeaac28ec3f61d100daf4d40471f1852,0xc02aaa39b223fe8d0a0e5c4f27ead9083c756cc2,0xdac17f958d2ee523a2206206994597c13d831ec7,3917977234052526498135,7384577612861,carried_forward,sync_log,25545586,0xadc837259586730646b8bb460577138c1dfd9e7f42355e761385af57e030ccf9,408,True
1,25545593,WETH_USDC,0xb4e16d0168e52d35cacd2c6185b44281ec28c9dc,0xa0b86991c6218b36c1d19d4a2e9eb0ce3606eb48,0xc02aaa39b223fe8d0a0e5c4f27ead9083c756cc2,8793917564588,4672501448912030034919,carried_forward,sync_log,25545585,0x35ee9c15b6110f76627c3af8f78fab433765681b5985c6228b167bb334fe73bb,1256,True
1,25545594,USDC_USDT,0x3041cbd36888becc7bbcbc0045e3b1f144466f5f,0xa0b86991c6218b36c1d19d4a2e9eb0ce3606eb48,0xdac17f958d2ee523a2206206994597c13d831ec7,1667847355905,1665681492358,carried_forward,sync_log,25545276,0x70c314ed26835b70df0491d6082c086cb5590a8fe6d44aefe46351ae6f91dfb9,650,True
1,25545594,USDT_WETH,0x0d4a11d5eeaac28ec3f61d100daf4d40471f1852,0xc02aaa39b223fe8d0a0e5c4f27ead9083c756cc2,0xdac17f958d2ee523a2206206994597c13d831ec7,3917977234052526498135,7384577612861,carried_forward,sync_log,25545586,0xadc837259586730646b8bb460577138c1dfd9e7f42355e761385af57e030ccf9,408,True
1,25545594,WETH_USDC,0xb4e16d0168e52d35cacd2c6185b44281ec28c9dc,0xa0b86991c6218b36c1d19d4a2e9eb0ce3606eb48,0xc02aaa39b223fe8d0a0e5c4f27ead9083c756cc2,8793917564588,4672501448912030034919,carried_forward,sync_log,25545585,0x35ee9c15b6110f76627c3af8f78fab433765681b5985c6228b167bb334fe73bb,1256,True
1,25545595,USDC_USDT,0x3041cbd36888becc7bbcbc0045e3b1f144466f5f,0xa0b86991c6218b36c1d19d4a2e9eb0ce3606eb48,0xdac17f958d2ee523a2206206994597c13d831ec7,1667847355905,1665681492358,carried_forward,sync_log,25545276,0x70c314ed26835b70df0491d6082c086cb5590a8fe6d44aefe46351ae6f91dfb9,650,True
1,25545595,USDT_WETH,0x0d4a11d5eeaac28ec3f61d100daf4d40471f1852,0xc02aaa39b223fe8d0a0e5c4f27ead9083c756cc2,0xdac17f958d2ee523a2206206994597c13d831ec7,3917977234052526498135,7384577612861,carried_forward,sync_log,25545586,0xadc837259586730646b8bb460577138c1dfd9e7f42355e761385af57e030ccf9,408,True
1,25545595,WETH_USDC,0xb4e16d0168e52d35cacd2c6185b44281ec28c9dc,0xa0b86991c6218b36c1d19d4a2e9eb0ce3606eb48,0xc02aaa39b223fe8d0a0e5c4f27ead9083c756cc2,8793917564588,4672501448912030034919,carried_forward,sync_log,25545585,0x35ee9c15b6110f76627c3af8f78fab433765681b5985c6228b167bb334fe73bb,1256,True
1,25545596,USDC_USDT,0x3041cbd36888becc7bbcbc0045e3b1f144466f5f,0xa0b86991c6218b36c1d19d4a2e9eb0ce3606eb48,0xdac17f958d2ee523a2206206994597c13d831ec7,1667847355905,1665681492358,carried_forward,sync_log,25545276,0x70c314ed26835b70df0491d6082c086cb5590a8fe6d44aefe46351ae6f91dfb9,650,True
1,25545596,USDT_WETH,0x0d4a11d5eeaac28ec3f61d100daf4d40471f1852,0xc02aaa39b223fe8d0a0e5c4f27ead9083c756cc2,0xdac17f958d2ee523a2206206994597c13d831ec7,3917977234052526498135,7384577612861,carried_forward,sync_log,25545586,0xadc837259586730646b8bb460577138c1dfd9e7f42355e761385af57e030ccf9,408,True
1,25545596,WETH_USDC,0xb4e16d0168e52d35cacd2c6185b44281ec28c9dc,0xa0b86991c6218b36c1d19d4a2e9eb0ce3606eb48,0xc02aaa39b223fe8d0a0e5c4f27ead9083c756cc2,8793917564588,4672501448912030034919,carried_forward,sync_log,25545585,0x35ee9c15b6110f76627c3af8f78fab433765681b5985c6228b167bb334fe73bb,1256,True
1,25545597,USDC_USDT,0x3041cbd36888becc7bbcbc0045e3b1f144466f5f,0xa0b86991c6218b36c1d19d4a2e9eb0ce3606eb48,0xdac17f958d2ee523a2206206994597c13d831ec7,1667847355905,1665681492358,carried_forward,sync_log,25545276,0x70c314ed26835b70df0491d6082c086cb5590a8fe6d44aefe46351ae6f91dfb9,650,True
1,25545597,USDT_WETH,0x0d4a11d5eeaac28ec3f61d100daf4d40471f1852,0xc02aaa39b223fe8d0a0e5c4f27ead9083c756cc2,0xdac17f958d2ee523a2206206994597c13d831ec7,3917977234052526498135,7384577612861,carried_forward,sync_log,25545586,0xadc837259586730646b8bb460577138c1dfd9e7f42355e761385af57e030ccf9,408,True
1,25545597,WETH_USDC,0xb4e16d0168e52d35cacd2c6185b44281ec28c9dc,0xa0b86991c6218b36c1d19d4a2e9eb0ce3606eb48,0xc02aaa39b223fe8d0a0e5c4f27ead9083c756cc2,8793917564588,4672501448912030034919,carried_forward,sync_log,25545585,0x35ee9c15b6110f76627c3af8f78fab433765681b5985c6228b167bb334fe73bb,1256,True
1,25545598,USDC_USDT,0x3041cbd36888becc7bbcbc0045e3b1f144466f5f,0xa0b86991c6218b36c1d19d4a2e9eb0ce3606eb48,0xdac17f958d2ee523a2206206994597c13d831ec7,1667847355905,1665681492358,carried_forward,sync_log,25545276,0x70c314ed26835b70df0491d6082c086cb5590a8fe6d44aefe46351ae6f91dfb9,650,True
1,25545598,USDT_WETH,0x0d4a11d5eeaac28ec3f61d100daf4d40471f1852,0xc02aaa39b223fe8d0a0e5c4f27ead9083c756cc2,0xdac17f958d2ee523a2206206994597c13d831ec7,3917977234052526498135,7384577612861,carried_forward,sync_log,25545586,0xadc837259586730646b8bb460577138c1dfd9e7f42355e761385af57e030ccf9,408,True
1,25545598,WETH_USDC,0xb4e16d0168e52d35cacd2c6185b44281ec28c9dc,0xa0b86991c6218b36c1d19d4a2e9eb0ce3606eb48,0xc02aaa39b223fe8d0a0e5c4f27ead9083c756cc2,8793917564588,4672501448912030034919,carried_forward,sync_log,25545585,0x35ee9c15b6110f76627c3af8f78fab433765681b5985c6228b167bb334fe73bb,1256,True
1,25545599,USDC_USDT,0x3041cbd36888becc7bbcbc0045e3b1f144466f5f,0xa0b86991c6218b36c1d19d4a2e9eb0ce3606eb48,0xdac17f958d2ee523a2206206994597c13d831ec7,1667847355905,1665681492358,carried_forward,sync_log,25545276,0x70c314ed26835b70df0491d6082c086cb5590a8fe6d44aefe46351ae6f91dfb9,650,True
1,25545599,USDT_WETH,0x0d4a11d5eeaac28ec3f61d100daf4d40471f1852,0xc02aaa39b223fe8d0a0e5c4f27ead9083c756cc2,0xdac17f958d2ee523a2206206994597c13d831ec7,3917977234052526498135,7384577612861,carried_forward,sync_log,25545586,0xadc837259586730646b8bb460577138c1dfd9e7f42355e761385af57e030ccf9,408,True
1,25545599,WETH_USDC,0xb4e16d0168e52d35cacd2c6185b44281ec28c9dc,0xa0b86991c6218b36c1d19d4a2e9eb0ce3606eb48,0xc02aaa39b223fe8d0a0e5c4f27ead9083c756cc2,8793917564588,4672501448912030034919,carried_forward,sync_log,25545585,0x35ee9c15b6110f76627c3af8f78fab433765681b5985c6228b167bb334fe73bb,1256,True
1,25545600,USDC_USDT,0x3041cbd36888becc7bbcbc0045e3b1f144466f5f,0xa0b86991c6218b36c1d19d4a2e9eb0ce3606eb48,0xdac17f958d2ee523a2206206994597c13d831ec7,1667847355905,1665681492358,carried_forward,sync_log,25545276,0x70c314ed26835b70df0491d6082c086cb5590a8fe6d44aefe46351ae6f91dfb9,650,True
1,25545600,USDT_WETH,0x0d4a11d5eeaac28ec3f61d100daf4d40471f1852,0xc02aaa39b223fe8d0a0e5c4f27ead9083c756cc2,0xdac17f958d2ee523a2206206994597c13d831ec7,3917977234052526498135,7384577612861,carried_forward,sync_log,25545586,0xadc837259586730646b8bb460577138c1dfd9e7f42355e761385af57e030ccf9,408,True
1,25545600,WETH_USDC,0xb4e16d0168e52d35cacd2c6185b44281ec28c9dc,0xa0b86991c6218b36c1d19d4a2e9eb0ce3606eb48,0xc02aaa39b223fe8d0a0e5c4f27ead9083c756cc2,8793917564588,4672501448912030034919,carried_forward,sync_log,25545585,0x35ee9c15b6110f76627c3af8f78fab433765681b5985c6228b167bb334fe73bb,1256,True
1,25545601,USDC_USDT,0x3041cbd36888becc7bbcbc0045e3b1f144466f5f,0xa0b86991c6218b36c1d19d4a2e9eb0ce3606eb48,0xdac17f958d2ee523a2206206994597c13d831ec7,1667847355905,1665681492358,carried_forward,sync_log,25545276,0x70c314ed26835b70df0491d6082c086cb5590a8fe6d44aefe46351ae6f91dfb9,650,True
1,25545601,USDT_WETH,0x0d4a11d5eeaac28ec3f61d100daf4d40471f1852,0xc02aaa39b223fe8d0a0e5c4f27ead9083c756cc2,0xdac17f958d2ee523a2206206994597c13d831ec7,3917977234052526498135,7384577612861,carried_forward,sync_log,25545586,0xadc837259586730646b8bb460577138c1dfd9e7f42355e761385af57e030ccf9,408,True
1,25545601,WETH_USDC,0xb4e16d0168e52d35cacd2c6185b44281ec28c9dc,0xa0b86991c6218b36c1d19d4a2e9eb0ce3606eb48,0xc02aaa39b223fe8d0a0e5c4f27ead9083c756cc2,8793917564588,4672501448912030034919,carried_forward,sync_log,25545585,0x35ee9c15b6110f76627c3af8f78fab433765681b5985c6228b167bb334fe73bb,1256,True
1,25545602,USDC_USDT,0x3041cbd36888becc7bbcbc0045e3b1f144466f5f,0xa0b86991c6218b36c1d19d4a2e9eb0ce3606eb48,0xdac17f958d2ee523a2206206994597c13d831ec7,1667847355905,1665681492358,carried_forward,sync_log,25545276,0x70c314ed26835b70df0491d6082c086cb5590a8fe6d44aefe46351ae6f91dfb9,650,True
1,25545602,USDT_WETH,0x0d4a11d5eeaac28ec3f61d100daf4d40471f1852,0xc02aaa39b223fe8d0a0e5c4f27ead9083c756cc2,0xdac17f958d2ee523a2206206994597c13d831ec7,3917977234052526498135,7384577612861,carried_forward,sync_log,25545586,0xadc837259586730646b8bb460577138c1dfd9e7f42355e761385af57e030ccf9,408,True
1,25545602,WETH_USDC,0xb4e16d0168e52d35cacd2c6185b44281ec28c9dc,0xa0b86991c6218b36c1d19d4a2e9eb0ce3606eb48,0xc02aaa39b223fe8d0a0e5c4f27ead9083c756cc2,8793917564588,4672501448912030034919,carried_forward,sync_log,25545585,0x35ee9c15b6110f76627c3af8f78fab433765681b5985c6228b167bb334fe73bb,1256,True
1,25545603,USDC_USDT,0x3041cbd36888becc7bbcbc0045e3b1f144466f5f,0xa0b86991c6218b36c1d19d4a2e9eb0ce3606eb48,0xdac17f958d2ee523a2206206994597c13d831ec7,1667847355905,1665681492358,carried_forward,sync_log,25545276,0x70c314ed26835b70df0491d6082c086cb5590a8fe6d44aefe46351ae6f91dfb9,650,True
1,25545603,USDT_WETH,0x0d4a11d5eeaac28ec3f61d100daf4d40471f1852,0xc02aaa39b223fe8d0a0e5c4f27ead9083c756cc2,0xdac17f958d2ee523a2206206994597c13d831ec7,3917977234052526498135,7384577612861,carried_forward,sync_log,25545586,0xadc837259586730646b8bb460577138c1dfd9e7f42355e761385af57e030ccf9,408,True
1,25545603,WETH_USDC,0xb4e16d0168e52d35cacd2c6185b44281ec28c9dc,0xa0b86991c6218b36c1d19d4a2e9eb0ce3606eb48,0xc02aaa39b223fe8d0a0e5c4f27ead9083c756cc2,8793917564588,4672501448912030034919,carried_forward,sync_log,25545585,0x35ee9c15b6110f76627c3af8f78fab433765681b5985c6228b167bb334fe73bb,1256,True
1,25545604,USDC_USDT,0x3041cbd36888becc7bbcbc0045e3b1f144466f5f,0xa0b86991c6218b36c1d19d4a2e9eb0ce3606eb48,0xdac17f958d2ee523a2206206994597c13d831ec7,1667847355905,1665681492358,carried_forward,sync_log,25545276,0x70c314ed26835b70df0491d6082c086cb5590a8fe6d44aefe46351ae6f91dfb9,650,True
1,25545604,USDT_WETH,0x0d4a11d5eeaac28ec3f61d100daf4d40471f1852,0xc02aaa39b223fe8d0a0e5c4f27ead9083c756cc2,0xdac17f958d2ee523a2206206994597c13d831ec7,3917977234052526498135,7384577612861,carried_forward,sync_log,25545586,0xadc837259586730646b8bb460577138c1dfd9e7f42355e761385af57e030ccf9,408,True
1,25545604,WETH_USDC,0xb4e16d0168e52d35cacd2c6185b44281ec28c9dc,0xa0b86991c6218b36c1d19d4a2e9eb0ce3606eb48,0xc02aaa39b223fe8d0a0e5c4f27ead9083c756cc2,8793917564588,4672501448912030034919,carried_forward,sync_log,25545585,0x35ee9c15b6110f76627c3af8f78fab433765681b5985c6228b167bb334fe73bb,1256,True
1,25545605,USDC_USDT,0x3041cbd36888becc7bbcbc0045e3b1f144466f5f,0xa0b86991c6218b36c1d19d4a2e9eb0ce3606eb48,0xdac17f958d2ee523a2206206994597c13d831ec7,1667847355905,1665681492358,carried_forward,sync_log,25545276,0x70c314ed26835b70df0491d6082c086cb5590a8fe6d44aefe46351ae6f91dfb9,650,True
1,25545605,USDT_WETH,0x0d4a11d5eeaac28ec3f61d100daf4d40471f1852,0xc02aaa39b223fe8d0a0e5c4f27ead9083c756cc2,0xdac17f958d2ee523a2206206994597c13d831ec7,3917977234052526498135,7384577612861,carried_forward,sync_log,25545586,0xadc837259586730646b8bb460577138c1dfd9e7f42355e761385af57e030ccf9,408,True
1,25545605,WETH_USDC,0xb4e16d0168e52d35cacd2c6185b44281ec28c9dc,0xa0b86991c6218b36c1d19d4a2e9eb0ce3606eb48,0xc02aaa39b223fe8d0a0e5c4f27ead9083c756cc2,8793917564588,4672501448912030034919,carried_forward,sync_log,25545585,0x35ee9c15b6110f76627c3af8f78fab433765681b5985c6228b167bb334fe73bb,1256,True
1,25545606,USDC_USDT,0x3041cbd36888becc7bbcbc0045e3b1f144466f5f,0xa0b86991c6218b36c1d19d4a2e9eb0ce3606eb48,0xdac17f958d2ee523a2206206994597c13d831ec7,1667847355905,1665681492358,carried_forward,sync_log,25545276,0x70c314ed26835b70df0491d6082c086cb5590a8fe6d44aefe46351ae6f91dfb9,650,True
1,25545606,USDT_WETH,0x0d4a11d5eeaac28ec3f61d100daf4d40471f1852,0xc02aaa39b223fe8d0a0e5c4f27ead9083c756cc2,0xdac17f958d2ee523a2206206994597c13d831ec7,3917977234052526498135,7384577612861,carried_forward,sync_log,25545586,0xadc837259586730646b8bb460577138c1dfd9e7f42355e761385af57e030ccf9,408,True
1,25545606,WETH_USDC,0xb4e16d0168e52d35cacd2c6185b44281ec28c9dc,0xa0b86991c6218b36c1d19d4a2e9eb0ce3606eb48,0xc02aaa39b223fe8d0a0e5c4f27ead9083c756cc2,8793917564588,4672501448912030034919,carried_forward,sync_log,25545585,0x35ee9c15b6110f76627c3af8f78fab433765681b5985c6228b167bb334fe73bb,1256,True
1,25545607,USDC_USDT,0x3041cbd36888becc7bbcbc0045e3b1f144466f5f,0xa0b86991c6218b36c1d19d4a2e9eb0ce3606eb48,0xdac17f958d2ee523a2206206994597c13d831ec7,1667847355905,1665681492358,carried_forward,sync_log,25545276,0x70c314ed26835b70df0491d6082c086cb5590a8fe6d44aefe46351ae6f91dfb9,650,True
1,25545607,USDT_WETH,0x0d4a11d5eeaac28ec3f61d100daf4d40471f1852,0xc02aaa39b223fe8d0a0e5c4f27ead9083c756cc2,0xdac17f958d2ee523a2206206994597c13d831ec7,3919152383017597759319,7382370004751,observed_sync,sync_log,25545607,0xf823d3b1e3b09dcfdc55a019009b8ef1fb1f61b33e69294778e3956ac5d009de,49,True
1,25545607,WETH_USDC,0xb4e16d0168e52d35cacd2c6185b44281ec28c9dc,0xa0b86991c6218b36c1d19d4a2e9eb0ce3606eb48,0xc02aaa39b223fe8d0a0e5c4f27ead9083c756cc2,8793917564588,4672501448912030034919,carried_forward,sync_log,25545585,0x35ee9c15b6110f76627c3af8f78fab433765681b5985c6228b167bb334fe73bb,1256,True
1,25545608,USDC_USDT,0x3041cbd36888becc7bbcbc0045e3b1f144466f5f,0xa0b86991c6218b36c1d19d4a2e9eb0ce3606eb48,0xdac17f958d2ee523a2206206994597c13d831ec7,1667847355905,1665681492358,carried_forward,sync_log,25545276,0x70c314ed26835b70df0491d6082c086cb5590a8fe6d44aefe46351ae6f91dfb9,650,True
1,25545608,USDT_WETH,0x0d4a11d5eeaac28ec3f61d100daf4d40471f1852,0xc02aaa39b223fe8d0a0e5c4f27ead9083c756cc2,0xdac17f958d2ee523a2206206994597c13d831ec7,3919510724160569730839,7381697097768,observed_sync,sync_log,25545608,0x2ed211bad48729f25fd37950e1d7b6cff6a2a51136e99c941174b6cb5a53aec7,71,True
1,25545608,WETH_USDC,0xb4e16d0168e52d35cacd2c6185b44281ec28c9dc,0xa0b86991c6218b36c1d19d4a2e9eb0ce3606eb48,0xc02aaa39b223fe8d0a0e5c4f27ead9083c756cc2,8793917564588,4672501448912030034919,carried_forward,sync_log,25545585,0x35ee9c15b6110f76627c3af8f78fab433765681b5985c6228b167bb334fe73bb,1256,True
1,25545609,USDC_USDT,0x3041cbd36888becc7bbcbc0045e3b1f144466f5f,0xa0b86991c6218b36c1d19d4a2e9eb0ce3606eb48,0xdac17f958d2ee523a2206206994597c13d831ec7,1667847355905,1665681492358,carried_forward,sync_log,25545276,0x70c314ed26835b70df0491d6082c086cb5590a8fe6d44aefe46351ae6f91dfb9,650,True
1,25545609,USDT_WETH,0x0d4a11d5eeaac28ec3f61d100daf4d40471f1852,0xc02aaa39b223fe8d0a0e5c4f27ead9083c756cc2,0xdac17f958d2ee523a2206206994597c13d831ec7,3919510724160569730839,7381697097768,carried_forward,sync_log,25545608,0x2ed211bad48729f25fd37950e1d7b6cff6a2a51136e99c941174b6cb5a53aec7,71,True
1,25545609,WETH_USDC,0xb4e16d0168e52d35cacd2c6185b44281ec28c9dc,0xa0b86991c6218b36c1d19d4a2e9eb0ce3606eb48,0xc02aaa39b223fe8d0a0e5c4f27ead9083c756cc2,8793917564588,4672501448912030034919,carried_forward,sync_log,25545585,0x35ee9c15b6110f76627c3af8f78fab433765681b5985c6228b167bb334fe73bb,1256,True
1,25545610,USDC_USDT,0x3041cbd36888becc7bbcbc0045e3b1f144466f5f,0xa0b86991c6218b36c1d19d4a2e9eb0ce3606eb48,0xdac17f958d2ee523a2206206994597c13d831ec7,1667847355905,1665681492358,carried_forward,sync_log,25545276,0x70c314ed26835b70df0491d6082c086cb5590a8fe6d44aefe46351ae6f91dfb9,650,True
1,25545610,USDT_WETH,0x0d4a11d5eeaac28ec3f61d100daf4d40471f1852,0xc02aaa39b223fe8d0a0e5c4f27ead9083c756cc2,0xdac17f958d2ee523a2206206994597c13d831ec7,3919510724160569730839,7381697097768,carried_forward,sync_log,25545608,0x2ed211bad48729f25fd37950e1d7b6cff6a2a51136e99c941174b6cb5a53aec7,71,True
1,25545610,WETH_USDC,0xb4e16d0168e52d35cacd2c6185b44281ec28c9dc,0xa0b86991c6218b36c1d19d4a2e9eb0ce3606eb48,0xc02aaa39b223fe8d0a0e5c4f27ead9083c756cc2,8793917564588,4672501448912030034919,carried_forward,sync_log,25545585,0x35ee9c15b6110f76627c3af8f78fab433765681b5985c6228b167bb334fe73bb,1256,True
1,25545611,USDC_USDT,0x3041cbd36888becc7bbcbc0045e3b1f144466f5f,0xa0b86991c6218b36c1d19d4a2e9eb0ce3606eb48,0xdac17f958d2ee523a2206206994597c13d831ec7,1667847355905,1665681492358,carried_forward,sync_log,25545276,0x70c314ed26835b70df0491d6082c086cb5590a8fe6d44aefe46351ae6f91dfb9,650,True
1,25545611,USDT_WETH,0x0d4a11d5eeaac28ec3f61d100daf4d40471f1852,0xc02aaa39b223fe8d0a0e5c4f27ead9083c756cc2,0xdac17f958d2ee523a2206206994597c13d831ec7,3919510724160569730839,7381697097768,carried_forward,sync_log,25545608,0x2ed211bad48729f25fd37950e1d7b6cff6a2a51136e99c941174b6cb5a53aec7,71,True
1,25545611,WETH_USDC,0xb4e16d0168e52d35cacd2c6185b44281ec28c9dc,0xa0b86991c6218b36c1d19d4a2e9eb0ce3606eb48,0xc02aaa39b223fe8d0a0e5c4f27ead9083c756cc2,8793917564588,4672501448912030034919,carried_forward,sync_log,25545585,0x35ee9c15b6110f76627c3af8f78fab433765681b5985c6228b167bb334fe73bb,1256,True
1,25545612,USDC_USDT,0x3041cbd36888becc7bbcbc0045e3b1f144466f5f,0xa0b86991c6218b36c1d19d4a2e9eb0ce3606eb48,0xdac17f958d2ee523a2206206994597c13d831ec7,1667847355905,1665681492358,carried_forward,sync_log,25545276,0x70c314ed26835b70df0491d6082c086cb5590a8fe6d44aefe46351ae6f91dfb9,650,True
1,25545612,USDT_WETH,0x0d4a11d5eeaac28ec3f61d100daf4d40471f1852,0xc02aaa39b223fe8d0a0e5c4f27ead9083c756cc2,0xdac17f958d2ee523a2206206994597c13d831ec7,3919510724160569730839,7381697097768,carried_forward,sync_log,25545608,0x2ed211bad48729f25fd37950e1d7b6cff6a2a51136e99c941174b6cb5a53aec7,71,True
1,25545612,WETH_USDC,0xb4e16d0168e52d35cacd2c6185b44281ec28c9dc,0xa0b86991c6218b36c1d19d4a2e9eb0ce3606eb48,0xc02aaa39b223fe8d0a0e5c4f27ead9083c756cc2,8793917564588,4672501448912030034919,carried_forward,sync_log,25545585,0x35ee9c15b6110f76627c3af8f78fab433765681b5985c6228b167bb334fe73bb,1256,True
1,25545613,USDC_USDT,0x3041cbd36888becc7bbcbc0045e3b1f144466f5f,0xa0b86991c6218b36c1d19d4a2e9eb0ce3606eb48,0xdac17f958d2ee523a2206206994597c13d831ec7,1667847355905,1665681492358,carried_forward,sync_log,25545276,0x70c314ed26835b70df0491d6082c086cb5590a8fe6d44aefe46351ae6f91dfb9,650,True
1,25545613,USDT_WETH,0x0d4a11d5eeaac28ec3f61d100daf4d40471f1852,0xc02aaa39b223fe8d0a0e5c4f27ead9083c756cc2,0xdac17f958d2ee523a2206206994597c13d831ec7,3919510724160569730839,7381697097768,carried_forward,sync_log,25545608,0x2ed211bad48729f25fd37950e1d7b6cff6a2a51136e99c941174b6cb5a53aec7,71,True
1,25545613,WETH_USDC,0xb4e16d0168e52d35cacd2c6185b44281ec28c9dc,0xa0b86991c6218b36c1d19d4a2e9eb0ce3606eb48,0xc02aaa39b223fe8d0a0e5c4f27ead9083c756cc2,8793910612089,4672505154125439559879,observed_sync,sync_log,25545613,0xcea66662fe9a76dcd0da139a3c4240aa128320d74e33e8dae182650558e907b0,186,True
1,25545614,USDC_USDT,0x3041cbd36888becc7bbcbc0045e3b1f144466f5f,0xa0b86991c6218b36c1d19d4a2e9eb0ce3606eb48,0xdac17f958d2ee523a2206206994597c13d831ec7,1667847355905,1665681492358,carried_forward,sync_log,25545276,0x70c314ed26835b70df0491d6082c086cb5590a8fe6d44aefe46351ae6f91dfb9,650,True
1,25545614,USDT_WETH,0x0d4a11d5eeaac28ec3f61d100daf4d40471f1852,0xc02aaa39b223fe8d0a0e5c4f27ead9083c756cc2,0xdac17f958d2ee523a2206206994597c13d831ec7,3919510724160569730839,7381697097768,carried_forward,sync_log,25545608,0x2ed211bad48729f25fd37950e1d7b6cff6a2a51136e99c941174b6cb5a53aec7,71,True
1,25545614,WETH_USDC,0xb4e16d0168e52d35cacd2c6185b44281ec28c9dc,0xa0b86991c6218b36c1d19d4a2e9eb0ce3606eb48,0xc02aaa39b223fe8d0a0e5c4f27ead9083c756cc2,8793910612089,4672505154125439559879,carried_forward,sync_log,25545613,0xcea66662fe9a76dcd0da139a3c4240aa128320d74e33e8dae182650558e907b0,186,True
1,25545615,USDC_USDT,0x3041cbd36888becc7bbcbc0045e3b1f144466f5f,0xa0b86991c6218b36c1d19d4a2e9eb0ce3606eb48,0xdac17f958d2ee523a2206206994597c13d831ec7,1667847355905,1665681492358,carried_forward,sync_log,25545276,0x70c314ed26835b70df0491d6082c086cb5590a8fe6d44aefe46351ae6f91dfb9,650,True
1,25545615,USDT_WETH,0x0d4a11d5eeaac28ec3f61d100daf4d40471f1852,0xc02aaa39b223fe8d0a0e5c4f27ead9083c756cc2,0xdac17f958d2ee523a2206206994597c13d831ec7,3919510724160569730839,7381697097768,carried_forward,sync_log,25545608,0x2ed211bad48729f25fd37950e1d7b6cff6a2a51136e99c941174b6cb5a53aec7,71,True
1,25545615,WETH_USDC,0xb4e16d0168e52d35cacd2c6185b44281ec28c9dc,0xa0b86991c6218b36c1d19d4a2e9eb0ce3606eb48,0xc02aaa39b223fe8d0a0e5c4f27ead9083c756cc2,8793910612089,4672505154125439559879,carried_forward,sync_log,25545613,0xcea66662fe9a76dcd0da139a3c4240aa128320d74e33e8dae182650558e907b0,186,True
1,25545616,USDC_USDT,0x3041cbd36888becc7bbcbc0045e3b1f144466f5f,0xa0b86991c6218b36c1d19d4a2e9eb0ce3606eb48,0xdac17f958d2ee523a2206206994597c13d831ec7,1667847355905,1665681492358,carried_forward,sync_log,25545276,0x70c314ed26835b70df0491d6082c086cb5590a8fe6d44aefe46351ae6f91dfb9,650,True
1,25545616,USDT_WETH,0x0d4a11d5eeaac28ec3f61d100daf4d40471f1852,0xc02aaa39b223fe8d0a0e5c4f27ead9083c756cc2,0xdac17f958d2ee523a2206206994597c13d831ec7,3919510724160569730839,7381697097768,carried_forward,sync_log,25545608,0x2ed211bad48729f25fd37950e1d7b6cff6a2a51136e99c941174b6cb5a53aec7,71,True
1,25545616,WETH_USDC,0xb4e16d0168e52d35cacd2c6185b44281ec28c9dc,0xa0b86991c6218b36c1d19d4a2e9eb0ce3606eb48,0xc02aaa39b223fe8d0a0e5c4f27ead9083c756cc2,8793910612089,4672505154125439559879,carried_forward,sync_log,25545613,0xcea66662fe9a76dcd0da139a3c4240aa128320d74e33e8dae182650558e907b0,186,True
1,25545617,USDC_USDT,0x3041cbd36888becc7bbcbc0045e3b1f144466f5f,0xa0b86991c6218b36c1d19d4a2e9eb0ce3606eb48,0xdac17f958d2ee523a2206206994597c13d831ec7,1667847355905,1665681492358,carried_forward,sync_log,25545276,0x70c314ed26835b70df0491d6082c086cb5590a8fe6d44aefe46351ae6f91dfb9,650,True
1,25545617,USDT_WETH,0x0d4a11d5eeaac28ec3f61d100daf4d40471f1852,0xc02aaa39b223fe8d0a0e5c4f27ead9083c756cc2,0xdac17f958d2ee523a2206206994597c13d831ec7,3919510724160569730839,7381697097768,carried_forward,sync_log,25545608,0x2ed211bad48729f25fd37950e1d7b6cff6a2a51136e99c941174b6cb5a53aec7,71,True
1,25545617,WETH_USDC,0xb4e16d0168e52d35cacd2c6185b44281ec28c9dc,0xa0b86991c6218b36c1d19d4a2e9eb0ce3606eb48,0xc02aaa39b223fe8d0a0e5c4f27ead9083c756cc2,8793910612089,4672505154125439559879,carried_forward,sync_log,25545613,0xcea66662fe9a76dcd0da139a3c4240aa128320d74e33e8dae182650558e907b0,186,True
1,25545618,USDC_USDT,0x3041cbd36888becc7bbcbc0045e3b1f144466f5f,0xa0b86991c6218b36c1d19d4a2e9eb0ce3606eb48,0xdac17f958d2ee523a2206206994597c13d831ec7,1667847355905,1665681492358,carried_forward,sync_log,25545276,0x70c314ed26835b70df0491d6082c086cb5590a8fe6d44aefe46351ae6f91dfb9,650,True
1,25545618,USDT_WETH,0x0d4a11d5eeaac28ec3f61d100daf4d40471f1852,0xc02aaa39b223fe8d0a0e5c4f27ead9083c756cc2,0xdac17f958d2ee523a2206206994597c13d831ec7,3919510724160569730839,7381697097768,carried_forward,sync_log,25545608,0x2ed211bad48729f25fd37950e1d7b6cff6a2a51136e99c941174b6cb5a53aec7,71,True
1,25545618,WETH_USDC,0xb4e16d0168e52d35cacd2c6185b44281ec28c9dc,0xa0b86991c6218b36c1d19d4a2e9eb0ce3606eb48,0xc02aaa39b223fe8d0a0e5c4f27ead9083c756cc2,8793910612089,4672505154125439559879,carried_forward,sync_log,25545613,0xcea66662fe9a76dcd0da139a3c4240aa128320d74e33e8dae182650558e907b0,186,True
1,25545619,USDC_USDT,0x3041cbd36888becc7bbcbc0045e3b1f144466f5f,0xa0b86991c6218b36c1d19d4a2e9eb0ce3606eb48,0xdac17f958d2ee523a2206206994597c13d831ec7,1667847355905,1665681492358,carried_forward,sync_log,25545276,0x70c314ed26835b70df0491d6082c086cb5590a8fe6d44aefe46351ae6f91dfb9,650,True
1,25545619,USDT_WETH,0x0d4a11d5eeaac28ec3f61d100daf4d40471f1852,0xc02aaa39b223fe8d0a0e5c4f27ead9083c756cc2,0xdac17f958d2ee523a2206206994597c13d831ec7,3919510724160569730839,7381697097768,carried_forward,sync_log,25545608,0x2ed211bad48729f25fd37950e1d7b6cff6a2a51136e99c941174b6cb5a53aec7,71,True
1,25545619,WETH_USDC,0xb4e16d0168e52d35cacd2c6185b44281ec28c9dc,0xa0b86991c6218b36c1d19d4a2e9eb0ce3606eb48,0xc02aaa39b223fe8d0a0e5c4f27ead9083c756cc2,8793910612089,4672505154125439559879,carried_forward,sync_log,25545613,0xcea66662fe9a76dcd0da139a3c4240aa128320d74e33e8dae182650558e907b0,186,True
1,25545620,USDC_USDT,0x3041cbd36888becc7bbcbc0045e3b1f144466f5f,0xa0b86991c6218b36c1d19d4a2e9eb0ce3606eb48,0xdac17f958d2ee523a2206206994597c13d831ec7,1667847355905,1665681492358,carried_forward,sync_log,25545276,0x70c314ed26835b70df0491d6082c086cb5590a8fe6d44aefe46351ae6f91dfb9,650,True
1,25545620,USDT_WETH,0x0d4a11d5eeaac28ec3f61d100daf4d40471f1852,0xc02aaa39b223fe8d0a0e5c4f27ead9083c756cc2,0xdac17f958d2ee523a2206206994597c13d831ec7,3919510724160569730839,7381697097768,carried_forward,sync_log,25545608,0x2ed211bad48729f25fd37950e1d7b6cff6a2a51136e99c941174b6cb5a53aec7,71,True
1,25545620,WETH_USDC,0xb4e16d0168e52d35cacd2c6185b44281ec28c9dc,0xa0b86991c6218b36c1d19d4a2e9eb0ce3606eb48,0xc02aaa39b223fe8d0a0e5c4f27ead9083c756cc2,8793910612089,4672505154125439559879,carried_forward,sync_log,25545613,0xcea66662fe9a76dcd0da139a3c4240aa128320d74e33e8dae182650558e907b0,186,True
1,25545621,USDC_USDT,0x3041cbd36888becc7bbcbc0045e3b1f144466f5f,0xa0b86991c6218b36c1d19d4a2e9eb0ce3606eb48,0xdac17f958d2ee523a2206206994597c13d831ec7,1667847355905,1665681492358,carried_forward,sync_log,25545276,0x70c314ed26835b70df0491d6082c086cb5590a8fe6d44aefe46351ae6f91dfb9,650,True
1,25545621,USDT_WETH,0x0d4a11d5eeaac28ec3f61d100daf4d40471f1852,0xc02aaa39b223fe8d0a0e5c4f27ead9083c756cc2,0xdac17f958d2ee523a2206206994597c13d831ec7,3919510724160569730839,7381697097768,carried_forward,sync_log,25545608,0x2ed211bad48729f25fd37950e1d7b6cff6a2a51136e99c941174b6cb5a53aec7,71,True
1,25545621,WETH_USDC,0xb4e16d0168e52d35cacd2c6185b44281ec28c9dc,0xa0b86991c6218b36c1d19d4a2e9eb0ce3606eb48,0xc02aaa39b223fe8d0a0e5c4f27ead9083c756cc2,8793910612089,4672505154125439559879,carried_forward,sync_log,25545613,0xcea66662fe9a76dcd0da139a3c4240aa128320d74e33e8dae182650558e907b0,186,True
1,25545622,USDC_USDT,0x3041cbd36888becc7bbcbc0045e3b1f144466f5f,0xa0b86991c6218b36c1d19d4a2e9eb0ce3606eb48,0xdac17f958d2ee523a2206206994597c13d831ec7,1667847355905,1665681492358,carried_forward,sync_log,25545276,0x70c314ed26835b70df0491d6082c086cb5590a8fe6d44aefe46351ae6f91dfb9,650,True
1,25545622,USDT_WETH,0x0d4a11d5eeaac28ec3f61d100daf4d40471f1852,0xc02aaa39b223fe8d0a0e5c4f27ead9083c756cc2,0xdac17f958d2ee523a2206206994597c13d831ec7,3919510724160569730839,7381697097768,carried_forward,sync_log,25545608,0x2ed211bad48729f25fd37950e1d7b6cff6a2a51136e99c941174b6cb5a53aec7,71,True
1,25545622,WETH_USDC,0xb4e16d0168e52d35cacd2c6185b44281ec28c9dc,0xa0b86991c6218b36c1d19d4a2e9eb0ce3606eb48,0xc02aaa39b223fe8d0a0e5c4f27ead9083c756cc2,8793910612089,4672505154125439559879,carried_forward,sync_log,25545613,0xcea66662fe9a76dcd0da139a3c4240aa128320d74e33e8dae182650558e907b0,186,True
1,25545623,USDC_USDT,0x3041cbd36888becc7bbcbc0045e3b1f144466f5f,0xa0b86991c6218b36c1d19d4a2e9eb0ce3606eb48,0xdac17f958d2ee523a2206206994597c13d831ec7,1667847355905,1665681492358,carried_forward,sync_log,25545276,0x70c314ed26835b70df0491d6082c086cb5590a8fe6d44aefe46351ae6f91dfb9,650,True
1,25545623,USDT_WETH,0x0d4a11d5eeaac28ec3f61d100daf4d40471f1852,0xc02aaa39b223fe8d0a0e5c4f27ead9083c756cc2,0xdac17f958d2ee523a2206206994597c13d831ec7,3919510724160569730839,7381697097768,carried_forward,sync_log,25545608,0x2ed211bad48729f25fd37950e1d7b6cff6a2a51136e99c941174b6cb5a53aec7,71,True
1,25545623,WETH_USDC,0xb4e16d0168e52d35cacd2c6185b44281ec28c9dc,0xa0b86991c6218b36c1d19d4a2e9eb0ce3606eb48,0xc02aaa39b223fe8d0a0e5c4f27ead9083c756cc2,8793910612089,4672505154125439559879,carried_forward,sync_log,25545613,0xcea66662fe9a76dcd0da139a3c4240aa128320d74e33e8dae182650558e907b0,186,True
1,25545624,USDC_USDT,0x3041cbd36888becc7bbcbc0045e3b1f144466f5f,0xa0b86991c6218b36c1d19d4a2e9eb0ce3606eb48,0xdac17f958d2ee523a2206206994597c13d831ec7,1667847355905,1665681492358,carried_forward,sync_log,25545276,0x70c314ed26835b70df0491d6082c086cb5590a8fe6d44aefe46351ae6f91dfb9,650,True
1,25545624,USDT_WETH,0x0d4a11d5eeaac28ec3f61d100daf4d40471f1852,0xc02aaa39b223fe8d0a0e5c4f27ead9083c756cc2,0xdac17f958d2ee523a2206206994597c13d831ec7,3919510724160569730839,7381697097768,carried_forward,sync_log,25545608,0x2ed211bad48729f25fd37950e1d7b6cff6a2a51136e99c941174b6cb5a53aec7,71,True
1,25545624,WETH_USDC,0xb4e16d0168e52d35cacd2c6185b44281ec28c9dc,0xa0b86991c6218b36c1d19d4a2e9eb0ce3606eb48,0xc02aaa39b223fe8d0a0e5c4f27ead9083c756cc2,8793910612089,4672505154125439559879,carried_forward,sync_log,25545613,0xcea66662fe9a76dcd0da139a3c4240aa128320d74e33e8dae182650558e907b0,186,True
1,25545625,USDC_USDT,0x3041cbd36888becc7bbcbc0045e3b1f144466f5f,0xa0b86991c6218b36c1d19d4a2e9eb0ce3606eb48,0xdac17f958d2ee523a2206206994597c13d831ec7,1667847355905,1665681492358,carried_forward,sync_log,25545276,0x70c314ed26835b70df0491d6082c086cb5590a8fe6d44aefe46351ae6f91dfb9,650,True
1,25545625,USDT_WETH,0x0d4a11d5eeaac28ec3f61d100daf4d40471f1852,0xc02aaa39b223fe8d0a0e5c4f27ead9083c756cc2,0xdac17f958d2ee523a2206206994597c13d831ec7,3919510724160569730839,7381697097768,carried_forward,sync_log,25545608,0x2ed211bad48729f25fd37950e1d7b6cff6a2a51136e99c941174b6cb5a53aec7,71,True
1,25545625,WETH_USDC,0xb4e16d0168e52d35cacd2c6185b44281ec28c9dc,0xa0b86991c6218b36c1d19d4a2e9eb0ce3606eb48,0xc02aaa39b223fe8d0a0e5c4f27ead9083c756cc2,8793910612089,4672505154125439559879,carried_forward,sync_log,25545613,0xcea66662fe9a76dcd0da139a3c4240aa128320d74e33e8dae182650558e907b0,186,True
1,25545626,USDC_USDT,0x3041cbd36888becc7bbcbc0045e3b1f144466f5f,0xa0b86991c6218b36c1d19d4a2e9eb0ce3606eb48,0xdac17f958d2ee523a2206206994597c13d831ec7,1667847355905,1665681492358,carried_forward,sync_log,25545276,0x70c314ed26835b70df0491d6082c086cb5590a8fe6d44aefe46351ae6f91dfb9,650,True
1,25545626,USDT_WETH,0x0d4a11d5eeaac28ec3f61d100daf4d40471f1852,0xc02aaa39b223fe8d0a0e5c4f27ead9083c756cc2,0xdac17f958d2ee523a2206206994597c13d831ec7,3920030515253107898647,7380721230085,observed_sync,sync_log,25545626,0x726933e56e6d4a299dd8b3efd80d5ca33ed52f2e9927a902c092cbb3aa371880,122,True
1,25545626,WETH_USDC,0xb4e16d0168e52d35cacd2c6185b44281ec28c9dc,0xa0b86991c6218b36c1d19d4a2e9eb0ce3606eb48,0xc02aaa39b223fe8d0a0e5c4f27ead9083c756cc2,8792680410814,4673160860665905587527,observed_sync,sync_log,25545626,0x726933e56e6d4a299dd8b3efd80d5ca33ed52f2e9927a902c092cbb3aa371880,126,True
1,25545627,USDC_USDT,0x3041cbd36888becc7bbcbc0045e3b1f144466f5f,0xa0b86991c6218b36c1d19d4a2e9eb0ce3606eb48,0xdac17f958d2ee523a2206206994597c13d831ec7,1667847355905,1665681492358,carried_forward,sync_log,25545276,0x70c314ed26835b70df0491d6082c086cb5590a8fe6d44aefe46351ae6f91dfb9,650,True
1,25545627,USDT_WETH,0x0d4a11d5eeaac28ec3f61d100daf4d40471f1852,0xc02aaa39b223fe8d0a0e5c4f27ead9083c756cc2,0xdac17f958d2ee523a2206206994597c13d831ec7,3920057233394953673061,7380671075827,observed_sync,sync_log,25545627,0x7fc437a27885160922499bf754f183df0f3ebf4bee1064d5467a6db829af0616,209,True
1,25545627,WETH_USDC,0xb4e16d0168e52d35cacd2c6185b44281ec28c9dc,0xa0b86991c6218b36c1d19d4a2e9eb0ce3606eb48,0xc02aaa39b223fe8d0a0e5c4f27ead9083c756cc2,8792680410814,4673160860665905587527,carried_forward,sync_log,25545626,0x726933e56e6d4a299dd8b3efd80d5ca33ed52f2e9927a902c092cbb3aa371880,126,True
1,25545628,USDC_USDT,0x3041cbd36888becc7bbcbc0045e3b1f144466f5f,0xa0b86991c6218b36c1d19d4a2e9eb0ce3606eb48,0xdac17f958d2ee523a2206206994597c13d831ec7,1667847355905,1665681492358,carried_forward,sync_log,25545276,0x70c314ed26835b70df0491d6082c086cb5590a8fe6d44aefe46351ae6f91dfb9,650,True
1,25545628,USDT_WETH,0x0d4a11d5eeaac28ec3f61d100daf4d40471f1852,0xc02aaa39b223fe8d0a0e5c4f27ead9083c756cc2,0xdac17f958d2ee523a2206206994597c13d831ec7,3920994571046342774501,7378911976858,observed_sync,sync_log,25545628,0x6a82faa507b89a9f56a8255b746b8592032b184796e12bc096fbafcb6cd549eb,122,True
1,25545628,WETH_USDC,0xb4e16d0168e52d35cacd2c6185b44281ec28c9dc,0xa0b86991c6218b36c1d19d4a2e9eb0ce3606eb48,0xc02aaa39b223fe8d0a0e5c4f27ead9083c756cc2,8790616823889,4674261182823201783623,observed_sync,sync_log,25545628,0x915d392f64ac20824536147ba1acf4b322d53867ac6e7f70d38cc06ba48b7d9b,104,True
1,25545629,USDC_USDT,0x3041cbd36888becc7bbcbc0045e3b1f144466f5f,0xa0b86991c6218b36c1d19d4a2e9eb0ce3606eb48,0xdac17f958d2ee523a2206206994597c13d831ec7,1667847355905,1665681492358,carried_forward,sync_log,25545276,0x70c314ed26835b70df0491d6082c086cb5590a8fe6d44aefe46351ae6f91dfb9,650,True
1,25545629,USDT_WETH,0x0d4a11d5eeaac28ec3f61d100daf4d40471f1852,0xc02aaa39b223fe8d0a0e5c4f27ead9083c756cc2,0xdac17f958d2ee523a2206206994597c13d831ec7,3920994571046342774501,7378911976858,carried_forward,sync_log,25545628,0x6a82faa507b89a9f56a8255b746b8592032b184796e12bc096fbafcb6cd549eb,122,True
1,25545629,WETH_USDC,0xb4e16d0168e52d35cacd2c6185b44281ec28c9dc,0xa0b86991c6218b36c1d19d4a2e9eb0ce3606eb48,0xc02aaa39b223fe8d0a0e5c4f27ead9083c756cc2,8790583717371,4674278839688903267401,observed_sync,sync_log,25545629,0xc6229eeb5dfd12695134921c4aa1099c4e620dc1af29f045a4f4c0cf8f64ba49,134,True
1,25545630,USDC_USDT,0x3041cbd36888becc7bbcbc0045e3b1f144466f5f,0xa0b86991c6218b36c1d19d4a2e9eb0ce3606eb48,0xdac17f958d2ee523a2206206994597c13d831ec7,1667847355905,1665681492358,carried_forward,sync_log,25545276,0x70c314ed26835b70df0491d6082c086cb5590a8fe6d44aefe46351ae6f91dfb9,650,True
1,25545630,USDT_WETH,0x0d4a11d5eeaac28ec3f61d100daf4d40471f1852,0xc02aaa39b223fe8d0a0e5c4f27ead9083c756cc2,0xdac17f958d2ee523a2206206994597c13d831ec7,3920994571046342774501,7378911976858,carried_forward,sync_log,25545628,0x6a82faa507b89a9f56a8255b746b8592032b184796e12bc096fbafcb6cd549eb,122,True
1,25545630,WETH_USDC,0xb4e16d0168e52d35cacd2c6185b44281ec28c9dc,0xa0b86991c6218b36c1d19d4a2e9eb0ce3606eb48,0xc02aaa39b223fe8d0a0e5c4f27ead9083c756cc2,8790583717371,4674278839688903267401,carried_forward,sync_log,25545629,0xc6229eeb5dfd12695134921c4aa1099c4e620dc1af29f045a4f4c0cf8f64ba49,134,True
1,25545631,USDC_USDT,0x3041cbd36888becc7bbcbc0045e3b1f144466f5f,0xa0b86991c6218b36c1d19d4a2e9eb0ce3606eb48,0xdac17f958d2ee523a2206206994597c13d831ec7,1667847355905,1665681492358,carried_forward,sync_log,25545276,0x70c314ed26835b70df0491d6082c086cb5590a8fe6d44aefe46351ae6f91dfb9,650,True
1,25545631,USDT_WETH,0x0d4a11d5eeaac28ec3f61d100daf4d40471f1852,0xc02aaa39b223fe8d0a0e5c4f27ead9083c756cc2,0xdac17f958d2ee523a2206206994597c13d831ec7,3920994571046342774501,7378911976858,carried_forward,sync_log,25545628,0x6a82faa507b89a9f56a8255b746b8592032b184796e12bc096fbafcb6cd549eb,122,True
1,25545631,WETH_USDC,0xb4e16d0168e52d35cacd2c6185b44281ec28c9dc,0xa0b86991c6218b36c1d19d4a2e9eb0ce3606eb48,0xc02aaa39b223fe8d0a0e5c4f27ead9083c756cc2,8790527582805,4674308778523231279222,observed_sync,sync_log,25545631,0x5046bbde3d336e4dbd02aea16e96e6d9c087cf1051903581aae3baa6db31f2fc,201,True
1,25545632,USDC_USDT,0x3041cbd36888becc7bbcbc0045e3b1f144466f5f,0xa0b86991c6218b36c1d19d4a2e9eb0ce3606eb48,0xdac17f958d2ee523a2206206994597c13d831ec7,1667847355905,1665681492358,carried_forward,sync_log,25545276,0x70c314ed26835b70df0491d6082c086cb5590a8fe6d44aefe46351ae6f91dfb9,650,True
1,25545632,USDT_WETH,0x0d4a11d5eeaac28ec3f61d100daf4d40471f1852,0xc02aaa39b223fe8d0a0e5c4f27ead9083c756cc2,0xdac17f958d2ee523a2206206994597c13d831ec7,3922142207829544276057,7376759348821,observed_sync,sync_log,25545632,0x2d5268cfcc370904abbf9f1147efef447ae5226e929444e468d239f915d7e5bb,307,True
1,25545632,WETH_USDC,0xb4e16d0168e52d35cacd2c6185b44281ec28c9dc,0xa0b86991c6218b36c1d19d4a2e9eb0ce3606eb48,0xc02aaa39b223fe8d0a0e5c4f27ead9083c756cc2,8790527582805,4674308778523231279222,carried_forward,sync_log,25545631,0x5046bbde3d336e4dbd02aea16e96e6d9c087cf1051903581aae3baa6db31f2fc,201,True
1,25545633,USDC_USDT,0x3041cbd36888becc7bbcbc0045e3b1f144466f5f,0xa0b86991c6218b36c1d19d4a2e9eb0ce3606eb48,0xdac17f958d2ee523a2206206994597c13d831ec7,1667847355905,1665681492358,carried_forward,sync_log,25545276,0x70c314ed26835b70df0491d6082c086cb5590a8fe6d44aefe46351ae6f91dfb9,650,True
1,25545633,USDT_WETH,0x0d4a11d5eeaac28ec3f61d100daf4d40471f1852,0xc02aaa39b223fe8d0a0e5c4f27ead9083c756cc2,0xdac17f958d2ee523a2206206994597c13d831ec7,3922142207829544276057,7376759348821,carried_forward,sync_log,25545632,0x2d5268cfcc370904abbf9f1147efef447ae5226e929444e468d239f915d7e5bb,307,True
1,25545633,WETH_USDC,0xb4e16d0168e52d35cacd2c6185b44281ec28c9dc,0xa0b86991c6218b36c1d19d4a2e9eb0ce3606eb48,0xc02aaa39b223fe8d0a0e5c4f27ead9083c756cc2,8790527582805,4674308778523231279222,carried_forward,sync_log,25545631,0x5046bbde3d336e4dbd02aea16e96e6d9c087cf1051903581aae3baa6db31f2fc,201,True
1,25545634,USDC_USDT,0x3041cbd36888becc7bbcbc0045e3b1f144466f5f,0xa0b86991c6218b36c1d19d4a2e9eb0ce3606eb48,0xdac17f958d2ee523a2206206994597c13d831ec7,1667847355905,1665681492358,carried_forward,sync_log,25545276,0x70c314ed26835b70df0491d6082c086cb5590a8fe6d44aefe46351ae6f91dfb9,650,True
1,25545634,USDT_WETH,0x0d4a11d5eeaac28ec3f61d100daf4d40471f1852,0xc02aaa39b223fe8d0a0e5c4f27ead9083c756cc2,0xdac17f958d2ee523a2206206994597c13d831ec7,3922142207829544276057,7376759348821,carried_forward,sync_log,25545632,0x2d5268cfcc370904abbf9f1147efef447ae5226e929444e468d239f915d7e5bb,307,True
1,25545634,WETH_USDC,0xb4e16d0168e52d35cacd2c6185b44281ec28c9dc,0xa0b86991c6218b36c1d19d4a2e9eb0ce3606eb48,0xc02aaa39b223fe8d0a0e5c4f27ead9083c756cc2,8790527582805,4674308778523231279222,carried_forward,sync_log,25545631,0x5046bbde3d336e4dbd02aea16e96e6d9c087cf1051903581aae3baa6db31f2fc,201,True
1,25545635,USDC_USDT,0x3041cbd36888becc7bbcbc0045e3b1f144466f5f,0xa0b86991c6218b36c1d19d4a2e9eb0ce3606eb48,0xdac17f958d2ee523a2206206994597c13d831ec7,1667847355905,1665681492358,carried_forward,sync_log,25545276,0x70c314ed26835b70df0491d6082c086cb5590a8fe6d44aefe46351ae6f91dfb9,650,True
1,25545635,USDT_WETH,0x0d4a11d5eeaac28ec3f61d100daf4d40471f1852,0xc02aaa39b223fe8d0a0e5c4f27ead9083c756cc2,0xdac17f958d2ee523a2206206994597c13d831ec7,3922142207829544276057,7376759348821,carried_forward,sync_log,25545632,0x2d5268cfcc370904abbf9f1147efef447ae5226e929444e468d239f915d7e5bb,307,True
1,25545635,WETH_USDC,0xb4e16d0168e52d35cacd2c6185b44281ec28c9dc,0xa0b86991c6218b36c1d19d4a2e9eb0ce3606eb48,0xc02aaa39b223fe8d0a0e5c4f27ead9083c756cc2,8790527582805,4674308778523231279222,carried_forward,sync_log,25545631,0x5046bbde3d336e4dbd02aea16e96e6d9c087cf1051903581aae3baa6db31f2fc,201,True
1,25545636,USDC_USDT,0x3041cbd36888becc7bbcbc0045e3b1f144466f5f,0xa0b86991c6218b36c1d19d4a2e9eb0ce3606eb48,0xdac17f958d2ee523a2206206994597c13d831ec7,1667847355905,1665681492358,carried_forward,sync_log,25545276,0x70c314ed26835b70df0491d6082c086cb5590a8fe6d44aefe46351ae6f91dfb9,650,True
1,25545636,USDT_WETH,0x0d4a11d5eeaac28ec3f61d100daf4d40471f1852,0xc02aaa39b223fe8d0a0e5c4f27ead9083c756cc2,0xdac17f958d2ee523a2206206994597c13d831ec7,3922142930267196701499,7376758498482,observed_sync,sync_log,25545636,0x308989d23178282d65acc324a49d670c8714be13b12cd1642d78f01a0962e2cb,496,True
1,25545636,WETH_USDC,0xb4e16d0168e52d35cacd2c6185b44281ec28c9dc,0xa0b86991c6218b36c1d19d4a2e9eb0ce3606eb48,0xc02aaa39b223fe8d0a0e5c4f27ead9083c756cc2,8790527582805,4674308778523231279222,carried_forward,sync_log,25545631,0x5046bbde3d336e4dbd02aea16e96e6d9c087cf1051903581aae3baa6db31f2fc,201,True
1,25545637,USDC_USDT,0x3041cbd36888becc7bbcbc0045e3b1f144466f5f,0xa0b86991c6218b36c1d19d4a2e9eb0ce3606eb48,0xdac17f958d2ee523a2206206994597c13d831ec7,1667847355905,1665681492358,carried_forward,sync_log,25545276,0x70c314ed26835b70df0491d6082c086cb5590a8fe6d44aefe46351ae6f91dfb9,650,True
1,25545637,USDT_WETH,0x0d4a11d5eeaac28ec3f61d100daf4d40471f1852,0xc02aaa39b223fe8d0a0e5c4f27ead9083c756cc2,0xdac17f958d2ee523a2206206994597c13d831ec7,3922142930267196701499,7376758498482,carried_forward,sync_log,25545636,0x308989d23178282d65acc324a49d670c8714be13b12cd1642d78f01a0962e2cb,496,True
1,25545637,WETH_USDC,0xb4e16d0168e52d35cacd2c6185b44281ec28c9dc,0xa0b86991c6218b36c1d19d4a2e9eb0ce3606eb48,0xc02aaa39b223fe8d0a0e5c4f27ead9083c756cc2,8790527582805,4674308778523231279222,carried_forward,sync_log,25545631,0x5046bbde3d336e4dbd02aea16e96e6d9c087cf1051903581aae3baa6db31f2fc,201,True
1,25545638,USDC_USDT,0x3041cbd36888becc7bbcbc0045e3b1f144466f5f,0xa0b86991c6218b36c1d19d4a2e9eb0ce3606eb48,0xdac17f958d2ee523a2206206994597c13d831ec7,1667847355905,1665681492358,carried_forward,sync_log,25545276,0x70c314ed26835b70df0491d6082c086cb5590a8fe6d44aefe46351ae6f91dfb9,650,True
1,25545638,USDT_WETH,0x0d4a11d5eeaac28ec3f61d100daf4d40471f1852,0xc02aaa39b223fe8d0a0e5c4f27ead9083c756cc2,0xdac17f958d2ee523a2206206994597c13d831ec7,3922142930267196701499,7376758498482,carried_forward,sync_log,25545636,0x308989d23178282d65acc324a49d670c8714be13b12cd1642d78f01a0962e2cb,496,True
1,25545638,WETH_USDC,0xb4e16d0168e52d35cacd2c6185b44281ec28c9dc,0xa0b86991c6218b36c1d19d4a2e9eb0ce3606eb48,0xc02aaa39b223fe8d0a0e5c4f27ead9083c756cc2,8790527582805,4674308778523231279222,carried_forward,sync_log,25545631,0x5046bbde3d336e4dbd02aea16e96e6d9c087cf1051903581aae3baa6db31f2fc,201,True
1,25545639,USDC_USDT,0x3041cbd36888becc7bbcbc0045e3b1f144466f5f,0xa0b86991c6218b36c1d19d4a2e9eb0ce3606eb48,0xdac17f958d2ee523a2206206994597c13d831ec7,1667846360105,1665682489858,observed_sync,sync_log,25545639,0x34466edefd105fd48edbbd744e6777c60c73831093b64f078c7505f89efd1f96,520,True
1,25545639,USDT_WETH,0x0d4a11d5eeaac28ec3f61d100daf4d40471f1852,0xc02aaa39b223fe8d0a0e5c4f27ead9083c756cc2,0xdac17f958d2ee523a2206206994597c13d831ec7,3922142930267196701499,7376758498482,carried_forward,sync_log,25545636,0x308989d23178282d65acc324a49d670c8714be13b12cd1642d78f01a0962e2cb,496,True
1,25545639,WETH_USDC,0xb4e16d0168e52d35cacd2c6185b44281ec28c9dc,0xa0b86991c6218b36c1d19d4a2e9eb0ce3606eb48,0xc02aaa39b223fe8d0a0e5c4f27ead9083c756cc2,8790527582805,4674308778523231279222,carried_forward,sync_log,25545631,0x5046bbde3d336e4dbd02aea16e96e6d9c087cf1051903581aae3baa6db31f2fc,201,True
1,25545640,USDC_USDT,0x3041cbd36888becc7bbcbc0045e3b1f144466f5f,0xa0b86991c6218b36c1d19d4a2e9eb0ce3606eb48,0xdac17f958d2ee523a2206206994597c13d831ec7,1667846360105,1665682489858,carried_forward,sync_log,25545639,0x34466edefd105fd48edbbd744e6777c60c73831093b64f078c7505f89efd1f96,520,True
1,25545640,USDT_WETH,0x0d4a11d5eeaac28ec3f61d100daf4d40471f1852,0xc02aaa39b223fe8d0a0e5c4f27ead9083c756cc2,0xdac17f958d2ee523a2206206994597c13d831ec7,3922142930267196701499,7376758498482,carried_forward,sync_log,25545636,0x308989d23178282d65acc324a49d670c8714be13b12cd1642d78f01a0962e2cb,496,True
1,25545640,WETH_USDC,0xb4e16d0168e52d35cacd2c6185b44281ec28c9dc,0xa0b86991c6218b36c1d19d4a2e9eb0ce3606eb48,0xc02aaa39b223fe8d0a0e5c4f27ead9083c756cc2,8790527582805,4674308778523231279222,carried_forward,sync_log,25545631,0x5046bbde3d336e4dbd02aea16e96e6d9c087cf1051903581aae3baa6db31f2fc,201,True
1,25545641,USDC_USDT,0x3041cbd36888becc7bbcbc0045e3b1f144466f5f,0xa0b86991c6218b36c1d19d4a2e9eb0ce3606eb48,0xdac17f958d2ee523a2206206994597c13d831ec7,1667846360105,1665682489858,carried_forward,sync_log,25545639,0x34466edefd105fd48edbbd744e6777c60c73831093b64f078c7505f89efd1f96,520,True
1,25545641,USDT_WETH,0x0d4a11d5eeaac28ec3f61d100daf4d40471f1852,0xc02aaa39b223fe8d0a0e5c4f27ead9083c756cc2,0xdac17f958d2ee523a2206206994597c13d831ec7,3922142930267196701499,7376758498482,carried_forward,sync_log,25545636,0x308989d23178282d65acc324a49d670c8714be13b12cd1642d78f01a0962e2cb,496,True
1,25545641,WETH_USDC,0xb4e16d0168e52d35cacd2c6185b44281ec28c9dc,0xa0b86991c6218b36c1d19d4a2e9eb0ce3606eb48,0xc02aaa39b223fe8d0a0e5c4f27ead9083c756cc2,8790527582805,4674308778523231279222,carried_forward,sync_log,25545631,0x5046bbde3d336e4dbd02aea16e96e6d9c087cf1051903581aae3baa6db31f2fc,201,True
1,25545642,USDC_USDT,0x3041cbd36888becc7bbcbc0045e3b1f144466f5f,0xa0b86991c6218b36c1d19d4a2e9eb0ce3606eb48,0xdac17f958d2ee523a2206206994597c13d831ec7,1667846360105,1665682489858,carried_forward,sync_log,25545639,0x34466edefd105fd48edbbd744e6777c60c73831093b64f078c7505f89efd1f96,520,True
1,25545642,USDT_WETH,0x0d4a11d5eeaac28ec3f61d100daf4d40471f1852,0xc02aaa39b223fe8d0a0e5c4f27ead9083c756cc2,0xdac17f958d2ee523a2206206994597c13d831ec7,3922142930267196701499,7376758498482,carried_forward,sync_log,25545636,0x308989d23178282d65acc324a49d670c8714be13b12cd1642d78f01a0962e2cb,496,True
1,25545642,WETH_USDC,0xb4e16d0168e52d35cacd2c6185b44281ec28c9dc,0xa0b86991c6218b36c1d19d4a2e9eb0ce3606eb48,0xc02aaa39b223fe8d0a0e5c4f27ead9083c756cc2,8790527582805,4674308778523231279222,carried_forward,sync_log,25545631,0x5046bbde3d336e4dbd02aea16e96e6d9c087cf1051903581aae3baa6db31f2fc,201,True
1,25545643,USDC_USDT,0x3041cbd36888becc7bbcbc0045e3b1f144466f5f,0xa0b86991c6218b36c1d19d4a2e9eb0ce3606eb48,0xdac17f958d2ee523a2206206994597c13d831ec7,1667846360105,1665682489858,carried_forward,sync_log,25545639,0x34466edefd105fd48edbbd744e6777c60c73831093b64f078c7505f89efd1f96,520,True
1,25545643,USDT_WETH,0x0d4a11d5eeaac28ec3f61d100daf4d40471f1852,0xc02aaa39b223fe8d0a0e5c4f27ead9083c756cc2,0xdac17f958d2ee523a2206206994597c13d831ec7,3922142930267196701499,7376758498482,carried_forward,sync_log,25545636,0x308989d23178282d65acc324a49d670c8714be13b12cd1642d78f01a0962e2cb,496,True
1,25545643,WETH_USDC,0xb4e16d0168e52d35cacd2c6185b44281ec28c9dc,0xa0b86991c6218b36c1d19d4a2e9eb0ce3606eb48,0xc02aaa39b223fe8d0a0e5c4f27ead9083c756cc2,8790527582805,4674308778523231279222,carried_forward,sync_log,25545631,0x5046bbde3d336e4dbd02aea16e96e6d9c087cf1051903581aae3baa6db31f2fc,201,True
1,25545644,USDC_USDT,0x3041cbd36888becc7bbcbc0045e3b1f144466f5f,0xa0b86991c6218b36c1d19d4a2e9eb0ce3606eb48,0xdac17f958d2ee523a2206206994597c13d831ec7,1667846360105,1665682489858,carried_forward,sync_log,25545639,0x34466edefd105fd48edbbd744e6777c60c73831093b64f078c7505f89efd1f96,520,True
1,25545644,USDT_WETH,0x0d4a11d5eeaac28ec3f61d100daf4d40471f1852,0xc02aaa39b223fe8d0a0e5c4f27ead9083c756cc2,0xdac17f958d2ee523a2206206994597c13d831ec7,3922142930267196701499,7376758498482,carried_forward,sync_log,25545636,0x308989d23178282d65acc324a49d670c8714be13b12cd1642d78f01a0962e2cb,496,True
1,25545644,WETH_USDC,0xb4e16d0168e52d35cacd2c6185b44281ec28c9dc,0xa0b86991c6218b36c1d19d4a2e9eb0ce3606eb48,0xc02aaa39b223fe8d0a0e5c4f27ead9083c756cc2,8790507497807,4674319490758394363137,observed_sync,sync_log,25545644,0xbd55c2eeccaaf3c1b1292209cda97692e8a72758b2c23fd945b08778ccfe7255,638,True
1,25545645,USDC_USDT,0x3041cbd36888becc7bbcbc0045e3b1f144466f5f,0xa0b86991c6218b36c1d19d4a2e9eb0ce3606eb48,0xdac17f958d2ee523a2206206994597c13d831ec7,1667846360105,1665682489858,carried_forward,sync_log,25545639,0x34466edefd105fd48edbbd744e6777c60c73831093b64f078c7505f89efd1f96,520,True
1,25545645,USDT_WETH,0x0d4a11d5eeaac28ec3f61d100daf4d40471f1852,0xc02aaa39b223fe8d0a0e5c4f27ead9083c756cc2,0xdac17f958d2ee523a2206206994597c13d831ec7,3922142930267196701499,7376758498482,carried_forward,sync_log,25545636,0x308989d23178282d65acc324a49d670c8714be13b12cd1642d78f01a0962e2cb,496,True
1,25545645,WETH_USDC,0xb4e16d0168e52d35cacd2c6185b44281ec28c9dc,0xa0b86991c6218b36c1d19d4a2e9eb0ce3606eb48,0xc02aaa39b223fe8d0a0e5c4f27ead9083c756cc2,8790507497807,4674319490758394363137,carried_forward,sync_log,25545644,0xbd55c2eeccaaf3c1b1292209cda97692e8a72758b2c23fd945b08778ccfe7255,638,True
1,25545646,USDC_USDT,0x3041cbd36888becc7bbcbc0045e3b1f144466f5f,0xa0b86991c6218b36c1d19d4a2e9eb0ce3606eb48,0xdac17f958d2ee523a2206206994597c13d831ec7,1667846360105,1665682489858,carried_forward,sync_log,25545639,0x34466edefd105fd48edbbd744e6777c60c73831093b64f078c7505f89efd1f96,520,True
1,25545646,USDT_WETH,0x0d4a11d5eeaac28ec3f61d100daf4d40471f1852,0xc02aaa39b223fe8d0a0e5c4f27ead9083c756cc2,0xdac17f958d2ee523a2206206994597c13d831ec7,3922142930267196701499,7376758498482,carried_forward,sync_log,25545636,0x308989d23178282d65acc324a49d670c8714be13b12cd1642d78f01a0962e2cb,496,True
1,25545646,WETH_USDC,0xb4e16d0168e52d35cacd2c6185b44281ec28c9dc,0xa0b86991c6218b36c1d19d4a2e9eb0ce3606eb48,0xc02aaa39b223fe8d0a0e5c4f27ead9083c756cc2,8790508547154,4674318934446076277809,observed_sync,sync_log,25545646,0xcade149a451f1a8eb7e17d4aba5a4db5bb24ead6530c0a3bd42e6d173e0d09c2,278,True
1,25545647,USDC_USDT,0x3041cbd36888becc7bbcbc0045e3b1f144466f5f,0xa0b86991c6218b36c1d19d4a2e9eb0ce3606eb48,0xdac17f958d2ee523a2206206994597c13d831ec7,1667846360105,1665682489858,carried_forward,sync_log,25545639,0x34466edefd105fd48edbbd744e6777c60c73831093b64f078c7505f89efd1f96,520,True
1,25545647,USDT_WETH,0x0d4a11d5eeaac28ec3f61d100daf4d40471f1852,0xc02aaa39b223fe8d0a0e5c4f27ead9083c756cc2,0xdac17f958d2ee523a2206206994597c13d831ec7,3922142930267196701499,7376758498482,carried_forward,sync_log,25545636,0x308989d23178282d65acc324a49d670c8714be13b12cd1642d78f01a0962e2cb,496,True
1,25545647,WETH_USDC,0xb4e16d0168e52d35cacd2c6185b44281ec28c9dc,0xa0b86991c6218b36c1d19d4a2e9eb0ce3606eb48,0xc02aaa39b223fe8d0a0e5c4f27ead9083c756cc2,8790508547154,4674318934446076277809,carried_forward,sync_log,25545646,0xcade149a451f1a8eb7e17d4aba5a4db5bb24ead6530c0a3bd42e6d173e0d09c2,278,True
1,25545648,USDC_USDT,0x3041cbd36888becc7bbcbc0045e3b1f144466f5f,0xa0b86991c6218b36c1d19d4a2e9eb0ce3606eb48,0xdac17f958d2ee523a2206206994597c13d831ec7,1667846360105,1665682489858,carried_forward,sync_log,25545639,0x34466edefd105fd48edbbd744e6777c60c73831093b64f078c7505f89efd1f96,520,True
1,25545648,USDT_WETH,0x0d4a11d5eeaac28ec3f61d100daf4d40471f1852,0xc02aaa39b223fe8d0a0e5c4f27ead9083c756cc2,0xdac17f958d2ee523a2206206994597c13d831ec7,3922142930267196701499,7376758498482,carried_forward,sync_log,25545636,0x308989d23178282d65acc324a49d670c8714be13b12cd1642d78f01a0962e2cb,496,True
1,25545648,WETH_USDC,0xb4e16d0168e52d35cacd2c6185b44281ec28c9dc,0xa0b86991c6218b36c1d19d4a2e9eb0ce3606eb48,0xc02aaa39b223fe8d0a0e5c4f27ead9083c756cc2,8790508547154,4674318934446076277809,carried_forward,sync_log,25545646,0xcade149a451f1a8eb7e17d4aba5a4db5bb24ead6530c0a3bd42e6d173e0d09c2,278,True
1,25545649,USDC_USDT,0x3041cbd36888becc7bbcbc0045e3b1f144466f5f,0xa0b86991c6218b36c1d19d4a2e9eb0ce3606eb48,0xdac17f958d2ee523a2206206994597c13d831ec7,1667846360105,1665682489858,carried_forward,sync_log,25545639,0x34466edefd105fd48edbbd744e6777c60c73831093b64f078c7505f89efd1f96,520,True
1,25545649,USDT_WETH,0x0d4a11d5eeaac28ec3f61d100daf4d40471f1852,0xc02aaa39b223fe8d0a0e5c4f27ead9083c756cc2,0xdac17f958d2ee523a2206206994597c13d831ec7,3922142930267196701499,7376758498482,carried_forward,sync_log,25545636,0x308989d23178282d65acc324a49d670c8714be13b12cd1642d78f01a0962e2cb,496,True
1,25545649,WETH_USDC,0xb4e16d0168e52d35cacd2c6185b44281ec28c9dc,0xa0b86991c6218b36c1d19d4a2e9eb0ce3606eb48,0xc02aaa39b223fe8d0a0e5c4f27ead9083c756cc2,8790508547154,4674318934446076277809,carried_forward,sync_log,25545646,0xcade149a451f1a8eb7e17d4aba5a4db5bb24ead6530c0a3bd42e6d173e0d09c2,278,True
1,25545650,USDC_USDT,0x3041cbd36888becc7bbcbc0045e3b1f144466f5f,0xa0b86991c6218b36c1d19d4a2e9eb0ce3606eb48,0xdac17f958d2ee523a2206206994597c13d831ec7,1667846360105,1665682489858,carried_forward,sync_log,25545639,0x34466edefd105fd48edbbd744e6777c60c73831093b64f078c7505f89efd1f96,520,True
1,25545650,USDT_WETH,0x0d4a11d5eeaac28ec3f61d100daf4d40471f1852,0xc02aaa39b223fe8d0a0e5c4f27ead9083c756cc2,0xdac17f958d2ee523a2206206994597c13d831ec7,3922142930267196701499,7376758498482,carried_forward,sync_log,25545636,0x308989d23178282d65acc324a49d670c8714be13b12cd1642d78f01a0962e2cb,496,True
1,25545650,WETH_USDC,0xb4e16d0168e52d35cacd2c6185b44281ec28c9dc,0xa0b86991c6218b36c1d19d4a2e9eb0ce3606eb48,0xc02aaa39b223fe8d0a0e5c4f27ead9083c756cc2,8790508547154,4674318934446076277809,carried_forward,sync_log,25545646,0xcade149a451f1a8eb7e17d4aba5a4db5bb24ead6530c0a3bd42e6d173e0d09c2,278,True
1,25545651,USDC_USDT,0x3041cbd36888becc7bbcbc0045e3b1f144466f5f,0xa0b86991c6218b36c1d19d4a2e9eb0ce3606eb48,0xdac17f958d2ee523a2206206994597c13d831ec7,1667846360105,1665682489858,carried_forward,sync_log,25545639,0x34466edefd105fd48edbbd744e6777c60c73831093b64f078c7505f89efd1f96,520,True
1,25545651,USDT_WETH,0x0d4a11d5eeaac28ec3f61d100daf4d40471f1852,0xc02aaa39b223fe8d0a0e5c4f27ead9083c756cc2,0xdac17f958d2ee523a2206206994597c13d831ec7,3922142930267196701499,7376758498482,carried_forward,sync_log,25545636,0x308989d23178282d65acc324a49d670c8714be13b12cd1642d78f01a0962e2cb,496,True
1,25545651,WETH_USDC,0xb4e16d0168e52d35cacd2c6185b44281ec28c9dc,0xa0b86991c6218b36c1d19d4a2e9eb0ce3606eb48,0xc02aaa39b223fe8d0a0e5c4f27ead9083c756cc2,8790508547154,4674318934446076277809,carried_forward,sync_log,25545646,0xcade149a451f1a8eb7e17d4aba5a4db5bb24ead6530c0a3bd42e6d173e0d09c2,278,True
1,25545652,USDC_USDT,0x3041cbd36888becc7bbcbc0045e3b1f144466f5f,0xa0b86991c6218b36c1d19d4a2e9eb0ce3606eb48,0xdac17f958d2ee523a2206206994597c13d831ec7,1667846360105,1665682489858,carried_forward,sync_log,25545639,0x34466edefd105fd48edbbd744e6777c60c73831093b64f078c7505f89efd1f96,520,True
1,25545652,USDT_WETH,0x0d4a11d5eeaac28ec3f61d100daf4d40471f1852,0xc02aaa39b223fe8d0a0e5c4f27ead9083c756cc2,0xdac17f958d2ee523a2206206994597c13d831ec7,3922139219611680555391,7376765498482,observed_sync,sync_log,25545652,0xb0feed8028a248113e518acf08f3d684d589ff5c34addc5c9cedc307ab8fabb2,386,True
1,25545652,WETH_USDC,0xb4e16d0168e52d35cacd2c6185b44281ec28c9dc,0xa0b86991c6218b36c1d19d4a2e9eb0ce3606eb48,0xc02aaa39b223fe8d0a0e5c4f27ead9083c756cc2,8792549317492,4673237268585999915160,observed_sync,sync_log,25545652,0x9498a4a03273a945ba27686407a2e73dc78e243ef5775d170977ab811ec46202,442,True
1,25545653,USDC_USDT,0x3041cbd36888becc7bbcbc0045e3b1f144466f5f,0xa0b86991c6218b36c1d19d4a2e9eb0ce3606eb48,0xdac17f958d2ee523a2206206994597c13d831ec7,1667846360105,1665682489858,carried_forward,sync_log,25545639,0x34466edefd105fd48edbbd744e6777c60c73831093b64f078c7505f89efd1f96,520,True
1,25545653,USDT_WETH,0x0d4a11d5eeaac28ec3f61d100daf4d40471f1852,0xc02aaa39b223fe8d0a0e5c4f27ead9083c756cc2,0xdac17f958d2ee523a2206206994597c13d831ec7,3922139219611680555391,7376765498482,carried_forward,sync_log,25545652,0xb0feed8028a248113e518acf08f3d684d589ff5c34addc5c9cedc307ab8fabb2,386,True
1,25545653,WETH_USDC,0xb4e16d0168e52d35cacd2c6185b44281ec28c9dc,0xa0b86991c6218b36c1d19d4a2e9eb0ce3606eb48,0xc02aaa39b223fe8d0a0e5c4f27ead9083c756cc2,8792549317492,4673237268585999915160,carried_forward,sync_log,25545652,0x9498a4a03273a945ba27686407a2e73dc78e243ef5775d170977ab811ec46202,442,True
1,25545654,USDC_USDT,0x3041cbd36888becc7bbcbc0045e3b1f144466f5f,0xa0b86991c6218b36c1d19d4a2e9eb0ce3606eb48,0xdac17f958d2ee523a2206206994597c13d831ec7,1667846360105,1665682489858,carried_forward,sync_log,25545639,0x34466edefd105fd48edbbd744e6777c60c73831093b64f078c7505f89efd1f96,520,True
1,25545654,USDT_WETH,0x0d4a11d5eeaac28ec3f61d100daf4d40471f1852,0xc02aaa39b223fe8d0a0e5c4f27ead9083c756cc2,0xdac17f958d2ee523a2206206994597c13d831ec7,3922139219611680555391,7376765498482,carried_forward,sync_log,25545652,0xb0feed8028a248113e518acf08f3d684d589ff5c34addc5c9cedc307ab8fabb2,386,True
1,25545654,WETH_USDC,0xb4e16d0168e52d35cacd2c6185b44281ec28c9dc,0xa0b86991c6218b36c1d19d4a2e9eb0ce3606eb48,0xc02aaa39b223fe8d0a0e5c4f27ead9083c756cc2,8792549317492,4673237268585999915160,carried_forward,sync_log,25545652,0x9498a4a03273a945ba27686407a2e73dc78e243ef5775d170977ab811ec46202,442,True
1,25545655,USDC_USDT,0x3041cbd36888becc7bbcbc0045e3b1f144466f5f,0xa0b86991c6218b36c1d19d4a2e9eb0ce3606eb48,0xdac17f958d2ee523a2206206994597c13d831ec7,1667846360105,1665682489858,carried_forward,sync_log,25545639,0x34466edefd105fd48edbbd744e6777c60c73831093b64f078c7505f89efd1f96,520,True
1,25545655,USDT_WETH,0x0d4a11d5eeaac28ec3f61d100daf4d40471f1852,0xc02aaa39b223fe8d0a0e5c4f27ead9083c756cc2,0xdac17f958d2ee523a2206206994597c13d831ec7,3922139219611680555391,7376765498482,carried_forward,sync_log,25545652,0xb0feed8028a248113e518acf08f3d684d589ff5c34addc5c9cedc307ab8fabb2,386,True
1,25545655,WETH_USDC,0xb4e16d0168e52d35cacd2c6185b44281ec28c9dc,0xa0b86991c6218b36c1d19d4a2e9eb0ce3606eb48,0xc02aaa39b223fe8d0a0e5c4f27ead9083c756cc2,8792549317492,4673237268585999915160,carried_forward,sync_log,25545652,0x9498a4a03273a945ba27686407a2e73dc78e243ef5775d170977ab811ec46202,442,True
1,25545656,USDC_USDT,0x3041cbd36888becc7bbcbc0045e3b1f144466f5f,0xa0b86991c6218b36c1d19d4a2e9eb0ce3606eb48,0xdac17f958d2ee523a2206206994597c13d831ec7,1667846360105,1665682489858,carried_forward,sync_log,25545639,0x34466edefd105fd48edbbd744e6777c60c73831093b64f078c7505f89efd1f96,520,True
1,25545656,USDT_WETH,0x0d4a11d5eeaac28ec3f61d100daf4d40471f1852,0xc02aaa39b223fe8d0a0e5c4f27ead9083c756cc2,0xdac17f958d2ee523a2206206994597c13d831ec7,3922139219611680555391,7376765498482,carried_forward,sync_log,25545652,0xb0feed8028a248113e518acf08f3d684d589ff5c34addc5c9cedc307ab8fabb2,386,True
1,25545656,WETH_USDC,0xb4e16d0168e52d35cacd2c6185b44281ec28c9dc,0xa0b86991c6218b36c1d19d4a2e9eb0ce3606eb48,0xc02aaa39b223fe8d0a0e5c4f27ead9083c756cc2,8792549317492,4673237268585999915160,carried_forward,sync_log,25545652,0x9498a4a03273a945ba27686407a2e73dc78e243ef5775d170977ab811ec46202,442,True
1,25545657,USDC_USDT,0x3041cbd36888becc7bbcbc0045e3b1f144466f5f,0xa0b86991c6218b36c1d19d4a2e9eb0ce3606eb48,0xdac17f958d2ee523a2206206994597c13d831ec7,1667846360105,1665682489858,carried_forward,sync_log,25545639,0x34466edefd105fd48edbbd744e6777c60c73831093b64f078c7505f89efd1f96,520,True
1,25545657,USDT_WETH,0x0d4a11d5eeaac28ec3f61d100daf4d40471f1852,0xc02aaa39b223fe8d0a0e5c4f27ead9083c756cc2,0xdac17f958d2ee523a2206206994597c13d831ec7,3922139219611680555391,7376765498482,carried_forward,sync_log,25545652,0xb0feed8028a248113e518acf08f3d684d589ff5c34addc5c9cedc307ab8fabb2,386,True
1,25545657,WETH_USDC,0xb4e16d0168e52d35cacd2c6185b44281ec28c9dc,0xa0b86991c6218b36c1d19d4a2e9eb0ce3606eb48,0xc02aaa39b223fe8d0a0e5c4f27ead9083c756cc2,8792549317492,4673237268585999915160,carried_forward,sync_log,25545652,0x9498a4a03273a945ba27686407a2e73dc78e243ef5775d170977ab811ec46202,442,True
1,25545658,USDC_USDT,0x3041cbd36888becc7bbcbc0045e3b1f144466f5f,0xa0b86991c6218b36c1d19d4a2e9eb0ce3606eb48,0xdac17f958d2ee523a2206206994597c13d831ec7,1667846360105,1665682489858,carried_forward,sync_log,25545639,0x34466edefd105fd48edbbd744e6777c60c73831093b64f078c7505f89efd1f96,520,True
1,25545658,USDT_WETH,0x0d4a11d5eeaac28ec3f61d100daf4d40471f1852,0xc02aaa39b223fe8d0a0e5c4f27ead9083c756cc2,0xdac17f958d2ee523a2206206994597c13d831ec7,3922139219611680555391,7376765498482,carried_forward,sync_log,25545652,0xb0feed8028a248113e518acf08f3d684d589ff5c34addc5c9cedc307ab8fabb2,386,True
1,25545658,WETH_USDC,0xb4e16d0168e52d35cacd2c6185b44281ec28c9dc,0xa0b86991c6218b36c1d19d4a2e9eb0ce3606eb48,0xc02aaa39b223fe8d0a0e5c4f27ead9083c756cc2,8792549317492,4673237268585999915160,carried_forward,sync_log,25545652,0x9498a4a03273a945ba27686407a2e73dc78e243ef5775d170977ab811ec46202,442,True
1,25545659,USDC_USDT,0x3041cbd36888becc7bbcbc0045e3b1f144466f5f,0xa0b86991c6218b36c1d19d4a2e9eb0ce3606eb48,0xdac17f958d2ee523a2206206994597c13d831ec7,1667846360105,1665682489858,carried_forward,sync_log,25545639,0x34466edefd105fd48edbbd744e6777c60c73831093b64f078c7505f89efd1f96,520,True
1,25545659,USDT_WETH,0x0d4a11d5eeaac28ec3f61d100daf4d40471f1852,0xc02aaa39b223fe8d0a0e5c4f27ead9083c756cc2,0xdac17f958d2ee523a2206206994597c13d831ec7,3922137099240258285174,7376769498482,observed_sync,sync_log,25545659,0x8a647156b6228938785269f6191624dc52977f331c44ec1141499dc5e738de7a,501,True
1,25545659,WETH_USDC,0xb4e16d0168e52d35cacd2c6185b44281ec28c9dc,0xa0b86991c6218b36c1d19d4a2e9eb0ce3606eb48,0xc02aaa39b223fe8d0a0e5c4f27ead9083c756cc2,8792549317492,4673237268585999915160,carried_forward,sync_log,25545652,0x9498a4a03273a945ba27686407a2e73dc78e243ef5775d170977ab811ec46202,442,True
1,25545660,USDC_USDT,0x3041cbd36888becc7bbcbc0045e3b1f144466f5f,0xa0b86991c6218b36c1d19d4a2e9eb0ce3606eb48,0xdac17f958d2ee523a2206206994597c13d831ec7,1667846360105,1665682489858,carried_forward,sync_log,25545639,0x34466edefd105fd48edbbd744e6777c60c73831093b64f078c7505f89efd1f96,520,True
1,25545660,USDT_WETH,0x0d4a11d5eeaac28ec3f61d100daf4d40471f1852,0xc02aaa39b223fe8d0a0e5c4f27ead9083c756cc2,0xdac17f958d2ee523a2206206994597c13d831ec7,3922137099240258285174,7376769498482,carried_forward,sync_log,25545659,0x8a647156b6228938785269f6191624dc52977f331c44ec1141499dc5e738de7a,501,True
1,25545660,WETH_USDC,0xb4e16d0168e52d35cacd2c6185b44281ec28c9dc,0xa0b86991c6218b36c1d19d4a2e9eb0ce3606eb48,0xc02aaa39b223fe8d0a0e5c4f27ead9083c756cc2,8792549317492,4673237268585999915160,carried_forward,sync_log,25545652,0x9498a4a03273a945ba27686407a2e73dc78e243ef5775d170977ab811ec46202,442,True
1,25545661,USDC_USDT,0x3041cbd36888becc7bbcbc0045e3b1f144466f5f,0xa0b86991c6218b36c1d19d4a2e9eb0ce3606eb48,0xdac17f958d2ee523a2206206994597c13d831ec7,1667846360105,1665682489858,carried_forward,sync_log,25545639,0x34466edefd105fd48edbbd744e6777c60c73831093b64f078c7505f89efd1f96,520,True
1,25545661,USDT_WETH,0x0d4a11d5eeaac28ec3f61d100daf4d40471f1852,0xc02aaa39b223fe8d0a0e5c4f27ead9083c756cc2,0xdac17f958d2ee523a2206206994597c13d831ec7,3922137099240258285174,7376769498482,carried_forward,sync_log,25545659,0x8a647156b6228938785269f6191624dc52977f331c44ec1141499dc5e738de7a,501,True
1,25545661,WETH_USDC,0xb4e16d0168e52d35cacd2c6185b44281ec28c9dc,0xa0b86991c6218b36c1d19d4a2e9eb0ce3606eb48,0xc02aaa39b223fe8d0a0e5c4f27ead9083c756cc2,8792549317492,4673237268585999915160,carried_forward,sync_log,25545652,0x9498a4a03273a945ba27686407a2e73dc78e243ef5775d170977ab811ec46202,442,True
1,25545662,USDC_USDT,0x3041cbd36888becc7bbcbc0045e3b1f144466f5f,0xa0b86991c6218b36c1d19d4a2e9eb0ce3606eb48,0xdac17f958d2ee523a2206206994597c13d831ec7,1667846360105,1665682489858,carried_forward,sync_log,25545639,0x34466edefd105fd48edbbd744e6777c60c73831093b64f078c7505f89efd1f96,520,True
1,25545662,USDT_WETH,0x0d4a11d5eeaac28ec3f61d100daf4d40471f1852,0xc02aaa39b223fe8d0a0e5c4f27ead9083c756cc2,0xdac17f958d2ee523a2206206994597c13d831ec7,3922137099240258285174,7376769498482,carried_forward,sync_log,25545659,0x8a647156b6228938785269f6191624dc52977f331c44ec1141499dc5e738de7a,501,True
1,25545662,WETH_USDC,0xb4e16d0168e52d35cacd2c6185b44281ec28c9dc,0xa0b86991c6218b36c1d19d4a2e9eb0ce3606eb48,0xc02aaa39b223fe8d0a0e5c4f27ead9083c756cc2,8792549317492,4673237268585999915160,carried_forward,sync_log,25545652,0x9498a4a03273a945ba27686407a2e73dc78e243ef5775d170977ab811ec46202,442,True
1,25545663,USDC_USDT,0x3041cbd36888becc7bbcbc0045e3b1f144466f5f,0xa0b86991c6218b36c1d19d4a2e9eb0ce3606eb48,0xdac17f958d2ee523a2206206994597c13d831ec7,1667846360105,1665682489858,carried_forward,sync_log,25545639,0x34466edefd105fd48edbbd744e6777c60c73831093b64f078c7505f89efd1f96,520,True
1,25545663,USDT_WETH,0x0d4a11d5eeaac28ec3f61d100daf4d40471f1852,0xc02aaa39b223fe8d0a0e5c4f27ead9083c756cc2,0xdac17f958d2ee523a2206206994597c13d831ec7,3922164841445082907528,7376717477744,observed_sync,sync_log,25545663,0xfc7b2d16e78d0db302167d3f0c1e7eb1125ddaca81b7cba059255935d1e815e1,300,True
1,25545663,WETH_USDC,0xb4e16d0168e52d35cacd2c6185b44281ec28c9dc,0xa0b86991c6218b36c1d19d4a2e9eb0ce3606eb48,0xc02aaa39b223fe8d0a0e5c4f27ead9083c756cc2,8792549317492,4673237268585999915160,carried_forward,sync_log,25545652,0x9498a4a03273a945ba27686407a2e73dc78e243ef5775d170977ab811ec46202,442,True
1,25545664,USDC_USDT,0x3041cbd36888becc7bbcbc0045e3b1f144466f5f,0xa0b86991c6218b36c1d19d4a2e9eb0ce3606eb48,0xdac17f958d2ee523a2206206994597c13d831ec7,1667846360105,1665682489858,carried_forward,sync_log,25545639,0x34466edefd105fd48edbbd744e6777c60c73831093b64f078c7505f89efd1f96,520,True
1,25545664,USDT_WETH,0x0d4a11d5eeaac28ec3f61d100daf4d40471f1852,0xc02aaa39b223fe8d0a0e5c4f27ead9083c756cc2,0xdac17f958d2ee523a2206206994597c13d831ec7,3922164841445082907528,7376717477744,carried_forward,sync_log,25545663,0xfc7b2d16e78d0db302167d3f0c1e7eb1125ddaca81b7cba059255935d1e815e1,300,True
1,25545664,WETH_USDC,0xb4e16d0168e52d35cacd2c6185b44281ec28c9dc,0xa0b86991c6218b36c1d19d4a2e9eb0ce3606eb48,0xc02aaa39b223fe8d0a0e5c4f27ead9083c756cc2,8792549317492,4673237268585999915160,carried_forward,sync_log,25545652,0x9498a4a03273a945ba27686407a2e73dc78e243ef5775d170977ab811ec46202,442,True
1,25545665,USDC_USDT,0x3041cbd36888becc7bbcbc0045e3b1f144466f5f,0xa0b86991c6218b36c1d19d4a2e9eb0ce3606eb48,0xdac17f958d2ee523a2206206994597c13d831ec7,1667846360105,1665682489858,carried_forward,sync_log,25545639,0x34466edefd105fd48edbbd744e6777c60c73831093b64f078c7505f89efd1f96,520,True
1,25545665,USDT_WETH,0x0d4a11d5eeaac28ec3f61d100daf4d40471f1852,0xc02aaa39b223fe8d0a0e5c4f27ead9083c756cc2,0xdac17f958d2ee523a2206206994597c13d831ec7,3922164841445082907528,7376717477744,carried_forward,sync_log,25545663,0xfc7b2d16e78d0db302167d3f0c1e7eb1125ddaca81b7cba059255935d1e815e1,300,True
1,25545665,WETH_USDC,0xb4e16d0168e52d35cacd2c6185b44281ec28c9dc,0xa0b86991c6218b36c1d19d4a2e9eb0ce3606eb48,0xc02aaa39b223fe8d0a0e5c4f27ead9083c756cc2,8792549317492,4673237268585999915160,carried_forward,sync_log,25545652,0x9498a4a03273a945ba27686407a2e73dc78e243ef5775d170977ab811ec46202,442,True
1,25545666,USDC_USDT,0x3041cbd36888becc7bbcbc0045e3b1f144466f5f,0xa0b86991c6218b36c1d19d4a2e9eb0ce3606eb48,0xdac17f958d2ee523a2206206994597c13d831ec7,1667846360105,1665682489858,carried_forward,sync_log,25545639,0x34466edefd105fd48edbbd744e6777c60c73831093b64f078c7505f89efd1f96,520,True
1,25545666,USDT_WETH,0x0d4a11d5eeaac28ec3f61d100daf4d40471f1852,0xc02aaa39b223fe8d0a0e5c4f27ead9083c756cc2,0xdac17f958d2ee523a2206206994597c13d831ec7,3922164841445082907528,7376717477744,carried_forward,sync_log,25545663,0xfc7b2d16e78d0db302167d3f0c1e7eb1125ddaca81b7cba059255935d1e815e1,300,True
1,25545666,WETH_USDC,0xb4e16d0168e52d35cacd2c6185b44281ec28c9dc,0xa0b86991c6218b36c1d19d4a2e9eb0ce3606eb48,0xc02aaa39b223fe8d0a0e5c4f27ead9083c756cc2,8792549317492,4673237268585999915160,carried_forward,sync_log,25545652,0x9498a4a03273a945ba27686407a2e73dc78e243ef5775d170977ab811ec46202,442,True
1,25545667,USDC_USDT,0x3041cbd36888becc7bbcbc0045e3b1f144466f5f,0xa0b86991c6218b36c1d19d4a2e9eb0ce3606eb48,0xdac17f958d2ee523a2206206994597c13d831ec7,1667846360105,1665682489858,carried_forward,sync_log,25545639,0x34466edefd105fd48edbbd744e6777c60c73831093b64f078c7505f89efd1f96,520,True
1,25545667,USDT_WETH,0x0d4a11d5eeaac28ec3f61d100daf4d40471f1852,0xc02aaa39b223fe8d0a0e5c4f27ead9083c756cc2,0xdac17f958d2ee523a2206206994597c13d831ec7,3922157420058343569233,7376731477744,observed_sync,sync_log,25545667,0x5511eca8ed589446a7e0a9a58f9ce951cd8b8b6129620f01e79fad23a8b0424a,557,True
1,25545667,WETH_USDC,0xb4e16d0168e52d35cacd2c6185b44281ec28c9dc,0xa0b86991c6218b36c1d19d4a2e9eb0ce3606eb48,0xc02aaa39b223fe8d0a0e5c4f27ead9083c756cc2,8792549317492,4673237268585999915160,carried_forward,sync_log,25545652,0x9498a4a03273a945ba27686407a2e73dc78e243ef5775d170977ab811ec46202,442,True
1,25545668,USDC_USDT,0x3041cbd36888becc7bbcbc0045e3b1f144466f5f,0xa0b86991c6218b36c1d19d4a2e9eb0ce3606eb48,0xdac17f958d2ee523a2206206994597c13d831ec7,1667846360105,1665682489858,carried_forward,sync_log,25545639,0x34466edefd105fd48edbbd744e6777c60c73831093b64f078c7505f89efd1f96,520,True
1,25545668,USDT_WETH,0x0d4a11d5eeaac28ec3f61d100daf4d40471f1852,0xc02aaa39b223fe8d0a0e5c4f27ead9083c756cc2,0xdac17f958d2ee523a2206206994597c13d831ec7,3922157420058343569233,7376731477744,carried_forward,sync_log,25545667,0x5511eca8ed589446a7e0a9a58f9ce951cd8b8b6129620f01e79fad23a8b0424a,557,True
1,25545668,WETH_USDC,0xb4e16d0168e52d35cacd2c6185b44281ec28c9dc,0xa0b86991c6218b36c1d19d4a2e9eb0ce3606eb48,0xc02aaa39b223fe8d0a0e5c4f27ead9083c756cc2,8792549317492,4673237268585999915160,carried_forward,sync_log,25545652,0x9498a4a03273a945ba27686407a2e73dc78e243ef5775d170977ab811ec46202,442,True
1,25545669,USDC_USDT,0x3041cbd36888becc7bbcbc0045e3b1f144466f5f,0xa0b86991c6218b36c1d19d4a2e9eb0ce3606eb48,0xdac17f958d2ee523a2206206994597c13d831ec7,1667846360105,1665682489858,carried_forward,sync_log,25545639,0x34466edefd105fd48edbbd744e6777c60c73831093b64f078c7505f89efd1f96,520,True
1,25545669,USDT_WETH,0x0d4a11d5eeaac28ec3f61d100daf4d40471f1852,0xc02aaa39b223fe8d0a0e5c4f27ead9083c756cc2,0xdac17f958d2ee523a2206206994597c13d831ec7,3922157420058343569233,7376731477744,carried_forward,sync_log,25545667,0x5511eca8ed589446a7e0a9a58f9ce951cd8b8b6129620f01e79fad23a8b0424a,557,True
1,25545669,WETH_USDC,0xb4e16d0168e52d35cacd2c6185b44281ec28c9dc,0xa0b86991c6218b36c1d19d4a2e9eb0ce3606eb48,0xc02aaa39b223fe8d0a0e5c4f27ead9083c756cc2,8792549317492,4673237268585999915160,carried_forward,sync_log,25545652,0x9498a4a03273a945ba27686407a2e73dc78e243ef5775d170977ab811ec46202,442,True
1,25545670,USDC_USDT,0x3041cbd36888becc7bbcbc0045e3b1f144466f5f,0xa0b86991c6218b36c1d19d4a2e9eb0ce3606eb48,0xdac17f958d2ee523a2206206994597c13d831ec7,1667846360105,1665682489858,carried_forward,sync_log,25545639,0x34466edefd105fd48edbbd744e6777c60c73831093b64f078c7505f89efd1f96,520,True
1,25545670,USDT_WETH,0x0d4a11d5eeaac28ec3f61d100daf4d40471f1852,0xc02aaa39b223fe8d0a0e5c4f27ead9083c756cc2,0xdac17f958d2ee523a2206206994597c13d831ec7,3922157420058343569233,7376731477744,carried_forward,sync_log,25545667,0x5511eca8ed589446a7e0a9a58f9ce951cd8b8b6129620f01e79fad23a8b0424a,557,True
1,25545670,WETH_USDC,0xb4e16d0168e52d35cacd2c6185b44281ec28c9dc,0xa0b86991c6218b36c1d19d4a2e9eb0ce3606eb48,0xc02aaa39b223fe8d0a0e5c4f27ead9083c756cc2,8792549317492,4673237268585999915160,carried_forward,sync_log,25545652,0x9498a4a03273a945ba27686407a2e73dc78e243ef5775d170977ab811ec46202,442,True
1,25545671,USDC_USDT,0x3041cbd36888becc7bbcbc0045e3b1f144466f5f,0xa0b86991c6218b36c1d19d4a2e9eb0ce3606eb48,0xdac17f958d2ee523a2206206994597c13d831ec7,1667846360105,1665682489858,carried_forward,sync_log,25545639,0x34466edefd105fd48edbbd744e6777c60c73831093b64f078c7505f89efd1f96,520,True
1,25545671,USDT_WETH,0x0d4a11d5eeaac28ec3f61d100daf4d40471f1852,0xc02aaa39b223fe8d0a0e5c4f27ead9083c756cc2,0xdac17f958d2ee523a2206206994597c13d831ec7,3922157420058343569233,7376731477744,carried_forward,sync_log,25545667,0x5511eca8ed589446a7e0a9a58f9ce951cd8b8b6129620f01e79fad23a8b0424a,557,True
1,25545671,WETH_USDC,0xb4e16d0168e52d35cacd2c6185b44281ec28c9dc,0xa0b86991c6218b36c1d19d4a2e9eb0ce3606eb48,0xc02aaa39b223fe8d0a0e5c4f27ead9083c756cc2,8792549317492,4673237268585999915160,carried_forward,sync_log,25545652,0x9498a4a03273a945ba27686407a2e73dc78e243ef5775d170977ab811ec46202,442,True
1,25545672,USDC_USDT,0x3041cbd36888becc7bbcbc0045e3b1f144466f5f,0xa0b86991c6218b36c1d19d4a2e9eb0ce3606eb48,0xdac17f958d2ee523a2206206994597c13d831ec7,1667846360105,1665682489858,carried_forward,sync_log,25545639,0x34466edefd105fd48edbbd744e6777c60c73831093b64f078c7505f89efd1f96,520,True
1,25545672,USDT_WETH,0x0d4a11d5eeaac28ec3f61d100daf4d40471f1852,0xc02aaa39b223fe8d0a0e5c4f27ead9083c756cc2,0xdac17f958d2ee523a2206206994597c13d831ec7,3922157420058343569233,7376731477744,carried_forward,sync_log,25545667,0x5511eca8ed589446a7e0a9a58f9ce951cd8b8b6129620f01e79fad23a8b0424a,557,True
1,25545672,WETH_USDC,0xb4e16d0168e52d35cacd2c6185b44281ec28c9dc,0xa0b86991c6218b36c1d19d4a2e9eb0ce3606eb48,0xc02aaa39b223fe8d0a0e5c4f27ead9083c756cc2,8792549317492,4673237268585999915160,carried_forward,sync_log,25545652,0x9498a4a03273a945ba27686407a2e73dc78e243ef5775d170977ab811ec46202,442,True
1,25545673,USDC_USDT,0x3041cbd36888becc7bbcbc0045e3b1f144466f5f,0xa0b86991c6218b36c1d19d4a2e9eb0ce3606eb48,0xdac17f958d2ee523a2206206994597c13d831ec7,1667846360105,1665682489858,carried_forward,sync_log,25545639,0x34466edefd105fd48edbbd744e6777c60c73831093b64f078c7505f89efd1f96,520,True
1,25545673,USDT_WETH,0x0d4a11d5eeaac28ec3f61d100daf4d40471f1852,0xc02aaa39b223fe8d0a0e5c4f27ead9083c756cc2,0xdac17f958d2ee523a2206206994597c13d831ec7,3922149998699731422294,7376745477744,observed_sync,sync_log,25545673,0xa6848d554af92540157fce1b9742e76677208306f99d7e3a922bd3f9f6aa41c6,297,True
1,25545673,WETH_USDC,0xb4e16d0168e52d35cacd2c6185b44281ec28c9dc,0xa0b86991c6218b36c1d19d4a2e9eb0ce3606eb48,0xc02aaa39b223fe8d0a0e5c4f27ead9083c756cc2,8792549317492,4673237268585999915160,carried_forward,sync_log,25545652,0x9498a4a03273a945ba27686407a2e73dc78e243ef5775d170977ab811ec46202,442,True
1,25545674,USDC_USDT,0x3041cbd36888becc7bbcbc0045e3b1f144466f5f,0xa0b86991c6218b36c1d19d4a2e9eb0ce3606eb48,0xdac17f958d2ee523a2206206994597c13d831ec7,1667846360105,1665682489858,carried_forward,sync_log,25545639,0x34466edefd105fd48edbbd744e6777c60c73831093b64f078c7505f89efd1f96,520,True
1,25545674,USDT_WETH,0x0d4a11d5eeaac28ec3f61d100daf4d40471f1852,0xc02aaa39b223fe8d0a0e5c4f27ead9083c756cc2,0xdac17f958d2ee523a2206206994597c13d831ec7,3922149998699731422294,7376745477744,carried_forward,sync_log,25545673,0xa6848d554af92540157fce1b9742e76677208306f99d7e3a922bd3f9f6aa41c6,297,True
1,25545674,WETH_USDC,0xb4e16d0168e52d35cacd2c6185b44281ec28c9dc,0xa0b86991c6218b36c1d19d4a2e9eb0ce3606eb48,0xc02aaa39b223fe8d0a0e5c4f27ead9083c756cc2,8792552203105,4673235739485182047667,observed_sync,sync_log,25545674,0xc06168acc7aae55c321d1ead4948eb4774cfc1e6a9529022563e0d559b82c1ea,101,True
1,25545675,USDC_USDT,0x3041cbd36888becc7bbcbc0045e3b1f144466f5f,0xa0b86991c6218b36c1d19d4a2e9eb0ce3606eb48,0xdac17f958d2ee523a2206206994597c13d831ec7,1667846360105,1665682489858,carried_forward,sync_log,25545639,0x34466edefd105fd48edbbd744e6777c60c73831093b64f078c7505f89efd1f96,520,True
1,25545675,USDT_WETH,0x0d4a11d5eeaac28ec3f61d100daf4d40471f1852,0xc02aaa39b223fe8d0a0e5c4f27ead9083c756cc2,0xdac17f958d2ee523a2206206994597c13d831ec7,3922149998699731422294,7376745477744,carried_forward,sync_log,25545673,0xa6848d554af92540157fce1b9742e76677208306f99d7e3a922bd3f9f6aa41c6,297,True
1,25545675,WETH_USDC,0xb4e16d0168e52d35cacd2c6185b44281ec28c9dc,0xa0b86991c6218b36c1d19d4a2e9eb0ce3606eb48,0xc02aaa39b223fe8d0a0e5c4f27ead9083c756cc2,8792552203105,4673235739485182047667,carried_forward,sync_log,25545674,0xc06168acc7aae55c321d1ead4948eb4774cfc1e6a9529022563e0d559b82c1ea,101,True
1,25545676,USDC_USDT,0x3041cbd36888becc7bbcbc0045e3b1f144466f5f,0xa0b86991c6218b36c1d19d4a2e9eb0ce3606eb48,0xdac17f958d2ee523a2206206994597c13d831ec7,1667846360105,1665682489858,carried_forward,sync_log,25545639,0x34466edefd105fd48edbbd744e6777c60c73831093b64f078c7505f89efd1f96,520,True
1,25545676,USDT_WETH,0x0d4a11d5eeaac28ec3f61d100daf4d40471f1852,0xc02aaa39b223fe8d0a0e5c4f27ead9083c756cc2,0xdac17f958d2ee523a2206206994597c13d831ec7,3922149998699731422294,7376745477744,carried_forward,sync_log,25545673,0xa6848d554af92540157fce1b9742e76677208306f99d7e3a922bd3f9f6aa41c6,297,True
1,25545676,WETH_USDC,0xb4e16d0168e52d35cacd2c6185b44281ec28c9dc,0xa0b86991c6218b36c1d19d4a2e9eb0ce3606eb48,0xc02aaa39b223fe8d0a0e5c4f27ead9083c756cc2,8792552203105,4673235739485182047667,carried_forward,sync_log,25545674,0xc06168acc7aae55c321d1ead4948eb4774cfc1e6a9529022563e0d559b82c1ea,101,True
1,25545677,USDC_USDT,0x3041cbd36888becc7bbcbc0045e3b1f144466f5f,0xa0b86991c6218b36c1d19d4a2e9eb0ce3606eb48,0xdac17f958d2ee523a2206206994597c13d831ec7,1667846360105,1665682489858,carried_forward,sync_log,25545639,0x34466edefd105fd48edbbd744e6777c60c73831093b64f078c7505f89efd1f96,520,True
1,25545677,USDT_WETH,0x0d4a11d5eeaac28ec3f61d100daf4d40471f1852,0xc02aaa39b223fe8d0a0e5c4f27ead9083c756cc2,0xdac17f958d2ee523a2206206994597c13d831ec7,3922149998699731422294,7376745477744,carried_forward,sync_log,25545673,0xa6848d554af92540157fce1b9742e76677208306f99d7e3a922bd3f9f6aa41c6,297,True
1,25545677,WETH_USDC,0xb4e16d0168e52d35cacd2c6185b44281ec28c9dc,0xa0b86991c6218b36c1d19d4a2e9eb0ce3606eb48,0xc02aaa39b223fe8d0a0e5c4f27ead9083c756cc2,8792552203105,4673235739485182047667,carried_forward,sync_log,25545674,0xc06168acc7aae55c321d1ead4948eb4774cfc1e6a9529022563e0d559b82c1ea,101,True
1,25545678,USDC_USDT,0x3041cbd36888becc7bbcbc0045e3b1f144466f5f,0xa0b86991c6218b36c1d19d4a2e9eb0ce3606eb48,0xdac17f958d2ee523a2206206994597c13d831ec7,1667846360105,1665682489858,carried_forward,sync_log,25545639,0x34466edefd105fd48edbbd744e6777c60c73831093b64f078c7505f89efd1f96,520,True
1,25545678,USDT_WETH,0x0d4a11d5eeaac28ec3f61d100daf4d40471f1852,0xc02aaa39b223fe8d0a0e5c4f27ead9083c756cc2,0xdac17f958d2ee523a2206206994597c13d831ec7,3922149998699731422294,7376745477744,carried_forward,sync_log,25545673,0xa6848d554af92540157fce1b9742e76677208306f99d7e3a922bd3f9f6aa41c6,297,True
1,25545678,WETH_USDC,0xb4e16d0168e52d35cacd2c6185b44281ec28c9dc,0xa0b86991c6218b36c1d19d4a2e9eb0ce3606eb48,0xc02aaa39b223fe8d0a0e5c4f27ead9083c756cc2,8792552203105,4673235739485182047667,carried_forward,sync_log,25545674,0xc06168acc7aae55c321d1ead4948eb4774cfc1e6a9529022563e0d559b82c1ea,101,True
1,25545679,USDC_USDT,0x3041cbd36888becc7bbcbc0045e3b1f144466f5f,0xa0b86991c6218b36c1d19d4a2e9eb0ce3606eb48,0xdac17f958d2ee523a2206206994597c13d831ec7,1667846360105,1665682489858,carried_forward,sync_log,25545639,0x34466edefd105fd48edbbd744e6777c60c73831093b64f078c7505f89efd1f96,520,True
1,25545679,USDT_WETH,0x0d4a11d5eeaac28ec3f61d100daf4d40471f1852,0xc02aaa39b223fe8d0a0e5c4f27ead9083c756cc2,0xdac17f958d2ee523a2206206994597c13d831ec7,3922146288030978277315,7376752477744,observed_sync,sync_log,25545679,0x6b3a8fd7f29d02815442b586cfd50ead9b21221c452354cc0d0b3c464c7d3056,37,True
1,25545679,WETH_USDC,0xb4e16d0168e52d35cacd2c6185b44281ec28c9dc,0xa0b86991c6218b36c1d19d4a2e9eb0ce3606eb48,0xc02aaa39b223fe8d0a0e5c4f27ead9083c756cc2,8792552203105,4673235739485182047667,carried_forward,sync_log,25545674,0xc06168acc7aae55c321d1ead4948eb4774cfc1e6a9529022563e0d559b82c1ea,101,True
1,25545680,USDC_USDT,0x3041cbd36888becc7bbcbc0045e3b1f144466f5f,0xa0b86991c6218b36c1d19d4a2e9eb0ce3606eb48,0xdac17f958d2ee523a2206206994597c13d831ec7,1667846360105,1665682489858,carried_forward,sync_log,25545639,0x34466edefd105fd48edbbd744e6777c60c73831093b64f078c7505f89efd1f96,520,True
1,25545680,USDT_WETH,0x0d4a11d5eeaac28ec3f61d100daf4d40471f1852,0xc02aaa39b223fe8d0a0e5c4f27ead9083c756cc2,0xdac17f958d2ee523a2206206994597c13d831ec7,3922146288030978277315,7376752477744,carried_forward,sync_log,25545679,0x6b3a8fd7f29d02815442b586cfd50ead9b21221c452354cc0d0b3c464c7d3056,37,True
1,25545680,WETH_USDC,0xb4e16d0168e52d35cacd2c6185b44281ec28c9dc,0xa0b86991c6218b36c1d19d4a2e9eb0ce3606eb48,0xc02aaa39b223fe8d0a0e5c4f27ead9083c756cc2,8792544966350,4673239597392614702214,observed_sync,sync_log,25545680,0xc413642165dc3a19f15eb3a528085381db80d85fd613b68a7de99c62c6c9cccf,1015,True
1,25545681,USDC_USDT,0x3041cbd36888becc7bbcbc0045e3b1f144466f5f,0xa0b86991c6218b36c1d19d4a2e9eb0ce3606eb48,0xdac17f958d2ee523a2206206994597c13d831ec7,1667846360105,1665682489858,carried_forward,sync_log,25545639,0x34466edefd105fd48edbbd744e6777c60c73831093b64f078c7505f89efd1f96,520,True
1,25545681,USDT_WETH,0x0d4a11d5eeaac28ec3f61d100daf4d40471f1852,0xc02aaa39b223fe8d0a0e5c4f27ead9083c756cc2,0xdac17f958d2ee523a2206206994597c13d831ec7,3922146288030978277315,7376752477744,carried_forward,sync_log,25545679,0x6b3a8fd7f29d02815442b586cfd50ead9b21221c452354cc0d0b3c464c7d3056,37,True
1,25545681,WETH_USDC,0xb4e16d0168e52d35cacd2c6185b44281ec28c9dc,0xa0b86991c6218b36c1d19d4a2e9eb0ce3606eb48,0xc02aaa39b223fe8d0a0e5c4f27ead9083c756cc2,8792544966350,4673239597392614702214,carried_forward,sync_log,25545680,0xc413642165dc3a19f15eb3a528085381db80d85fd613b68a7de99c62c6c9cccf,1015,True
1,25545682,USDC_USDT,0x3041cbd36888becc7bbcbc0045e3b1f144466f5f,0xa0b86991c6218b36c1d19d4a2e9eb0ce3606eb48,0xdac17f958d2ee523a2206206994597c13d831ec7,1667846360105,1665682489858,carried_forward,sync_log,25545639,0x34466edefd105fd48edbbd744e6777c60c73831093b64f078c7505f89efd1f96,520,True
1,25545682,USDT_WETH,0x0d4a11d5eeaac28ec3f61d100daf4d40471f1852,0xc02aaa39b223fe8d0a0e5c4f27ead9083c756cc2,0xdac17f958d2ee523a2206206994597c13d831ec7,3922146288030978277315,7376752477744,carried_forward,sync_log,25545679,0x6b3a8fd7f29d02815442b586cfd50ead9b21221c452354cc0d0b3c464c7d3056,37,True
1,25545682,WETH_USDC,0xb4e16d0168e52d35cacd2c6185b44281ec28c9dc,0xa0b86991c6218b36c1d19d4a2e9eb0ce3606eb48,0xc02aaa39b223fe8d0a0e5c4f27ead9083c756cc2,8792544966350,4673239597392614702214,carried_forward,sync_log,25545680,0xc413642165dc3a19f15eb3a528085381db80d85fd613b68a7de99c62c6c9cccf,1015,True
1,25545683,USDC_USDT,0x3041cbd36888becc7bbcbc0045e3b1f144466f5f,0xa0b86991c6218b36c1d19d4a2e9eb0ce3606eb48,0xdac17f958d2ee523a2206206994597c13d831ec7,1667846360105,1665682489858,carried_forward,sync_log,25545639,0x34466edefd105fd48edbbd744e6777c60c73831093b64f078c7505f89efd1f96,520,True
1,25545683,USDT_WETH,0x0d4a11d5eeaac28ec3f61d100daf4d40471f1852,0xc02aaa39b223fe8d0a0e5c4f27ead9083c756cc2,0xdac17f958d2ee523a2206206994597c13d831ec7,3922146288030978277315,7376752477744,carried_forward,sync_log,25545679,0x6b3a8fd7f29d02815442b586cfd50ead9b21221c452354cc0d0b3c464c7d3056,37,True
1,25545683,WETH_USDC,0xb4e16d0168e52d35cacd2c6185b44281ec28c9dc,0xa0b86991c6218b36c1d19d4a2e9eb0ce3606eb48,0xc02aaa39b223fe8d0a0e5c4f27ead9083c756cc2,8792544966350,4673239597392614702214,carried_forward,sync_log,25545680,0xc413642165dc3a19f15eb3a528085381db80d85fd613b68a7de99c62c6c9cccf,1015,True
1,25545684,USDC_USDT,0x3041cbd36888becc7bbcbc0045e3b1f144466f5f,0xa0b86991c6218b36c1d19d4a2e9eb0ce3606eb48,0xdac17f958d2ee523a2206206994597c13d831ec7,1667846360105,1665682489858,carried_forward,sync_log,25545639,0x34466edefd105fd48edbbd744e6777c60c73831093b64f078c7505f89efd1f96,520,True
1,25545684,USDT_WETH,0x0d4a11d5eeaac28ec3f61d100daf4d40471f1852,0xc02aaa39b223fe8d0a0e5c4f27ead9083c756cc2,0xdac17f958d2ee523a2206206994597c13d831ec7,3922146288030978277315,7376752477744,carried_forward,sync_log,25545679,0x6b3a8fd7f29d02815442b586cfd50ead9b21221c452354cc0d0b3c464c7d3056,37,True
1,25545684,WETH_USDC,0xb4e16d0168e52d35cacd2c6185b44281ec28c9dc,0xa0b86991c6218b36c1d19d4a2e9eb0ce3606eb48,0xc02aaa39b223fe8d0a0e5c4f27ead9083c756cc2,8792544966350,4673239597392614702214,carried_forward,sync_log,25545680,0xc413642165dc3a19f15eb3a528085381db80d85fd613b68a7de99c62c6c9cccf,1015,True
1,25545685,USDC_USDT,0x3041cbd36888becc7bbcbc0045e3b1f144466f5f,0xa0b86991c6218b36c1d19d4a2e9eb0ce3606eb48,0xdac17f958d2ee523a2206206994597c13d831ec7,1667846360105,1665682489858,carried_forward,sync_log,25545639,0x34466edefd105fd48edbbd744e6777c60c73831093b64f078c7505f89efd1f96,520,True
1,25545685,USDT_WETH,0x0d4a11d5eeaac28ec3f61d100daf4d40471f1852,0xc02aaa39b223fe8d0a0e5c4f27ead9083c756cc2,0xdac17f958d2ee523a2206206994597c13d831ec7,3922146288030978277315,7376752477744,carried_forward,sync_log,25545679,0x6b3a8fd7f29d02815442b586cfd50ead9b21221c452354cc0d0b3c464c7d3056,37,True
1,25545685,WETH_USDC,0xb4e16d0168e52d35cacd2c6185b44281ec28c9dc,0xa0b86991c6218b36c1d19d4a2e9eb0ce3606eb48,0xc02aaa39b223fe8d0a0e5c4f27ead9083c756cc2,8792452266379,4673289016223975103487,observed_sync,sync_log,25545685,0x025599633c6ffb6a91495f923a648c097779fb28947460789e8e37b26d184820,693,True
1,25545686,USDC_USDT,0x3041cbd36888becc7bbcbc0045e3b1f144466f5f,0xa0b86991c6218b36c1d19d4a2e9eb0ce3606eb48,0xdac17f958d2ee523a2206206994597c13d831ec7,1667846360105,1665682489858,carried_forward,sync_log,25545639,0x34466edefd105fd48edbbd744e6777c60c73831093b64f078c7505f89efd1f96,520,True
1,25545686,USDT_WETH,0x0d4a11d5eeaac28ec3f61d100daf4d40471f1852,0xc02aaa39b223fe8d0a0e5c4f27ead9083c756cc2,0xdac17f958d2ee523a2206206994597c13d831ec7,3922146288030978277315,7376752477744,carried_forward,sync_log,25545679,0x6b3a8fd7f29d02815442b586cfd50ead9b21221c452354cc0d0b3c464c7d3056,37,True
1,25545686,WETH_USDC,0xb4e16d0168e52d35cacd2c6185b44281ec28c9dc,0xa0b86991c6218b36c1d19d4a2e9eb0ce3606eb48,0xc02aaa39b223fe8d0a0e5c4f27ead9083c756cc2,8792452266379,4673289016223975103487,carried_forward,sync_log,25545685,0x025599633c6ffb6a91495f923a648c097779fb28947460789e8e37b26d184820,693,True
1,25545687,USDC_USDT,0x3041cbd36888becc7bbcbc0045e3b1f144466f5f,0xa0b86991c6218b36c1d19d4a2e9eb0ce3606eb48,0xdac17f958d2ee523a2206206994597c13d831ec7,1667846360105,1665682489858,carried_forward,sync_log,25545639,0x34466edefd105fd48edbbd744e6777c60c73831093b64f078c7505f89efd1f96,520,True
1,25545687,USDT_WETH,0x0d4a11d5eeaac28ec3f61d100daf4d40471f1852,0xc02aaa39b223fe8d0a0e5c4f27ead9083c756cc2,0xdac17f958d2ee523a2206206994597c13d831ec7,3922146288030978277315,7376752477744,carried_forward,sync_log,25545679,0x6b3a8fd7f29d02815442b586cfd50ead9b21221c452354cc0d0b3c464c7d3056,37,True
1,25545687,WETH_USDC,0xb4e16d0168e52d35cacd2c6185b44281ec28c9dc,0xa0b86991c6218b36c1d19d4a2e9eb0ce3606eb48,0xc02aaa39b223fe8d0a0e5c4f27ead9083c756cc2,8792452266379,4673289016223975103487,carried_forward,sync_log,25545685,0x025599633c6ffb6a91495f923a648c097779fb28947460789e8e37b26d184820,693,True
1,25545688,USDC_USDT,0x3041cbd36888becc7bbcbc0045e3b1f144466f5f,0xa0b86991c6218b36c1d19d4a2e9eb0ce3606eb48,0xdac17f958d2ee523a2206206994597c13d831ec7,1667846360105,1665682489858,carried_forward,sync_log,25545639,0x34466edefd105fd48edbbd744e6777c60c73831093b64f078c7505f89efd1f96,520,True
1,25545688,USDT_WETH,0x0d4a11d5eeaac28ec3f61d100daf4d40471f1852,0xc02aaa39b223fe8d0a0e5c4f27ead9083c756cc2,0xdac17f958d2ee523a2206206994597c13d831ec7,3922146288030978277315,7376752477744,carried_forward,sync_log,25545679,0x6b3a8fd7f29d02815442b586cfd50ead9b21221c452354cc0d0b3c464c7d3056,37,True
1,25545688,WETH_USDC,0xb4e16d0168e52d35cacd2c6185b44281ec28c9dc,0xa0b86991c6218b36c1d19d4a2e9eb0ce3606eb48,0xc02aaa39b223fe8d0a0e5c4f27ead9083c756cc2,8792452266379,4673289016223975103487,carried_forward,sync_log,25545685,0x025599633c6ffb6a91495f923a648c097779fb28947460789e8e37b26d184820,693,True
1,25545689,USDC_USDT,0x3041cbd36888becc7bbcbc0045e3b1f144466f5f,0xa0b86991c6218b36c1d19d4a2e9eb0ce3606eb48,0xdac17f958d2ee523a2206206994597c13d831ec7,1667846360105,1665682489858,carried_forward,sync_log,25545639,0x34466edefd105fd48edbbd744e6777c60c73831093b64f078c7505f89efd1f96,520,True
1,25545689,USDT_WETH,0x0d4a11d5eeaac28ec3f61d100daf4d40471f1852,0xc02aaa39b223fe8d0a0e5c4f27ead9083c756cc2,0xdac17f958d2ee523a2206206994597c13d831ec7,3922146288030978277315,7376752477744,carried_forward,sync_log,25545679,0x6b3a8fd7f29d02815442b586cfd50ead9b21221c452354cc0d0b3c464c7d3056,37,True
1,25545689,WETH_USDC,0xb4e16d0168e52d35cacd2c6185b44281ec28c9dc,0xa0b86991c6218b36c1d19d4a2e9eb0ce3606eb48,0xc02aaa39b223fe8d0a0e5c4f27ead9083c756cc2,8792452266379,4673289016223975103487,carried_forward,sync_log,25545685,0x025599633c6ffb6a91495f923a648c097779fb28947460789e8e37b26d184820,693,True
1,25545690,USDC_USDT,0x3041cbd36888becc7bbcbc0045e3b1f144466f5f,0xa0b86991c6218b36c1d19d4a2e9eb0ce3606eb48,0xdac17f958d2ee523a2206206994597c13d831ec7,1667846360105,1665682489858,carried_forward,sync_log,25545639,0x34466edefd105fd48edbbd744e6777c60c73831093b64f078c7505f89efd1f96,520,True
1,25545690,USDT_WETH,0x0d4a11d5eeaac28ec3f61d100daf4d40471f1852,0xc02aaa39b223fe8d0a0e5c4f27ead9083c756cc2,0xdac17f958d2ee523a2206206994597c13d831ec7,3922146288030978277315,7376752477744,carried_forward,sync_log,25545679,0x6b3a8fd7f29d02815442b586cfd50ead9b21221c452354cc0d0b3c464c7d3056,37,True
1,25545690,WETH_USDC,0xb4e16d0168e52d35cacd2c6185b44281ec28c9dc,0xa0b86991c6218b36c1d19d4a2e9eb0ce3606eb48,0xc02aaa39b223fe8d0a0e5c4f27ead9083c756cc2,8792452266379,4673289016223975103487,carried_forward,sync_log,25545685,0x025599633c6ffb6a91495f923a648c097779fb28947460789e8e37b26d184820,693,True
1,25545691,USDC_USDT,0x3041cbd36888becc7bbcbc0045e3b1f144466f5f,0xa0b86991c6218b36c1d19d4a2e9eb0ce3606eb48,0xdac17f958d2ee523a2206206994597c13d831ec7,1667846360105,1665682489858,carried_forward,sync_log,25545639,0x34466edefd105fd48edbbd744e6777c60c73831093b64f078c7505f89efd1f96,520,True
1,25545691,USDT_WETH,0x0d4a11d5eeaac28ec3f61d100daf4d40471f1852,0xc02aaa39b223fe8d0a0e5c4f27ead9083c756cc2,0xdac17f958d2ee523a2206206994597c13d831ec7,3922146288030978277315,7376752477744,carried_forward,sync_log,25545679,0x6b3a8fd7f29d02815442b586cfd50ead9b21221c452354cc0d0b3c464c7d3056,37,True
1,25545691,WETH_USDC,0xb4e16d0168e52d35cacd2c6185b44281ec28c9dc,0xa0b86991c6218b36c1d19d4a2e9eb0ce3606eb48,0xc02aaa39b223fe8d0a0e5c4f27ead9083c756cc2,8792452266379,4673289016223975103487,carried_forward,sync_log,25545685,0x025599633c6ffb6a91495f923a648c097779fb28947460789e8e37b26d184820,693,True
1,25545692,USDC_USDT,0x3041cbd36888becc7bbcbc0045e3b1f144466f5f,0xa0b86991c6218b36c1d19d4a2e9eb0ce3606eb48,0xdac17f958d2ee523a2206206994597c13d831ec7,1667846360105,1665682489858,carried_forward,sync_log,25545639,0x34466edefd105fd48edbbd744e6777c60c73831093b64f078c7505f89efd1f96,520,True
1,25545692,USDT_WETH,0x0d4a11d5eeaac28ec3f61d100daf4d40471f1852,0xc02aaa39b223fe8d0a0e5c4f27ead9083c756cc2,0xdac17f958d2ee523a2206206994597c13d831ec7,3922146288030978277315,7376752477744,carried_forward,sync_log,25545679,0x6b3a8fd7f29d02815442b586cfd50ead9b21221c452354cc0d0b3c464c7d3056,37,True
1,25545692,WETH_USDC,0xb4e16d0168e52d35cacd2c6185b44281ec28c9dc,0xa0b86991c6218b36c1d19d4a2e9eb0ce3606eb48,0xc02aaa39b223fe8d0a0e5c4f27ead9083c756cc2,8792452266379,4673289016223975103487,carried_forward,sync_log,25545685,0x025599633c6ffb6a91495f923a648c097779fb28947460789e8e37b26d184820,693,True
1,25545693,USDC_USDT,0x3041cbd36888becc7bbcbc0045e3b1f144466f5f,0xa0b86991c6218b36c1d19d4a2e9eb0ce3606eb48,0xdac17f958d2ee523a2206206994597c13d831ec7,1667846360105,1665682489858,carried_forward,sync_log,25545639,0x34466edefd105fd48edbbd744e6777c60c73831093b64f078c7505f89efd1f96,520,True
1,25545693,USDT_WETH,0x0d4a11d5eeaac28ec3f61d100daf4d40471f1852,0xc02aaa39b223fe8d0a0e5c4f27ead9083c756cc2,0xdac17f958d2ee523a2206206994597c13d831ec7,3922146288030978277315,7376752477744,carried_forward,sync_log,25545679,0x6b3a8fd7f29d02815442b586cfd50ead9b21221c452354cc0d0b3c464c7d3056,37,True
1,25545693,WETH_USDC,0xb4e16d0168e52d35cacd2c6185b44281ec28c9dc,0xa0b86991c6218b36c1d19d4a2e9eb0ce3606eb48,0xc02aaa39b223fe8d0a0e5c4f27ead9083c756cc2,8792452266379,4673289016223975103487,carried_forward,sync_log,25545685,0x025599633c6ffb6a91495f923a648c097779fb28947460789e8e37b26d184820,693,True
1,25545694,USDC_USDT,0x3041cbd36888becc7bbcbc0045e3b1f144466f5f,0xa0b86991c6218b36c1d19d4a2e9eb0ce3606eb48,0xdac17f958d2ee523a2206206994597c13d831ec7,1667846360105,1665682489858,carried_forward,sync_log,25545639,0x34466edefd105fd48edbbd744e6777c60c73831093b64f078c7505f89efd1f96,520,True
1,25545694,USDT_WETH,0x0d4a11d5eeaac28ec3f61d100daf4d40471f1852,0xc02aaa39b223fe8d0a0e5c4f27ead9083c756cc2,0xdac17f958d2ee523a2206206994597c13d831ec7,3922135156066898625965,7376773477744,observed_sync,sync_log,25545694,0x3bda8fd945c14450953885a59206b7f16a3e3efca39f23bb19f993c1c6d096ef,737,True
1,25545694,WETH_USDC,0xb4e16d0168e52d35cacd2c6185b44281ec28c9dc,0xa0b86991c6218b36c1d19d4a2e9eb0ce3606eb48,0xc02aaa39b223fe8d0a0e5c4f27ead9083c756cc2,8792452559003,4673288861158103866076,observed_sync,sync_log,25545694,0x3cc15a4241754ac5f361d3a880f2a2ce8a8a0db367aff4cb824c22ac95d2cc3d,521,True
1,25545695,USDC_USDT,0x3041cbd36888becc7bbcbc0045e3b1f144466f5f,0xa0b86991c6218b36c1d19d4a2e9eb0ce3606eb48,0xdac17f958d2ee523a2206206994597c13d831ec7,1667846360105,1665682489858,carried_forward,sync_log,25545639,0x34466edefd105fd48edbbd744e6777c60c73831093b64f078c7505f89efd1f96,520,True
1,25545695,USDT_WETH,0x0d4a11d5eeaac28ec3f61d100daf4d40471f1852,0xc02aaa39b223fe8d0a0e5c4f27ead9083c756cc2,0xdac17f958d2ee523a2206206994597c13d831ec7,3922134564310953996738,7376774594071,observed_sync,sync_log,25545695,0x39692e8372cd1ac747903b2964d0d79b720598b38e4d6c4145b47a3ea6936e2f,336,True
1,25545695,WETH_USDC,0xb4e16d0168e52d35cacd2c6185b44281ec28c9dc,0xa0b86991c6218b36c1d19d4a2e9eb0ce3606eb48,0xc02aaa39b223fe8d0a0e5c4f27ead9083c756cc2,8792452559003,4673288861158103866076,carried_forward,sync_log,25545694,0x3cc15a4241754ac5f361d3a880f2a2ce8a8a0db367aff4cb824c22ac95d2cc3d,521,True
1,25545696,USDC_USDT,0x3041cbd36888becc7bbcbc0045e3b1f144466f5f,0xa0b86991c6218b36c1d19d4a2e9eb0ce3606eb48,0xdac17f958d2ee523a2206206994597c13d831ec7,1667846360105,1665682489858,carried_forward,sync_log,25545639,0x34466edefd105fd48edbbd744e6777c60c73831093b64f078c7505f89efd1f96,520,True
1,25545696,USDT_WETH,0x0d4a11d5eeaac28ec3f61d100daf4d40471f1852,0xc02aaa39b223fe8d0a0e5c4f27ead9083c756cc2,0xdac17f958d2ee523a2206206994597c13d831ec7,3922134564310953996738,7376774594071,carried_forward,sync_log,25545695,0x39692e8372cd1ac747903b2964d0d79b720598b38e4d6c4145b47a3ea6936e2f,336,True
1,25545696,WETH_USDC,0xb4e16d0168e52d35cacd2c6185b44281ec28c9dc,0xa0b86991c6218b36c1d19d4a2e9eb0ce3606eb48,0xc02aaa39b223fe8d0a0e5c4f27ead9083c756cc2,8792452559003,4673288861158103866076,carried_forward,sync_log,25545694,0x3cc15a4241754ac5f361d3a880f2a2ce8a8a0db367aff4cb824c22ac95d2cc3d,521,True
1,25545697,USDC_USDT,0x3041cbd36888becc7bbcbc0045e3b1f144466f5f,0xa0b86991c6218b36c1d19d4a2e9eb0ce3606eb48,0xdac17f958d2ee523a2206206994597c13d831ec7,1667846360105,1665682489858,carried_forward,sync_log,25545639,0x34466edefd105fd48edbbd744e6777c60c73831093b64f078c7505f89efd1f96,520,True
1,25545697,USDT_WETH,0x0d4a11d5eeaac28ec3f61d100daf4d40471f1852,0xc02aaa39b223fe8d0a0e5c4f27ead9083c756cc2,0xdac17f958d2ee523a2206206994597c13d831ec7,3922134564310953996738,7376774594071,carried_forward,sync_log,25545695,0x39692e8372cd1ac747903b2964d0d79b720598b38e4d6c4145b47a3ea6936e2f,336,True
1,25545697,WETH_USDC,0xb4e16d0168e52d35cacd2c6185b44281ec28c9dc,0xa0b86991c6218b36c1d19d4a2e9eb0ce3606eb48,0xc02aaa39b223fe8d0a0e5c4f27ead9083c756cc2,8792452559003,4673288861158103866076,carried_forward,sync_log,25545694,0x3cc15a4241754ac5f361d3a880f2a2ce8a8a0db367aff4cb824c22ac95d2cc3d,521,True
1,25545698,USDC_USDT,0x3041cbd36888becc7bbcbc0045e3b1f144466f5f,0xa0b86991c6218b36c1d19d4a2e9eb0ce3606eb48,0xdac17f958d2ee523a2206206994597c13d831ec7,1667846360105,1665682489858,carried_forward,sync_log,25545639,0x34466edefd105fd48edbbd744e6777c60c73831093b64f078c7505f89efd1f96,520,True
1,25545698,USDT_WETH,0x0d4a11d5eeaac28ec3f61d100daf4d40471f1852,0xc02aaa39b223fe8d0a0e5c4f27ead9083c756cc2,0xdac17f958d2ee523a2206206994597c13d831ec7,3922134564310953996738,7376774594071,carried_forward,sync_log,25545695,0x39692e8372cd1ac747903b2964d0d79b720598b38e4d6c4145b47a3ea6936e2f,336,True
1,25545698,WETH_USDC,0xb4e16d0168e52d35cacd2c6185b44281ec28c9dc,0xa0b86991c6218b36c1d19d4a2e9eb0ce3606eb48,0xc02aaa39b223fe8d0a0e5c4f27ead9083c756cc2,8792452559003,4673288861158103866076,carried_forward,sync_log,25545694,0x3cc15a4241754ac5f361d3a880f2a2ce8a8a0db367aff4cb824c22ac95d2cc3d,521,True
1,25545699,USDC_USDT,0x3041cbd36888becc7bbcbc0045e3b1f144466f5f,0xa0b86991c6218b36c1d19d4a2e9eb0ce3606eb48,0xdac17f958d2ee523a2206206994597c13d831ec7,1667846360105,1665682489858,carried_forward,sync_log,25545639,0x34466edefd105fd48edbbd744e6777c60c73831093b64f078c7505f89efd1f96,520,True
1,25545699,USDT_WETH,0x0d4a11d5eeaac28ec3f61d100daf4d40471f1852,0xc02aaa39b223fe8d0a0e5c4f27ead9083c756cc2,0xdac17f958d2ee523a2206206994597c13d831ec7,3922134564310953996738,7376774594071,carried_forward,sync_log,25545695,0x39692e8372cd1ac747903b2964d0d79b720598b38e4d6c4145b47a3ea6936e2f,336,True
1,25545699,WETH_USDC,0xb4e16d0168e52d35cacd2c6185b44281ec28c9dc,0xa0b86991c6218b36c1d19d4a2e9eb0ce3606eb48,0xc02aaa39b223fe8d0a0e5c4f27ead9083c756cc2,8792452559003,4673288861158103866076,carried_forward,sync_log,25545694,0x3cc15a4241754ac5f361d3a880f2a2ce8a8a0db367aff4cb824c22ac95d2cc3d,521,True
1,25545700,USDC_USDT,0x3041cbd36888becc7bbcbc0045e3b1f144466f5f,0xa0b86991c6218b36c1d19d4a2e9eb0ce3606eb48,0xdac17f958d2ee523a2206206994597c13d831ec7,1667846360105,1665682489858,carried_forward,sync_log,25545639,0x34466edefd105fd48edbbd744e6777c60c73831093b64f078c7505f89efd1f96,520,True
1,25545700,USDT_WETH,0x0d4a11d5eeaac28ec3f61d100daf4d40471f1852,0xc02aaa39b223fe8d0a0e5c4f27ead9083c756cc2,0xdac17f958d2ee523a2206206994597c13d831ec7,3922134564310953996738,7376774594071,carried_forward,sync_log,25545695,0x39692e8372cd1ac747903b2964d0d79b720598b38e4d6c4145b47a3ea6936e2f,336,True
1,25545700,WETH_USDC,0xb4e16d0168e52d35cacd2c6185b44281ec28c9dc,0xa0b86991c6218b36c1d19d4a2e9eb0ce3606eb48,0xc02aaa39b223fe8d0a0e5c4f27ead9083c756cc2,8792452559003,4673288861158103866076,carried_forward,sync_log,25545694,0x3cc15a4241754ac5f361d3a880f2a2ce8a8a0db367aff4cb824c22ac95d2cc3d,521,True
1,25545701,USDC_USDT,0x3041cbd36888becc7bbcbc0045e3b1f144466f5f,0xa0b86991c6218b36c1d19d4a2e9eb0ce3606eb48,0xdac17f958d2ee523a2206206994597c13d831ec7,1667846360105,1665682489858,carried_forward,sync_log,25545639,0x34466edefd105fd48edbbd744e6777c60c73831093b64f078c7505f89efd1f96,520,True
1,25545701,USDT_WETH,0x0d4a11d5eeaac28ec3f61d100daf4d40471f1852,0xc02aaa39b223fe8d0a0e5c4f27ead9083c756cc2,0xdac17f958d2ee523a2206206994597c13d831ec7,3922134564310953996738,7376774594071,carried_forward,sync_log,25545695,0x39692e8372cd1ac747903b2964d0d79b720598b38e4d6c4145b47a3ea6936e2f,336,True
1,25545701,WETH_USDC,0xb4e16d0168e52d35cacd2c6185b44281ec28c9dc,0xa0b86991c6218b36c1d19d4a2e9eb0ce3606eb48,0xc02aaa39b223fe8d0a0e5c4f27ead9083c756cc2,8792452559003,4673288861158103866076,carried_forward,sync_log,25545694,0x3cc15a4241754ac5f361d3a880f2a2ce8a8a0db367aff4cb824c22ac95d2cc3d,521,True
1,25545702,USDC_USDT,0x3041cbd36888becc7bbcbc0045e3b1f144466f5f,0xa0b86991c6218b36c1d19d4a2e9eb0ce3606eb48,0xdac17f958d2ee523a2206206994597c13d831ec7,1667846360105,1665682489858,carried_forward,sync_log,25545639,0x34466edefd105fd48edbbd744e6777c60c73831093b64f078c7505f89efd1f96,520,True
1,25545702,USDT_WETH,0x0d4a11d5eeaac28ec3f61d100daf4d40471f1852,0xc02aaa39b223fe8d0a0e5c4f27ead9083c756cc2,0xdac17f958d2ee523a2206206994597c13d831ec7,3922134564310953996738,7376774594071,carried_forward,sync_log,25545695,0x39692e8372cd1ac747903b2964d0d79b720598b38e4d6c4145b47a3ea6936e2f,336,True
1,25545702,WETH_USDC,0xb4e16d0168e52d35cacd2c6185b44281ec28c9dc,0xa0b86991c6218b36c1d19d4a2e9eb0ce3606eb48,0xc02aaa39b223fe8d0a0e5c4f27ead9083c756cc2,8792452559003,4673288861158103866076,carried_forward,sync_log,25545694,0x3cc15a4241754ac5f361d3a880f2a2ce8a8a0db367aff4cb824c22ac95d2cc3d,521,True
1,25545703,USDC_USDT,0x3041cbd36888becc7bbcbc0045e3b1f144466f5f,0xa0b86991c6218b36c1d19d4a2e9eb0ce3606eb48,0xdac17f958d2ee523a2206206994597c13d831ec7,1667846360105,1665682489858,carried_forward,sync_log,25545639,0x34466edefd105fd48edbbd744e6777c60c73831093b64f078c7505f89efd1f96,520,True
1,25545703,USDT_WETH,0x0d4a11d5eeaac28ec3f61d100daf4d40471f1852,0xc02aaa39b223fe8d0a0e5c4f27ead9083c756cc2,0xdac17f958d2ee523a2206206994597c13d831ec7,3922134564310953996738,7376774594071,carried_forward,sync_log,25545695,0x39692e8372cd1ac747903b2964d0d79b720598b38e4d6c4145b47a3ea6936e2f,336,True
1,25545703,WETH_USDC,0xb4e16d0168e52d35cacd2c6185b44281ec28c9dc,0xa0b86991c6218b36c1d19d4a2e9eb0ce3606eb48,0xc02aaa39b223fe8d0a0e5c4f27ead9083c756cc2,8792452559003,4673288861158103866076,carried_forward,sync_log,25545694,0x3cc15a4241754ac5f361d3a880f2a2ce8a8a0db367aff4cb824c22ac95d2cc3d,521,True
1,25545704,USDC_USDT,0x3041cbd36888becc7bbcbc0045e3b1f144466f5f,0xa0b86991c6218b36c1d19d4a2e9eb0ce3606eb48,0xdac17f958d2ee523a2206206994597c13d831ec7,1667846360105,1665682489858,carried_forward,sync_log,25545639,0x34466edefd105fd48edbbd744e6777c60c73831093b64f078c7505f89efd1f96,520,True
1,25545704,USDT_WETH,0x0d4a11d5eeaac28ec3f61d100daf4d40471f1852,0xc02aaa39b223fe8d0a0e5c4f27ead9083c756cc2,0xdac17f958d2ee523a2206206994597c13d831ec7,3922134564310953996738,7376774594071,carried_forward,sync_log,25545695,0x39692e8372cd1ac747903b2964d0d79b720598b38e4d6c4145b47a3ea6936e2f,336,True
1,25545704,WETH_USDC,0xb4e16d0168e52d35cacd2c6185b44281ec28c9dc,0xa0b86991c6218b36c1d19d4a2e9eb0ce3606eb48,0xc02aaa39b223fe8d0a0e5c4f27ead9083c756cc2,8792452559003,4673288861158103866076,carried_forward,sync_log,25545694,0x3cc15a4241754ac5f361d3a880f2a2ce8a8a0db367aff4cb824c22ac95d2cc3d,521,True
1,25545705,USDC_USDT,0x3041cbd36888becc7bbcbc0045e3b1f144466f5f,0xa0b86991c6218b36c1d19d4a2e9eb0ce3606eb48,0xdac17f958d2ee523a2206206994597c13d831ec7,1667846360105,1665682489858,carried_forward,sync_log,25545639,0x34466edefd105fd48edbbd744e6777c60c73831093b64f078c7505f89efd1f96,520,True
1,25545705,USDT_WETH,0x0d4a11d5eeaac28ec3f61d100daf4d40471f1852,0xc02aaa39b223fe8d0a0e5c4f27ead9083c756cc2,0xdac17f958d2ee523a2206206994597c13d831ec7,3922134564310953996738,7376774594071,carried_forward,sync_log,25545695,0x39692e8372cd1ac747903b2964d0d79b720598b38e4d6c4145b47a3ea6936e2f,336,True
1,25545705,WETH_USDC,0xb4e16d0168e52d35cacd2c6185b44281ec28c9dc,0xa0b86991c6218b36c1d19d4a2e9eb0ce3606eb48,0xc02aaa39b223fe8d0a0e5c4f27ead9083c756cc2,8792452559003,4673288861158103866076,carried_forward,sync_log,25545694,0x3cc15a4241754ac5f361d3a880f2a2ce8a8a0db367aff4cb824c22ac95d2cc3d,521,True
1,25545706,USDC_USDT,0x3041cbd36888becc7bbcbc0045e3b1f144466f5f,0xa0b86991c6218b36c1d19d4a2e9eb0ce3606eb48,0xdac17f958d2ee523a2206206994597c13d831ec7,1667846360105,1665682489858,carried_forward,sync_log,25545639,0x34466edefd105fd48edbbd744e6777c60c73831093b64f078c7505f89efd1f96,520,True
1,25545706,USDT_WETH,0x0d4a11d5eeaac28ec3f61d100daf4d40471f1852,0xc02aaa39b223fe8d0a0e5c4f27ead9083c756cc2,0xdac17f958d2ee523a2206206994597c13d831ec7,3922134564310953996738,7376774594071,carried_forward,sync_log,25545695,0x39692e8372cd1ac747903b2964d0d79b720598b38e4d6c4145b47a3ea6936e2f,336,True
1,25545706,WETH_USDC,0xb4e16d0168e52d35cacd2c6185b44281ec28c9dc,0xa0b86991c6218b36c1d19d4a2e9eb0ce3606eb48,0xc02aaa39b223fe8d0a0e5c4f27ead9083c756cc2,8792452559003,4673288861158103866076,carried_forward,sync_log,25545694,0x3cc15a4241754ac5f361d3a880f2a2ce8a8a0db367aff4cb824c22ac95d2cc3d,521,True
1,25545707,USDC_USDT,0x3041cbd36888becc7bbcbc0045e3b1f144466f5f,0xa0b86991c6218b36c1d19d4a2e9eb0ce3606eb48,0xdac17f958d2ee523a2206206994597c13d831ec7,1667846360105,1665682489858,carried_forward,sync_log,25545639,0x34466edefd105fd48edbbd744e6777c60c73831093b64f078c7505f89efd1f96,520,True
1,25545707,USDT_WETH,0x0d4a11d5eeaac28ec3f61d100daf4d40471f1852,0xc02aaa39b223fe8d0a0e5c4f27ead9083c756cc2,0xdac17f958d2ee523a2206206994597c13d831ec7,3922134564310953996738,7376774594071,carried_forward,sync_log,25545695,0x39692e8372cd1ac747903b2964d0d79b720598b38e4d6c4145b47a3ea6936e2f,336,True
1,25545707,WETH_USDC,0xb4e16d0168e52d35cacd2c6185b44281ec28c9dc,0xa0b86991c6218b36c1d19d4a2e9eb0ce3606eb48,0xc02aaa39b223fe8d0a0e5c4f27ead9083c756cc2,8792452559003,4673288861158103866076,carried_forward,sync_log,25545694,0x3cc15a4241754ac5f361d3a880f2a2ce8a8a0db367aff4cb824c22ac95d2cc3d,521,True
1,25545708,USDC_USDT,0x3041cbd36888becc7bbcbc0045e3b1f144466f5f,0xa0b86991c6218b36c1d19d4a2e9eb0ce3606eb48,0xdac17f958d2ee523a2206206994597c13d831ec7,1667846360105,1665682489858,carried_forward,sync_log,25545639,0x34466edefd105fd48edbbd744e6777c60c73831093b64f078c7505f89efd1f96,520,True
1,25545708,USDT_WETH,0x0d4a11d5eeaac28ec3f61d100daf4d40471f1852,0xc02aaa39b223fe8d0a0e5c4f27ead9083c756cc2,0xdac17f958d2ee523a2206206994597c13d831ec7,3922134564310953996738,7376774594071,carried_forward,sync_log,25545695,0x39692e8372cd1ac747903b2964d0d79b720598b38e4d6c4145b47a3ea6936e2f,336,True
1,25545708,WETH_USDC,0xb4e16d0168e52d35cacd2c6185b44281ec28c9dc,0xa0b86991c6218b36c1d19d4a2e9eb0ce3606eb48,0xc02aaa39b223fe8d0a0e5c4f27ead9083c756cc2,8792452559003,4673288861158103866076,carried_forward,sync_log,25545694,0x3cc15a4241754ac5f361d3a880f2a2ce8a8a0db367aff4cb824c22ac95d2cc3d,521,True
1,25545709,USDC_USDT,0x3041cbd36888becc7bbcbc0045e3b1f144466f5f,0xa0b86991c6218b36c1d19d4a2e9eb0ce3606eb48,0xdac17f958d2ee523a2206206994597c13d831ec7,1667846360105,1665682489858,carried_forward,sync_log,25545639,0x34466edefd105fd48edbbd744e6777c60c73831093b64f078c7505f89efd1f96,520,True
1,25545709,USDT_WETH,0x0d4a11d5eeaac28ec3f61d100daf4d40471f1852,0xc02aaa39b223fe8d0a0e5c4f27ead9083c756cc2,0xdac17f958d2ee523a2206206994597c13d831ec7,3922134564310953996738,7376774594071,carried_forward,sync_log,25545695,0x39692e8372cd1ac747903b2964d0d79b720598b38e4d6c4145b47a3ea6936e2f,336,True
1,25545709,WETH_USDC,0xb4e16d0168e52d35cacd2c6185b44281ec28c9dc,0xa0b86991c6218b36c1d19d4a2e9eb0ce3606eb48,0xc02aaa39b223fe8d0a0e5c4f27ead9083c756cc2,8792452559003,4673288861158103866076,carried_forward,sync_log,25545694,0x3cc15a4241754ac5f361d3a880f2a2ce8a8a0db367aff4cb824c22ac95d2cc3d,521,True
1,25545710,USDC_USDT,0x3041cbd36888becc7bbcbc0045e3b1f144466f5f,0xa0b86991c6218b36c1d19d4a2e9eb0ce3606eb48,0xdac17f958d2ee523a2206206994597c13d831ec7,1667846360105,1665682489858,carried_forward,sync_log,25545639,0x34466edefd105fd48edbbd744e6777c60c73831093b64f078c7505f89efd1f96,520,True
1,25545710,USDT_WETH,0x0d4a11d5eeaac28ec3f61d100daf4d40471f1852,0xc02aaa39b223fe8d0a0e5c4f27ead9083c756cc2,0xdac17f958d2ee523a2206206994597c13d831ec7,3922134564310953996738,7376774594071,carried_forward,sync_log,25545695,0x39692e8372cd1ac747903b2964d0d79b720598b38e4d6c4145b47a3ea6936e2f,336,True
1,25545710,WETH_USDC,0xb4e16d0168e52d35cacd2c6185b44281ec28c9dc,0xa0b86991c6218b36c1d19d4a2e9eb0ce3606eb48,0xc02aaa39b223fe8d0a0e5c4f27ead9083c756cc2,8792452559003,4673288861158103866076,carried_forward,sync_log,25545694,0x3cc15a4241754ac5f361d3a880f2a2ce8a8a0db367aff4cb824c22ac95d2cc3d,521,True
1,25545711,USDC_USDT,0x3041cbd36888becc7bbcbc0045e3b1f144466f5f,0xa0b86991c6218b36c1d19d4a2e9eb0ce3606eb48,0xdac17f958d2ee523a2206206994597c13d831ec7,1667846360105,1665682489858,carried_forward,sync_log,25545639,0x34466edefd105fd48edbbd744e6777c60c73831093b64f078c7505f89efd1f96,520,True
1,25545711,USDT_WETH,0x0d4a11d5eeaac28ec3f61d100daf4d40471f1852,0xc02aaa39b223fe8d0a0e5c4f27ead9083c756cc2,0xdac17f958d2ee523a2206206994597c13d831ec7,3922134564310953996738,7376774594071,carried_forward,sync_log,25545695,0x39692e8372cd1ac747903b2964d0d79b720598b38e4d6c4145b47a3ea6936e2f,336,True
1,25545711,WETH_USDC,0xb4e16d0168e52d35cacd2c6185b44281ec28c9dc,0xa0b86991c6218b36c1d19d4a2e9eb0ce3606eb48,0xc02aaa39b223fe8d0a0e5c4f27ead9083c756cc2,8792452559003,4673288861158103866076,carried_forward,sync_log,25545694,0x3cc15a4241754ac5f361d3a880f2a2ce8a8a0db367aff4cb824c22ac95d2cc3d,521,True
1,25545712,USDC_USDT,0x3041cbd36888becc7bbcbc0045e3b1f144466f5f,0xa0b86991c6218b36c1d19d4a2e9eb0ce3606eb48,0xdac17f958d2ee523a2206206994597c13d831ec7,1667846360105,1665682489858,carried_forward,sync_log,25545639,0x34466edefd105fd48edbbd744e6777c60c73831093b64f078c7505f89efd1f96,520,True
1,25545712,USDT_WETH,0x0d4a11d5eeaac28ec3f61d100daf4d40471f1852,0xc02aaa39b223fe8d0a0e5c4f27ead9083c756cc2,0xdac17f958d2ee523a2206206994597c13d831ec7,3922125022680698193594,7376792594071,observed_sync,sync_log,25545712,0xc2ba40b95f9c480db54f4f504a4fcc823520404923e2869f8bfa4bce18213741,496,True
1,25545712,WETH_USDC,0xb4e16d0168e52d35cacd2c6185b44281ec28c9dc,0xa0b86991c6218b36c1d19d4a2e9eb0ce3606eb48,0xc02aaa39b223fe8d0a0e5c4f27ead9083c756cc2,8792452559003,4673288861158103866076,carried_forward,sync_log,25545694,0x3cc15a4241754ac5f361d3a880f2a2ce8a8a0db367aff4cb824c22ac95d2cc3d,521,True
1,25545713,USDC_USDT,0x3041cbd36888becc7bbcbc0045e3b1f144466f5f,0xa0b86991c6218b36c1d19d4a2e9eb0ce3606eb48,0xdac17f958d2ee523a2206206994597c13d831ec7,1667846360105,1665682489858,carried_forward,sync_log,25545639,0x34466edefd105fd48edbbd744e6777c60c73831093b64f078c7505f89efd1f96,520,True
1,25545713,USDT_WETH,0x0d4a11d5eeaac28ec3f61d100daf4d40471f1852,0xc02aaa39b223fe8d0a0e5c4f27ead9083c756cc2,0xdac17f958d2ee523a2206206994597c13d831ec7,3922125022680698193594,7376792594071,carried_forward,sync_log,25545712,0xc2ba40b95f9c480db54f4f504a4fcc823520404923e2869f8bfa4bce18213741,496,True
1,25545713,WETH_USDC,0xb4e16d0168e52d35cacd2c6185b44281ec28c9dc,0xa0b86991c6218b36c1d19d4a2e9eb0ce3606eb48,0xc02aaa39b223fe8d0a0e5c4f27ead9083c756cc2,8792452559003,4673288861158103866076,carried_forward,sync_log,25545694,0x3cc15a4241754ac5f361d3a880f2a2ce8a8a0db367aff4cb824c22ac95d2cc3d,521,True
1,25545714,USDC_USDT,0x3041cbd36888becc7bbcbc0045e3b1f144466f5f,0xa0b86991c6218b36c1d19d4a2e9eb0ce3606eb48,0xdac17f958d2ee523a2206206994597c13d831ec7,1667846360105,1665682489858,carried_forward,sync_log,25545639,0x34466edefd105fd48edbbd744e6777c60c73831093b64f078c7505f89efd1f96,520,True
1,25545714,USDT_WETH,0x0d4a11d5eeaac28ec3f61d100daf4d40471f1852,0xc02aaa39b223fe8d0a0e5c4f27ead9083c756cc2,0xdac17f958d2ee523a2206206994597c13d831ec7,3922125022680698193594,7376792594071,carried_forward,sync_log,25545712,0xc2ba40b95f9c480db54f4f504a4fcc823520404923e2869f8bfa4bce18213741,496,True
1,25545714,WETH_USDC,0xb4e16d0168e52d35cacd2c6185b44281ec28c9dc,0xa0b86991c6218b36c1d19d4a2e9eb0ce3606eb48,0xc02aaa39b223fe8d0a0e5c4f27ead9083c756cc2,8792452559003,4673288861158103866076,carried_forward,sync_log,25545694,0x3cc15a4241754ac5f361d3a880f2a2ce8a8a0db367aff4cb824c22ac95d2cc3d,521,True
1,25545715,USDC_USDT,0x3041cbd36888becc7bbcbc0045e3b1f144466f5f,0xa0b86991c6218b36c1d19d4a2e9eb0ce3606eb48,0xdac17f958d2ee523a2206206994597c13d831ec7,1667846360105,1665682489858,carried_forward,sync_log,25545639,0x34466edefd105fd48edbbd744e6777c60c73831093b64f078c7505f89efd1f96,520,True
1,25545715,USDT_WETH,0x0d4a11d5eeaac28ec3f61d100daf4d40471f1852,0xc02aaa39b223fe8d0a0e5c4f27ead9083c756cc2,0xdac17f958d2ee523a2206206994597c13d831ec7,3922125022680698193594,7376792594071,carried_forward,sync_log,25545712,0xc2ba40b95f9c480db54f4f504a4fcc823520404923e2869f8bfa4bce18213741,496,True
1,25545715,WETH_USDC,0xb4e16d0168e52d35cacd2c6185b44281ec28c9dc,0xa0b86991c6218b36c1d19d4a2e9eb0ce3606eb48,0xc02aaa39b223fe8d0a0e5c4f27ead9083c756cc2,8792452559003,4673288861158103866076,carried_forward,sync_log,25545694,0x3cc15a4241754ac5f361d3a880f2a2ce8a8a0db367aff4cb824c22ac95d2cc3d,521,True
1,25545716,USDC_USDT,0x3041cbd36888becc7bbcbc0045e3b1f144466f5f,0xa0b86991c6218b36c1d19d4a2e9eb0ce3606eb48,0xdac17f958d2ee523a2206206994597c13d831ec7,1667846360105,1665682489858,carried_forward,sync_log,25545639,0x34466edefd105fd48edbbd744e6777c60c73831093b64f078c7505f89efd1f96,520,True
1,25545716,USDT_WETH,0x0d4a11d5eeaac28ec3f61d100daf4d40471f1852,0xc02aaa39b223fe8d0a0e5c4f27ead9083c756cc2,0xdac17f958d2ee523a2206206994597c13d831ec7,3922121312059274614199,7376799594071,observed_sync,sync_log,25545716,0x908999a71fadb0b36dcf7d547962ca81edb4bc2f38e36c6d6bb00ea1c715e54b,122,True
1,25545716,WETH_USDC,0xb4e16d0168e52d35cacd2c6185b44281ec28c9dc,0xa0b86991c6218b36c1d19d4a2e9eb0ce3606eb48,0xc02aaa39b223fe8d0a0e5c4f27ead9083c756cc2,8792452559003,4673288861158103866076,carried_forward,sync_log,25545694,0x3cc15a4241754ac5f361d3a880f2a2ce8a8a0db367aff4cb824c22ac95d2cc3d,521,True
1,25545717,USDC_USDT,0x3041cbd36888becc7bbcbc0045e3b1f144466f5f,0xa0b86991c6218b36c1d19d4a2e9eb0ce3606eb48,0xdac17f958d2ee523a2206206994597c13d831ec7,1667846360105,1665682489858,carried_forward,sync_log,25545639,0x34466edefd105fd48edbbd744e6777c60c73831093b64f078c7505f89efd1f96,520,True
1,25545717,USDT_WETH,0x0d4a11d5eeaac28ec3f61d100daf4d40471f1852,0xc02aaa39b223fe8d0a0e5c4f27ead9083c756cc2,0xdac17f958d2ee523a2206206994597c13d831ec7,3922121312059274614199,7376799594071,carried_forward,sync_log,25545716,0x908999a71fadb0b36dcf7d547962ca81edb4bc2f38e36c6d6bb00ea1c715e54b,122,True
1,25545717,WETH_USDC,0xb4e16d0168e52d35cacd2c6185b44281ec28c9dc,0xa0b86991c6218b36c1d19d4a2e9eb0ce3606eb48,0xc02aaa39b223fe8d0a0e5c4f27ead9083c756cc2,8792452559003,4673288861158103866076,carried_forward,sync_log,25545694,0x3cc15a4241754ac5f361d3a880f2a2ce8a8a0db367aff4cb824c22ac95d2cc3d,521,True
1,25545718,USDC_USDT,0x3041cbd36888becc7bbcbc0045e3b1f144466f5f,0xa0b86991c6218b36c1d19d4a2e9eb0ce3606eb48,0xdac17f958d2ee523a2206206994597c13d831ec7,1667846360105,1665682489858,carried_forward,sync_log,25545639,0x34466edefd105fd48edbbd744e6777c60c73831093b64f078c7505f89efd1f96,520,True
1,25545718,USDT_WETH,0x0d4a11d5eeaac28ec3f61d100daf4d40471f1852,0xc02aaa39b223fe8d0a0e5c4f27ead9083c756cc2,0xdac17f958d2ee523a2206206994597c13d831ec7,3922123791084274614199,7376794945465,observed_sync,sync_log,25545718,0xe8078abb593957a533246e0425b2fce7fc23ccc6cb9e24bc787f1b5b8067eb7c,133,True
1,25545718,WETH_USDC,0xb4e16d0168e52d35cacd2c6185b44281ec28c9dc,0xa0b86991c6218b36c1d19d4a2e9eb0ce3606eb48,0xc02aaa39b223fe8d0a0e5c4f27ead9083c756cc2,8792452559003,4673288861158103866076,carried_forward,sync_log,25545694,0x3cc15a4241754ac5f361d3a880f2a2ce8a8a0db367aff4cb824c22ac95d2cc3d,521,True
1,25545719,USDC_USDT,0x3041cbd36888becc7bbcbc0045e3b1f144466f5f,0xa0b86991c6218b36c1d19d4a2e9eb0ce3606eb48,0xdac17f958d2ee523a2206206994597c13d831ec7,1667846360105,1665682489858,carried_forward,sync_log,25545639,0x34466edefd105fd48edbbd744e6777c60c73831093b64f078c7505f89efd1f96,520,True
1,25545719,USDT_WETH,0x0d4a11d5eeaac28ec3f61d100daf4d40471f1852,0xc02aaa39b223fe8d0a0e5c4f27ead9083c756cc2,0xdac17f958d2ee523a2206206994597c13d831ec7,3922123791084274614199,7376794945465,carried_forward,sync_log,25545718,0xe8078abb593957a533246e0425b2fce7fc23ccc6cb9e24bc787f1b5b8067eb7c,133,True
1,25545719,WETH_USDC,0xb4e16d0168e52d35cacd2c6185b44281ec28c9dc,0xa0b86991c6218b36c1d19d4a2e9eb0ce3606eb48,0xc02aaa39b223fe8d0a0e5c4f27ead9083c756cc2,8792198406717,4673424356388655118208,observed_sync,sync_log,25545719,0x1c1585a4d2a814e0f09ea899a31c63ce78bd271290e083a8a94bbc7b3cdccd5b,1015,True
1,25545720,USDC_USDT,0x3041cbd36888becc7bbcbc0045e3b1f144466f5f,0xa0b86991c6218b36c1d19d4a2e9eb0ce3606eb48,0xdac17f958d2ee523a2206206994597c13d831ec7,1667846360105,1665682489858,carried_forward,sync_log,25545639,0x34466edefd105fd48edbbd744e6777c60c73831093b64f078c7505f89efd1f96,520,True
1,25545720,USDT_WETH,0x0d4a11d5eeaac28ec3f61d100daf4d40471f1852,0xc02aaa39b223fe8d0a0e5c4f27ead9083c756cc2,0xdac17f958d2ee523a2206206994597c13d831ec7,3922123791084274614199,7376794945465,carried_forward,sync_log,25545718,0xe8078abb593957a533246e0425b2fce7fc23ccc6cb9e24bc787f1b5b8067eb7c,133,True
1,25545720,WETH_USDC,0xb4e16d0168e52d35cacd2c6185b44281ec28c9dc,0xa0b86991c6218b36c1d19d4a2e9eb0ce3606eb48,0xc02aaa39b223fe8d0a0e5c4f27ead9083c756cc2,8792198406717,4673424356388655118208,carried_forward,sync_log,25545719,0x1c1585a4d2a814e0f09ea899a31c63ce78bd271290e083a8a94bbc7b3cdccd5b,1015,True
1,25545721,USDC_USDT,0x3041cbd36888becc7bbcbc0045e3b1f144466f5f,0xa0b86991c6218b36c1d19d4a2e9eb0ce3606eb48,0xdac17f958d2ee523a2206206994597c13d831ec7,1667846360105,1665682489858,carried_forward,sync_log,25545639,0x34466edefd105fd48edbbd744e6777c60c73831093b64f078c7505f89efd1f96,520,True
1,25545721,USDT_WETH,0x0d4a11d5eeaac28ec3f61d100daf4d40471f1852,0xc02aaa39b223fe8d0a0e5c4f27ead9083c756cc2,0xdac17f958d2ee523a2206206994597c13d831ec7,3922123791084274614199,7376794945465,carried_forward,sync_log,25545718,0xe8078abb593957a533246e0425b2fce7fc23ccc6cb9e24bc787f1b5b8067eb7c,133,True
1,25545721,WETH_USDC,0xb4e16d0168e52d35cacd2c6185b44281ec28c9dc,0xa0b86991c6218b36c1d19d4a2e9eb0ce3606eb48,0xc02aaa39b223fe8d0a0e5c4f27ead9083c756cc2,8792198406717,4673424356388655118208,carried_forward,sync_log,25545719,0x1c1585a4d2a814e0f09ea899a31c63ce78bd271290e083a8a94bbc7b3cdccd5b,1015,True
1,25545722,USDC_USDT,0x3041cbd36888becc7bbcbc0045e3b1f144466f5f,0xa0b86991c6218b36c1d19d4a2e9eb0ce3606eb48,0xdac17f958d2ee523a2206206994597c13d831ec7,1667846360105,1665682489858,carried_forward,sync_log,25545639,0x34466edefd105fd48edbbd744e6777c60c73831093b64f078c7505f89efd1f96,520,True
1,25545722,USDT_WETH,0x0d4a11d5eeaac28ec3f61d100daf4d40471f1852,0xc02aaa39b223fe8d0a0e5c4f27ead9083c756cc2,0xdac17f958d2ee523a2206206994597c13d831ec7,3922123791084274614199,7376794945465,carried_forward,sync_log,25545718,0xe8078abb593957a533246e0425b2fce7fc23ccc6cb9e24bc787f1b5b8067eb7c,133,True
1,25545722,WETH_USDC,0xb4e16d0168e52d35cacd2c6185b44281ec28c9dc,0xa0b86991c6218b36c1d19d4a2e9eb0ce3606eb48,0xc02aaa39b223fe8d0a0e5c4f27ead9083c756cc2,8792198406717,4673424356388655118208,carried_forward,sync_log,25545719,0x1c1585a4d2a814e0f09ea899a31c63ce78bd271290e083a8a94bbc7b3cdccd5b,1015,True
1,25545723,USDC_USDT,0x3041cbd36888becc7bbcbc0045e3b1f144466f5f,0xa0b86991c6218b36c1d19d4a2e9eb0ce3606eb48,0xdac17f958d2ee523a2206206994597c13d831ec7,1667846360105,1665682489858,carried_forward,sync_log,25545639,0x34466edefd105fd48edbbd744e6777c60c73831093b64f078c7505f89efd1f96,520,True
1,25545723,USDT_WETH,0x0d4a11d5eeaac28ec3f61d100daf4d40471f1852,0xc02aaa39b223fe8d0a0e5c4f27ead9083c756cc2,0xdac17f958d2ee523a2206206994597c13d831ec7,3922123791084274614199,7376794945465,carried_forward,sync_log,25545718,0xe8078abb593957a533246e0425b2fce7fc23ccc6cb9e24bc787f1b5b8067eb7c,133,True
1,25545723,WETH_USDC,0xb4e16d0168e52d35cacd2c6185b44281ec28c9dc,0xa0b86991c6218b36c1d19d4a2e9eb0ce3606eb48,0xc02aaa39b223fe8d0a0e5c4f27ead9083c756cc2,8792198406717,4673424356388655118208,carried_forward,sync_log,25545719,0x1c1585a4d2a814e0f09ea899a31c63ce78bd271290e083a8a94bbc7b3cdccd5b,1015,True
1,25545724,USDC_USDT,0x3041cbd36888becc7bbcbc0045e3b1f144466f5f,0xa0b86991c6218b36c1d19d4a2e9eb0ce3606eb48,0xdac17f958d2ee523a2206206994597c13d831ec7,1667846360105,1665682489858,carried_forward,sync_log,25545639,0x34466edefd105fd48edbbd744e6777c60c73831093b64f078c7505f89efd1f96,520,True
1,25545724,USDT_WETH,0x0d4a11d5eeaac28ec3f61d100daf4d40471f1852,0xc02aaa39b223fe8d0a0e5c4f27ead9083c756cc2,0xdac17f958d2ee523a2206206994597c13d831ec7,3922123791084274614199,7376794945465,carried_forward,sync_log,25545718,0xe8078abb593957a533246e0425b2fce7fc23ccc6cb9e24bc787f1b5b8067eb7c,133,True
1,25545724,WETH_USDC,0xb4e16d0168e52d35cacd2c6185b44281ec28c9dc,0xa0b86991c6218b36c1d19d4a2e9eb0ce3606eb48,0xc02aaa39b223fe8d0a0e5c4f27ead9083c756cc2,8792198406717,4673424356388655118208,carried_forward,sync_log,25545719,0x1c1585a4d2a814e0f09ea899a31c63ce78bd271290e083a8a94bbc7b3cdccd5b,1015,True
1,25545725,USDC_USDT,0x3041cbd36888becc7bbcbc0045e3b1f144466f5f,0xa0b86991c6218b36c1d19d4a2e9eb0ce3606eb48,0xdac17f958d2ee523a2206206994597c13d831ec7,1667846360105,1665682489858,carried_forward,sync_log,25545639,0x34466edefd105fd48edbbd744e6777c60c73831093b64f078c7505f89efd1f96,520,True
1,25545725,USDT_WETH,0x0d4a11d5eeaac28ec3f61d100daf4d40471f1852,0xc02aaa39b223fe8d0a0e5c4f27ead9083c756cc2,0xdac17f958d2ee523a2206206994597c13d831ec7,3921480078558490796831,7378009786825,observed_sync,sync_log,25545725,0xebad840496c6676910533d3379847ea7467be564c2a3f68d94aab67719b5e247,146,True
1,25545725,WETH_USDC,0xb4e16d0168e52d35cacd2c6185b44281ec28c9dc,0xa0b86991c6218b36c1d19d4a2e9eb0ce3606eb48,0xc02aaa39b223fe8d0a0e5c4f27ead9083c756cc2,8792198406717,4673424356388655118208,carried_forward,sync_log,25545719,0x1c1585a4d2a814e0f09ea899a31c63ce78bd271290e083a8a94bbc7b3cdccd5b,1015,True
1,25545726,USDC_USDT,0x3041cbd36888becc7bbcbc0045e3b1f144466f5f,0xa0b86991c6218b36c1d19d4a2e9eb0ce3606eb48,0xdac17f958d2ee523a2206206994597c13d831ec7,1667846360105,1665682489858,carried_forward,sync_log,25545639,0x34466edefd105fd48edbbd744e6777c60c73831093b64f078c7505f89efd1f96,520,True
1,25545726,USDT_WETH,0x0d4a11d5eeaac28ec3f61d100daf4d40471f1852,0xc02aaa39b223fe8d0a0e5c4f27ead9083c756cc2,0xdac17f958d2ee523a2206206994597c13d831ec7,3919947878817641223967,7380902331198,observed_sync,sync_log,25545726,0x3cea1edabe017a499797c357976a0c5462f2ab745281b2efcbc6b3008206e746,59,True
1,25545726,WETH_USDC,0xb4e16d0168e52d35cacd2c6185b44281ec28c9dc,0xa0b86991c6218b36c1d19d4a2e9eb0ce3606eb48,0xc02aaa39b223fe8d0a0e5c4f27ead9083c756cc2,8792198406717,4673424356388655118208,carried_forward,sync_log,25545719,0x1c1585a4d2a814e0f09ea899a31c63ce78bd271290e083a8a94bbc7b3cdccd5b,1015,True
1,25545727,USDC_USDT,0x3041cbd36888becc7bbcbc0045e3b1f144466f5f,0xa0b86991c6218b36c1d19d4a2e9eb0ce3606eb48,0xdac17f958d2ee523a2206206994597c13d831ec7,1667846360105,1665682489858,carried_forward,sync_log,25545639,0x34466edefd105fd48edbbd744e6777c60c73831093b64f078c7505f89efd1f96,520,True
1,25545727,USDT_WETH,0x0d4a11d5eeaac28ec3f61d100daf4d40471f1852,0xc02aaa39b223fe8d0a0e5c4f27ead9083c756cc2,0xdac17f958d2ee523a2206206994597c13d831ec7,3919947878817641223967,7380902331198,carried_forward,sync_log,25545726,0x3cea1edabe017a499797c357976a0c5462f2ab745281b2efcbc6b3008206e746,59,True
1,25545727,WETH_USDC,0xb4e16d0168e52d35cacd2c6185b44281ec28c9dc,0xa0b86991c6218b36c1d19d4a2e9eb0ce3606eb48,0xc02aaa39b223fe8d0a0e5c4f27ead9083c756cc2,8792198406717,4673424356388655118208,carried_forward,sync_log,25545719,0x1c1585a4d2a814e0f09ea899a31c63ce78bd271290e083a8a94bbc7b3cdccd5b,1015,True
1,25545728,USDC_USDT,0x3041cbd36888becc7bbcbc0045e3b1f144466f5f,0xa0b86991c6218b36c1d19d4a2e9eb0ce3606eb48,0xdac17f958d2ee523a2206206994597c13d831ec7,1667846360105,1665682489858,carried_forward,sync_log,25545639,0x34466edefd105fd48edbbd744e6777c60c73831093b64f078c7505f89efd1f96,520,True
1,25545728,USDT_WETH,0x0d4a11d5eeaac28ec3f61d100daf4d40471f1852,0xc02aaa39b223fe8d0a0e5c4f27ead9083c756cc2,0xdac17f958d2ee523a2206206994597c13d831ec7,3919912270969266403756,7380969579866,observed_sync,sync_log,25545728,0x97a155fef1032e130f64aa5c22c49d3afee9035a5831b40a7c2a0ff5079766e9,412,True
1,25545728,WETH_USDC,0xb4e16d0168e52d35cacd2c6185b44281ec28c9dc,0xa0b86991c6218b36c1d19d4a2e9eb0ce3606eb48,0xc02aaa39b223fe8d0a0e5c4f27ead9083c756cc2,8792198406717,4673424356388655118208,carried_forward,sync_log,25545719,0x1c1585a4d2a814e0f09ea899a31c63ce78bd271290e083a8a94bbc7b3cdccd5b,1015,True
1,25545729,USDC_USDT,0x3041cbd36888becc7bbcbc0045e3b1f144466f5f,0xa0b86991c6218b36c1d19d4a2e9eb0ce3606eb48,0xdac17f958d2ee523a2206206994597c13d831ec7,1667846360105,1665682489858,carried_forward,sync_log,25545639,0x34466edefd105fd48edbbd744e6777c60c73831093b64f078c7505f89efd1f96,520,True
1,25545729,USDT_WETH,0x0d4a11d5eeaac28ec3f61d100daf4d40471f1852,0xc02aaa39b223fe8d0a0e5c4f27ead9083c756cc2,0xdac17f958d2ee523a2206206994597c13d831ec7,3919912270969266403756,7380969579866,carried_forward,sync_log,25545728,0x97a155fef1032e130f64aa5c22c49d3afee9035a5831b40a7c2a0ff5079766e9,412,True
1,25545729,WETH_USDC,0xb4e16d0168e52d35cacd2c6185b44281ec28c9dc,0xa0b86991c6218b36c1d19d4a2e9eb0ce3606eb48,0xc02aaa39b223fe8d0a0e5c4f27ead9083c756cc2,8792198406717,4673424356388655118208,carried_forward,sync_log,25545719,0x1c1585a4d2a814e0f09ea899a31c63ce78bd271290e083a8a94bbc7b3cdccd5b,1015,True
1,25545730,USDC_USDT,0x3041cbd36888becc7bbcbc0045e3b1f144466f5f,0xa0b86991c6218b36c1d19d4a2e9eb0ce3606eb48,0xdac17f958d2ee523a2206206994597c13d831ec7,1667846360105,1665682489858,carried_forward,sync_log,25545639,0x34466edefd105fd48edbbd744e6777c60c73831093b64f078c7505f89efd1f96,520,True
1,25545730,USDT_WETH,0x0d4a11d5eeaac28ec3f61d100daf4d40471f1852,0xc02aaa39b223fe8d0a0e5c4f27ead9083c756cc2,0xdac17f958d2ee523a2206206994597c13d831ec7,3919912270969266403756,7380969579866,carried_forward,sync_log,25545728,0x97a155fef1032e130f64aa5c22c49d3afee9035a5831b40a7c2a0ff5079766e9,412,True
1,25545730,WETH_USDC,0xb4e16d0168e52d35cacd2c6185b44281ec28c9dc,0xa0b86991c6218b36c1d19d4a2e9eb0ce3606eb48,0xc02aaa39b223fe8d0a0e5c4f27ead9083c756cc2,8793362591977,4672807481922052609152,observed_sync,sync_log,25545730,0x434e67fe1a2a23ec7a5e7641cfb74ef340b05077193a951fcb6553e0a441487c,14,True
1,25545731,USDC_USDT,0x3041cbd36888becc7bbcbc0045e3b1f144466f5f,0xa0b86991c6218b36c1d19d4a2e9eb0ce3606eb48,0xdac17f958d2ee523a2206206994597c13d831ec7,1667846360105,1665682489858,carried_forward,sync_log,25545639,0x34466edefd105fd48edbbd744e6777c60c73831093b64f078c7505f89efd1f96,520,True
1,25545731,USDT_WETH,0x0d4a11d5eeaac28ec3f61d100daf4d40471f1852,0xc02aaa39b223fe8d0a0e5c4f27ead9083c756cc2,0xdac17f958d2ee523a2206206994597c13d831ec7,3919912270969266403756,7380969579866,carried_forward,sync_log,25545728,0x97a155fef1032e130f64aa5c22c49d3afee9035a5831b40a7c2a0ff5079766e9,412,True
1,25545731,WETH_USDC,0xb4e16d0168e52d35cacd2c6185b44281ec28c9dc,0xa0b86991c6218b36c1d19d4a2e9eb0ce3606eb48,0xc02aaa39b223fe8d0a0e5c4f27ead9083c756cc2,8793363002762,4672807264285107169273,observed_sync,sync_log,25545731,0x5aa0742664404f0bf52d6f680f4681454f181e795f372d967802ed16c809836e,178,True
1,25545732,USDC_USDT,0x3041cbd36888becc7bbcbc0045e3b1f144466f5f,0xa0b86991c6218b36c1d19d4a2e9eb0ce3606eb48,0xdac17f958d2ee523a2206206994597c13d831ec7,1667846360105,1665682489858,carried_forward,sync_log,25545639,0x34466edefd105fd48edbbd744e6777c60c73831093b64f078c7505f89efd1f96,520,True
1,25545732,USDT_WETH,0x0d4a11d5eeaac28ec3f61d100daf4d40471f1852,0xc02aaa39b223fe8d0a0e5c4f27ead9083c756cc2,0xdac17f958d2ee523a2206206994597c13d831ec7,3919912270969266403756,7380969579866,carried_forward,sync_log,25545728,0x97a155fef1032e130f64aa5c22c49d3afee9035a5831b40a7c2a0ff5079766e9,412,True
1,25545732,WETH_USDC,0xb4e16d0168e52d35cacd2c6185b44281ec28c9dc,0xa0b86991c6218b36c1d19d4a2e9eb0ce3606eb48,0xc02aaa39b223fe8d0a0e5c4f27ead9083c756cc2,8793363002762,4672807264285107169273,carried_forward,sync_log,25545731,0x5aa0742664404f0bf52d6f680f4681454f181e795f372d967802ed16c809836e,178,True
1,25545733,USDC_USDT,0x3041cbd36888becc7bbcbc0045e3b1f144466f5f,0xa0b86991c6218b36c1d19d4a2e9eb0ce3606eb48,0xdac17f958d2ee523a2206206994597c13d831ec7,1667846360105,1665682489858,carried_forward,sync_log,25545639,0x34466edefd105fd48edbbd744e6777c60c73831093b64f078c7505f89efd1f96,520,True
1,25545733,USDT_WETH,0x0d4a11d5eeaac28ec3f61d100daf4d40471f1852,0xc02aaa39b223fe8d0a0e5c4f27ead9083c756cc2,0xdac17f958d2ee523a2206206994597c13d831ec7,3919912270969266403756,7380969579866,carried_forward,sync_log,25545728,0x97a155fef1032e130f64aa5c22c49d3afee9035a5831b40a7c2a0ff5079766e9,412,True
1,25545733,WETH_USDC,0xb4e16d0168e52d35cacd2c6185b44281ec28c9dc,0xa0b86991c6218b36c1d19d4a2e9eb0ce3606eb48,0xc02aaa39b223fe8d0a0e5c4f27ead9083c756cc2,8793363002762,4672807264285107169273,carried_forward,sync_log,25545731,0x5aa0742664404f0bf52d6f680f4681454f181e795f372d967802ed16c809836e,178,True
1,25545734,USDC_USDT,0x3041cbd36888becc7bbcbc0045e3b1f144466f5f,0xa0b86991c6218b36c1d19d4a2e9eb0ce3606eb48,0xdac17f958d2ee523a2206206994597c13d831ec7,1667846360105,1665682489858,carried_forward,sync_log,25545639,0x34466edefd105fd48edbbd744e6777c60c73831093b64f078c7505f89efd1f96,520,True
1,25545734,USDT_WETH,0x0d4a11d5eeaac28ec3f61d100daf4d40471f1852,0xc02aaa39b223fe8d0a0e5c4f27ead9083c756cc2,0xdac17f958d2ee523a2206206994597c13d831ec7,3919315113993585459116,7382097549617,observed_sync,sync_log,25545734,0x5ddc816dff0c5609255fce18f01a1090b1acf337b947cb42313f53f33f139b59,132,True
1,25545734,WETH_USDC,0xb4e16d0168e52d35cacd2c6185b44281ec28c9dc,0xa0b86991c6218b36c1d19d4a2e9eb0ce3606eb48,0xc02aaa39b223fe8d0a0e5c4f27ead9083c756cc2,8794239232829,4672343078150520229561,observed_sync,sync_log,25545734,0xdf2004929a46349b67ab66c600ab55776c8aa107009b2c9117387ad2f5bba290,275,True
1,25545735,USDC_USDT,0x3041cbd36888becc7bbcbc0045e3b1f144466f5f,0xa0b86991c6218b36c1d19d4a2e9eb0ce3606eb48,0xdac17f958d2ee523a2206206994597c13d831ec7,1667846360105,1665682489858,carried_forward,sync_log,25545639,0x34466edefd105fd48edbbd744e6777c60c73831093b64f078c7505f89efd1f96,520,True
1,25545735,USDT_WETH,0x0d4a11d5eeaac28ec3f61d100daf4d40471f1852,0xc02aaa39b223fe8d0a0e5c4f27ead9083c756cc2,0xdac17f958d2ee523a2206206994597c13d831ec7,3919315113993585459116,7382097549617,carried_forward,sync_log,25545734,0x5ddc816dff0c5609255fce18f01a1090b1acf337b947cb42313f53f33f139b59,132,True
1,25545735,WETH_USDC,0xb4e16d0168e52d35cacd2c6185b44281ec28c9dc,0xa0b86991c6218b36c1d19d4a2e9eb0ce3606eb48,0xc02aaa39b223fe8d0a0e5c4f27ead9083c756cc2,8794239232829,4672343078150520229561,carried_forward,sync_log,25545734,0xdf2004929a46349b67ab66c600ab55776c8aa107009b2c9117387ad2f5bba290,275,True
1,25545736,USDC_USDT,0x3041cbd36888becc7bbcbc0045e3b1f144466f5f,0xa0b86991c6218b36c1d19d4a2e9eb0ce3606eb48,0xdac17f958d2ee523a2206206994597c13d831ec7,1667846360105,1665682489858,carried_forward,sync_log,25545639,0x34466edefd105fd48edbbd744e6777c60c73831093b64f078c7505f89efd1f96,520,True
1,25545736,USDT_WETH,0x0d4a11d5eeaac28ec3f61d100daf4d40471f1852,0xc02aaa39b223fe8d0a0e5c4f27ead9083c756cc2,0xdac17f958d2ee523a2206206994597c13d831ec7,3918392940437056508391,7383840119354,observed_sync,sync_log,25545736,0xbb25dfb9f8659323096f5c75902df46e9829e2ef9798febbd5756a29157562c1,381,True
1,25545736,WETH_USDC,0xb4e16d0168e52d35cacd2c6185b44281ec28c9dc,0xa0b86991c6218b36c1d19d4a2e9eb0ce3606eb48,0xc02aaa39b223fe8d0a0e5c4f27ead9083c756cc2,8796177250432,4671316733917813535033,observed_sync,sync_log,25545736,0x59cc08468981554c0bfebd1c7a7d222d12b62c4a23c6130fe95586d7a5a3128c,93,True
1,25545737,USDC_USDT,0x3041cbd36888becc7bbcbc0045e3b1f144466f5f,0xa0b86991c6218b36c1d19d4a2e9eb0ce3606eb48,0xdac17f958d2ee523a2206206994597c13d831ec7,1667846360105,1665682489858,carried_forward,sync_log,25545639,0x34466edefd105fd48edbbd744e6777c60c73831093b64f078c7505f89efd1f96,520,True
1,25545737,USDT_WETH,0x0d4a11d5eeaac28ec3f61d100daf4d40471f1852,0xc02aaa39b223fe8d0a0e5c4f27ead9083c756cc2,0xdac17f958d2ee523a2206206994597c13d831ec7,3918392940437056508391,7383840119354,carried_forward,sync_log,25545736,0xbb25dfb9f8659323096f5c75902df46e9829e2ef9798febbd5756a29157562c1,381,True
1,25545737,WETH_USDC,0xb4e16d0168e52d35cacd2c6185b44281ec28c9dc,0xa0b86991c6218b36c1d19d4a2e9eb0ce3606eb48,0xc02aaa39b223fe8d0a0e5c4f27ead9083c756cc2,8796187964322,4671311061252551475384,observed_sync,sync_log,25545737,0x959db73fc19dfc1ee5a746275ba74021f105fc2b518cb63891189a963e768c16,98,True
1,25545738,USDC_USDT,0x3041cbd36888becc7bbcbc0045e3b1f144466f5f,0xa0b86991c6218b36c1d19d4a2e9eb0ce3606eb48,0xdac17f958d2ee523a2206206994597c13d831ec7,1667846360105,1665682489858,carried_forward,sync_log,25545639,0x34466edefd105fd48edbbd744e6777c60c73831093b64f078c7505f89efd1f96,520,True
1,25545738,USDT_WETH,0x0d4a11d5eeaac28ec3f61d100daf4d40471f1852,0xc02aaa39b223fe8d0a0e5c4f27ead9083c756cc2,0xdac17f958d2ee523a2206206994597c13d831ec7,3918392940437056508391,7383840119354,carried_forward,sync_log,25545736,0xbb25dfb9f8659323096f5c75902df46e9829e2ef9798febbd5756a29157562c1,381,True
1,25545738,WETH_USDC,0xb4e16d0168e52d35cacd2c6185b44281ec28c9dc,0xa0b86991c6218b36c1d19d4a2e9eb0ce3606eb48,0xc02aaa39b223fe8d0a0e5c4f27ead9083c756cc2,8796187964322,4671311061252551475384,carried_forward,sync_log,25545737,0x959db73fc19dfc1ee5a746275ba74021f105fc2b518cb63891189a963e768c16,98,True
1,25545739,USDC_USDT,0x3041cbd36888becc7bbcbc0045e3b1f144466f5f,0xa0b86991c6218b36c1d19d4a2e9eb0ce3606eb48,0xdac17f958d2ee523a2206206994597c13d831ec7,1667846360105,1665682489858,carried_forward,sync_log,25545639,0x34466edefd105fd48edbbd744e6777c60c73831093b64f078c7505f89efd1f96,520,True
1,25545739,USDT_WETH,0x0d4a11d5eeaac28ec3f61d100daf4d40471f1852,0xc02aaa39b223fe8d0a0e5c4f27ead9083c756cc2,0xdac17f958d2ee523a2206206994597c13d831ec7,3918392940437056508391,7383840119354,carried_forward,sync_log,25545736,0xbb25dfb9f8659323096f5c75902df46e9829e2ef9798febbd5756a29157562c1,381,True
1,25545739,WETH_USDC,0xb4e16d0168e52d35cacd2c6185b44281ec28c9dc,0xa0b86991c6218b36c1d19d4a2e9eb0ce3606eb48,0xc02aaa39b223fe8d0a0e5c4f27ead9083c756cc2,8796187964322,4671311061252551475384,carried_forward,sync_log,25545737,0x959db73fc19dfc1ee5a746275ba74021f105fc2b518cb63891189a963e768c16,98,True
1,25545740,USDC_USDT,0x3041cbd36888becc7bbcbc0045e3b1f144466f5f,0xa0b86991c6218b36c1d19d4a2e9eb0ce3606eb48,0xdac17f958d2ee523a2206206994597c13d831ec7,1667846360105,1665682489858,carried_forward,sync_log,25545639,0x34466edefd105fd48edbbd744e6777c60c73831093b64f078c7505f89efd1f96,520,True
1,25545740,USDT_WETH,0x0d4a11d5eeaac28ec3f61d100daf4d40471f1852,0xc02aaa39b223fe8d0a0e5c4f27ead9083c756cc2,0xdac17f958d2ee523a2206206994597c13d831ec7,3918392940437056508391,7383840119354,carried_forward,sync_log,25545736,0xbb25dfb9f8659323096f5c75902df46e9829e2ef9798febbd5756a29157562c1,381,True
1,25545740,WETH_USDC,0xb4e16d0168e52d35cacd2c6185b44281ec28c9dc,0xa0b86991c6218b36c1d19d4a2e9eb0ce3606eb48,0xc02aaa39b223fe8d0a0e5c4f27ead9083c756cc2,8796187964322,4671311061252551475384,carried_forward,sync_log,25545737,0x959db73fc19dfc1ee5a746275ba74021f105fc2b518cb63891189a963e768c16,98,True
1,25545741,USDC_USDT,0x3041cbd36888becc7bbcbc0045e3b1f144466f5f,0xa0b86991c6218b36c1d19d4a2e9eb0ce3606eb48,0xdac17f958d2ee523a2206206994597c13d831ec7,1667846360105,1665682489858,carried_forward,sync_log,25545639,0x34466edefd105fd48edbbd744e6777c60c73831093b64f078c7505f89efd1f96,520,True
1,25545741,USDT_WETH,0x0d4a11d5eeaac28ec3f61d100daf4d40471f1852,0xc02aaa39b223fe8d0a0e5c4f27ead9083c756cc2,0xdac17f958d2ee523a2206206994597c13d831ec7,3918392940437056508391,7383840119354,carried_forward,sync_log,25545736,0xbb25dfb9f8659323096f5c75902df46e9829e2ef9798febbd5756a29157562c1,381,True
1,25545741,WETH_USDC,0xb4e16d0168e52d35cacd2c6185b44281ec28c9dc,0xa0b86991c6218b36c1d19d4a2e9eb0ce3606eb48,0xc02aaa39b223fe8d0a0e5c4f27ead9083c756cc2,8796187964322,4671311061252551475384,carried_forward,sync_log,25545737,0x959db73fc19dfc1ee5a746275ba74021f105fc2b518cb63891189a963e768c16,98,True
1,25545742,USDC_USDT,0x3041cbd36888becc7bbcbc0045e3b1f144466f5f,0xa0b86991c6218b36c1d19d4a2e9eb0ce3606eb48,0xdac17f958d2ee523a2206206994597c13d831ec7,1667846360105,1665682489858,carried_forward,sync_log,25545639,0x34466edefd105fd48edbbd744e6777c60c73831093b64f078c7505f89efd1f96,520,True
1,25545742,USDT_WETH,0x0d4a11d5eeaac28ec3f61d100daf4d40471f1852,0xc02aaa39b223fe8d0a0e5c4f27ead9083c756cc2,0xdac17f958d2ee523a2206206994597c13d831ec7,3918370583906328976226,7383882384982,observed_sync,sync_log,25545742,0x052bfbdfac5e67ea8c34a20c81df04d7c39e50bf1f4ac8f23428f76942440ecc,1043,True
1,25545742,WETH_USDC,0xb4e16d0168e52d35cacd2c6185b44281ec28c9dc,0xa0b86991c6218b36c1d19d4a2e9eb0ce3606eb48,0xc02aaa39b223fe8d0a0e5c4f27ead9083c756cc2,8796187964322,4671311061252551475384,carried_forward,sync_log,25545737,0x959db73fc19dfc1ee5a746275ba74021f105fc2b518cb63891189a963e768c16,98,True
1,25545743,USDC_USDT,0x3041cbd36888becc7bbcbc0045e3b1f144466f5f,0xa0b86991c6218b36c1d19d4a2e9eb0ce3606eb48,0xdac17f958d2ee523a2206206994597c13d831ec7,1667846360105,1665682489858,carried_forward,sync_log,25545639,0x34466edefd105fd48edbbd744e6777c60c73831093b64f078c7505f89efd1f96,520,True
1,25545743,USDT_WETH,0x0d4a11d5eeaac28ec3f61d100daf4d40471f1852,0xc02aaa39b223fe8d0a0e5c4f27ead9083c756cc2,0xdac17f958d2ee523a2206206994597c13d831ec7,3918370583906328976226,7383882384982,carried_forward,sync_log,25545742,0x052bfbdfac5e67ea8c34a20c81df04d7c39e50bf1f4ac8f23428f76942440ecc,1043,True
1,25545743,WETH_USDC,0xb4e16d0168e52d35cacd2c6185b44281ec28c9dc,0xa0b86991c6218b36c1d19d4a2e9eb0ce3606eb48,0xc02aaa39b223fe8d0a0e5c4f27ead9083c756cc2,8796187964322,4671311061252551475384,carried_forward,sync_log,25545737,0x959db73fc19dfc1ee5a746275ba74021f105fc2b518cb63891189a963e768c16,98,True
1,25545744,USDC_USDT,0x3041cbd36888becc7bbcbc0045e3b1f144466f5f,0xa0b86991c6218b36c1d19d4a2e9eb0ce3606eb48,0xdac17f958d2ee523a2206206994597c13d831ec7,1667846360105,1665682489858,carried_forward,sync_log,25545639,0x34466edefd105fd48edbbd744e6777c60c73831093b64f078c7505f89efd1f96,520,True
1,25545744,USDT_WETH,0x0d4a11d5eeaac28ec3f61d100daf4d40471f1852,0xc02aaa39b223fe8d0a0e5c4f27ead9083c756cc2,0xdac17f958d2ee523a2206206994597c13d831ec7,3916894808249036192610,7386672800737,observed_sync,sync_log,25545744,0x994476a5ab7581a749d436f3b67f31d83a4318db77656816518941b5928df310,61,True
1,25545744,WETH_USDC,0xb4e16d0168e52d35cacd2c6185b44281ec28c9dc,0xa0b86991c6218b36c1d19d4a2e9eb0ce3606eb48,0xc02aaa39b223fe8d0a0e5c4f27ead9083c756cc2,8799597706522,4669506414065889594552,observed_sync,sync_log,25545744,0x0bf9107bbd905c0755aea93ee5a82348a2c4d43eb384ea8ce27fa3965dc3561b,53,True
1,25545745,USDC_USDT,0x3041cbd36888becc7bbcbc0045e3b1f144466f5f,0xa0b86991c6218b36c1d19d4a2e9eb0ce3606eb48,0xdac17f958d2ee523a2206206994597c13d831ec7,1667846360105,1665682489858,carried_forward,sync_log,25545639,0x34466edefd105fd48edbbd744e6777c60c73831093b64f078c7505f89efd1f96,520,True
1,25545745,USDT_WETH,0x0d4a11d5eeaac28ec3f61d100daf4d40471f1852,0xc02aaa39b223fe8d0a0e5c4f27ead9083c756cc2,0xdac17f958d2ee523a2206206994597c13d831ec7,3915914001335508308854,7388528484965,observed_sync,sync_log,25545745,0x3b5b86e193db941f85b256a66d9ccda1cf4842e8d05f120775a355757488e1a3,220,True
1,25545745,WETH_USDC,0xb4e16d0168e52d35cacd2c6185b44281ec28c9dc,0xa0b86991c6218b36c1d19d4a2e9eb0ce3606eb48,0xc02aaa39b223fe8d0a0e5c4f27ead9083c756cc2,8801797094864,4668343099874314493945,observed_sync,sync_log,25545745,0x3b5b86e193db941f85b256a66d9ccda1cf4842e8d05f120775a355757488e1a3,256,True
1,25545746,USDC_USDT,0x3041cbd36888becc7bbcbc0045e3b1f144466f5f,0xa0b86991c6218b36c1d19d4a2e9eb0ce3606eb48,0xdac17f958d2ee523a2206206994597c13d831ec7,1667846360105,1665682489858,carried_forward,sync_log,25545639,0x34466edefd105fd48edbbd744e6777c60c73831093b64f078c7505f89efd1f96,520,True
1,25545746,USDT_WETH,0x0d4a11d5eeaac28ec3f61d100daf4d40471f1852,0xc02aaa39b223fe8d0a0e5c4f27ead9083c756cc2,0xdac17f958d2ee523a2206206994597c13d831ec7,3915914001335508308854,7388528484965,carried_forward,sync_log,25545745,0x3b5b86e193db941f85b256a66d9ccda1cf4842e8d05f120775a355757488e1a3,220,True
1,25545746,WETH_USDC,0xb4e16d0168e52d35cacd2c6185b44281ec28c9dc,0xa0b86991c6218b36c1d19d4a2e9eb0ce3606eb48,0xc02aaa39b223fe8d0a0e5c4f27ead9083c756cc2,8801797094864,4668343099874314493945,carried_forward,sync_log,25545745,0x3b5b86e193db941f85b256a66d9ccda1cf4842e8d05f120775a355757488e1a3,256,True
1,25545747,USDC_USDT,0x3041cbd36888becc7bbcbc0045e3b1f144466f5f,0xa0b86991c6218b36c1d19d4a2e9eb0ce3606eb48,0xdac17f958d2ee523a2206206994597c13d831ec7,1667846360105,1665682489858,carried_forward,sync_log,25545639,0x34466edefd105fd48edbbd744e6777c60c73831093b64f078c7505f89efd1f96,520,True
1,25545747,USDT_WETH,0x0d4a11d5eeaac28ec3f61d100daf4d40471f1852,0xc02aaa39b223fe8d0a0e5c4f27ead9083c756cc2,0xdac17f958d2ee523a2206206994597c13d831ec7,3915914001335508308854,7388528484965,carried_forward,sync_log,25545745,0x3b5b86e193db941f85b256a66d9ccda1cf4842e8d05f120775a355757488e1a3,220,True
1,25545747,WETH_USDC,0xb4e16d0168e52d35cacd2c6185b44281ec28c9dc,0xa0b86991c6218b36c1d19d4a2e9eb0ce3606eb48,0xc02aaa39b223fe8d0a0e5c4f27ead9083c756cc2,8801797094864,4668343099874314493945,carried_forward,sync_log,25545745,0x3b5b86e193db941f85b256a66d9ccda1cf4842e8d05f120775a355757488e1a3,256,True
1,25545748,USDC_USDT,0x3041cbd36888becc7bbcbc0045e3b1f144466f5f,0xa0b86991c6218b36c1d19d4a2e9eb0ce3606eb48,0xdac17f958d2ee523a2206206994597c13d831ec7,1667846360105,1665682489858,carried_forward,sync_log,25545639,0x34466edefd105fd48edbbd744e6777c60c73831093b64f078c7505f89efd1f96,520,True
1,25545748,USDT_WETH,0x0d4a11d5eeaac28ec3f61d100daf4d40471f1852,0xc02aaa39b223fe8d0a0e5c4f27ead9083c756cc2,0xdac17f958d2ee523a2206206994597c13d831ec7,3915914001335508308854,7388528484965,carried_forward,sync_log,25545745,0x3b5b86e193db941f85b256a66d9ccda1cf4842e8d05f120775a355757488e1a3,220,True
1,25545748,WETH_USDC,0xb4e16d0168e52d35cacd2c6185b44281ec28c9dc,0xa0b86991c6218b36c1d19d4a2e9eb0ce3606eb48,0xc02aaa39b223fe8d0a0e5c4f27ead9083c756cc2,8801802138912,4668340432613189322880,observed_sync,sync_log,25545748,0x2b89b99d0d5552f0e0fd7d54701e28ec2a1f332a22d6d5316ac4f1c2df06059b,238,True
1,25545749,USDC_USDT,0x3041cbd36888becc7bbcbc0045e3b1f144466f5f,0xa0b86991c6218b36c1d19d4a2e9eb0ce3606eb48,0xdac17f958d2ee523a2206206994597c13d831ec7,1667846360105,1665682489858,carried_forward,sync_log,25545639,0x34466edefd105fd48edbbd744e6777c60c73831093b64f078c7505f89efd1f96,520,True
1,25545749,USDT_WETH,0x0d4a11d5eeaac28ec3f61d100daf4d40471f1852,0xc02aaa39b223fe8d0a0e5c4f27ead9083c756cc2,0xdac17f958d2ee523a2206206994597c13d831ec7,3915914001335508308854,7388528484965,carried_forward,sync_log,25545745,0x3b5b86e193db941f85b256a66d9ccda1cf4842e8d05f120775a355757488e1a3,220,True
1,25545749,WETH_USDC,0xb4e16d0168e52d35cacd2c6185b44281ec28c9dc,0xa0b86991c6218b36c1d19d4a2e9eb0ce3606eb48,0xc02aaa39b223fe8d0a0e5c4f27ead9083c756cc2,8801802138912,4668340432613189322880,carried_forward,sync_log,25545748,0x2b89b99d0d5552f0e0fd7d54701e28ec2a1f332a22d6d5316ac4f1c2df06059b,238,True
1,25545750,USDC_USDT,0x3041cbd36888becc7bbcbc0045e3b1f144466f5f,0xa0b86991c6218b36c1d19d4a2e9eb0ce3606eb48,0xdac17f958d2ee523a2206206994597c13d831ec7,1667846360105,1665682489858,carried_forward,sync_log,25545639,0x34466edefd105fd48edbbd744e6777c60c73831093b64f078c7505f89efd1f96,520,True
1,25545750,USDT_WETH,0x0d4a11d5eeaac28ec3f61d100daf4d40471f1852,0xc02aaa39b223fe8d0a0e5c4f27ead9083c756cc2,0xdac17f958d2ee523a2206206994597c13d831ec7,3915914001335508308854,7388528484965,carried_forward,sync_log,25545745,0x3b5b86e193db941f85b256a66d9ccda1cf4842e8d05f120775a355757488e1a3,220,True
1,25545750,WETH_USDC,0xb4e16d0168e52d35cacd2c6185b44281ec28c9dc,0xa0b86991c6218b36c1d19d4a2e9eb0ce3606eb48,0xc02aaa39b223fe8d0a0e5c4f27ead9083c756cc2,8801802138912,4668340432613189322880,carried_forward,sync_log,25545748,0x2b89b99d0d5552f0e0fd7d54701e28ec2a1f332a22d6d5316ac4f1c2df06059b,238,True
1,25545751,USDC_USDT,0x3041cbd36888becc7bbcbc0045e3b1f144466f5f,0xa0b86991c6218b36c1d19d4a2e9eb0ce3606eb48,0xdac17f958d2ee523a2206206994597c13d831ec7,1667846360105,1665682489858,carried_forward,sync_log,25545639,0x34466edefd105fd48edbbd744e6777c60c73831093b64f078c7505f89efd1f96,520,True
1,25545751,USDT_WETH,0x0d4a11d5eeaac28ec3f61d100daf4d40471f1852,0xc02aaa39b223fe8d0a0e5c4f27ead9083c756cc2,0xdac17f958d2ee523a2206206994597c13d831ec7,3915914001335508308854,7388528484965,carried_forward,sync_log,25545745,0x3b5b86e193db941f85b256a66d9ccda1cf4842e8d05f120775a355757488e1a3,220,True
1,25545751,WETH_USDC,0xb4e16d0168e52d35cacd2c6185b44281ec28c9dc,0xa0b86991c6218b36c1d19d4a2e9eb0ce3606eb48,0xc02aaa39b223fe8d0a0e5c4f27ead9083c756cc2,8801802138912,4668340432613189322880,carried_forward,sync_log,25545748,0x2b89b99d0d5552f0e0fd7d54701e28ec2a1f332a22d6d5316ac4f1c2df06059b,238,True
1,25545752,USDC_USDT,0x3041cbd36888becc7bbcbc0045e3b1f144466f5f,0xa0b86991c6218b36c1d19d4a2e9eb0ce3606eb48,0xdac17f958d2ee523a2206206994597c13d831ec7,1667846360105,1665682489858,carried_forward,sync_log,25545639,0x34466edefd105fd48edbbd744e6777c60c73831093b64f078c7505f89efd1f96,520,True
1,25545752,USDT_WETH,0x0d4a11d5eeaac28ec3f61d100daf4d40471f1852,0xc02aaa39b223fe8d0a0e5c4f27ead9083c756cc2,0xdac17f958d2ee523a2206206994597c13d831ec7,3915914001335508308854,7388528484965,carried_forward,sync_log,25545745,0x3b5b86e193db941f85b256a66d9ccda1cf4842e8d05f120775a355757488e1a3,220,True
1,25545752,WETH_USDC,0xb4e16d0168e52d35cacd2c6185b44281ec28c9dc,0xa0b86991c6218b36c1d19d4a2e9eb0ce3606eb48,0xc02aaa39b223fe8d0a0e5c4f27ead9083c756cc2,8801802138912,4668340432613189322880,carried_forward,sync_log,25545748,0x2b89b99d0d5552f0e0fd7d54701e28ec2a1f332a22d6d5316ac4f1c2df06059b,238,True
1,25545753,USDC_USDT,0x3041cbd36888becc7bbcbc0045e3b1f144466f5f,0xa0b86991c6218b36c1d19d4a2e9eb0ce3606eb48,0xdac17f958d2ee523a2206206994597c13d831ec7,1667846360105,1665682489858,carried_forward,sync_log,25545639,0x34466edefd105fd48edbbd744e6777c60c73831093b64f078c7505f89efd1f96,520,True
1,25545753,USDT_WETH,0x0d4a11d5eeaac28ec3f61d100daf4d40471f1852,0xc02aaa39b223fe8d0a0e5c4f27ead9083c756cc2,0xdac17f958d2ee523a2206206994597c13d831ec7,3915914001335508308854,7388528484965,carried_forward,sync_log,25545745,0x3b5b86e193db941f85b256a66d9ccda1cf4842e8d05f120775a355757488e1a3,220,True
1,25545753,WETH_USDC,0xb4e16d0168e52d35cacd2c6185b44281ec28c9dc,0xa0b86991c6218b36c1d19d4a2e9eb0ce3606eb48,0xc02aaa39b223fe8d0a0e5c4f27ead9083c756cc2,8801802138912,4668340432613189322880,carried_forward,sync_log,25545748,0x2b89b99d0d5552f0e0fd7d54701e28ec2a1f332a22d6d5316ac4f1c2df06059b,238,True
1,25545754,USDC_USDT,0x3041cbd36888becc7bbcbc0045e3b1f144466f5f,0xa0b86991c6218b36c1d19d4a2e9eb0ce3606eb48,0xdac17f958d2ee523a2206206994597c13d831ec7,1667846360105,1665682489858,carried_forward,sync_log,25545639,0x34466edefd105fd48edbbd744e6777c60c73831093b64f078c7505f89efd1f96,520,True
1,25545754,USDT_WETH,0x0d4a11d5eeaac28ec3f61d100daf4d40471f1852,0xc02aaa39b223fe8d0a0e5c4f27ead9083c756cc2,0xdac17f958d2ee523a2206206994597c13d831ec7,3915914001335508308854,7388528484965,carried_forward,sync_log,25545745,0x3b5b86e193db941f85b256a66d9ccda1cf4842e8d05f120775a355757488e1a3,220,True
1,25545754,WETH_USDC,0xb4e16d0168e52d35cacd2c6185b44281ec28c9dc,0xa0b86991c6218b36c1d19d4a2e9eb0ce3606eb48,0xc02aaa39b223fe8d0a0e5c4f27ead9083c756cc2,8801802138912,4668340432613189322880,carried_forward,sync_log,25545748,0x2b89b99d0d5552f0e0fd7d54701e28ec2a1f332a22d6d5316ac4f1c2df06059b,238,True
1,25545755,USDC_USDT,0x3041cbd36888becc7bbcbc0045e3b1f144466f5f,0xa0b86991c6218b36c1d19d4a2e9eb0ce3606eb48,0xdac17f958d2ee523a2206206994597c13d831ec7,1667846360105,1665682489858,carried_forward,sync_log,25545639,0x34466edefd105fd48edbbd744e6777c60c73831093b64f078c7505f89efd1f96,520,True
1,25545755,USDT_WETH,0x0d4a11d5eeaac28ec3f61d100daf4d40471f1852,0xc02aaa39b223fe8d0a0e5c4f27ead9083c756cc2,0xdac17f958d2ee523a2206206994597c13d831ec7,3915914001335508308854,7388528484965,carried_forward,sync_log,25545745,0x3b5b86e193db941f85b256a66d9ccda1cf4842e8d05f120775a355757488e1a3,220,True
1,25545755,WETH_USDC,0xb4e16d0168e52d35cacd2c6185b44281ec28c9dc,0xa0b86991c6218b36c1d19d4a2e9eb0ce3606eb48,0xc02aaa39b223fe8d0a0e5c4f27ead9083c756cc2,8801802138912,4668340432613189322880,carried_forward,sync_log,25545748,0x2b89b99d0d5552f0e0fd7d54701e28ec2a1f332a22d6d5316ac4f1c2df06059b,238,True
1,25545756,USDC_USDT,0x3041cbd36888becc7bbcbc0045e3b1f144466f5f,0xa0b86991c6218b36c1d19d4a2e9eb0ce3606eb48,0xdac17f958d2ee523a2206206994597c13d831ec7,1667846360105,1665682489858,carried_forward,sync_log,25545639,0x34466edefd105fd48edbbd744e6777c60c73831093b64f078c7505f89efd1f96,520,True
1,25545756,USDT_WETH,0x0d4a11d5eeaac28ec3f61d100daf4d40471f1852,0xc02aaa39b223fe8d0a0e5c4f27ead9083c756cc2,0xdac17f958d2ee523a2206206994597c13d831ec7,3915914001335508308854,7388528484965,carried_forward,sync_log,25545745,0x3b5b86e193db941f85b256a66d9ccda1cf4842e8d05f120775a355757488e1a3,220,True
1,25545756,WETH_USDC,0xb4e16d0168e52d35cacd2c6185b44281ec28c9dc,0xa0b86991c6218b36c1d19d4a2e9eb0ce3606eb48,0xc02aaa39b223fe8d0a0e5c4f27ead9083c756cc2,8801802138912,4668340432613189322880,carried_forward,sync_log,25545748,0x2b89b99d0d5552f0e0fd7d54701e28ec2a1f332a22d6d5316ac4f1c2df06059b,238,True
1,25545757,USDC_USDT,0x3041cbd36888becc7bbcbc0045e3b1f144466f5f,0xa0b86991c6218b36c1d19d4a2e9eb0ce3606eb48,0xdac17f958d2ee523a2206206994597c13d831ec7,1667846360105,1665682489858,carried_forward,sync_log,25545639,0x34466edefd105fd48edbbd744e6777c60c73831093b64f078c7505f89efd1f96,520,True
1,25545757,USDT_WETH,0x0d4a11d5eeaac28ec3f61d100daf4d40471f1852,0xc02aaa39b223fe8d0a0e5c4f27ead9083c756cc2,0xdac17f958d2ee523a2206206994597c13d831ec7,3915906603620999314737,7388542484965,observed_sync,sync_log,25545757,0xdf2ee5f0180e4da9c453d38143b64f7552aa0e90c4f3e744ef47f40f1cb5d551,2,True
1,25545757,WETH_USDC,0xb4e16d0168e52d35cacd2c6185b44281ec28c9dc,0xa0b86991c6218b36c1d19d4a2e9eb0ce3606eb48,0xc02aaa39b223fe8d0a0e5c4f27ead9083c756cc2,8801802138912,4668340432613189322880,carried_forward,sync_log,25545748,0x2b89b99d0d5552f0e0fd7d54701e28ec2a1f332a22d6d5316ac4f1c2df06059b,238,True
1,25545758,USDC_USDT,0x3041cbd36888becc7bbcbc0045e3b1f144466f5f,0xa0b86991c6218b36c1d19d4a2e9eb0ce3606eb48,0xdac17f958d2ee523a2206206994597c13d831ec7,1667845362809,1665683488858,observed_sync,sync_log,25545758,0xe11076bcfd524767e15b5a5e25b8f3ad37742e8f49640058cc75d718c15766bb,281,True
1,25545758,USDT_WETH,0x0d4a11d5eeaac28ec3f61d100daf4d40471f1852,0xc02aaa39b223fe8d0a0e5c4f27ead9083c756cc2,0xdac17f958d2ee523a2206206994597c13d831ec7,3915906603620999314737,7388542484965,carried_forward,sync_log,25545757,0xdf2ee5f0180e4da9c453d38143b64f7552aa0e90c4f3e744ef47f40f1cb5d551,2,True
1,25545758,WETH_USDC,0xb4e16d0168e52d35cacd2c6185b44281ec28c9dc,0xa0b86991c6218b36c1d19d4a2e9eb0ce3606eb48,0xc02aaa39b223fe8d0a0e5c4f27ead9083c756cc2,8801802138912,4668340432613189322880,carried_forward,sync_log,25545748,0x2b89b99d0d5552f0e0fd7d54701e28ec2a1f332a22d6d5316ac4f1c2df06059b,238,True
1,25545759,USDC_USDT,0x3041cbd36888becc7bbcbc0045e3b1f144466f5f,0xa0b86991c6218b36c1d19d4a2e9eb0ce3606eb48,0xdac17f958d2ee523a2206206994597c13d831ec7,1667845362809,1665683488858,carried_forward,sync_log,25545758,0xe11076bcfd524767e15b5a5e25b8f3ad37742e8f49640058cc75d718c15766bb,281,True
1,25545759,USDT_WETH,0x0d4a11d5eeaac28ec3f61d100daf4d40471f1852,0xc02aaa39b223fe8d0a0e5c4f27ead9083c756cc2,0xdac17f958d2ee523a2206206994597c13d831ec7,3915906603620999314737,7388542484965,carried_forward,sync_log,25545757,0xdf2ee5f0180e4da9c453d38143b64f7552aa0e90c4f3e744ef47f40f1cb5d551,2,True
1,25545759,WETH_USDC,0xb4e16d0168e52d35cacd2c6185b44281ec28c9dc,0xa0b86991c6218b36c1d19d4a2e9eb0ce3606eb48,0xc02aaa39b223fe8d0a0e5c4f27ead9083c756cc2,8801818519423,4668331770722165307865,observed_sync,sync_log,25545759,0xde113c777a5c0f3ae8288483f64b3c619bab7b80d3091c5a51e5e6c7681d6e33,206,True
1,25545760,USDC_USDT,0x3041cbd36888becc7bbcbc0045e3b1f144466f5f,0xa0b86991c6218b36c1d19d4a2e9eb0ce3606eb48,0xdac17f958d2ee523a2206206994597c13d831ec7,1667845362809,1665683488858,carried_forward,sync_log,25545758,0xe11076bcfd524767e15b5a5e25b8f3ad37742e8f49640058cc75d718c15766bb,281,True
1,25545760,USDT_WETH,0x0d4a11d5eeaac28ec3f61d100daf4d40471f1852,0xc02aaa39b223fe8d0a0e5c4f27ead9083c756cc2,0xdac17f958d2ee523a2206206994597c13d831ec7,3915904990848979360664,7388545537105,observed_sync,sync_log,25545760,0x8dc430bc7b81dede0a2cab618e0564ed0eaf93c993d5ee1ba3adf9f5b4ee7dff,89,True
1,25545760,WETH_USDC,0xb4e16d0168e52d35cacd2c6185b44281ec28c9dc,0xa0b86991c6218b36c1d19d4a2e9eb0ce3606eb48,0xc02aaa39b223fe8d0a0e5c4f27ead9083c756cc2,8801818519423,4668331770722165307865,carried_forward,sync_log,25545759,0xde113c777a5c0f3ae8288483f64b3c619bab7b80d3091c5a51e5e6c7681d6e33,206,True
1,25545761,USDC_USDT,0x3041cbd36888becc7bbcbc0045e3b1f144466f5f,0xa0b86991c6218b36c1d19d4a2e9eb0ce3606eb48,0xdac17f958d2ee523a2206206994597c13d831ec7,1667845362809,1665683488858,carried_forward,sync_log,25545758,0xe11076bcfd524767e15b5a5e25b8f3ad37742e8f49640058cc75d718c15766bb,281,True
1,25545761,USDT_WETH,0x0d4a11d5eeaac28ec3f61d100daf4d40471f1852,0xc02aaa39b223fe8d0a0e5c4f27ead9083c756cc2,0xdac17f958d2ee523a2206206994597c13d831ec7,3915904990848979360664,7388545537105,carried_forward,sync_log,25545760,0x8dc430bc7b81dede0a2cab618e0564ed0eaf93c993d5ee1ba3adf9f5b4ee7dff,89,True
1,25545761,WETH_USDC,0xb4e16d0168e52d35cacd2c6185b44281ec28c9dc,0xa0b86991c6218b36c1d19d4a2e9eb0ce3606eb48,0xc02aaa39b223fe8d0a0e5c4f27ead9083c756cc2,8801824188800,4668328772805749803994,observed_sync,sync_log,25545761,0x75f67f54f34ae597d901b8681dd4d30b2f13f88355d67cfaaeae3792e5418c6c,122,True
1,25545762,USDC_USDT,0x3041cbd36888becc7bbcbc0045e3b1f144466f5f,0xa0b86991c6218b36c1d19d4a2e9eb0ce3606eb48,0xdac17f958d2ee523a2206206994597c13d831ec7,1667845362809,1665683488858,carried_forward,sync_log,25545758,0xe11076bcfd524767e15b5a5e25b8f3ad37742e8f49640058cc75d718c15766bb,281,True
1,25545762,USDT_WETH,0x0d4a11d5eeaac28ec3f61d100daf4d40471f1852,0xc02aaa39b223fe8d0a0e5c4f27ead9083c756cc2,0xdac17f958d2ee523a2206206994597c13d831ec7,3915904990848979360664,7388545537105,carried_forward,sync_log,25545760,0x8dc430bc7b81dede0a2cab618e0564ed0eaf93c993d5ee1ba3adf9f5b4ee7dff,89,True
1,25545762,WETH_USDC,0xb4e16d0168e52d35cacd2c6185b44281ec28c9dc,0xa0b86991c6218b36c1d19d4a2e9eb0ce3606eb48,0xc02aaa39b223fe8d0a0e5c4f27ead9083c756cc2,8801824188800,4668328772805749803994,carried_forward,sync_log,25545761,0x75f67f54f34ae597d901b8681dd4d30b2f13f88355d67cfaaeae3792e5418c6c,122,True
1,25545763,USDC_USDT,0x3041cbd36888becc7bbcbc0045e3b1f144466f5f,0xa0b86991c6218b36c1d19d4a2e9eb0ce3606eb48,0xdac17f958d2ee523a2206206994597c13d831ec7,1667845362809,1665683488858,carried_forward,sync_log,25545758,0xe11076bcfd524767e15b5a5e25b8f3ad37742e8f49640058cc75d718c15766bb,281,True
1,25545763,USDT_WETH,0x0d4a11d5eeaac28ec3f61d100daf4d40471f1852,0xc02aaa39b223fe8d0a0e5c4f27ead9083c756cc2,0xdac17f958d2ee523a2206206994597c13d831ec7,3915904990848979360664,7388545537105,carried_forward,sync_log,25545760,0x8dc430bc7b81dede0a2cab618e0564ed0eaf93c993d5ee1ba3adf9f5b4ee7dff,89,True
1,25545763,WETH_USDC,0xb4e16d0168e52d35cacd2c6185b44281ec28c9dc,0xa0b86991c6218b36c1d19d4a2e9eb0ce3606eb48,0xc02aaa39b223fe8d0a0e5c4f27ead9083c756cc2,8801824188800,4668328772805749803994,carried_forward,sync_log,25545761,0x75f67f54f34ae597d901b8681dd4d30b2f13f88355d67cfaaeae3792e5418c6c,122,True
1,25545764,USDC_USDT,0x3041cbd36888becc7bbcbc0045e3b1f144466f5f,0xa0b86991c6218b36c1d19d4a2e9eb0ce3606eb48,0xdac17f958d2ee523a2206206994597c13d831ec7,1667845362809,1665683488858,carried_forward,sync_log,25545758,0xe11076bcfd524767e15b5a5e25b8f3ad37742e8f49640058cc75d718c15766bb,281,True
1,25545764,USDT_WETH,0x0d4a11d5eeaac28ec3f61d100daf4d40471f1852,0xc02aaa39b223fe8d0a0e5c4f27ead9083c756cc2,0xdac17f958d2ee523a2206206994597c13d831ec7,3915904990848979360664,7388545537105,carried_forward,sync_log,25545760,0x8dc430bc7b81dede0a2cab618e0564ed0eaf93c993d5ee1ba3adf9f5b4ee7dff,89,True
1,25545764,WETH_USDC,0xb4e16d0168e52d35cacd2c6185b44281ec28c9dc,0xa0b86991c6218b36c1d19d4a2e9eb0ce3606eb48,0xc02aaa39b223fe8d0a0e5c4f27ead9083c756cc2,8801824188800,4668328772805749803994,carried_forward,sync_log,25545761,0x75f67f54f34ae597d901b8681dd4d30b2f13f88355d67cfaaeae3792e5418c6c,122,True
1,25545765,USDC_USDT,0x3041cbd36888becc7bbcbc0045e3b1f144466f5f,0xa0b86991c6218b36c1d19d4a2e9eb0ce3606eb48,0xdac17f958d2ee523a2206206994597c13d831ec7,1667845362809,1665683488858,carried_forward,sync_log,25545758,0xe11076bcfd524767e15b5a5e25b8f3ad37742e8f49640058cc75d718c15766bb,281,True
1,25545765,USDT_WETH,0x0d4a11d5eeaac28ec3f61d100daf4d40471f1852,0xc02aaa39b223fe8d0a0e5c4f27ead9083c756cc2,0xdac17f958d2ee523a2206206994597c13d831ec7,3915904990848979360664,7388545537105,carried_forward,sync_log,25545760,0x8dc430bc7b81dede0a2cab618e0564ed0eaf93c993d5ee1ba3adf9f5b4ee7dff,89,True
1,25545765,WETH_USDC,0xb4e16d0168e52d35cacd2c6185b44281ec28c9dc,0xa0b86991c6218b36c1d19d4a2e9eb0ce3606eb48,0xc02aaa39b223fe8d0a0e5c4f27ead9083c756cc2,8801824188800,4668328772805749803994,carried_forward,sync_log,25545761,0x75f67f54f34ae597d901b8681dd4d30b2f13f88355d67cfaaeae3792e5418c6c,122,True
1,25545766,USDC_USDT,0x3041cbd36888becc7bbcbc0045e3b1f144466f5f,0xa0b86991c6218b36c1d19d4a2e9eb0ce3606eb48,0xdac17f958d2ee523a2206206994597c13d831ec7,1667845362809,1665683488858,carried_forward,sync_log,25545758,0xe11076bcfd524767e15b5a5e25b8f3ad37742e8f49640058cc75d718c15766bb,281,True
1,25545766,USDT_WETH,0x0d4a11d5eeaac28ec3f61d100daf4d40471f1852,0xc02aaa39b223fe8d0a0e5c4f27ead9083c756cc2,0xdac17f958d2ee523a2206206994597c13d831ec7,3915904990848979360664,7388545537105,carried_forward,sync_log,25545760,0x8dc430bc7b81dede0a2cab618e0564ed0eaf93c993d5ee1ba3adf9f5b4ee7dff,89,True
1,25545766,WETH_USDC,0xb4e16d0168e52d35cacd2c6185b44281ec28c9dc,0xa0b86991c6218b36c1d19d4a2e9eb0ce3606eb48,0xc02aaa39b223fe8d0a0e5c4f27ead9083c756cc2,8801824188800,4668328772805749803994,carried_forward,sync_log,25545761,0x75f67f54f34ae597d901b8681dd4d30b2f13f88355d67cfaaeae3792e5418c6c,122,True
1,25545767,USDC_USDT,0x3041cbd36888becc7bbcbc0045e3b1f144466f5f,0xa0b86991c6218b36c1d19d4a2e9eb0ce3606eb48,0xdac17f958d2ee523a2206206994597c13d831ec7,1667845362809,1665683488858,carried_forward,sync_log,25545758,0xe11076bcfd524767e15b5a5e25b8f3ad37742e8f49640058cc75d718c15766bb,281,True
1,25545767,USDT_WETH,0x0d4a11d5eeaac28ec3f61d100daf4d40471f1852,0xc02aaa39b223fe8d0a0e5c4f27ead9083c756cc2,0xdac17f958d2ee523a2206206994597c13d831ec7,3915904990848979360664,7388545537105,carried_forward,sync_log,25545760,0x8dc430bc7b81dede0a2cab618e0564ed0eaf93c993d5ee1ba3adf9f5b4ee7dff,89,True
1,25545767,WETH_USDC,0xb4e16d0168e52d35cacd2c6185b44281ec28c9dc,0xa0b86991c6218b36c1d19d4a2e9eb0ce3606eb48,0xc02aaa39b223fe8d0a0e5c4f27ead9083c756cc2,8801824188800,4668328772805749803994,carried_forward,sync_log,25545761,0x75f67f54f34ae597d901b8681dd4d30b2f13f88355d67cfaaeae3792e5418c6c,122,True
1,25545768,USDC_USDT,0x3041cbd36888becc7bbcbc0045e3b1f144466f5f,0xa0b86991c6218b36c1d19d4a2e9eb0ce3606eb48,0xdac17f958d2ee523a2206206994597c13d831ec7,1667845362809,1665683488858,carried_forward,sync_log,25545758,0xe11076bcfd524767e15b5a5e25b8f3ad37742e8f49640058cc75d718c15766bb,281,True
1,25545768,USDT_WETH,0x0d4a11d5eeaac28ec3f61d100daf4d40471f1852,0xc02aaa39b223fe8d0a0e5c4f27ead9083c756cc2,0xdac17f958d2ee523a2206206994597c13d831ec7,3915904990848979360664,7388545537105,carried_forward,sync_log,25545760,0x8dc430bc7b81dede0a2cab618e0564ed0eaf93c993d5ee1ba3adf9f5b4ee7dff,89,True
1,25545768,WETH_USDC,0xb4e16d0168e52d35cacd2c6185b44281ec28c9dc,0xa0b86991c6218b36c1d19d4a2e9eb0ce3606eb48,0xc02aaa39b223fe8d0a0e5c4f27ead9083c756cc2,8801824188800,4668328772805749803994,carried_forward,sync_log,25545761,0x75f67f54f34ae597d901b8681dd4d30b2f13f88355d67cfaaeae3792e5418c6c,122,True
1,25545769,USDC_USDT,0x3041cbd36888becc7bbcbc0045e3b1f144466f5f,0xa0b86991c6218b36c1d19d4a2e9eb0ce3606eb48,0xdac17f958d2ee523a2206206994597c13d831ec7,1667845362809,1665683488858,carried_forward,sync_log,25545758,0xe11076bcfd524767e15b5a5e25b8f3ad37742e8f49640058cc75d718c15766bb,281,True
1,25545769,USDT_WETH,0x0d4a11d5eeaac28ec3f61d100daf4d40471f1852,0xc02aaa39b223fe8d0a0e5c4f27ead9083c756cc2,0xdac17f958d2ee523a2206206994597c13d831ec7,3915904990848979360664,7388545537105,carried_forward,sync_log,25545760,0x8dc430bc7b81dede0a2cab618e0564ed0eaf93c993d5ee1ba3adf9f5b4ee7dff,89,True
1,25545769,WETH_USDC,0xb4e16d0168e52d35cacd2c6185b44281ec28c9dc,0xa0b86991c6218b36c1d19d4a2e9eb0ce3606eb48,0xc02aaa39b223fe8d0a0e5c4f27ead9083c756cc2,8801824188800,4668328772805749803994,carried_forward,sync_log,25545761,0x75f67f54f34ae597d901b8681dd4d30b2f13f88355d67cfaaeae3792e5418c6c,122,True
1,25545770,USDC_USDT,0x3041cbd36888becc7bbcbc0045e3b1f144466f5f,0xa0b86991c6218b36c1d19d4a2e9eb0ce3606eb48,0xdac17f958d2ee523a2206206994597c13d831ec7,1667845362809,1665683488858,carried_forward,sync_log,25545758,0xe11076bcfd524767e15b5a5e25b8f3ad37742e8f49640058cc75d718c15766bb,281,True
1,25545770,USDT_WETH,0x0d4a11d5eeaac28ec3f61d100daf4d40471f1852,0xc02aaa39b223fe8d0a0e5c4f27ead9083c756cc2,0xdac17f958d2ee523a2206206994597c13d831ec7,3915904990848979360664,7388545537105,carried_forward,sync_log,25545760,0x8dc430bc7b81dede0a2cab618e0564ed0eaf93c993d5ee1ba3adf9f5b4ee7dff,89,True
1,25545770,WETH_USDC,0xb4e16d0168e52d35cacd2c6185b44281ec28c9dc,0xa0b86991c6218b36c1d19d4a2e9eb0ce3606eb48,0xc02aaa39b223fe8d0a0e5c4f27ead9083c756cc2,8801824178501,4668328778285122124494,observed_sync,sync_log,25545770,0x83eaf27d67a732c11d9aa68777208fe996c5889e549bfc1ba962eb89aa83a7e7,293,True
1,25545771,USDC_USDT,0x3041cbd36888becc7bbcbc0045e3b1f144466f5f,0xa0b86991c6218b36c1d19d4a2e9eb0ce3606eb48,0xdac17f958d2ee523a2206206994597c13d831ec7,1667845362809,1665683488858,carried_forward,sync_log,25545758,0xe11076bcfd524767e15b5a5e25b8f3ad37742e8f49640058cc75d718c15766bb,281,True
1,25545771,USDT_WETH,0x0d4a11d5eeaac28ec3f61d100daf4d40471f1852,0xc02aaa39b223fe8d0a0e5c4f27ead9083c756cc2,0xdac17f958d2ee523a2206206994597c13d831ec7,3915904990848979360664,7388545537105,carried_forward,sync_log,25545760,0x8dc430bc7b81dede0a2cab618e0564ed0eaf93c993d5ee1ba3adf9f5b4ee7dff,89,True
1,25545771,WETH_USDC,0xb4e16d0168e52d35cacd2c6185b44281ec28c9dc,0xa0b86991c6218b36c1d19d4a2e9eb0ce3606eb48,0xc02aaa39b223fe8d0a0e5c4f27ead9083c756cc2,8801824178501,4668328778285122124494,carried_forward,sync_log,25545770,0x83eaf27d67a732c11d9aa68777208fe996c5889e549bfc1ba962eb89aa83a7e7,293,True
1,25545772,USDC_USDT,0x3041cbd36888becc7bbcbc0045e3b1f144466f5f,0xa0b86991c6218b36c1d19d4a2e9eb0ce3606eb48,0xdac17f958d2ee523a2206206994597c13d831ec7,1667845362809,1665683488858,carried_forward,sync_log,25545758,0xe11076bcfd524767e15b5a5e25b8f3ad37742e8f49640058cc75d718c15766bb,281,True
1,25545772,USDT_WETH,0x0d4a11d5eeaac28ec3f61d100daf4d40471f1852,0xc02aaa39b223fe8d0a0e5c4f27ead9083c756cc2,0xdac17f958d2ee523a2206206994597c13d831ec7,3915901292005278708182,7388552537105,observed_sync,sync_log,25545772,0x60f4ee49a636d2e310a22058019d833f280b0d087da163842753fef3e559a8bd,241,True
1,25545772,WETH_USDC,0xb4e16d0168e52d35cacd2c6185b44281ec28c9dc,0xa0b86991c6218b36c1d19d4a2e9eb0ce3606eb48,0xc02aaa39b223fe8d0a0e5c4f27ead9083c756cc2,8801824178501,4668328778285122124494,carried_forward,sync_log,25545770,0x83eaf27d67a732c11d9aa68777208fe996c5889e549bfc1ba962eb89aa83a7e7,293,True
1,25545773,USDC_USDT,0x3041cbd36888becc7bbcbc0045e3b1f144466f5f,0xa0b86991c6218b36c1d19d4a2e9eb0ce3606eb48,0xdac17f958d2ee523a2206206994597c13d831ec7,1667845362809,1665683488858,carried_forward,sync_log,25545758,0xe11076bcfd524767e15b5a5e25b8f3ad37742e8f49640058cc75d718c15766bb,281,True
1,25545773,USDT_WETH,0x0d4a11d5eeaac28ec3f61d100daf4d40471f1852,0xc02aaa39b223fe8d0a0e5c4f27ead9083c756cc2,0xdac17f958d2ee523a2206206994597c13d831ec7,3915901292005278708182,7388552537105,carried_forward,sync_log,25545772,0x60f4ee49a636d2e310a22058019d833f280b0d087da163842753fef3e559a8bd,241,True
1,25545773,WETH_USDC,0xb4e16d0168e52d35cacd2c6185b44281ec28c9dc,0xa0b86991c6218b36c1d19d4a2e9eb0ce3606eb48,0xc02aaa39b223fe8d0a0e5c4f27ead9083c756cc2,8801824178501,4668328778285122124494,carried_forward,sync_log,25545770,0x83eaf27d67a732c11d9aa68777208fe996c5889e549bfc1ba962eb89aa83a7e7,293,True
1,25545774,USDC_USDT,0x3041cbd36888becc7bbcbc0045e3b1f144466f5f,0xa0b86991c6218b36c1d19d4a2e9eb0ce3606eb48,0xdac17f958d2ee523a2206206994597c13d831ec7,1667845362809,1665683488858,carried_forward,sync_log,25545758,0xe11076bcfd524767e15b5a5e25b8f3ad37742e8f49640058cc75d718c15766bb,281,True
1,25545774,USDT_WETH,0x0d4a11d5eeaac28ec3f61d100daf4d40471f1852,0xc02aaa39b223fe8d0a0e5c4f27ead9083c756cc2,0xdac17f958d2ee523a2206206994597c13d831ec7,3915901790755278708182,7388551598883,observed_sync,sync_log,25545774,0x580b3efad5850f5c0e184aef5e9013e6e7289663990e4848fc2281f224c593a5,396,True
1,25545774,WETH_USDC,0xb4e16d0168e52d35cacd2c6185b44281ec28c9dc,0xa0b86991c6218b36c1d19d4a2e9eb0ce3606eb48,0xc02aaa39b223fe8d0a0e5c4f27ead9083c756cc2,8801824178501,4668328778285122124494,carried_forward,sync_log,25545770,0x83eaf27d67a732c11d9aa68777208fe996c5889e549bfc1ba962eb89aa83a7e7,293,True
1,25545775,USDC_USDT,0x3041cbd36888becc7bbcbc0045e3b1f144466f5f,0xa0b86991c6218b36c1d19d4a2e9eb0ce3606eb48,0xdac17f958d2ee523a2206206994597c13d831ec7,1667845362809,1665683488858,carried_forward,sync_log,25545758,0xe11076bcfd524767e15b5a5e25b8f3ad37742e8f49640058cc75d718c15766bb,281,True
1,25545775,USDT_WETH,0x0d4a11d5eeaac28ec3f61d100daf4d40471f1852,0xc02aaa39b223fe8d0a0e5c4f27ead9083c756cc2,0xdac17f958d2ee523a2206206994597c13d831ec7,3915901790755278708182,7388551598883,carried_forward,sync_log,25545774,0x580b3efad5850f5c0e184aef5e9013e6e7289663990e4848fc2281f224c593a5,396,True
1,25545775,WETH_USDC,0xb4e16d0168e52d35cacd2c6185b44281ec28c9dc,0xa0b86991c6218b36c1d19d4a2e9eb0ce3606eb48,0xc02aaa39b223fe8d0a0e5c4f27ead9083c756cc2,8801824178501,4668328778285122124494,carried_forward,sync_log,25545770,0x83eaf27d67a732c11d9aa68777208fe996c5889e549bfc1ba962eb89aa83a7e7,293,True
1,25545776,USDC_USDT,0x3041cbd36888becc7bbcbc0045e3b1f144466f5f,0xa0b86991c6218b36c1d19d4a2e9eb0ce3606eb48,0xdac17f958d2ee523a2206206994597c13d831ec7,1667845362809,1665683488858,carried_forward,sync_log,25545758,0xe11076bcfd524767e15b5a5e25b8f3ad37742e8f49640058cc75d718c15766bb,281,True
1,25545776,USDT_WETH,0x0d4a11d5eeaac28ec3f61d100daf4d40471f1852,0xc02aaa39b223fe8d0a0e5c4f27ead9083c756cc2,0xdac17f958d2ee523a2206206994597c13d831ec7,3915901790755278708182,7388551598883,carried_forward,sync_log,25545774,0x580b3efad5850f5c0e184aef5e9013e6e7289663990e4848fc2281f224c593a5,396,True
1,25545776,WETH_USDC,0xb4e16d0168e52d35cacd2c6185b44281ec28c9dc,0xa0b86991c6218b36c1d19d4a2e9eb0ce3606eb48,0xc02aaa39b223fe8d0a0e5c4f27ead9083c756cc2,8801824178501,4668328778285122124494,carried_forward,sync_log,25545770,0x83eaf27d67a732c11d9aa68777208fe996c5889e549bfc1ba962eb89aa83a7e7,293,True
1,25545777,USDC_USDT,0x3041cbd36888becc7bbcbc0045e3b1f144466f5f,0xa0b86991c6218b36c1d19d4a2e9eb0ce3606eb48,0xdac17f958d2ee523a2206206994597c13d831ec7,1667845362809,1665683488858,carried_forward,sync_log,25545758,0xe11076bcfd524767e15b5a5e25b8f3ad37742e8f49640058cc75d718c15766bb,281,True
1,25545777,USDT_WETH,0x0d4a11d5eeaac28ec3f61d100daf4d40471f1852,0xc02aaa39b223fe8d0a0e5c4f27ead9083c756cc2,0xdac17f958d2ee523a2206206994597c13d831ec7,3915896506703641613628,7388561598883,observed_sync,sync_log,25545777,0x43abff2abb9c953f4ecc23463f695cde5019648497d4771e25030bc0ce1ef509,167,True
1,25545777,WETH_USDC,0xb4e16d0168e52d35cacd2c6185b44281ec28c9dc,0xa0b86991c6218b36c1d19d4a2e9eb0ce3606eb48,0xc02aaa39b223fe8d0a0e5c4f27ead9083c756cc2,8801824178501,4668328778285122124494,carried_forward,sync_log,25545770,0x83eaf27d67a732c11d9aa68777208fe996c5889e549bfc1ba962eb89aa83a7e7,293,True
1,25545778,USDC_USDT,0x3041cbd36888becc7bbcbc0045e3b1f144466f5f,0xa0b86991c6218b36c1d19d4a2e9eb0ce3606eb48,0xdac17f958d2ee523a2206206994597c13d831ec7,1667845362809,1665683488858,carried_forward,sync_log,25545758,0xe11076bcfd524767e15b5a5e25b8f3ad37742e8f49640058cc75d718c15766bb,281,True
1,25545778,USDT_WETH,0x0d4a11d5eeaac28ec3f61d100daf4d40471f1852,0xc02aaa39b223fe8d0a0e5c4f27ead9083c756cc2,0xdac17f958d2ee523a2206206994597c13d831ec7,3915896506703641613628,7388561598883,carried_forward,sync_log,25545777,0x43abff2abb9c953f4ecc23463f695cde5019648497d4771e25030bc0ce1ef509,167,True
1,25545778,WETH_USDC,0xb4e16d0168e52d35cacd2c6185b44281ec28c9dc,0xa0b86991c6218b36c1d19d4a2e9eb0ce3606eb48,0xc02aaa39b223fe8d0a0e5c4f27ead9083c756cc2,8801824178501,4668328778285122124494,carried_forward,sync_log,25545770,0x83eaf27d67a732c11d9aa68777208fe996c5889e549bfc1ba962eb89aa83a7e7,293,True
1,25545779,USDC_USDT,0x3041cbd36888becc7bbcbc0045e3b1f144466f5f,0xa0b86991c6218b36c1d19d4a2e9eb0ce3606eb48,0xdac17f958d2ee523a2206206994597c13d831ec7,1667845362809,1665683488858,carried_forward,sync_log,25545758,0xe11076bcfd524767e15b5a5e25b8f3ad37742e8f49640058cc75d718c15766bb,281,True
1,25545779,USDT_WETH,0x0d4a11d5eeaac28ec3f61d100daf4d40471f1852,0xc02aaa39b223fe8d0a0e5c4f27ead9083c756cc2,0xdac17f958d2ee523a2206206994597c13d831ec7,3915896506703641613628,7388561598883,carried_forward,sync_log,25545777,0x43abff2abb9c953f4ecc23463f695cde5019648497d4771e25030bc0ce1ef509,167,True
1,25545779,WETH_USDC,0xb4e16d0168e52d35cacd2c6185b44281ec28c9dc,0xa0b86991c6218b36c1d19d4a2e9eb0ce3606eb48,0xc02aaa39b223fe8d0a0e5c4f27ead9083c756cc2,8801824178501,4668328778285122124494,carried_forward,sync_log,25545770,0x83eaf27d67a732c11d9aa68777208fe996c5889e549bfc1ba962eb89aa83a7e7,293,True
1,25545780,USDC_USDT,0x3041cbd36888becc7bbcbc0045e3b1f144466f5f,0xa0b86991c6218b36c1d19d4a2e9eb0ce3606eb48,0xdac17f958d2ee523a2206206994597c13d831ec7,1667845362809,1665683488858,carried_forward,sync_log,25545758,0xe11076bcfd524767e15b5a5e25b8f3ad37742e8f49640058cc75d718c15766bb,281,True
1,25545780,USDT_WETH,0x0d4a11d5eeaac28ec3f61d100daf4d40471f1852,0xc02aaa39b223fe8d0a0e5c4f27ead9083c756cc2,0xdac17f958d2ee523a2206206994597c13d831ec7,3915896506703641613628,7388561598883,carried_forward,sync_log,25545777,0x43abff2abb9c953f4ecc23463f695cde5019648497d4771e25030bc0ce1ef509,167,True
1,25545780,WETH_USDC,0xb4e16d0168e52d35cacd2c6185b44281ec28c9dc,0xa0b86991c6218b36c1d19d4a2e9eb0ce3606eb48,0xc02aaa39b223fe8d0a0e5c4f27ead9083c756cc2,8801817002005,4668332596025777727974,observed_sync,sync_log,25545780,0xdc3edefb1465113d90fbac014644872985ad781be93b522e921bae4b44bd458a,105,True
1,25545781,USDC_USDT,0x3041cbd36888becc7bbcbc0045e3b1f144466f5f,0xa0b86991c6218b36c1d19d4a2e9eb0ce3606eb48,0xdac17f958d2ee523a2206206994597c13d831ec7,1667845362809,1665683488858,carried_forward,sync_log,25545758,0xe11076bcfd524767e15b5a5e25b8f3ad37742e8f49640058cc75d718c15766bb,281,True
1,25545781,USDT_WETH,0x0d4a11d5eeaac28ec3f61d100daf4d40471f1852,0xc02aaa39b223fe8d0a0e5c4f27ead9083c756cc2,0xdac17f958d2ee523a2206206994597c13d831ec7,3915896506703641613628,7388561598883,carried_forward,sync_log,25545777,0x43abff2abb9c953f4ecc23463f695cde5019648497d4771e25030bc0ce1ef509,167,True
1,25545781,WETH_USDC,0xb4e16d0168e52d35cacd2c6185b44281ec28c9dc,0xa0b86991c6218b36c1d19d4a2e9eb0ce3606eb48,0xc02aaa39b223fe8d0a0e5c4f27ead9083c756cc2,8801817002005,4668332596025777727974,carried_forward,sync_log,25545780,0xdc3edefb1465113d90fbac014644872985ad781be93b522e921bae4b44bd458a,105,True
1,25545782,USDC_USDT,0x3041cbd36888becc7bbcbc0045e3b1f144466f5f,0xa0b86991c6218b36c1d19d4a2e9eb0ce3606eb48,0xdac17f958d2ee523a2206206994597c13d831ec7,1667845362809,1665683488858,carried_forward,sync_log,25545758,0xe11076bcfd524767e15b5a5e25b8f3ad37742e8f49640058cc75d718c15766bb,281,True
1,25545782,USDT_WETH,0x0d4a11d5eeaac28ec3f61d100daf4d40471f1852,0xc02aaa39b223fe8d0a0e5c4f27ead9083c756cc2,0xdac17f958d2ee523a2206206994597c13d831ec7,3915896506703641613628,7388561598883,carried_forward,sync_log,25545777,0x43abff2abb9c953f4ecc23463f695cde5019648497d4771e25030bc0ce1ef509,167,True
1,25545782,WETH_USDC,0xb4e16d0168e52d35cacd2c6185b44281ec28c9dc,0xa0b86991c6218b36c1d19d4a2e9eb0ce3606eb48,0xc02aaa39b223fe8d0a0e5c4f27ead9083c756cc2,8801817002005,4668332596025777727974,carried_forward,sync_log,25545780,0xdc3edefb1465113d90fbac014644872985ad781be93b522e921bae4b44bd458a,105,True
1,25545783,USDC_USDT,0x3041cbd36888becc7bbcbc0045e3b1f144466f5f,0xa0b86991c6218b36c1d19d4a2e9eb0ce3606eb48,0xdac17f958d2ee523a2206206994597c13d831ec7,1667845362809,1665683488858,carried_forward,sync_log,25545758,0xe11076bcfd524767e15b5a5e25b8f3ad37742e8f49640058cc75d718c15766bb,281,True
1,25545783,USDT_WETH,0x0d4a11d5eeaac28ec3f61d100daf4d40471f1852,0xc02aaa39b223fe8d0a0e5c4f27ead9083c756cc2,0xdac17f958d2ee523a2206206994597c13d831ec7,3915896506703641613628,7388561598883,carried_forward,sync_log,25545777,0x43abff2abb9c953f4ecc23463f695cde5019648497d4771e25030bc0ce1ef509,167,True
1,25545783,WETH_USDC,0xb4e16d0168e52d35cacd2c6185b44281ec28c9dc,0xa0b86991c6218b36c1d19d4a2e9eb0ce3606eb48,0xc02aaa39b223fe8d0a0e5c4f27ead9083c756cc2,8801817002005,4668332596025777727974,carried_forward,sync_log,25545780,0xdc3edefb1465113d90fbac014644872985ad781be93b522e921bae4b44bd458a,105,True
1,25545784,USDC_USDT,0x3041cbd36888becc7bbcbc0045e3b1f144466f5f,0xa0b86991c6218b36c1d19d4a2e9eb0ce3606eb48,0xdac17f958d2ee523a2206206994597c13d831ec7,1667845362809,1665683488858,carried_forward,sync_log,25545758,0xe11076bcfd524767e15b5a5e25b8f3ad37742e8f49640058cc75d718c15766bb,281,True
1,25545784,USDT_WETH,0x0d4a11d5eeaac28ec3f61d100daf4d40471f1852,0xc02aaa39b223fe8d0a0e5c4f27ead9083c756cc2,0xdac17f958d2ee523a2206206994597c13d831ec7,3915896506703641613628,7388561598883,carried_forward,sync_log,25545777,0x43abff2abb9c953f4ecc23463f695cde5019648497d4771e25030bc0ce1ef509,167,True
1,25545784,WETH_USDC,0xb4e16d0168e52d35cacd2c6185b44281ec28c9dc,0xa0b86991c6218b36c1d19d4a2e9eb0ce3606eb48,0xc02aaa39b223fe8d0a0e5c4f27ead9083c756cc2,8801817002005,4668332596025777727974,carried_forward,sync_log,25545780,0xdc3edefb1465113d90fbac014644872985ad781be93b522e921bae4b44bd458a,105,True
1,25545785,USDC_USDT,0x3041cbd36888becc7bbcbc0045e3b1f144466f5f,0xa0b86991c6218b36c1d19d4a2e9eb0ce3606eb48,0xdac17f958d2ee523a2206206994597c13d831ec7,1667845362809,1665683488858,carried_forward,sync_log,25545758,0xe11076bcfd524767e15b5a5e25b8f3ad37742e8f49640058cc75d718c15766bb,281,True
1,25545785,USDT_WETH,0x0d4a11d5eeaac28ec3f61d100daf4d40471f1852,0xc02aaa39b223fe8d0a0e5c4f27ead9083c756cc2,0xdac17f958d2ee523a2206206994597c13d831ec7,3915896506703641613628,7388561598883,carried_forward,sync_log,25545777,0x43abff2abb9c953f4ecc23463f695cde5019648497d4771e25030bc0ce1ef509,167,True
1,25545785,WETH_USDC,0xb4e16d0168e52d35cacd2c6185b44281ec28c9dc,0xa0b86991c6218b36c1d19d4a2e9eb0ce3606eb48,0xc02aaa39b223fe8d0a0e5c4f27ead9083c756cc2,8801817002005,4668332596025777727974,carried_forward,sync_log,25545780,0xdc3edefb1465113d90fbac014644872985ad781be93b522e921bae4b44bd458a,105,True
1,25545786,USDC_USDT,0x3041cbd36888becc7bbcbc0045e3b1f144466f5f,0xa0b86991c6218b36c1d19d4a2e9eb0ce3606eb48,0xdac17f958d2ee523a2206206994597c13d831ec7,1667845362809,1665683488858,carried_forward,sync_log,25545758,0xe11076bcfd524767e15b5a5e25b8f3ad37742e8f49640058cc75d718c15766bb,281,True
1,25545786,USDT_WETH,0x0d4a11d5eeaac28ec3f61d100daf4d40471f1852,0xc02aaa39b223fe8d0a0e5c4f27ead9083c756cc2,0xdac17f958d2ee523a2206206994597c13d831ec7,3915896506703641613628,7388561598883,carried_forward,sync_log,25545777,0x43abff2abb9c953f4ecc23463f695cde5019648497d4771e25030bc0ce1ef509,167,True
1,25545786,WETH_USDC,0xb4e16d0168e52d35cacd2c6185b44281ec28c9dc,0xa0b86991c6218b36c1d19d4a2e9eb0ce3606eb48,0xc02aaa39b223fe8d0a0e5c4f27ead9083c756cc2,8801817002005,4668332596025777727974,carried_forward,sync_log,25545780,0xdc3edefb1465113d90fbac014644872985ad781be93b522e921bae4b44bd458a,105,True
1,25545787,USDC_USDT,0x3041cbd36888becc7bbcbc0045e3b1f144466f5f,0xa0b86991c6218b36c1d19d4a2e9eb0ce3606eb48,0xdac17f958d2ee523a2206206994597c13d831ec7,1667845362809,1665683488858,carried_forward,sync_log,25545758,0xe11076bcfd524767e15b5a5e25b8f3ad37742e8f49640058cc75d718c15766bb,281,True
1,25545787,USDT_WETH,0x0d4a11d5eeaac28ec3f61d100daf4d40471f1852,0xc02aaa39b223fe8d0a0e5c4f27ead9083c756cc2,0xdac17f958d2ee523a2206206994597c13d831ec7,3915896506703641613628,7388561598883,carried_forward,sync_log,25545777,0x43abff2abb9c953f4ecc23463f695cde5019648497d4771e25030bc0ce1ef509,167,True
1,25545787,WETH_USDC,0xb4e16d0168e52d35cacd2c6185b44281ec28c9dc,0xa0b86991c6218b36c1d19d4a2e9eb0ce3606eb48,0xc02aaa39b223fe8d0a0e5c4f27ead9083c756cc2,8801817002005,4668332596025777727974,carried_forward,sync_log,25545780,0xdc3edefb1465113d90fbac014644872985ad781be93b522e921bae4b44bd458a,105,True
1,25545788,USDC_USDT,0x3041cbd36888becc7bbcbc0045e3b1f144466f5f,0xa0b86991c6218b36c1d19d4a2e9eb0ce3606eb48,0xdac17f958d2ee523a2206206994597c13d831ec7,1667845362809,1665683488858,carried_forward,sync_log,25545758,0xe11076bcfd524767e15b5a5e25b8f3ad37742e8f49640058cc75d718c15766bb,281,True
1,25545788,USDT_WETH,0x0d4a11d5eeaac28ec3f61d100daf4d40471f1852,0xc02aaa39b223fe8d0a0e5c4f27ead9083c756cc2,0xdac17f958d2ee523a2206206994597c13d831ec7,3915896506703641613628,7388561598883,carried_forward,sync_log,25545777,0x43abff2abb9c953f4ecc23463f695cde5019648497d4771e25030bc0ce1ef509,167,True
1,25545788,WETH_USDC,0xb4e16d0168e52d35cacd2c6185b44281ec28c9dc,0xa0b86991c6218b36c1d19d4a2e9eb0ce3606eb48,0xc02aaa39b223fe8d0a0e5c4f27ead9083c756cc2,8801817002005,4668332596025777727974,carried_forward,sync_log,25545780,0xdc3edefb1465113d90fbac014644872985ad781be93b522e921bae4b44bd458a,105,True
1,25545789,USDC_USDT,0x3041cbd36888becc7bbcbc0045e3b1f144466f5f,0xa0b86991c6218b36c1d19d4a2e9eb0ce3606eb48,0xdac17f958d2ee523a2206206994597c13d831ec7,1667845362809,1665683488858,carried_forward,sync_log,25545758,0xe11076bcfd524767e15b5a5e25b8f3ad37742e8f49640058cc75d718c15766bb,281,True
1,25545789,USDT_WETH,0x0d4a11d5eeaac28ec3f61d100daf4d40471f1852,0xc02aaa39b223fe8d0a0e5c4f27ead9083c756cc2,0xdac17f958d2ee523a2206206994597c13d831ec7,3915896506703641613628,7388561598883,carried_forward,sync_log,25545777,0x43abff2abb9c953f4ecc23463f695cde5019648497d4771e25030bc0ce1ef509,167,True
1,25545789,WETH_USDC,0xb4e16d0168e52d35cacd2c6185b44281ec28c9dc,0xa0b86991c6218b36c1d19d4a2e9eb0ce3606eb48,0xc02aaa39b223fe8d0a0e5c4f27ead9083c756cc2,8801810739606,4668335927491894615882,observed_sync,sync_log,25545789,0x79786c6987632296f7ff55a36d33b70b427f385c4719a1be487facaeba59bf3a,971,True
1,25545790,USDC_USDT,0x3041cbd36888becc7bbcbc0045e3b1f144466f5f,0xa0b86991c6218b36c1d19d4a2e9eb0ce3606eb48,0xdac17f958d2ee523a2206206994597c13d831ec7,1667845362809,1665683488858,carried_forward,sync_log,25545758,0xe11076bcfd524767e15b5a5e25b8f3ad37742e8f49640058cc75d718c15766bb,281,True
1,25545790,USDT_WETH,0x0d4a11d5eeaac28ec3f61d100daf4d40471f1852,0xc02aaa39b223fe8d0a0e5c4f27ead9083c756cc2,0xdac17f958d2ee523a2206206994597c13d831ec7,3915896506703641613628,7388561598883,carried_forward,sync_log,25545777,0x43abff2abb9c953f4ecc23463f695cde5019648497d4771e25030bc0ce1ef509,167,True
1,25545790,WETH_USDC,0xb4e16d0168e52d35cacd2c6185b44281ec28c9dc,0xa0b86991c6218b36c1d19d4a2e9eb0ce3606eb48,0xc02aaa39b223fe8d0a0e5c4f27ead9083c756cc2,8801810739606,4668335927491894615882,carried_forward,sync_log,25545789,0x79786c6987632296f7ff55a36d33b70b427f385c4719a1be487facaeba59bf3a,971,True
1,25545791,USDC_USDT,0x3041cbd36888becc7bbcbc0045e3b1f144466f5f,0xa0b86991c6218b36c1d19d4a2e9eb0ce3606eb48,0xdac17f958d2ee523a2206206994597c13d831ec7,1667845362809,1665683488858,carried_forward,sync_log,25545758,0xe11076bcfd524767e15b5a5e25b8f3ad37742e8f49640058cc75d718c15766bb,281,True
1,25545791,USDT_WETH,0x0d4a11d5eeaac28ec3f61d100daf4d40471f1852,0xc02aaa39b223fe8d0a0e5c4f27ead9083c756cc2,0xdac17f958d2ee523a2206206994597c13d831ec7,3915896506703641613628,7388561598883,carried_forward,sync_log,25545777,0x43abff2abb9c953f4ecc23463f695cde5019648497d4771e25030bc0ce1ef509,167,True
1,25545791,WETH_USDC,0xb4e16d0168e52d35cacd2c6185b44281ec28c9dc,0xa0b86991c6218b36c1d19d4a2e9eb0ce3606eb48,0xc02aaa39b223fe8d0a0e5c4f27ead9083c756cc2,8801810739606,4668335927491894615882,carried_forward,sync_log,25545789,0x79786c6987632296f7ff55a36d33b70b427f385c4719a1be487facaeba59bf3a,971,True
1,25545792,USDC_USDT,0x3041cbd36888becc7bbcbc0045e3b1f144466f5f,0xa0b86991c6218b36c1d19d4a2e9eb0ce3606eb48,0xdac17f958d2ee523a2206206994597c13d831ec7,1667845362809,1665683488858,carried_forward,sync_log,25545758,0xe11076bcfd524767e15b5a5e25b8f3ad37742e8f49640058cc75d718c15766bb,281,True
1,25545792,USDT_WETH,0x0d4a11d5eeaac28ec3f61d100daf4d40471f1852,0xc02aaa39b223fe8d0a0e5c4f27ead9083c756cc2,0xdac17f958d2ee523a2206206994597c13d831ec7,3915896506703641613628,7388561598883,carried_forward,sync_log,25545777,0x43abff2abb9c953f4ecc23463f695cde5019648497d4771e25030bc0ce1ef509,167,True
1,25545792,WETH_USDC,0xb4e16d0168e52d35cacd2c6185b44281ec28c9dc,0xa0b86991c6218b36c1d19d4a2e9eb0ce3606eb48,0xc02aaa39b223fe8d0a0e5c4f27ead9083c756cc2,8801810739606,4668335927491894615882,carried_forward,sync_log,25545789,0x79786c6987632296f7ff55a36d33b70b427f385c4719a1be487facaeba59bf3a,971,True
1,25545793,USDC_USDT,0x3041cbd36888becc7bbcbc0045e3b1f144466f5f,0xa0b86991c6218b36c1d19d4a2e9eb0ce3606eb48,0xdac17f958d2ee523a2206206994597c13d831ec7,1667845362809,1665683488858,carried_forward,sync_log,25545758,0xe11076bcfd524767e15b5a5e25b8f3ad37742e8f49640058cc75d718c15766bb,281,True
1,25545793,USDT_WETH,0x0d4a11d5eeaac28ec3f61d100daf4d40471f1852,0xc02aaa39b223fe8d0a0e5c4f27ead9083c756cc2,0xdac17f958d2ee523a2206206994597c13d831ec7,3915896506703641613628,7388561598883,carried_forward,sync_log,25545777,0x43abff2abb9c953f4ecc23463f695cde5019648497d4771e25030bc0ce1ef509,167,True
1,25545793,WETH_USDC,0xb4e16d0168e52d35cacd2c6185b44281ec28c9dc,0xa0b86991c6218b36c1d19d4a2e9eb0ce3606eb48,0xc02aaa39b223fe8d0a0e5c4f27ead9083c756cc2,8801810739606,4668335927491894615882,carried_forward,sync_log,25545789,0x79786c6987632296f7ff55a36d33b70b427f385c4719a1be487facaeba59bf3a,971,True
1,25545794,USDC_USDT,0x3041cbd36888becc7bbcbc0045e3b1f144466f5f,0xa0b86991c6218b36c1d19d4a2e9eb0ce3606eb48,0xdac17f958d2ee523a2206206994597c13d831ec7,1667845362809,1665683488858,carried_forward,sync_log,25545758,0xe11076bcfd524767e15b5a5e25b8f3ad37742e8f49640058cc75d718c15766bb,281,True
1,25545794,USDT_WETH,0x0d4a11d5eeaac28ec3f61d100daf4d40471f1852,0xc02aaa39b223fe8d0a0e5c4f27ead9083c756cc2,0xdac17f958d2ee523a2206206994597c13d831ec7,3915896506703641613628,7388561598883,carried_forward,sync_log,25545777,0x43abff2abb9c953f4ecc23463f695cde5019648497d4771e25030bc0ce1ef509,167,True
1,25545794,WETH_USDC,0xb4e16d0168e52d35cacd2c6185b44281ec28c9dc,0xa0b86991c6218b36c1d19d4a2e9eb0ce3606eb48,0xc02aaa39b223fe8d0a0e5c4f27ead9083c756cc2,8801810739606,4668335927491894615882,carried_forward,sync_log,25545789,0x79786c6987632296f7ff55a36d33b70b427f385c4719a1be487facaeba59bf3a,971,True
1,25545795,USDC_USDT,0x3041cbd36888becc7bbcbc0045e3b1f144466f5f,0xa0b86991c6218b36c1d19d4a2e9eb0ce3606eb48,0xdac17f958d2ee523a2206206994597c13d831ec7,1667845362809,1665683488858,carried_forward,sync_log,25545758,0xe11076bcfd524767e15b5a5e25b8f3ad37742e8f49640058cc75d718c15766bb,281,True
1,25545795,USDT_WETH,0x0d4a11d5eeaac28ec3f61d100daf4d40471f1852,0xc02aaa39b223fe8d0a0e5c4f27ead9083c756cc2,0xdac17f958d2ee523a2206206994597c13d831ec7,3915896506703641613628,7388561598883,carried_forward,sync_log,25545777,0x43abff2abb9c953f4ecc23463f695cde5019648497d4771e25030bc0ce1ef509,167,True
1,25545795,WETH_USDC,0xb4e16d0168e52d35cacd2c6185b44281ec28c9dc,0xa0b86991c6218b36c1d19d4a2e9eb0ce3606eb48,0xc02aaa39b223fe8d0a0e5c4f27ead9083c756cc2,8801810739606,4668335927491894615882,carried_forward,sync_log,25545789,0x79786c6987632296f7ff55a36d33b70b427f385c4719a1be487facaeba59bf3a,971,True
1,25545796,USDC_USDT,0x3041cbd36888becc7bbcbc0045e3b1f144466f5f,0xa0b86991c6218b36c1d19d4a2e9eb0ce3606eb48,0xdac17f958d2ee523a2206206994597c13d831ec7,1667845362809,1665683488858,carried_forward,sync_log,25545758,0xe11076bcfd524767e15b5a5e25b8f3ad37742e8f49640058cc75d718c15766bb,281,True
1,25545796,USDT_WETH,0x0d4a11d5eeaac28ec3f61d100daf4d40471f1852,0xc02aaa39b223fe8d0a0e5c4f27ead9083c756cc2,0xdac17f958d2ee523a2206206994597c13d831ec7,3915896506703641613628,7388561598883,carried_forward,sync_log,25545777,0x43abff2abb9c953f4ecc23463f695cde5019648497d4771e25030bc0ce1ef509,167,True
1,25545796,WETH_USDC,0xb4e16d0168e52d35cacd2c6185b44281ec28c9dc,0xa0b86991c6218b36c1d19d4a2e9eb0ce3606eb48,0xc02aaa39b223fe8d0a0e5c4f27ead9083c756cc2,8801810739606,4668335927491894615882,carried_forward,sync_log,25545789,0x79786c6987632296f7ff55a36d33b70b427f385c4719a1be487facaeba59bf3a,971,True
1,25545797,USDC_USDT,0x3041cbd36888becc7bbcbc0045e3b1f144466f5f,0xa0b86991c6218b36c1d19d4a2e9eb0ce3606eb48,0xdac17f958d2ee523a2206206994597c13d831ec7,1667845362809,1665683488858,carried_forward,sync_log,25545758,0xe11076bcfd524767e15b5a5e25b8f3ad37742e8f49640058cc75d718c15766bb,281,True
1,25545797,USDT_WETH,0x0d4a11d5eeaac28ec3f61d100daf4d40471f1852,0xc02aaa39b223fe8d0a0e5c4f27ead9083c756cc2,0xdac17f958d2ee523a2206206994597c13d831ec7,3915896506703641613628,7388561598883,carried_forward,sync_log,25545777,0x43abff2abb9c953f4ecc23463f695cde5019648497d4771e25030bc0ce1ef509,167,True
1,25545797,WETH_USDC,0xb4e16d0168e52d35cacd2c6185b44281ec28c9dc,0xa0b86991c6218b36c1d19d4a2e9eb0ce3606eb48,0xc02aaa39b223fe8d0a0e5c4f27ead9083c756cc2,8801810739606,4668335927491894615882,carried_forward,sync_log,25545789,0x79786c6987632296f7ff55a36d33b70b427f385c4719a1be487facaeba59bf3a,971,True
1,25545798,USDC_USDT,0x3041cbd36888becc7bbcbc0045e3b1f144466f5f,0xa0b86991c6218b36c1d19d4a2e9eb0ce3606eb48,0xdac17f958d2ee523a2206206994597c13d831ec7,1667845362809,1665683488858,carried_forward,sync_log,25545758,0xe11076bcfd524767e15b5a5e25b8f3ad37742e8f49640058cc75d718c15766bb,281,True
1,25545798,USDT_WETH,0x0d4a11d5eeaac28ec3f61d100daf4d40471f1852,0xc02aaa39b223fe8d0a0e5c4f27ead9083c756cc2,0xdac17f958d2ee523a2206206994597c13d831ec7,3915896506703641613628,7388561598883,carried_forward,sync_log,25545777,0x43abff2abb9c953f4ecc23463f695cde5019648497d4771e25030bc0ce1ef509,167,True
1,25545798,WETH_USDC,0xb4e16d0168e52d35cacd2c6185b44281ec28c9dc,0xa0b86991c6218b36c1d19d4a2e9eb0ce3606eb48,0xc02aaa39b223fe8d0a0e5c4f27ead9083c756cc2,8801810739606,4668335927491894615882,carried_forward,sync_log,25545789,0x79786c6987632296f7ff55a36d33b70b427f385c4719a1be487facaeba59bf3a,971,True
1,25545799,USDC_USDT,0x3041cbd36888becc7bbcbc0045e3b1f144466f5f,0xa0b86991c6218b36c1d19d4a2e9eb0ce3606eb48,0xdac17f958d2ee523a2206206994597c13d831ec7,1667845362809,1665683488858,carried_forward,sync_log,25545758,0xe11076bcfd524767e15b5a5e25b8f3ad37742e8f49640058cc75d718c15766bb,281,True
1,25545799,USDT_WETH,0x0d4a11d5eeaac28ec3f61d100daf4d40471f1852,0xc02aaa39b223fe8d0a0e5c4f27ead9083c756cc2,0xdac17f958d2ee523a2206206994597c13d831ec7,3915896506703641613628,7388561598883,carried_forward,sync_log,25545777,0x43abff2abb9c953f4ecc23463f695cde5019648497d4771e25030bc0ce1ef509,167,True
1,25545799,WETH_USDC,0xb4e16d0168e52d35cacd2c6185b44281ec28c9dc,0xa0b86991c6218b36c1d19d4a2e9eb0ce3606eb48,0xc02aaa39b223fe8d0a0e5c4f27ead9083c756cc2,8801810739606,4668335927491894615882,carried_forward,sync_log,25545789,0x79786c6987632296f7ff55a36d33b70b427f385c4719a1be487facaeba59bf3a,971,True
1,25545800,USDC_USDT,0x3041cbd36888becc7bbcbc0045e3b1f144466f5f,0xa0b86991c6218b36c1d19d4a2e9eb0ce3606eb48,0xdac17f958d2ee523a2206206994597c13d831ec7,1667845362809,1665683488858,carried_forward,sync_log,25545758,0xe11076bcfd524767e15b5a5e25b8f3ad37742e8f49640058cc75d718c15766bb,281,True
1,25545800,USDT_WETH,0x0d4a11d5eeaac28ec3f61d100daf4d40471f1852,0xc02aaa39b223fe8d0a0e5c4f27ead9083c756cc2,0xdac17f958d2ee523a2206206994597c13d831ec7,3915896506703641613628,7388561598883,carried_forward,sync_log,25545777,0x43abff2abb9c953f4ecc23463f695cde5019648497d4771e25030bc0ce1ef509,167,True
1,25545800,WETH_USDC,0xb4e16d0168e52d35cacd2c6185b44281ec28c9dc,0xa0b86991c6218b36c1d19d4a2e9eb0ce3606eb48,0xc02aaa39b223fe8d0a0e5c4f27ead9083c756cc2,8801810739606,4668335927491894615882,carried_forward,sync_log,25545789,0x79786c6987632296f7ff55a36d33b70b427f385c4719a1be487facaeba59bf3a,971,True
1,25545801,USDC_USDT,0x3041cbd36888becc7bbcbc0045e3b1f144466f5f,0xa0b86991c6218b36c1d19d4a2e9eb0ce3606eb48,0xdac17f958d2ee523a2206206994597c13d831ec7,1667845362809,1665683488858,carried_forward,sync_log,25545758,0xe11076bcfd524767e15b5a5e25b8f3ad37742e8f49640058cc75d718c15766bb,281,True
1,25545801,USDT_WETH,0x0d4a11d5eeaac28ec3f61d100daf4d40471f1852,0xc02aaa39b223fe8d0a0e5c4f27ead9083c756cc2,0xdac17f958d2ee523a2206206994597c13d831ec7,3915892807875995607650,7388568598883,observed_sync,sync_log,25545801,0xa8acf8bd898884a138baff64092f46e3bac10f8cc13363a76bdc0a660b28ece7,172,True
1,25545801,WETH_USDC,0xb4e16d0168e52d35cacd2c6185b44281ec28c9dc,0xa0b86991c6218b36c1d19d4a2e9eb0ce3606eb48,0xc02aaa39b223fe8d0a0e5c4f27ead9083c756cc2,8801810739606,4668335927491894615882,carried_forward,sync_log,25545789,0x79786c6987632296f7ff55a36d33b70b427f385c4719a1be487facaeba59bf3a,971,True
1,25545802,USDC_USDT,0x3041cbd36888becc7bbcbc0045e3b1f144466f5f,0xa0b86991c6218b36c1d19d4a2e9eb0ce3606eb48,0xdac17f958d2ee523a2206206994597c13d831ec7,1667845362809,1665683488858,carried_forward,sync_log,25545758,0xe11076bcfd524767e15b5a5e25b8f3ad37742e8f49640058cc75d718c15766bb,281,True
1,25545802,USDT_WETH,0x0d4a11d5eeaac28ec3f61d100daf4d40471f1852,0xc02aaa39b223fe8d0a0e5c4f27ead9083c756cc2,0xdac17f958d2ee523a2206206994597c13d831ec7,3915892807875995607650,7388568598883,carried_forward,sync_log,25545801,0xa8acf8bd898884a138baff64092f46e3bac10f8cc13363a76bdc0a660b28ece7,172,True
1,25545802,WETH_USDC,0xb4e16d0168e52d35cacd2c6185b44281ec28c9dc,0xa0b86991c6218b36c1d19d4a2e9eb0ce3606eb48,0xc02aaa39b223fe8d0a0e5c4f27ead9083c756cc2,8801810739606,4668335927491894615882,carried_forward,sync_log,25545789,0x79786c6987632296f7ff55a36d33b70b427f385c4719a1be487facaeba59bf3a,971,True
1,25545803,USDC_USDT,0x3041cbd36888becc7bbcbc0045e3b1f144466f5f,0xa0b86991c6218b36c1d19d4a2e9eb0ce3606eb48,0xdac17f958d2ee523a2206206994597c13d831ec7,1667845362809,1665683488858,carried_forward,sync_log,25545758,0xe11076bcfd524767e15b5a5e25b8f3ad37742e8f49640058cc75d718c15766bb,281,True
1,25545803,USDT_WETH,0x0d4a11d5eeaac28ec3f61d100daf4d40471f1852,0xc02aaa39b223fe8d0a0e5c4f27ead9083c756cc2,0xdac17f958d2ee523a2206206994597c13d831ec7,3915892807875995607650,7388568598883,carried_forward,sync_log,25545801,0xa8acf8bd898884a138baff64092f46e3bac10f8cc13363a76bdc0a660b28ece7,172,True
1,25545803,WETH_USDC,0xb4e16d0168e52d35cacd2c6185b44281ec28c9dc,0xa0b86991c6218b36c1d19d4a2e9eb0ce3606eb48,0xc02aaa39b223fe8d0a0e5c4f27ead9083c756cc2,8801810739606,4668335927491894615882,carried_forward,sync_log,25545789,0x79786c6987632296f7ff55a36d33b70b427f385c4719a1be487facaeba59bf3a,971,True
1,25545804,USDC_USDT,0x3041cbd36888becc7bbcbc0045e3b1f144466f5f,0xa0b86991c6218b36c1d19d4a2e9eb0ce3606eb48,0xdac17f958d2ee523a2206206994597c13d831ec7,1667845362809,1665683488858,carried_forward,sync_log,25545758,0xe11076bcfd524767e15b5a5e25b8f3ad37742e8f49640058cc75d718c15766bb,281,True
1,25545804,USDT_WETH,0x0d4a11d5eeaac28ec3f61d100daf4d40471f1852,0xc02aaa39b223fe8d0a0e5c4f27ead9083c756cc2,0xdac17f958d2ee523a2206206994597c13d831ec7,3915892807875995607650,7388568598883,carried_forward,sync_log,25545801,0xa8acf8bd898884a138baff64092f46e3bac10f8cc13363a76bdc0a660b28ece7,172,True
1,25545804,WETH_USDC,0xb4e16d0168e52d35cacd2c6185b44281ec28c9dc,0xa0b86991c6218b36c1d19d4a2e9eb0ce3606eb48,0xc02aaa39b223fe8d0a0e5c4f27ead9083c756cc2,8801810739606,4668335927491894615882,carried_forward,sync_log,25545789,0x79786c6987632296f7ff55a36d33b70b427f385c4719a1be487facaeba59bf3a,971,True
1,25545805,USDC_USDT,0x3041cbd36888becc7bbcbc0045e3b1f144466f5f,0xa0b86991c6218b36c1d19d4a2e9eb0ce3606eb48,0xdac17f958d2ee523a2206206994597c13d831ec7,1667845362809,1665683488858,carried_forward,sync_log,25545758,0xe11076bcfd524767e15b5a5e25b8f3ad37742e8f49640058cc75d718c15766bb,281,True
1,25545805,USDT_WETH,0x0d4a11d5eeaac28ec3f61d100daf4d40471f1852,0xc02aaa39b223fe8d0a0e5c4f27ead9083c756cc2,0xdac17f958d2ee523a2206206994597c13d831ec7,3915892807875995607650,7388568598883,carried_forward,sync_log,25545801,0xa8acf8bd898884a138baff64092f46e3bac10f8cc13363a76bdc0a660b28ece7,172,True
1,25545805,WETH_USDC,0xb4e16d0168e52d35cacd2c6185b44281ec28c9dc,0xa0b86991c6218b36c1d19d4a2e9eb0ce3606eb48,0xc02aaa39b223fe8d0a0e5c4f27ead9083c756cc2,8801803169107,4668339954846234771297,observed_sync,sync_log,25545805,0xb00d3b1ad04845b2bc0839367e2c6797197448db08bb21d7c92fa3c4d95d3db4,731,True
1,25545806,USDC_USDT,0x3041cbd36888becc7bbcbc0045e3b1f144466f5f,0xa0b86991c6218b36c1d19d4a2e9eb0ce3606eb48,0xdac17f958d2ee523a2206206994597c13d831ec7,1667845362809,1665683488858,carried_forward,sync_log,25545758,0xe11076bcfd524767e15b5a5e25b8f3ad37742e8f49640058cc75d718c15766bb,281,True
1,25545806,USDT_WETH,0x0d4a11d5eeaac28ec3f61d100daf4d40471f1852,0xc02aaa39b223fe8d0a0e5c4f27ead9083c756cc2,0xdac17f958d2ee523a2206206994597c13d831ec7,3915892807875995607650,7388568598883,carried_forward,sync_log,25545801,0xa8acf8bd898884a138baff64092f46e3bac10f8cc13363a76bdc0a660b28ece7,172,True
1,25545806,WETH_USDC,0xb4e16d0168e52d35cacd2c6185b44281ec28c9dc,0xa0b86991c6218b36c1d19d4a2e9eb0ce3606eb48,0xc02aaa39b223fe8d0a0e5c4f27ead9083c756cc2,8801803169107,4668339954846234771297,carried_forward,sync_log,25545805,0xb00d3b1ad04845b2bc0839367e2c6797197448db08bb21d7c92fa3c4d95d3db4,731,True
1,25545807,USDC_USDT,0x3041cbd36888becc7bbcbc0045e3b1f144466f5f,0xa0b86991c6218b36c1d19d4a2e9eb0ce3606eb48,0xdac17f958d2ee523a2206206994597c13d831ec7,1667845362809,1665683488858,carried_forward,sync_log,25545758,0xe11076bcfd524767e15b5a5e25b8f3ad37742e8f49640058cc75d718c15766bb,281,True
1,25545807,USDT_WETH,0x0d4a11d5eeaac28ec3f61d100daf4d40471f1852,0xc02aaa39b223fe8d0a0e5c4f27ead9083c756cc2,0xdac17f958d2ee523a2206206994597c13d831ec7,3915892807875995607650,7388568598883,carried_forward,sync_log,25545801,0xa8acf8bd898884a138baff64092f46e3bac10f8cc13363a76bdc0a660b28ece7,172,True
1,25545807,WETH_USDC,0xb4e16d0168e52d35cacd2c6185b44281ec28c9dc,0xa0b86991c6218b36c1d19d4a2e9eb0ce3606eb48,0xc02aaa39b223fe8d0a0e5c4f27ead9083c756cc2,8801803169107,4668339954846234771297,carried_forward,sync_log,25545805,0xb00d3b1ad04845b2bc0839367e2c6797197448db08bb21d7c92fa3c4d95d3db4,731,True
1,25545808,USDC_USDT,0x3041cbd36888becc7bbcbc0045e3b1f144466f5f,0xa0b86991c6218b36c1d19d4a2e9eb0ce3606eb48,0xdac17f958d2ee523a2206206994597c13d831ec7,1667845362809,1665683488858,carried_forward,sync_log,25545758,0xe11076bcfd524767e15b5a5e25b8f3ad37742e8f49640058cc75d718c15766bb,281,True
1,25545808,USDT_WETH,0x0d4a11d5eeaac28ec3f61d100daf4d40471f1852,0xc02aaa39b223fe8d0a0e5c4f27ead9083c756cc2,0xdac17f958d2ee523a2206206994597c13d831ec7,3915892807875995607650,7388568598883,carried_forward,sync_log,25545801,0xa8acf8bd898884a138baff64092f46e3bac10f8cc13363a76bdc0a660b28ece7,172,True
1,25545808,WETH_USDC,0xb4e16d0168e52d35cacd2c6185b44281ec28c9dc,0xa0b86991c6218b36c1d19d4a2e9eb0ce3606eb48,0xc02aaa39b223fe8d0a0e5c4f27ead9083c756cc2,8801803169107,4668339954846234771297,carried_forward,sync_log,25545805,0xb00d3b1ad04845b2bc0839367e2c6797197448db08bb21d7c92fa3c4d95d3db4,731,True
1,25545809,USDC_USDT,0x3041cbd36888becc7bbcbc0045e3b1f144466f5f,0xa0b86991c6218b36c1d19d4a2e9eb0ce3606eb48,0xdac17f958d2ee523a2206206994597c13d831ec7,1667845362809,1665683488858,carried_forward,sync_log,25545758,0xe11076bcfd524767e15b5a5e25b8f3ad37742e8f49640058cc75d718c15766bb,281,True
1,25545809,USDT_WETH,0x0d4a11d5eeaac28ec3f61d100daf4d40471f1852,0xc02aaa39b223fe8d0a0e5c4f27ead9083c756cc2,0xdac17f958d2ee523a2206206994597c13d831ec7,3915892807875995607650,7388568598883,carried_forward,sync_log,25545801,0xa8acf8bd898884a138baff64092f46e3bac10f8cc13363a76bdc0a660b28ece7,172,True
1,25545809,WETH_USDC,0xb4e16d0168e52d35cacd2c6185b44281ec28c9dc,0xa0b86991c6218b36c1d19d4a2e9eb0ce3606eb48,0xc02aaa39b223fe8d0a0e5c4f27ead9083c756cc2,8801803169107,4668339954846234771297,carried_forward,sync_log,25545805,0xb00d3b1ad04845b2bc0839367e2c6797197448db08bb21d7c92fa3c4d95d3db4,731,True
1,25545810,USDC_USDT,0x3041cbd36888becc7bbcbc0045e3b1f144466f5f,0xa0b86991c6218b36c1d19d4a2e9eb0ce3606eb48,0xdac17f958d2ee523a2206206994597c13d831ec7,1667845362809,1665683488858,carried_forward,sync_log,25545758,0xe11076bcfd524767e15b5a5e25b8f3ad37742e8f49640058cc75d718c15766bb,281,True
1,25545810,USDT_WETH,0x0d4a11d5eeaac28ec3f61d100daf4d40471f1852,0xc02aaa39b223fe8d0a0e5c4f27ead9083c756cc2,0xdac17f958d2ee523a2206206994597c13d831ec7,3915892807875995607650,7388568598883,carried_forward,sync_log,25545801,0xa8acf8bd898884a138baff64092f46e3bac10f8cc13363a76bdc0a660b28ece7,172,True
1,25545810,WETH_USDC,0xb4e16d0168e52d35cacd2c6185b44281ec28c9dc,0xa0b86991c6218b36c1d19d4a2e9eb0ce3606eb48,0xc02aaa39b223fe8d0a0e5c4f27ead9083c756cc2,8801803169107,4668339954846234771297,carried_forward,sync_log,25545805,0xb00d3b1ad04845b2bc0839367e2c6797197448db08bb21d7c92fa3c4d95d3db4,731,True
1,25545811,USDC_USDT,0x3041cbd36888becc7bbcbc0045e3b1f144466f5f,0xa0b86991c6218b36c1d19d4a2e9eb0ce3606eb48,0xdac17f958d2ee523a2206206994597c13d831ec7,1667845362809,1665683488858,carried_forward,sync_log,25545758,0xe11076bcfd524767e15b5a5e25b8f3ad37742e8f49640058cc75d718c15766bb,281,True
1,25545811,USDT_WETH,0x0d4a11d5eeaac28ec3f61d100daf4d40471f1852,0xc02aaa39b223fe8d0a0e5c4f27ead9083c756cc2,0xdac17f958d2ee523a2206206994597c13d831ec7,3915892807875995607650,7388568598883,carried_forward,sync_log,25545801,0xa8acf8bd898884a138baff64092f46e3bac10f8cc13363a76bdc0a660b28ece7,172,True
1,25545811,WETH_USDC,0xb4e16d0168e52d35cacd2c6185b44281ec28c9dc,0xa0b86991c6218b36c1d19d4a2e9eb0ce3606eb48,0xc02aaa39b223fe8d0a0e5c4f27ead9083c756cc2,8801803169108,4668339954846244523046,observed_sync,sync_log,25545811,0x28fe2119ab1256df20733833e331ce8cd35bc6b8f1eabf0b375f0d99896616b4,621,True
1,25545812,USDC_USDT,0x3041cbd36888becc7bbcbc0045e3b1f144466f5f,0xa0b86991c6218b36c1d19d4a2e9eb0ce3606eb48,0xdac17f958d2ee523a2206206994597c13d831ec7,1667845362809,1665683488858,carried_forward,sync_log,25545758,0xe11076bcfd524767e15b5a5e25b8f3ad37742e8f49640058cc75d718c15766bb,281,True
1,25545812,USDT_WETH,0x0d4a11d5eeaac28ec3f61d100daf4d40471f1852,0xc02aaa39b223fe8d0a0e5c4f27ead9083c756cc2,0xdac17f958d2ee523a2206206994597c13d831ec7,3915892807875995607650,7388568598883,carried_forward,sync_log,25545801,0xa8acf8bd898884a138baff64092f46e3bac10f8cc13363a76bdc0a660b28ece7,172,True
1,25545812,WETH_USDC,0xb4e16d0168e52d35cacd2c6185b44281ec28c9dc,0xa0b86991c6218b36c1d19d4a2e9eb0ce3606eb48,0xc02aaa39b223fe8d0a0e5c4f27ead9083c756cc2,8801803169108,4668339954846244523046,carried_forward,sync_log,25545811,0x28fe2119ab1256df20733833e331ce8cd35bc6b8f1eabf0b375f0d99896616b4,621,True
1,25545813,USDC_USDT,0x3041cbd36888becc7bbcbc0045e3b1f144466f5f,0xa0b86991c6218b36c1d19d4a2e9eb0ce3606eb48,0xdac17f958d2ee523a2206206994597c13d831ec7,1667845362809,1665683488858,carried_forward,sync_log,25545758,0xe11076bcfd524767e15b5a5e25b8f3ad37742e8f49640058cc75d718c15766bb,281,True
1,25545813,USDT_WETH,0x0d4a11d5eeaac28ec3f61d100daf4d40471f1852,0xc02aaa39b223fe8d0a0e5c4f27ead9083c756cc2,0xdac17f958d2ee523a2206206994597c13d831ec7,3915892807875995607650,7388568598883,carried_forward,sync_log,25545801,0xa8acf8bd898884a138baff64092f46e3bac10f8cc13363a76bdc0a660b28ece7,172,True
1,25545813,WETH_USDC,0xb4e16d0168e52d35cacd2c6185b44281ec28c9dc,0xa0b86991c6218b36c1d19d4a2e9eb0ce3606eb48,0xc02aaa39b223fe8d0a0e5c4f27ead9083c756cc2,8801803169108,4668339954846244523046,carried_forward,sync_log,25545811,0x28fe2119ab1256df20733833e331ce8cd35bc6b8f1eabf0b375f0d99896616b4,621,True
1,25545814,USDC_USDT,0x3041cbd36888becc7bbcbc0045e3b1f144466f5f,0xa0b86991c6218b36c1d19d4a2e9eb0ce3606eb48,0xdac17f958d2ee523a2206206994597c13d831ec7,1667845362809,1665683488858,carried_forward,sync_log,25545758,0xe11076bcfd524767e15b5a5e25b8f3ad37742e8f49640058cc75d718c15766bb,281,True
1,25545814,USDT_WETH,0x0d4a11d5eeaac28ec3f61d100daf4d40471f1852,0xc02aaa39b223fe8d0a0e5c4f27ead9083c756cc2,0xdac17f958d2ee523a2206206994597c13d831ec7,3915892807875995607650,7388568598883,carried_forward,sync_log,25545801,0xa8acf8bd898884a138baff64092f46e3bac10f8cc13363a76bdc0a660b28ece7,172,True
1,25545814,WETH_USDC,0xb4e16d0168e52d35cacd2c6185b44281ec28c9dc,0xa0b86991c6218b36c1d19d4a2e9eb0ce3606eb48,0xc02aaa39b223fe8d0a0e5c4f27ead9083c756cc2,8801803169108,4668339954846244523046,carried_forward,sync_log,25545811,0x28fe2119ab1256df20733833e331ce8cd35bc6b8f1eabf0b375f0d99896616b4,621,True
1,25545815,USDC_USDT,0x3041cbd36888becc7bbcbc0045e3b1f144466f5f,0xa0b86991c6218b36c1d19d4a2e9eb0ce3606eb48,0xdac17f958d2ee523a2206206994597c13d831ec7,1667845362809,1665683488858,carried_forward,sync_log,25545758,0xe11076bcfd524767e15b5a5e25b8f3ad37742e8f49640058cc75d718c15766bb,281,True
1,25545815,USDT_WETH,0x0d4a11d5eeaac28ec3f61d100daf4d40471f1852,0xc02aaa39b223fe8d0a0e5c4f27ead9083c756cc2,0xdac17f958d2ee523a2206206994597c13d831ec7,3915892807875995607650,7388568598883,carried_forward,sync_log,25545801,0xa8acf8bd898884a138baff64092f46e3bac10f8cc13363a76bdc0a660b28ece7,172,True
1,25545815,WETH_USDC,0xb4e16d0168e52d35cacd2c6185b44281ec28c9dc,0xa0b86991c6218b36c1d19d4a2e9eb0ce3606eb48,0xc02aaa39b223fe8d0a0e5c4f27ead9083c756cc2,8801803169108,4668339954846244523046,carried_forward,sync_log,25545811,0x28fe2119ab1256df20733833e331ce8cd35bc6b8f1eabf0b375f0d99896616b4,621,True
1,25545816,USDC_USDT,0x3041cbd36888becc7bbcbc0045e3b1f144466f5f,0xa0b86991c6218b36c1d19d4a2e9eb0ce3606eb48,0xdac17f958d2ee523a2206206994597c13d831ec7,1667845362809,1665683488858,carried_forward,sync_log,25545758,0xe11076bcfd524767e15b5a5e25b8f3ad37742e8f49640058cc75d718c15766bb,281,True
1,25545816,USDT_WETH,0x0d4a11d5eeaac28ec3f61d100daf4d40471f1852,0xc02aaa39b223fe8d0a0e5c4f27ead9083c756cc2,0xdac17f958d2ee523a2206206994597c13d831ec7,3915883296637018673473,7388586598883,observed_sync,sync_log,25545816,0xdd12525378aa9298f3f67357fa3424200ae54da03d9690906241795a660fbad3,208,True
1,25545816,WETH_USDC,0xb4e16d0168e52d35cacd2c6185b44281ec28c9dc,0xa0b86991c6218b36c1d19d4a2e9eb0ce3606eb48,0xc02aaa39b223fe8d0a0e5c4f27ead9083c756cc2,8801803169108,4668339954846244523046,carried_forward,sync_log,25545811,0x28fe2119ab1256df20733833e331ce8cd35bc6b8f1eabf0b375f0d99896616b4,621,True
1,25545817,USDC_USDT,0x3041cbd36888becc7bbcbc0045e3b1f144466f5f,0xa0b86991c6218b36c1d19d4a2e9eb0ce3606eb48,0xdac17f958d2ee523a2206206994597c13d831ec7,1667845362809,1665683488858,carried_forward,sync_log,25545758,0xe11076bcfd524767e15b5a5e25b8f3ad37742e8f49640058cc75d718c15766bb,281,True
1,25545817,USDT_WETH,0x0d4a11d5eeaac28ec3f61d100daf4d40471f1852,0xc02aaa39b223fe8d0a0e5c4f27ead9083c756cc2,0xdac17f958d2ee523a2206206994597c13d831ec7,3915883296637018673473,7388586598883,carried_forward,sync_log,25545816,0xdd12525378aa9298f3f67357fa3424200ae54da03d9690906241795a660fbad3,208,True
1,25545817,WETH_USDC,0xb4e16d0168e52d35cacd2c6185b44281ec28c9dc,0xa0b86991c6218b36c1d19d4a2e9eb0ce3606eb48,0xc02aaa39b223fe8d0a0e5c4f27ead9083c756cc2,8801803169108,4668339954846244523046,carried_forward,sync_log,25545811,0x28fe2119ab1256df20733833e331ce8cd35bc6b8f1eabf0b375f0d99896616b4,621,True
1,25545818,USDC_USDT,0x3041cbd36888becc7bbcbc0045e3b1f144466f5f,0xa0b86991c6218b36c1d19d4a2e9eb0ce3606eb48,0xdac17f958d2ee523a2206206994597c13d831ec7,1667845362809,1665683488858,carried_forward,sync_log,25545758,0xe11076bcfd524767e15b5a5e25b8f3ad37742e8f49640058cc75d718c15766bb,281,True
1,25545818,USDT_WETH,0x0d4a11d5eeaac28ec3f61d100daf4d40471f1852,0xc02aaa39b223fe8d0a0e5c4f27ead9083c756cc2,0xdac17f958d2ee523a2206206994597c13d831ec7,3915883296637018673473,7388586598883,carried_forward,sync_log,25545816,0xdd12525378aa9298f3f67357fa3424200ae54da03d9690906241795a660fbad3,208,True
1,25545818,WETH_USDC,0xb4e16d0168e52d35cacd2c6185b44281ec28c9dc,0xa0b86991c6218b36c1d19d4a2e9eb0ce3606eb48,0xc02aaa39b223fe8d0a0e5c4f27ead9083c756cc2,8801803169108,4668339954846244523046,carried_forward,sync_log,25545811,0x28fe2119ab1256df20733833e331ce8cd35bc6b8f1eabf0b375f0d99896616b4,621,True
1,25545819,USDC_USDT,0x3041cbd36888becc7bbcbc0045e3b1f144466f5f,0xa0b86991c6218b36c1d19d4a2e9eb0ce3606eb48,0xdac17f958d2ee523a2206206994597c13d831ec7,1667845362809,1665683488858,carried_forward,sync_log,25545758,0xe11076bcfd524767e15b5a5e25b8f3ad37742e8f49640058cc75d718c15766bb,281,True
1,25545819,USDT_WETH,0x0d4a11d5eeaac28ec3f61d100daf4d40471f1852,0xc02aaa39b223fe8d0a0e5c4f27ead9083c756cc2,0xdac17f958d2ee523a2206206994597c13d831ec7,3915883296637018673473,7388586598883,carried_forward,sync_log,25545816,0xdd12525378aa9298f3f67357fa3424200ae54da03d9690906241795a660fbad3,208,True
1,25545819,WETH_USDC,0xb4e16d0168e52d35cacd2c6185b44281ec28c9dc,0xa0b86991c6218b36c1d19d4a2e9eb0ce3606eb48,0xc02aaa39b223fe8d0a0e5c4f27ead9083c756cc2,8801803169108,4668339954846244523046,carried_forward,sync_log,25545811,0x28fe2119ab1256df20733833e331ce8cd35bc6b8f1eabf0b375f0d99896616b4,621,True
1,25545820,USDC_USDT,0x3041cbd36888becc7bbcbc0045e3b1f144466f5f,0xa0b86991c6218b36c1d19d4a2e9eb0ce3606eb48,0xdac17f958d2ee523a2206206994597c13d831ec7,1667845362809,1665683488858,carried_forward,sync_log,25545758,0xe11076bcfd524767e15b5a5e25b8f3ad37742e8f49640058cc75d718c15766bb,281,True
1,25545820,USDT_WETH,0x0d4a11d5eeaac28ec3f61d100daf4d40471f1852,0xc02aaa39b223fe8d0a0e5c4f27ead9083c756cc2,0xdac17f958d2ee523a2206206994597c13d831ec7,3915883296637018673473,7388586598883,carried_forward,sync_log,25545816,0xdd12525378aa9298f3f67357fa3424200ae54da03d9690906241795a660fbad3,208,True
1,25545820,WETH_USDC,0xb4e16d0168e52d35cacd2c6185b44281ec28c9dc,0xa0b86991c6218b36c1d19d4a2e9eb0ce3606eb48,0xc02aaa39b223fe8d0a0e5c4f27ead9083c756cc2,8801803169108,4668339954846244523046,carried_forward,sync_log,25545811,0x28fe2119ab1256df20733833e331ce8cd35bc6b8f1eabf0b375f0d99896616b4,621,True
1,25545821,USDC_USDT,0x3041cbd36888becc7bbcbc0045e3b1f144466f5f,0xa0b86991c6218b36c1d19d4a2e9eb0ce3606eb48,0xdac17f958d2ee523a2206206994597c13d831ec7,1667845362809,1665683488858,carried_forward,sync_log,25545758,0xe11076bcfd524767e15b5a5e25b8f3ad37742e8f49640058cc75d718c15766bb,281,True
1,25545821,USDT_WETH,0x0d4a11d5eeaac28ec3f61d100daf4d40471f1852,0xc02aaa39b223fe8d0a0e5c4f27ead9083c756cc2,0xdac17f958d2ee523a2206206994597c13d831ec7,3915883296637018673473,7388586598883,carried_forward,sync_log,25545816,0xdd12525378aa9298f3f67357fa3424200ae54da03d9690906241795a660fbad3,208,True
1,25545821,WETH_USDC,0xb4e16d0168e52d35cacd2c6185b44281ec28c9dc,0xa0b86991c6218b36c1d19d4a2e9eb0ce3606eb48,0xc02aaa39b223fe8d0a0e5c4f27ead9083c756cc2,8801803169108,4668339954846244523046,carried_forward,sync_log,25545811,0x28fe2119ab1256df20733833e331ce8cd35bc6b8f1eabf0b375f0d99896616b4,621,True
1,25545822,USDC_USDT,0x3041cbd36888becc7bbcbc0045e3b1f144466f5f,0xa0b86991c6218b36c1d19d4a2e9eb0ce3606eb48,0xdac17f958d2ee523a2206206994597c13d831ec7,1667842717701,1665686138491,observed_sync,sync_log,25545822,0x2d4aa81d1ec5cd3212a4b1e845616c42ef1609d649ee54a651efcfbf9080f693,258,True
1,25545822,USDT_WETH,0x0d4a11d5eeaac28ec3f61d100daf4d40471f1852,0xc02aaa39b223fe8d0a0e5c4f27ead9083c756cc2,0xdac17f958d2ee523a2206206994597c13d831ec7,3915883296637018673473,7388586598883,carried_forward,sync_log,25545816,0xdd12525378aa9298f3f67357fa3424200ae54da03d9690906241795a660fbad3,208,True
1,25545822,WETH_USDC,0xb4e16d0168e52d35cacd2c6185b44281ec28c9dc,0xa0b86991c6218b36c1d19d4a2e9eb0ce3606eb48,0xc02aaa39b223fe8d0a0e5c4f27ead9083c756cc2,8801803169108,4668339954846244523046,carried_forward,sync_log,25545811,0x28fe2119ab1256df20733833e331ce8cd35bc6b8f1eabf0b375f0d99896616b4,621,True
1,25545823,USDC_USDT,0x3041cbd36888becc7bbcbc0045e3b1f144466f5f,0xa0b86991c6218b36c1d19d4a2e9eb0ce3606eb48,0xdac17f958d2ee523a2206206994597c13d831ec7,1667842717701,1665686138491,carried_forward,sync_log,25545822,0x2d4aa81d1ec5cd3212a4b1e845616c42ef1609d649ee54a651efcfbf9080f693,258,True
1,25545823,USDT_WETH,0x0d4a11d5eeaac28ec3f61d100daf4d40471f1852,0xc02aaa39b223fe8d0a0e5c4f27ead9083c756cc2,0xdac17f958d2ee523a2206206994597c13d831ec7,3915883296637018673473,7388586598883,carried_forward,sync_log,25545816,0xdd12525378aa9298f3f67357fa3424200ae54da03d9690906241795a660fbad3,208,True
1,25545823,WETH_USDC,0xb4e16d0168e52d35cacd2c6185b44281ec28c9dc,0xa0b86991c6218b36c1d19d4a2e9eb0ce3606eb48,0xc02aaa39b223fe8d0a0e5c4f27ead9083c756cc2,8801803169108,4668339954846244523046,carried_forward,sync_log,25545811,0x28fe2119ab1256df20733833e331ce8cd35bc6b8f1eabf0b375f0d99896616b4,621,True
1,25545824,USDC_USDT,0x3041cbd36888becc7bbcbc0045e3b1f144466f5f,0xa0b86991c6218b36c1d19d4a2e9eb0ce3606eb48,0xdac17f958d2ee523a2206206994597c13d831ec7,1667842717701,1665686138491,carried_forward,sync_log,25545822,0x2d4aa81d1ec5cd3212a4b1e845616c42ef1609d649ee54a651efcfbf9080f693,258,True
1,25545824,USDT_WETH,0x0d4a11d5eeaac28ec3f61d100daf4d40471f1852,0xc02aaa39b223fe8d0a0e5c4f27ead9083c756cc2,0xdac17f958d2ee523a2206206994597c13d831ec7,3915883296637018673473,7388586598883,carried_forward,sync_log,25545816,0xdd12525378aa9298f3f67357fa3424200ae54da03d9690906241795a660fbad3,208,True
1,25545824,WETH_USDC,0xb4e16d0168e52d35cacd2c6185b44281ec28c9dc,0xa0b86991c6218b36c1d19d4a2e9eb0ce3606eb48,0xc02aaa39b223fe8d0a0e5c4f27ead9083c756cc2,8801464165589,4668520305033797956148,observed_sync,sync_log,25545824,0x807acdf446d98b64ec0f55d173010fb971f476f993f873806efca68da2817aa0,605,True
1,25545825,USDC_USDT,0x3041cbd36888becc7bbcbc0045e3b1f144466f5f,0xa0b86991c6218b36c1d19d4a2e9eb0ce3606eb48,0xdac17f958d2ee523a2206206994597c13d831ec7,1667842717701,1665686138491,carried_forward,sync_log,25545822,0x2d4aa81d1ec5cd3212a4b1e845616c42ef1609d649ee54a651efcfbf9080f693,258,True
1,25545825,USDT_WETH,0x0d4a11d5eeaac28ec3f61d100daf4d40471f1852,0xc02aaa39b223fe8d0a0e5c4f27ead9083c756cc2,0xdac17f958d2ee523a2206206994597c13d831ec7,3915883296637018673473,7388586598883,carried_forward,sync_log,25545816,0xdd12525378aa9298f3f67357fa3424200ae54da03d9690906241795a660fbad3,208,True
1,25545825,WETH_USDC,0xb4e16d0168e52d35cacd2c6185b44281ec28c9dc,0xa0b86991c6218b36c1d19d4a2e9eb0ce3606eb48,0xc02aaa39b223fe8d0a0e5c4f27ead9083c756cc2,8801464165589,4668520305033797956148,carried_forward,sync_log,25545824,0x807acdf446d98b64ec0f55d173010fb971f476f993f873806efca68da2817aa0,605,True
1,25545826,USDC_USDT,0x3041cbd36888becc7bbcbc0045e3b1f144466f5f,0xa0b86991c6218b36c1d19d4a2e9eb0ce3606eb48,0xdac17f958d2ee523a2206206994597c13d831ec7,1667842717701,1665686138491,carried_forward,sync_log,25545822,0x2d4aa81d1ec5cd3212a4b1e845616c42ef1609d649ee54a651efcfbf9080f693,258,True
1,25545826,USDT_WETH,0x0d4a11d5eeaac28ec3f61d100daf4d40471f1852,0xc02aaa39b223fe8d0a0e5c4f27ead9083c756cc2,0xdac17f958d2ee523a2206206994597c13d831ec7,3915963512347624410426,7388435703014,observed_sync,sync_log,25545826,0x529aa7d164b848f5c63e9c503203cddb19db05dfcb26b3458cd9d0d6fa640ab7,337,True
1,25545826,WETH_USDC,0xb4e16d0168e52d35cacd2c6185b44281ec28c9dc,0xa0b86991c6218b36c1d19d4a2e9eb0ce3606eb48,0xc02aaa39b223fe8d0a0e5c4f27ead9083c756cc2,8801428581839,4668539236430011749608,observed_sync,sync_log,25545826,0x4c211db47624b8ed1dd16b54bed49f8f1dbe0ec174b5b6e200b3a1380b17d8b2,366,True
1,25545827,USDC_USDT,0x3041cbd36888becc7bbcbc0045e3b1f144466f5f,0xa0b86991c6218b36c1d19d4a2e9eb0ce3606eb48,0xdac17f958d2ee523a2206206994597c13d831ec7,1667842717701,1665686138491,carried_forward,sync_log,25545822,0x2d4aa81d1ec5cd3212a4b1e845616c42ef1609d649ee54a651efcfbf9080f693,258,True
1,25545827,USDT_WETH,0x0d4a11d5eeaac28ec3f61d100daf4d40471f1852,0xc02aaa39b223fe8d0a0e5c4f27ead9083c756cc2,0xdac17f958d2ee523a2206206994597c13d831ec7,3915963512347624410426,7388435703014,carried_forward,sync_log,25545826,0x529aa7d164b848f5c63e9c503203cddb19db05dfcb26b3458cd9d0d6fa640ab7,337,True
1,25545827,WETH_USDC,0xb4e16d0168e52d35cacd2c6185b44281ec28c9dc,0xa0b86991c6218b36c1d19d4a2e9eb0ce3606eb48,0xc02aaa39b223fe8d0a0e5c4f27ead9083c756cc2,8801372405650,4668569123802419073241,observed_sync,sync_log,25545827,0x8d5d9b381a9f376eb3babbdb496b1aaf5667917ef2fc0ca082e25757fa86ee4b,89,True
1,25545828,USDC_USDT,0x3041cbd36888becc7bbcbc0045e3b1f144466f5f,0xa0b86991c6218b36c1d19d4a2e9eb0ce3606eb48,0xdac17f958d2ee523a2206206994597c13d831ec7,1667842717701,1665686138491,carried_forward,sync_log,25545822,0x2d4aa81d1ec5cd3212a4b1e845616c42ef1609d649ee54a651efcfbf9080f693,258,True
1,25545828,USDT_WETH,0x0d4a11d5eeaac28ec3f61d100daf4d40471f1852,0xc02aaa39b223fe8d0a0e5c4f27ead9083c756cc2,0xdac17f958d2ee523a2206206994597c13d831ec7,3916043731337710786443,7388284807149,observed_sync,sync_log,25545828,0xce2283dca15fe0492068251a51b128142a04bdebdff4f67b61a853f7090f30f1,223,True
1,25545828,WETH_USDC,0xb4e16d0168e52d35cacd2c6185b44281ec28c9dc,0xa0b86991c6218b36c1d19d4a2e9eb0ce3606eb48,0xc02aaa39b223fe8d0a0e5c4f27ead9083c756cc2,8801372405650,4668569123802419073241,carried_forward,sync_log,25545827,0x8d5d9b381a9f376eb3babbdb496b1aaf5667917ef2fc0ca082e25757fa86ee4b,89,True
1,25545829,USDC_USDT,0x3041cbd36888becc7bbcbc0045e3b1f144466f5f,0xa0b86991c6218b36c1d19d4a2e9eb0ce3606eb48,0xdac17f958d2ee523a2206206994597c13d831ec7,1667842717701,1665686138491,carried_forward,sync_log,25545822,0x2d4aa81d1ec5cd3212a4b1e845616c42ef1609d649ee54a651efcfbf9080f693,258,True
1,25545829,USDT_WETH,0x0d4a11d5eeaac28ec3f61d100daf4d40471f1852,0xc02aaa39b223fe8d0a0e5c4f27ead9083c756cc2,0xdac17f958d2ee523a2206206994597c13d831ec7,3916043731337710786443,7388284807149,carried_forward,sync_log,25545828,0xce2283dca15fe0492068251a51b128142a04bdebdff4f67b61a853f7090f30f1,223,True
1,25545829,WETH_USDC,0xb4e16d0168e52d35cacd2c6185b44281ec28c9dc,0xa0b86991c6218b36c1d19d4a2e9eb0ce3606eb48,0xc02aaa39b223fe8d0a0e5c4f27ead9083c756cc2,8801372405650,4668569123802419073241,carried_forward,sync_log,25545827,0x8d5d9b381a9f376eb3babbdb496b1aaf5667917ef2fc0ca082e25757fa86ee4b,89,True
1,25545830,USDC_USDT,0x3041cbd36888becc7bbcbc0045e3b1f144466f5f,0xa0b86991c6218b36c1d19d4a2e9eb0ce3606eb48,0xdac17f958d2ee523a2206206994597c13d831ec7,1667842717701,1665686138491,carried_forward,sync_log,25545822,0x2d4aa81d1ec5cd3212a4b1e845616c42ef1609d649ee54a651efcfbf9080f693,258,True
1,25545830,USDT_WETH,0x0d4a11d5eeaac28ec3f61d100daf4d40471f1852,0xc02aaa39b223fe8d0a0e5c4f27ead9083c756cc2,0xdac17f958d2ee523a2206206994597c13d831ec7,3916043731337710786443,7388284807149,carried_forward,sync_log,25545828,0xce2283dca15fe0492068251a51b128142a04bdebdff4f67b61a853f7090f30f1,223,True
1,25545830,WETH_USDC,0xb4e16d0168e52d35cacd2c6185b44281ec28c9dc,0xa0b86991c6218b36c1d19d4a2e9eb0ce3606eb48,0xc02aaa39b223fe8d0a0e5c4f27ead9083c756cc2,8801372405650,4668569123802419073241,carried_forward,sync_log,25545827,0x8d5d9b381a9f376eb3babbdb496b1aaf5667917ef2fc0ca082e25757fa86ee4b,89,True
1,25545831,USDC_USDT,0x3041cbd36888becc7bbcbc0045e3b1f144466f5f,0xa0b86991c6218b36c1d19d4a2e9eb0ce3606eb48,0xdac17f958d2ee523a2206206994597c13d831ec7,1667842717701,1665686138491,carried_forward,sync_log,25545822,0x2d4aa81d1ec5cd3212a4b1e845616c42ef1609d649ee54a651efcfbf9080f693,258,True
1,25545831,USDT_WETH,0x0d4a11d5eeaac28ec3f61d100daf4d40471f1852,0xc02aaa39b223fe8d0a0e5c4f27ead9083c756cc2,0xdac17f958d2ee523a2206206994597c13d831ec7,3916043731337710786443,7388284807149,carried_forward,sync_log,25545828,0xce2283dca15fe0492068251a51b128142a04bdebdff4f67b61a853f7090f30f1,223,True
1,25545831,WETH_USDC,0xb4e16d0168e52d35cacd2c6185b44281ec28c9dc,0xa0b86991c6218b36c1d19d4a2e9eb0ce3606eb48,0xc02aaa39b223fe8d0a0e5c4f27ead9083c756cc2,8801192464758,4668664860179356540331,observed_sync,sync_log,25545831,0x72a902f0afb814769f2b488c5a16df6ead2e06beeb6dcaed5fceaf734330eaac,296,True
1,25545832,USDC_USDT,0x3041cbd36888becc7bbcbc0045e3b1f144466f5f,0xa0b86991c6218b36c1d19d4a2e9eb0ce3606eb48,0xdac17f958d2ee523a2206206994597c13d831ec7,1667842717701,1665686138491,carried_forward,sync_log,25545822,0x2d4aa81d1ec5cd3212a4b1e845616c42ef1609d649ee54a651efcfbf9080f693,258,True
1,25545832,USDT_WETH,0x0d4a11d5eeaac28ec3f61d100daf4d40471f1852,0xc02aaa39b223fe8d0a0e5c4f27ead9083c756cc2,0xdac17f958d2ee523a2206206994597c13d831ec7,3916043731337710786443,7388284807149,carried_forward,sync_log,25545828,0xce2283dca15fe0492068251a51b128142a04bdebdff4f67b61a853f7090f30f1,223,True
1,25545832,WETH_USDC,0xb4e16d0168e52d35cacd2c6185b44281ec28c9dc,0xa0b86991c6218b36c1d19d4a2e9eb0ce3606eb48,0xc02aaa39b223fe8d0a0e5c4f27ead9083c756cc2,8801192464758,4668664860179356540331,carried_forward,sync_log,25545831,0x72a902f0afb814769f2b488c5a16df6ead2e06beeb6dcaed5fceaf734330eaac,296,True
1,25545833,USDC_USDT,0x3041cbd36888becc7bbcbc0045e3b1f144466f5f,0xa0b86991c6218b36c1d19d4a2e9eb0ce3606eb48,0xdac17f958d2ee523a2206206994597c13d831ec7,1667842717701,1665686138491,carried_forward,sync_log,25545822,0x2d4aa81d1ec5cd3212a4b1e845616c42ef1609d649ee54a651efcfbf9080f693,258,True
1,25545833,USDT_WETH,0x0d4a11d5eeaac28ec3f61d100daf4d40471f1852,0xc02aaa39b223fe8d0a0e5c4f27ead9083c756cc2,0xdac17f958d2ee523a2206206994597c13d831ec7,3916043731337710786443,7388284807149,carried_forward,sync_log,25545828,0xce2283dca15fe0492068251a51b128142a04bdebdff4f67b61a853f7090f30f1,223,True
1,25545833,WETH_USDC,0xb4e16d0168e52d35cacd2c6185b44281ec28c9dc,0xa0b86991c6218b36c1d19d4a2e9eb0ce3606eb48,0xc02aaa39b223fe8d0a0e5c4f27ead9083c756cc2,8801192464758,4668664860179356540331,carried_forward,sync_log,25545831,0x72a902f0afb814769f2b488c5a16df6ead2e06beeb6dcaed5fceaf734330eaac,296,True
1,25545834,USDC_USDT,0x3041cbd36888becc7bbcbc0045e3b1f144466f5f,0xa0b86991c6218b36c1d19d4a2e9eb0ce3606eb48,0xdac17f958d2ee523a2206206994597c13d831ec7,1667842717701,1665686138491,carried_forward,sync_log,25545822,0x2d4aa81d1ec5cd3212a4b1e845616c42ef1609d649ee54a651efcfbf9080f693,258,True
1,25545834,USDT_WETH,0x0d4a11d5eeaac28ec3f61d100daf4d40471f1852,0xc02aaa39b223fe8d0a0e5c4f27ead9083c756cc2,0xdac17f958d2ee523a2206206994597c13d831ec7,3916043731337710786443,7388284807149,carried_forward,sync_log,25545828,0xce2283dca15fe0492068251a51b128142a04bdebdff4f67b61a853f7090f30f1,223,True
1,25545834,WETH_USDC,0xb4e16d0168e52d35cacd2c6185b44281ec28c9dc,0xa0b86991c6218b36c1d19d4a2e9eb0ce3606eb48,0xc02aaa39b223fe8d0a0e5c4f27ead9083c756cc2,8801192464758,4668664860179356540331,carried_forward,sync_log,25545831,0x72a902f0afb814769f2b488c5a16df6ead2e06beeb6dcaed5fceaf734330eaac,296,True
1,25545835,USDC_USDT,0x3041cbd36888becc7bbcbc0045e3b1f144466f5f,0xa0b86991c6218b36c1d19d4a2e9eb0ce3606eb48,0xdac17f958d2ee523a2206206994597c13d831ec7,1667842717701,1665686138491,carried_forward,sync_log,25545822,0x2d4aa81d1ec5cd3212a4b1e845616c42ef1609d649ee54a651efcfbf9080f693,258,True
1,25545835,USDT_WETH,0x0d4a11d5eeaac28ec3f61d100daf4d40471f1852,0xc02aaa39b223fe8d0a0e5c4f27ead9083c756cc2,0xdac17f958d2ee523a2206206994597c13d831ec7,3916043731337710786443,7388284807149,carried_forward,sync_log,25545828,0xce2283dca15fe0492068251a51b128142a04bdebdff4f67b61a853f7090f30f1,223,True
1,25545835,WETH_USDC,0xb4e16d0168e52d35cacd2c6185b44281ec28c9dc,0xa0b86991c6218b36c1d19d4a2e9eb0ce3606eb48,0xc02aaa39b223fe8d0a0e5c4f27ead9083c756cc2,8801192464758,4668664860179356540331,carried_forward,sync_log,25545831,0x72a902f0afb814769f2b488c5a16df6ead2e06beeb6dcaed5fceaf734330eaac,296,True
1,25545836,USDC_USDT,0x3041cbd36888becc7bbcbc0045e3b1f144466f5f,0xa0b86991c6218b36c1d19d4a2e9eb0ce3606eb48,0xdac17f958d2ee523a2206206994597c13d831ec7,1667842717701,1665686138491,carried_forward,sync_log,25545822,0x2d4aa81d1ec5cd3212a4b1e845616c42ef1609d649ee54a651efcfbf9080f693,258,True
1,25545836,USDT_WETH,0x0d4a11d5eeaac28ec3f61d100daf4d40471f1852,0xc02aaa39b223fe8d0a0e5c4f27ead9083c756cc2,0xdac17f958d2ee523a2206206994597c13d831ec7,3916043731337710786443,7388284807149,carried_forward,sync_log,25545828,0xce2283dca15fe0492068251a51b128142a04bdebdff4f67b61a853f7090f30f1,223,True
1,25545836,WETH_USDC,0xb4e16d0168e52d35cacd2c6185b44281ec28c9dc,0xa0b86991c6218b36c1d19d4a2e9eb0ce3606eb48,0xc02aaa39b223fe8d0a0e5c4f27ead9083c756cc2,8801192464758,4668664860179356540331,carried_forward,sync_log,25545831,0x72a902f0afb814769f2b488c5a16df6ead2e06beeb6dcaed5fceaf734330eaac,296,True
1,25545837,USDC_USDT,0x3041cbd36888becc7bbcbc0045e3b1f144466f5f,0xa0b86991c6218b36c1d19d4a2e9eb0ce3606eb48,0xdac17f958d2ee523a2206206994597c13d831ec7,1667842717701,1665686138491,carried_forward,sync_log,25545822,0x2d4aa81d1ec5cd3212a4b1e845616c42ef1609d649ee54a651efcfbf9080f693,258,True
1,25545837,USDT_WETH,0x0d4a11d5eeaac28ec3f61d100daf4d40471f1852,0xc02aaa39b223fe8d0a0e5c4f27ead9083c756cc2,0xdac17f958d2ee523a2206206994597c13d831ec7,3916043731337710786443,7388284807149,carried_forward,sync_log,25545828,0xce2283dca15fe0492068251a51b128142a04bdebdff4f67b61a853f7090f30f1,223,True
1,25545837,WETH_USDC,0xb4e16d0168e52d35cacd2c6185b44281ec28c9dc,0xa0b86991c6218b36c1d19d4a2e9eb0ce3606eb48,0xc02aaa39b223fe8d0a0e5c4f27ead9083c756cc2,8801192464758,4668664860179356540331,carried_forward,sync_log,25545831,0x72a902f0afb814769f2b488c5a16df6ead2e06beeb6dcaed5fceaf734330eaac,296,True
1,25545838,USDC_USDT,0x3041cbd36888becc7bbcbc0045e3b1f144466f5f,0xa0b86991c6218b36c1d19d4a2e9eb0ce3606eb48,0xdac17f958d2ee523a2206206994597c13d831ec7,1667842717701,1665686138491,carried_forward,sync_log,25545822,0x2d4aa81d1ec5cd3212a4b1e845616c42ef1609d649ee54a651efcfbf9080f693,258,True
1,25545838,USDT_WETH,0x0d4a11d5eeaac28ec3f61d100daf4d40471f1852,0xc02aaa39b223fe8d0a0e5c4f27ead9083c756cc2,0xdac17f958d2ee523a2206206994597c13d831ec7,3916043731337710786443,7388284807149,carried_forward,sync_log,25545828,0xce2283dca15fe0492068251a51b128142a04bdebdff4f67b61a853f7090f30f1,223,True
1,25545838,WETH_USDC,0xb4e16d0168e52d35cacd2c6185b44281ec28c9dc,0xa0b86991c6218b36c1d19d4a2e9eb0ce3606eb48,0xc02aaa39b223fe8d0a0e5c4f27ead9083c756cc2,8801192464758,4668664860179356540331,carried_forward,sync_log,25545831,0x72a902f0afb814769f2b488c5a16df6ead2e06beeb6dcaed5fceaf734330eaac,296,True
1,25545839,USDC_USDT,0x3041cbd36888becc7bbcbc0045e3b1f144466f5f,0xa0b86991c6218b36c1d19d4a2e9eb0ce3606eb48,0xdac17f958d2ee523a2206206994597c13d831ec7,1667842717701,1665686138491,carried_forward,sync_log,25545822,0x2d4aa81d1ec5cd3212a4b1e845616c42ef1609d649ee54a651efcfbf9080f693,258,True
1,25545839,USDT_WETH,0x0d4a11d5eeaac28ec3f61d100daf4d40471f1852,0xc02aaa39b223fe8d0a0e5c4f27ead9083c756cc2,0xdac17f958d2ee523a2206206994597c13d831ec7,3916043731337710786443,7388284807149,carried_forward,sync_log,25545828,0xce2283dca15fe0492068251a51b128142a04bdebdff4f67b61a853f7090f30f1,223,True
1,25545839,WETH_USDC,0xb4e16d0168e52d35cacd2c6185b44281ec28c9dc,0xa0b86991c6218b36c1d19d4a2e9eb0ce3606eb48,0xc02aaa39b223fe8d0a0e5c4f27ead9083c756cc2,8801192464758,4668664860179356540331,carried_forward,sync_log,25545831,0x72a902f0afb814769f2b488c5a16df6ead2e06beeb6dcaed5fceaf734330eaac,296,True
1,25545840,USDC_USDT,0x3041cbd36888becc7bbcbc0045e3b1f144466f5f,0xa0b86991c6218b36c1d19d4a2e9eb0ce3606eb48,0xdac17f958d2ee523a2206206994597c13d831ec7,1667842717701,1665686138491,carried_forward,sync_log,25545822,0x2d4aa81d1ec5cd3212a4b1e845616c42ef1609d649ee54a651efcfbf9080f693,258,True
1,25545840,USDT_WETH,0x0d4a11d5eeaac28ec3f61d100daf4d40471f1852,0xc02aaa39b223fe8d0a0e5c4f27ead9083c756cc2,0xdac17f958d2ee523a2206206994597c13d831ec7,3916043731337710786443,7388284807149,carried_forward,sync_log,25545828,0xce2283dca15fe0492068251a51b128142a04bdebdff4f67b61a853f7090f30f1,223,True
1,25545840,WETH_USDC,0xb4e16d0168e52d35cacd2c6185b44281ec28c9dc,0xa0b86991c6218b36c1d19d4a2e9eb0ce3606eb48,0xc02aaa39b223fe8d0a0e5c4f27ead9083c756cc2,8801192464758,4668664860179356540331,carried_forward,sync_log,25545831,0x72a902f0afb814769f2b488c5a16df6ead2e06beeb6dcaed5fceaf734330eaac,296,True
1,25545841,USDC_USDT,0x3041cbd36888becc7bbcbc0045e3b1f144466f5f,0xa0b86991c6218b36c1d19d4a2e9eb0ce3606eb48,0xdac17f958d2ee523a2206206994597c13d831ec7,1667842717701,1665686138491,carried_forward,sync_log,25545822,0x2d4aa81d1ec5cd3212a4b1e845616c42ef1609d649ee54a651efcfbf9080f693,258,True
1,25545841,USDT_WETH,0x0d4a11d5eeaac28ec3f61d100daf4d40471f1852,0xc02aaa39b223fe8d0a0e5c4f27ead9083c756cc2,0xdac17f958d2ee523a2206206994597c13d831ec7,3916032581309679411119,7388305906939,observed_sync,sync_log,25545841,0xc95aa6044c53ff2b0e55ca5cf5144d43743bb5d207ef7b5ad1443dc1aab55086,628,True
1,25545841,WETH_USDC,0xb4e16d0168e52d35cacd2c6185b44281ec28c9dc,0xa0b86991c6218b36c1d19d4a2e9eb0ce3606eb48,0xc02aaa39b223fe8d0a0e5c4f27ead9083c756cc2,8801192464758,4668664860179356540331,carried_forward,sync_log,25545831,0x72a902f0afb814769f2b488c5a16df6ead2e06beeb6dcaed5fceaf734330eaac,296,True
1,25545842,USDC_USDT,0x3041cbd36888becc7bbcbc0045e3b1f144466f5f,0xa0b86991c6218b36c1d19d4a2e9eb0ce3606eb48,0xdac17f958d2ee523a2206206994597c13d831ec7,1667842652774,1665686203530,observed_sync,sync_log,25545842,0xcdcb299e565dd0b806b3ab09aa602f26c5d899db983f6c0f5fdebbb67cf449f7,64,True
1,25545842,USDT_WETH,0x0d4a11d5eeaac28ec3f61d100daf4d40471f1852,0xc02aaa39b223fe8d0a0e5c4f27ead9083c756cc2,0xdac17f958d2ee523a2206206994597c13d831ec7,3916032581309679411119,7388305906939,carried_forward,sync_log,25545841,0xc95aa6044c53ff2b0e55ca5cf5144d43743bb5d207ef7b5ad1443dc1aab55086,628,True
1,25545842,WETH_USDC,0xb4e16d0168e52d35cacd2c6185b44281ec28c9dc,0xa0b86991c6218b36c1d19d4a2e9eb0ce3606eb48,0xc02aaa39b223fe8d0a0e5c4f27ead9083c756cc2,8801192529685,4668664825841619335503,observed_sync,sync_log,25545842,0xcdcb299e565dd0b806b3ab09aa602f26c5d899db983f6c0f5fdebbb67cf449f7,67,True
1,25545843,USDC_USDT,0x3041cbd36888becc7bbcbc0045e3b1f144466f5f,0xa0b86991c6218b36c1d19d4a2e9eb0ce3606eb48,0xdac17f958d2ee523a2206206994597c13d831ec7,1667842652774,1665686203530,carried_forward,sync_log,25545842,0xcdcb299e565dd0b806b3ab09aa602f26c5d899db983f6c0f5fdebbb67cf449f7,64,True
1,25545843,USDT_WETH,0x0d4a11d5eeaac28ec3f61d100daf4d40471f1852,0xc02aaa39b223fe8d0a0e5c4f27ead9083c756cc2,0xdac17f958d2ee523a2206206994597c13d831ec7,3916032581309679411119,7388305906939,carried_forward,sync_log,25545841,0xc95aa6044c53ff2b0e55ca5cf5144d43743bb5d207ef7b5ad1443dc1aab55086,628,True
1,25545843,WETH_USDC,0xb4e16d0168e52d35cacd2c6185b44281ec28c9dc,0xa0b86991c6218b36c1d19d4a2e9eb0ce3606eb48,0xc02aaa39b223fe8d0a0e5c4f27ead9083c756cc2,8801192529685,4668664825841619335503,carried_forward,sync_log,25545842,0xcdcb299e565dd0b806b3ab09aa602f26c5d899db983f6c0f5fdebbb67cf449f7,67,True
1,25545844,USDC_USDT,0x3041cbd36888becc7bbcbc0045e3b1f144466f5f,0xa0b86991c6218b36c1d19d4a2e9eb0ce3606eb48,0xdac17f958d2ee523a2206206994597c13d831ec7,1667842652774,1665686203530,carried_forward,sync_log,25545842,0xcdcb299e565dd0b806b3ab09aa602f26c5d899db983f6c0f5fdebbb67cf449f7,64,True
1,25545844,USDT_WETH,0x0d4a11d5eeaac28ec3f61d100daf4d40471f1852,0xc02aaa39b223fe8d0a0e5c4f27ead9083c756cc2,0xdac17f958d2ee523a2206206994597c13d831ec7,3916032581309679411119,7388305906939,carried_forward,sync_log,25545841,0xc95aa6044c53ff2b0e55ca5cf5144d43743bb5d207ef7b5ad1443dc1aab55086,628,True
1,25545844,WETH_USDC,0xb4e16d0168e52d35cacd2c6185b44281ec28c9dc,0xa0b86991c6218b36c1d19d4a2e9eb0ce3606eb48,0xc02aaa39b223fe8d0a0e5c4f27ead9083c756cc2,8801192529685,4668664825841619335503,carried_forward,sync_log,25545842,0xcdcb299e565dd0b806b3ab09aa602f26c5d899db983f6c0f5fdebbb67cf449f7,67,True
1,25545845,USDC_USDT,0x3041cbd36888becc7bbcbc0045e3b1f144466f5f,0xa0b86991c6218b36c1d19d4a2e9eb0ce3606eb48,0xdac17f958d2ee523a2206206994597c13d831ec7,1667842652774,1665686203530,carried_forward,sync_log,25545842,0xcdcb299e565dd0b806b3ab09aa602f26c5d899db983f6c0f5fdebbb67cf449f7,64,True
1,25545845,USDT_WETH,0x0d4a11d5eeaac28ec3f61d100daf4d40471f1852,0xc02aaa39b223fe8d0a0e5c4f27ead9083c756cc2,0xdac17f958d2ee523a2206206994597c13d831ec7,3916032581309679411119,7388305906939,carried_forward,sync_log,25545841,0xc95aa6044c53ff2b0e55ca5cf5144d43743bb5d207ef7b5ad1443dc1aab55086,628,True
1,25545845,WETH_USDC,0xb4e16d0168e52d35cacd2c6185b44281ec28c9dc,0xa0b86991c6218b36c1d19d4a2e9eb0ce3606eb48,0xc02aaa39b223fe8d0a0e5c4f27ead9083c756cc2,8801192529685,4668664825841619335503,carried_forward,sync_log,25545842,0xcdcb299e565dd0b806b3ab09aa602f26c5d899db983f6c0f5fdebbb67cf449f7,67,True
1,25545846,USDC_USDT,0x3041cbd36888becc7bbcbc0045e3b1f144466f5f,0xa0b86991c6218b36c1d19d4a2e9eb0ce3606eb48,0xdac17f958d2ee523a2206206994597c13d831ec7,1667842652774,1665686203530,carried_forward,sync_log,25545842,0xcdcb299e565dd0b806b3ab09aa602f26c5d899db983f6c0f5fdebbb67cf449f7,64,True
1,25545846,USDT_WETH,0x0d4a11d5eeaac28ec3f61d100daf4d40471f1852,0xc02aaa39b223fe8d0a0e5c4f27ead9083c756cc2,0xdac17f958d2ee523a2206206994597c13d831ec7,3916019370326805282341,7388330906939,observed_sync,sync_log,25545846,0x350963c089b2dee3ec5c234a6fe1520a32c664f93f9fa7328d550d490790819d,670,True
1,25545846,WETH_USDC,0xb4e16d0168e52d35cacd2c6185b44281ec28c9dc,0xa0b86991c6218b36c1d19d4a2e9eb0ce3606eb48,0xc02aaa39b223fe8d0a0e5c4f27ead9083c756cc2,8801192529685,4668664825841619335503,carried_forward,sync_log,25545842,0xcdcb299e565dd0b806b3ab09aa602f26c5d899db983f6c0f5fdebbb67cf449f7,67,True
1,25545847,USDC_USDT,0x3041cbd36888becc7bbcbc0045e3b1f144466f5f,0xa0b86991c6218b36c1d19d4a2e9eb0ce3606eb48,0xdac17f958d2ee523a2206206994597c13d831ec7,1667842652774,1665686203530,carried_forward,sync_log,25545842,0xcdcb299e565dd0b806b3ab09aa602f26c5d899db983f6c0f5fdebbb67cf449f7,64,True
1,25545847,USDT_WETH,0x0d4a11d5eeaac28ec3f61d100daf4d40471f1852,0xc02aaa39b223fe8d0a0e5c4f27ead9083c756cc2,0xdac17f958d2ee523a2206206994597c13d831ec7,3916019370326805282341,7388330906939,carried_forward,sync_log,25545846,0x350963c089b2dee3ec5c234a6fe1520a32c664f93f9fa7328d550d490790819d,670,True
1,25545847,WETH_USDC,0xb4e16d0168e52d35cacd2c6185b44281ec28c9dc,0xa0b86991c6218b36c1d19d4a2e9eb0ce3606eb48,0xc02aaa39b223fe8d0a0e5c4f27ead9083c756cc2,8801192529685,4668664825841619335503,carried_forward,sync_log,25545842,0xcdcb299e565dd0b806b3ab09aa602f26c5d899db983f6c0f5fdebbb67cf449f7,67,True
1,25545848,USDC_USDT,0x3041cbd36888becc7bbcbc0045e3b1f144466f5f,0xa0b86991c6218b36c1d19d4a2e9eb0ce3606eb48,0xdac17f958d2ee523a2206206994597c13d831ec7,1667842652774,1665686203530,carried_forward,sync_log,25545842,0xcdcb299e565dd0b806b3ab09aa602f26c5d899db983f6c0f5fdebbb67cf449f7,64,True
1,25545848,USDT_WETH,0x0d4a11d5eeaac28ec3f61d100daf4d40471f1852,0xc02aaa39b223fe8d0a0e5c4f27ead9083c756cc2,0xdac17f958d2ee523a2206206994597c13d831ec7,3916019370326805282341,7388330906939,carried_forward,sync_log,25545846,0x350963c089b2dee3ec5c234a6fe1520a32c664f93f9fa7328d550d490790819d,670,True
1,25545848,WETH_USDC,0xb4e16d0168e52d35cacd2c6185b44281ec28c9dc,0xa0b86991c6218b36c1d19d4a2e9eb0ce3606eb48,0xc02aaa39b223fe8d0a0e5c4f27ead9083c756cc2,8801192529685,4668664825841619335503,carried_forward,sync_log,25545842,0xcdcb299e565dd0b806b3ab09aa602f26c5d899db983f6c0f5fdebbb67cf449f7,67,True
1,25545849,USDC_USDT,0x3041cbd36888becc7bbcbc0045e3b1f144466f5f,0xa0b86991c6218b36c1d19d4a2e9eb0ce3606eb48,0xdac17f958d2ee523a2206206994597c13d831ec7,1667842652774,1665686203530,carried_forward,sync_log,25545842,0xcdcb299e565dd0b806b3ab09aa602f26c5d899db983f6c0f5fdebbb67cf449f7,64,True
1,25545849,USDT_WETH,0x0d4a11d5eeaac28ec3f61d100daf4d40471f1852,0xc02aaa39b223fe8d0a0e5c4f27ead9083c756cc2,0xdac17f958d2ee523a2206206994597c13d831ec7,3916019370326805282341,7388330906939,carried_forward,sync_log,25545846,0x350963c089b2dee3ec5c234a6fe1520a32c664f93f9fa7328d550d490790819d,670,True
1,25545849,WETH_USDC,0xb4e16d0168e52d35cacd2c6185b44281ec28c9dc,0xa0b86991c6218b36c1d19d4a2e9eb0ce3606eb48,0xc02aaa39b223fe8d0a0e5c4f27ead9083c756cc2,8801195622495,4668663190157558568458,observed_sync,sync_log,25545849,0x0d173074ddaba467ea15dbcadac6a19f3e8804fd2cf58a1c225d7324956181af,111,True
1,25545850,USDC_USDT,0x3041cbd36888becc7bbcbc0045e3b1f144466f5f,0xa0b86991c6218b36c1d19d4a2e9eb0ce3606eb48,0xdac17f958d2ee523a2206206994597c13d831ec7,1667842652774,1665686203530,carried_forward,sync_log,25545842,0xcdcb299e565dd0b806b3ab09aa602f26c5d899db983f6c0f5fdebbb67cf449f7,64,True
1,25545850,USDT_WETH,0x0d4a11d5eeaac28ec3f61d100daf4d40471f1852,0xc02aaa39b223fe8d0a0e5c4f27ead9083c756cc2,0xdac17f958d2ee523a2206206994597c13d831ec7,3916019370326805282341,7388330906939,carried_forward,sync_log,25545846,0x350963c089b2dee3ec5c234a6fe1520a32c664f93f9fa7328d550d490790819d,670,True
1,25545850,WETH_USDC,0xb4e16d0168e52d35cacd2c6185b44281ec28c9dc,0xa0b86991c6218b36c1d19d4a2e9eb0ce3606eb48,0xc02aaa39b223fe8d0a0e5c4f27ead9083c756cc2,8801195622495,4668663190157558568458,carried_forward,sync_log,25545849,0x0d173074ddaba467ea15dbcadac6a19f3e8804fd2cf58a1c225d7324956181af,111,True
1,25545851,USDC_USDT,0x3041cbd36888becc7bbcbc0045e3b1f144466f5f,0xa0b86991c6218b36c1d19d4a2e9eb0ce3606eb48,0xdac17f958d2ee523a2206206994597c13d831ec7,1667842652774,1665686203530,carried_forward,sync_log,25545842,0xcdcb299e565dd0b806b3ab09aa602f26c5d899db983f6c0f5fdebbb67cf449f7,64,True
1,25545851,USDT_WETH,0x0d4a11d5eeaac28ec3f61d100daf4d40471f1852,0xc02aaa39b223fe8d0a0e5c4f27ead9083c756cc2,0xdac17f958d2ee523a2206206994597c13d831ec7,3916019370326805282341,7388330906939,carried_forward,sync_log,25545846,0x350963c089b2dee3ec5c234a6fe1520a32c664f93f9fa7328d550d490790819d,670,True
1,25545851,WETH_USDC,0xb4e16d0168e52d35cacd2c6185b44281ec28c9dc,0xa0b86991c6218b36c1d19d4a2e9eb0ce3606eb48,0xc02aaa39b223fe8d0a0e5c4f27ead9083c756cc2,8801195622495,4668663190157558568458,carried_forward,sync_log,25545849,0x0d173074ddaba467ea15dbcadac6a19f3e8804fd2cf58a1c225d7324956181af,111,True
1,25545852,USDC_USDT,0x3041cbd36888becc7bbcbc0045e3b1f144466f5f,0xa0b86991c6218b36c1d19d4a2e9eb0ce3606eb48,0xdac17f958d2ee523a2206206994597c13d831ec7,1667842652774,1665686203530,carried_forward,sync_log,25545842,0xcdcb299e565dd0b806b3ab09aa602f26c5d899db983f6c0f5fdebbb67cf449f7,64,True
1,25545852,USDT_WETH,0x0d4a11d5eeaac28ec3f61d100daf4d40471f1852,0xc02aaa39b223fe8d0a0e5c4f27ead9083c756cc2,0xdac17f958d2ee523a2206206994597c13d831ec7,3916019370326805282341,7388330906939,carried_forward,sync_log,25545846,0x350963c089b2dee3ec5c234a6fe1520a32c664f93f9fa7328d550d490790819d,670,True
1,25545852,WETH_USDC,0xb4e16d0168e52d35cacd2c6185b44281ec28c9dc,0xa0b86991c6218b36c1d19d4a2e9eb0ce3606eb48,0xc02aaa39b223fe8d0a0e5c4f27ead9083c756cc2,8801195622495,4668663190157558568458,carried_forward,sync_log,25545849,0x0d173074ddaba467ea15dbcadac6a19f3e8804fd2cf58a1c225d7324956181af,111,True
1,25545853,USDC_USDT,0x3041cbd36888becc7bbcbc0045e3b1f144466f5f,0xa0b86991c6218b36c1d19d4a2e9eb0ce3606eb48,0xdac17f958d2ee523a2206206994597c13d831ec7,1667842652774,1665686203530,carried_forward,sync_log,25545842,0xcdcb299e565dd0b806b3ab09aa602f26c5d899db983f6c0f5fdebbb67cf449f7,64,True
1,25545853,USDT_WETH,0x0d4a11d5eeaac28ec3f61d100daf4d40471f1852,0xc02aaa39b223fe8d0a0e5c4f27ead9083c756cc2,0xdac17f958d2ee523a2206206994597c13d831ec7,3916019370326805282341,7388330906939,carried_forward,sync_log,25545846,0x350963c089b2dee3ec5c234a6fe1520a32c664f93f9fa7328d550d490790819d,670,True
1,25545853,WETH_USDC,0xb4e16d0168e52d35cacd2c6185b44281ec28c9dc,0xa0b86991c6218b36c1d19d4a2e9eb0ce3606eb48,0xc02aaa39b223fe8d0a0e5c4f27ead9083c756cc2,8801195622495,4668663190157558568458,carried_forward,sync_log,25545849,0x0d173074ddaba467ea15dbcadac6a19f3e8804fd2cf58a1c225d7324956181af,111,True
1,25545854,USDC_USDT,0x3041cbd36888becc7bbcbc0045e3b1f144466f5f,0xa0b86991c6218b36c1d19d4a2e9eb0ce3606eb48,0xdac17f958d2ee523a2206206994597c13d831ec7,1667842652774,1665686203530,carried_forward,sync_log,25545842,0xcdcb299e565dd0b806b3ab09aa602f26c5d899db983f6c0f5fdebbb67cf449f7,64,True
1,25545854,USDT_WETH,0x0d4a11d5eeaac28ec3f61d100daf4d40471f1852,0xc02aaa39b223fe8d0a0e5c4f27ead9083c756cc2,0xdac17f958d2ee523a2206206994597c13d831ec7,3916019370326805282341,7388330906939,carried_forward,sync_log,25545846,0x350963c089b2dee3ec5c234a6fe1520a32c664f93f9fa7328d550d490790819d,670,True
1,25545854,WETH_USDC,0xb4e16d0168e52d35cacd2c6185b44281ec28c9dc,0xa0b86991c6218b36c1d19d4a2e9eb0ce3606eb48,0xc02aaa39b223fe8d0a0e5c4f27ead9083c756cc2,8801195622495,4668663190157558568458,carried_forward,sync_log,25545849,0x0d173074ddaba467ea15dbcadac6a19f3e8804fd2cf58a1c225d7324956181af,111,True
1,25545855,USDC_USDT,0x3041cbd36888becc7bbcbc0045e3b1f144466f5f,0xa0b86991c6218b36c1d19d4a2e9eb0ce3606eb48,0xdac17f958d2ee523a2206206994597c13d831ec7,1667842652774,1665686203530,carried_forward,sync_log,25545842,0xcdcb299e565dd0b806b3ab09aa602f26c5d899db983f6c0f5fdebbb67cf449f7,64,True
1,25545855,USDT_WETH,0x0d4a11d5eeaac28ec3f61d100daf4d40471f1852,0xc02aaa39b223fe8d0a0e5c4f27ead9083c756cc2,0xdac17f958d2ee523a2206206994597c13d831ec7,3916019370326805282341,7388330906939,carried_forward,sync_log,25545846,0x350963c089b2dee3ec5c234a6fe1520a32c664f93f9fa7328d550d490790819d,670,True
1,25545855,WETH_USDC,0xb4e16d0168e52d35cacd2c6185b44281ec28c9dc,0xa0b86991c6218b36c1d19d4a2e9eb0ce3606eb48,0xc02aaa39b223fe8d0a0e5c4f27ead9083c756cc2,8801195622495,4668663190157558568458,carried_forward,sync_log,25545849,0x0d173074ddaba467ea15dbcadac6a19f3e8804fd2cf58a1c225d7324956181af,111,True
1,25545856,USDC_USDT,0x3041cbd36888becc7bbcbc0045e3b1f144466f5f,0xa0b86991c6218b36c1d19d4a2e9eb0ce3606eb48,0xdac17f958d2ee523a2206206994597c13d831ec7,1667842652774,1665686203530,carried_forward,sync_log,25545842,0xcdcb299e565dd0b806b3ab09aa602f26c5d899db983f6c0f5fdebbb67cf449f7,64,True
1,25545856,USDT_WETH,0x0d4a11d5eeaac28ec3f61d100daf4d40471f1852,0xc02aaa39b223fe8d0a0e5c4f27ead9083c756cc2,0xdac17f958d2ee523a2206206994597c13d831ec7,3916019370326805282341,7388330906939,carried_forward,sync_log,25545846,0x350963c089b2dee3ec5c234a6fe1520a32c664f93f9fa7328d550d490790819d,670,True
1,25545856,WETH_USDC,0xb4e16d0168e52d35cacd2c6185b44281ec28c9dc,0xa0b86991c6218b36c1d19d4a2e9eb0ce3606eb48,0xc02aaa39b223fe8d0a0e5c4f27ead9083c756cc2,8801195622495,4668663190157558568458,carried_forward,sync_log,25545849,0x0d173074ddaba467ea15dbcadac6a19f3e8804fd2cf58a1c225d7324956181af,111,True
1,25545857,USDC_USDT,0x3041cbd36888becc7bbcbc0045e3b1f144466f5f,0xa0b86991c6218b36c1d19d4a2e9eb0ce3606eb48,0xdac17f958d2ee523a2206206994597c13d831ec7,1667842652774,1665686203530,carried_forward,sync_log,25545842,0xcdcb299e565dd0b806b3ab09aa602f26c5d899db983f6c0f5fdebbb67cf449f7,64,True
1,25545857,USDT_WETH,0x0d4a11d5eeaac28ec3f61d100daf4d40471f1852,0xc02aaa39b223fe8d0a0e5c4f27ead9083c756cc2,0xdac17f958d2ee523a2206206994597c13d831ec7,3916019370326805282341,7388330906939,carried_forward,sync_log,25545846,0x350963c089b2dee3ec5c234a6fe1520a32c664f93f9fa7328d550d490790819d,670,True
1,25545857,WETH_USDC,0xb4e16d0168e52d35cacd2c6185b44281ec28c9dc,0xa0b86991c6218b36c1d19d4a2e9eb0ce3606eb48,0xc02aaa39b223fe8d0a0e5c4f27ead9083c756cc2,8801195622495,4668663190157558568458,carried_forward,sync_log,25545849,0x0d173074ddaba467ea15dbcadac6a19f3e8804fd2cf58a1c225d7324956181af,111,True
1,25545858,USDC_USDT,0x3041cbd36888becc7bbcbc0045e3b1f144466f5f,0xa0b86991c6218b36c1d19d4a2e9eb0ce3606eb48,0xdac17f958d2ee523a2206206994597c13d831ec7,1667842652774,1665686203530,carried_forward,sync_log,25545842,0xcdcb299e565dd0b806b3ab09aa602f26c5d899db983f6c0f5fdebbb67cf449f7,64,True
1,25545858,USDT_WETH,0x0d4a11d5eeaac28ec3f61d100daf4d40471f1852,0xc02aaa39b223fe8d0a0e5c4f27ead9083c756cc2,0xdac17f958d2ee523a2206206994597c13d831ec7,3916019370326805282341,7388330906939,carried_forward,sync_log,25545846,0x350963c089b2dee3ec5c234a6fe1520a32c664f93f9fa7328d550d490790819d,670,True
1,25545858,WETH_USDC,0xb4e16d0168e52d35cacd2c6185b44281ec28c9dc,0xa0b86991c6218b36c1d19d4a2e9eb0ce3606eb48,0xc02aaa39b223fe8d0a0e5c4f27ead9083c756cc2,8801156278453,4668684123406007013012,observed_sync,sync_log,25545858,0x19dfb1fb8d674e6dfd221abc3ed35c5a3f8d7946173f9c7ee52c1bba931ab538,3,True
1,25545859,USDC_USDT,0x3041cbd36888becc7bbcbc0045e3b1f144466f5f,0xa0b86991c6218b36c1d19d4a2e9eb0ce3606eb48,0xdac17f958d2ee523a2206206994597c13d831ec7,1667842652774,1665686203530,carried_forward,sync_log,25545842,0xcdcb299e565dd0b806b3ab09aa602f26c5d899db983f6c0f5fdebbb67cf449f7,64,True
1,25545859,USDT_WETH,0x0d4a11d5eeaac28ec3f61d100daf4d40471f1852,0xc02aaa39b223fe8d0a0e5c4f27ead9083c756cc2,0xdac17f958d2ee523a2206206994597c13d831ec7,3916019370326805282341,7388330906939,carried_forward,sync_log,25545846,0x350963c089b2dee3ec5c234a6fe1520a32c664f93f9fa7328d550d490790819d,670,True
1,25545859,WETH_USDC,0xb4e16d0168e52d35cacd2c6185b44281ec28c9dc,0xa0b86991c6218b36c1d19d4a2e9eb0ce3606eb48,0xc02aaa39b223fe8d0a0e5c4f27ead9083c756cc2,8801079544160,4668724950915190893776,observed_sync,sync_log,25545859,0xc4d5be545903b3bec3d7015b8db81d03309ca015a90c916f1192aea13e31b8b6,258,True
1,25545860,USDC_USDT,0x3041cbd36888becc7bbcbc0045e3b1f144466f5f,0xa0b86991c6218b36c1d19d4a2e9eb0ce3606eb48,0xdac17f958d2ee523a2206206994597c13d831ec7,1667842652774,1665686203530,carried_forward,sync_log,25545842,0xcdcb299e565dd0b806b3ab09aa602f26c5d899db983f6c0f5fdebbb67cf449f7,64,True
1,25545860,USDT_WETH,0x0d4a11d5eeaac28ec3f61d100daf4d40471f1852,0xc02aaa39b223fe8d0a0e5c4f27ead9083c756cc2,0xdac17f958d2ee523a2206206994597c13d831ec7,3916019370326805282341,7388330906939,carried_forward,sync_log,25545846,0x350963c089b2dee3ec5c234a6fe1520a32c664f93f9fa7328d550d490790819d,670,True
1,25545860,WETH_USDC,0xb4e16d0168e52d35cacd2c6185b44281ec28c9dc,0xa0b86991c6218b36c1d19d4a2e9eb0ce3606eb48,0xc02aaa39b223fe8d0a0e5c4f27ead9083c756cc2,8801079544160,4668724950915190893776,carried_forward,sync_log,25545859,0xc4d5be545903b3bec3d7015b8db81d03309ca015a90c916f1192aea13e31b8b6,258,True
1,25545861,USDC_USDT,0x3041cbd36888becc7bbcbc0045e3b1f144466f5f,0xa0b86991c6218b36c1d19d4a2e9eb0ce3606eb48,0xdac17f958d2ee523a2206206994597c13d831ec7,1667842652774,1665686203530,carried_forward,sync_log,25545842,0xcdcb299e565dd0b806b3ab09aa602f26c5d899db983f6c0f5fdebbb67cf449f7,64,True
1,25545861,USDT_WETH,0x0d4a11d5eeaac28ec3f61d100daf4d40471f1852,0xc02aaa39b223fe8d0a0e5c4f27ead9083c756cc2,0xdac17f958d2ee523a2206206994597c13d831ec7,3916019370326805282341,7388330906939,carried_forward,sync_log,25545846,0x350963c089b2dee3ec5c234a6fe1520a32c664f93f9fa7328d550d490790819d,670,True
1,25545861,WETH_USDC,0xb4e16d0168e52d35cacd2c6185b44281ec28c9dc,0xa0b86991c6218b36c1d19d4a2e9eb0ce3606eb48,0xc02aaa39b223fe8d0a0e5c4f27ead9083c756cc2,8801079544160,4668724950915190893776,carried_forward,sync_log,25545859,0xc4d5be545903b3bec3d7015b8db81d03309ca015a90c916f1192aea13e31b8b6,258,True
1,25545862,USDC_USDT,0x3041cbd36888becc7bbcbc0045e3b1f144466f5f,0xa0b86991c6218b36c1d19d4a2e9eb0ce3606eb48,0xdac17f958d2ee523a2206206994597c13d831ec7,1667842652774,1665686203530,carried_forward,sync_log,25545842,0xcdcb299e565dd0b806b3ab09aa602f26c5d899db983f6c0f5fdebbb67cf449f7,64,True
1,25545862,USDT_WETH,0x0d4a11d5eeaac28ec3f61d100daf4d40471f1852,0xc02aaa39b223fe8d0a0e5c4f27ead9083c756cc2,0xdac17f958d2ee523a2206206994597c13d831ec7,3916019370326805282341,7388330906939,carried_forward,sync_log,25545846,0x350963c089b2dee3ec5c234a6fe1520a32c664f93f9fa7328d550d490790819d,670,True
1,25545862,WETH_USDC,0xb4e16d0168e52d35cacd2c6185b44281ec28c9dc,0xa0b86991c6218b36c1d19d4a2e9eb0ce3606eb48,0xc02aaa39b223fe8d0a0e5c4f27ead9083c756cc2,8801079544160,4668724950915190893776,carried_forward,sync_log,25545859,0xc4d5be545903b3bec3d7015b8db81d03309ca015a90c916f1192aea13e31b8b6,258,True
1,25545863,USDC_USDT,0x3041cbd36888becc7bbcbc0045e3b1f144466f5f,0xa0b86991c6218b36c1d19d4a2e9eb0ce3606eb48,0xdac17f958d2ee523a2206206994597c13d831ec7,1667842652774,1665686203530,carried_forward,sync_log,25545842,0xcdcb299e565dd0b806b3ab09aa602f26c5d899db983f6c0f5fdebbb67cf449f7,64,True
1,25545863,USDT_WETH,0x0d4a11d5eeaac28ec3f61d100daf4d40471f1852,0xc02aaa39b223fe8d0a0e5c4f27ead9083c756cc2,0xdac17f958d2ee523a2206206994597c13d831ec7,3916019370326805282341,7388330906939,carried_forward,sync_log,25545846,0x350963c089b2dee3ec5c234a6fe1520a32c664f93f9fa7328d550d490790819d,670,True
1,25545863,WETH_USDC,0xb4e16d0168e52d35cacd2c6185b44281ec28c9dc,0xa0b86991c6218b36c1d19d4a2e9eb0ce3606eb48,0xc02aaa39b223fe8d0a0e5c4f27ead9083c756cc2,8801079544160,4668724950915190893776,carried_forward,sync_log,25545859,0xc4d5be545903b3bec3d7015b8db81d03309ca015a90c916f1192aea13e31b8b6,258,True
1,25545864,USDC_USDT,0x3041cbd36888becc7bbcbc0045e3b1f144466f5f,0xa0b86991c6218b36c1d19d4a2e9eb0ce3606eb48,0xdac17f958d2ee523a2206206994597c13d831ec7,1667842652774,1665686203530,carried_forward,sync_log,25545842,0xcdcb299e565dd0b806b3ab09aa602f26c5d899db983f6c0f5fdebbb67cf449f7,64,True
1,25545864,USDT_WETH,0x0d4a11d5eeaac28ec3f61d100daf4d40471f1852,0xc02aaa39b223fe8d0a0e5c4f27ead9083c756cc2,0xdac17f958d2ee523a2206206994597c13d831ec7,3916019370326805282341,7388330906939,carried_forward,sync_log,25545846,0x350963c089b2dee3ec5c234a6fe1520a32c664f93f9fa7328d550d490790819d,670,True
1,25545864,WETH_USDC,0xb4e16d0168e52d35cacd2c6185b44281ec28c9dc,0xa0b86991c6218b36c1d19d4a2e9eb0ce3606eb48,0xc02aaa39b223fe8d0a0e5c4f27ead9083c756cc2,8801079544160,4668724950915190893776,carried_forward,sync_log,25545859,0xc4d5be545903b3bec3d7015b8db81d03309ca015a90c916f1192aea13e31b8b6,258,True
1,25545865,USDC_USDT,0x3041cbd36888becc7bbcbc0045e3b1f144466f5f,0xa0b86991c6218b36c1d19d4a2e9eb0ce3606eb48,0xdac17f958d2ee523a2206206994597c13d831ec7,1667842652774,1665686203530,carried_forward,sync_log,25545842,0xcdcb299e565dd0b806b3ab09aa602f26c5d899db983f6c0f5fdebbb67cf449f7,64,True
1,25545865,USDT_WETH,0x0d4a11d5eeaac28ec3f61d100daf4d40471f1852,0xc02aaa39b223fe8d0a0e5c4f27ead9083c756cc2,0xdac17f958d2ee523a2206206994597c13d831ec7,3916019370326805282341,7388330906939,carried_forward,sync_log,25545846,0x350963c089b2dee3ec5c234a6fe1520a32c664f93f9fa7328d550d490790819d,670,True
1,25545865,WETH_USDC,0xb4e16d0168e52d35cacd2c6185b44281ec28c9dc,0xa0b86991c6218b36c1d19d4a2e9eb0ce3606eb48,0xc02aaa39b223fe8d0a0e5c4f27ead9083c756cc2,8801079544160,4668724950915190893776,carried_forward,sync_log,25545859,0xc4d5be545903b3bec3d7015b8db81d03309ca015a90c916f1192aea13e31b8b6,258,True
1,25545866,USDC_USDT,0x3041cbd36888becc7bbcbc0045e3b1f144466f5f,0xa0b86991c6218b36c1d19d4a2e9eb0ce3606eb48,0xdac17f958d2ee523a2206206994597c13d831ec7,1667842652774,1665686203530,carried_forward,sync_log,25545842,0xcdcb299e565dd0b806b3ab09aa602f26c5d899db983f6c0f5fdebbb67cf449f7,64,True
1,25545866,USDT_WETH,0x0d4a11d5eeaac28ec3f61d100daf4d40471f1852,0xc02aaa39b223fe8d0a0e5c4f27ead9083c756cc2,0xdac17f958d2ee523a2206206994597c13d831ec7,3916019370326805282341,7388330906939,carried_forward,sync_log,25545846,0x350963c089b2dee3ec5c234a6fe1520a32c664f93f9fa7328d550d490790819d,670,True
1,25545866,WETH_USDC,0xb4e16d0168e52d35cacd2c6185b44281ec28c9dc,0xa0b86991c6218b36c1d19d4a2e9eb0ce3606eb48,0xc02aaa39b223fe8d0a0e5c4f27ead9083c756cc2,8801079544160,4668724950915190893776,carried_forward,sync_log,25545859,0xc4d5be545903b3bec3d7015b8db81d03309ca015a90c916f1192aea13e31b8b6,258,True
1,25545867,USDC_USDT,0x3041cbd36888becc7bbcbc0045e3b1f144466f5f,0xa0b86991c6218b36c1d19d4a2e9eb0ce3606eb48,0xdac17f958d2ee523a2206206994597c13d831ec7,1667842652774,1665686203530,carried_forward,sync_log,25545842,0xcdcb299e565dd0b806b3ab09aa602f26c5d899db983f6c0f5fdebbb67cf449f7,64,True
1,25545867,USDT_WETH,0x0d4a11d5eeaac28ec3f61d100daf4d40471f1852,0xc02aaa39b223fe8d0a0e5c4f27ead9083c756cc2,0xdac17f958d2ee523a2206206994597c13d831ec7,3916019370326805282341,7388330906939,carried_forward,sync_log,25545846,0x350963c089b2dee3ec5c234a6fe1520a32c664f93f9fa7328d550d490790819d,670,True
1,25545867,WETH_USDC,0xb4e16d0168e52d35cacd2c6185b44281ec28c9dc,0xa0b86991c6218b36c1d19d4a2e9eb0ce3606eb48,0xc02aaa39b223fe8d0a0e5c4f27ead9083c756cc2,8801079544160,4668724950915190893776,carried_forward,sync_log,25545859,0xc4d5be545903b3bec3d7015b8db81d03309ca015a90c916f1192aea13e31b8b6,258,True
1,25545868,USDC_USDT,0x3041cbd36888becc7bbcbc0045e3b1f144466f5f,0xa0b86991c6218b36c1d19d4a2e9eb0ce3606eb48,0xdac17f958d2ee523a2206206994597c13d831ec7,1667842652774,1665686203530,carried_forward,sync_log,25545842,0xcdcb299e565dd0b806b3ab09aa602f26c5d899db983f6c0f5fdebbb67cf449f7,64,True
1,25545868,USDT_WETH,0x0d4a11d5eeaac28ec3f61d100daf4d40471f1852,0xc02aaa39b223fe8d0a0e5c4f27ead9083c756cc2,0xdac17f958d2ee523a2206206994597c13d831ec7,3916019370326805282341,7388330906939,carried_forward,sync_log,25545846,0x350963c089b2dee3ec5c234a6fe1520a32c664f93f9fa7328d550d490790819d,670,True
1,25545868,WETH_USDC,0xb4e16d0168e52d35cacd2c6185b44281ec28c9dc,0xa0b86991c6218b36c1d19d4a2e9eb0ce3606eb48,0xc02aaa39b223fe8d0a0e5c4f27ead9083c756cc2,8801079544160,4668724950915190893776,carried_forward,sync_log,25545859,0xc4d5be545903b3bec3d7015b8db81d03309ca015a90c916f1192aea13e31b8b6,258,True
1,25545869,USDC_USDT,0x3041cbd36888becc7bbcbc0045e3b1f144466f5f,0xa0b86991c6218b36c1d19d4a2e9eb0ce3606eb48,0xdac17f958d2ee523a2206206994597c13d831ec7,1667842652774,1665686203530,carried_forward,sync_log,25545842,0xcdcb299e565dd0b806b3ab09aa602f26c5d899db983f6c0f5fdebbb67cf449f7,64,True
1,25545869,USDT_WETH,0x0d4a11d5eeaac28ec3f61d100daf4d40471f1852,0xc02aaa39b223fe8d0a0e5c4f27ead9083c756cc2,0xdac17f958d2ee523a2206206994597c13d831ec7,3916019370326805282341,7388330906939,carried_forward,sync_log,25545846,0x350963c089b2dee3ec5c234a6fe1520a32c664f93f9fa7328d550d490790819d,670,True
1,25545869,WETH_USDC,0xb4e16d0168e52d35cacd2c6185b44281ec28c9dc,0xa0b86991c6218b36c1d19d4a2e9eb0ce3606eb48,0xc02aaa39b223fe8d0a0e5c4f27ead9083c756cc2,8801079544160,4668724950915190893776,carried_forward,sync_log,25545859,0xc4d5be545903b3bec3d7015b8db81d03309ca015a90c916f1192aea13e31b8b6,258,True
1,25545870,USDC_USDT,0x3041cbd36888becc7bbcbc0045e3b1f144466f5f,0xa0b86991c6218b36c1d19d4a2e9eb0ce3606eb48,0xdac17f958d2ee523a2206206994597c13d831ec7,1667842652774,1665686203530,carried_forward,sync_log,25545842,0xcdcb299e565dd0b806b3ab09aa602f26c5d899db983f6c0f5fdebbb67cf449f7,64,True
1,25545870,USDT_WETH,0x0d4a11d5eeaac28ec3f61d100daf4d40471f1852,0xc02aaa39b223fe8d0a0e5c4f27ead9083c756cc2,0xdac17f958d2ee523a2206206994597c13d831ec7,3916019370326805282341,7388330906939,carried_forward,sync_log,25545846,0x350963c089b2dee3ec5c234a6fe1520a32c664f93f9fa7328d550d490790819d,670,True
1,25545870,WETH_USDC,0xb4e16d0168e52d35cacd2c6185b44281ec28c9dc,0xa0b86991c6218b36c1d19d4a2e9eb0ce3606eb48,0xc02aaa39b223fe8d0a0e5c4f27ead9083c756cc2,8801079544160,4668724950915190893776,carried_forward,sync_log,25545859,0xc4d5be545903b3bec3d7015b8db81d03309ca015a90c916f1192aea13e31b8b6,258,True
1,25545871,USDC_USDT,0x3041cbd36888becc7bbcbc0045e3b1f144466f5f,0xa0b86991c6218b36c1d19d4a2e9eb0ce3606eb48,0xdac17f958d2ee523a2206206994597c13d831ec7,1667842652774,1665686203530,carried_forward,sync_log,25545842,0xcdcb299e565dd0b806b3ab09aa602f26c5d899db983f6c0f5fdebbb67cf449f7,64,True
1,25545871,USDT_WETH,0x0d4a11d5eeaac28ec3f61d100daf4d40471f1852,0xc02aaa39b223fe8d0a0e5c4f27ead9083c756cc2,0xdac17f958d2ee523a2206206994597c13d831ec7,3916019370326805282341,7388330906939,carried_forward,sync_log,25545846,0x350963c089b2dee3ec5c234a6fe1520a32c664f93f9fa7328d550d490790819d,670,True
1,25545871,WETH_USDC,0xb4e16d0168e52d35cacd2c6185b44281ec28c9dc,0xa0b86991c6218b36c1d19d4a2e9eb0ce3606eb48,0xc02aaa39b223fe8d0a0e5c4f27ead9083c756cc2,8801079544160,4668724950915190893776,carried_forward,sync_log,25545859,0xc4d5be545903b3bec3d7015b8db81d03309ca015a90c916f1192aea13e31b8b6,258,True
1,25545872,USDC_USDT,0x3041cbd36888becc7bbcbc0045e3b1f144466f5f,0xa0b86991c6218b36c1d19d4a2e9eb0ce3606eb48,0xdac17f958d2ee523a2206206994597c13d831ec7,1667842652774,1665686203530,carried_forward,sync_log,25545842,0xcdcb299e565dd0b806b3ab09aa602f26c5d899db983f6c0f5fdebbb67cf449f7,64,True
1,25545872,USDT_WETH,0x0d4a11d5eeaac28ec3f61d100daf4d40471f1852,0xc02aaa39b223fe8d0a0e5c4f27ead9083c756cc2,0xdac17f958d2ee523a2206206994597c13d831ec7,3916019370326805282341,7388330906939,carried_forward,sync_log,25545846,0x350963c089b2dee3ec5c234a6fe1520a32c664f93f9fa7328d550d490790819d,670,True
1,25545872,WETH_USDC,0xb4e16d0168e52d35cacd2c6185b44281ec28c9dc,0xa0b86991c6218b36c1d19d4a2e9eb0ce3606eb48,0xc02aaa39b223fe8d0a0e5c4f27ead9083c756cc2,8801079544160,4668724950915190893776,carried_forward,sync_log,25545859,0xc4d5be545903b3bec3d7015b8db81d03309ca015a90c916f1192aea13e31b8b6,258,True
1,25545873,USDC_USDT,0x3041cbd36888becc7bbcbc0045e3b1f144466f5f,0xa0b86991c6218b36c1d19d4a2e9eb0ce3606eb48,0xdac17f958d2ee523a2206206994597c13d831ec7,1667842652774,1665686203530,carried_forward,sync_log,25545842,0xcdcb299e565dd0b806b3ab09aa602f26c5d899db983f6c0f5fdebbb67cf449f7,64,True
1,25545873,USDT_WETH,0x0d4a11d5eeaac28ec3f61d100daf4d40471f1852,0xc02aaa39b223fe8d0a0e5c4f27ead9083c756cc2,0xdac17f958d2ee523a2206206994597c13d831ec7,3916019370326805282341,7388330906939,carried_forward,sync_log,25545846,0x350963c089b2dee3ec5c234a6fe1520a32c664f93f9fa7328d550d490790819d,670,True
1,25545873,WETH_USDC,0xb4e16d0168e52d35cacd2c6185b44281ec28c9dc,0xa0b86991c6218b36c1d19d4a2e9eb0ce3606eb48,0xc02aaa39b223fe8d0a0e5c4f27ead9083c756cc2,8801079544160,4668724950915190893776,carried_forward,sync_log,25545859,0xc4d5be545903b3bec3d7015b8db81d03309ca015a90c916f1192aea13e31b8b6,258,True
1,25545874,USDC_USDT,0x3041cbd36888becc7bbcbc0045e3b1f144466f5f,0xa0b86991c6218b36c1d19d4a2e9eb0ce3606eb48,0xdac17f958d2ee523a2206206994597c13d831ec7,1667842652774,1665686203530,carried_forward,sync_log,25545842,0xcdcb299e565dd0b806b3ab09aa602f26c5d899db983f6c0f5fdebbb67cf449f7,64,True
1,25545874,USDT_WETH,0x0d4a11d5eeaac28ec3f61d100daf4d40471f1852,0xc02aaa39b223fe8d0a0e5c4f27ead9083c756cc2,0xdac17f958d2ee523a2206206994597c13d831ec7,3916019370326805282341,7388330906939,carried_forward,sync_log,25545846,0x350963c089b2dee3ec5c234a6fe1520a32c664f93f9fa7328d550d490790819d,670,True
1,25545874,WETH_USDC,0xb4e16d0168e52d35cacd2c6185b44281ec28c9dc,0xa0b86991c6218b36c1d19d4a2e9eb0ce3606eb48,0xc02aaa39b223fe8d0a0e5c4f27ead9083c756cc2,8801079544160,4668724950915190893776,carried_forward,sync_log,25545859,0xc4d5be545903b3bec3d7015b8db81d03309ca015a90c916f1192aea13e31b8b6,258,True
1,25545875,USDC_USDT,0x3041cbd36888becc7bbcbc0045e3b1f144466f5f,0xa0b86991c6218b36c1d19d4a2e9eb0ce3606eb48,0xdac17f958d2ee523a2206206994597c13d831ec7,1667842652774,1665686203530,carried_forward,sync_log,25545842,0xcdcb299e565dd0b806b3ab09aa602f26c5d899db983f6c0f5fdebbb67cf449f7,64,True
1,25545875,USDT_WETH,0x0d4a11d5eeaac28ec3f61d100daf4d40471f1852,0xc02aaa39b223fe8d0a0e5c4f27ead9083c756cc2,0xdac17f958d2ee523a2206206994597c13d831ec7,3916019370326805282341,7388330906939,carried_forward,sync_log,25545846,0x350963c089b2dee3ec5c234a6fe1520a32c664f93f9fa7328d550d490790819d,670,True
1,25545875,WETH_USDC,0xb4e16d0168e52d35cacd2c6185b44281ec28c9dc,0xa0b86991c6218b36c1d19d4a2e9eb0ce3606eb48,0xc02aaa39b223fe8d0a0e5c4f27ead9083c756cc2,8801079544160,4668724950915190893776,carried_forward,sync_log,25545859,0xc4d5be545903b3bec3d7015b8db81d03309ca015a90c916f1192aea13e31b8b6,258,True
1,25545876,USDC_USDT,0x3041cbd36888becc7bbcbc0045e3b1f144466f5f,0xa0b86991c6218b36c1d19d4a2e9eb0ce3606eb48,0xdac17f958d2ee523a2206206994597c13d831ec7,1667842652774,1665686203530,carried_forward,sync_log,25545842,0xcdcb299e565dd0b806b3ab09aa602f26c5d899db983f6c0f5fdebbb67cf449f7,64,True
1,25545876,USDT_WETH,0x0d4a11d5eeaac28ec3f61d100daf4d40471f1852,0xc02aaa39b223fe8d0a0e5c4f27ead9083c756cc2,0xdac17f958d2ee523a2206206994597c13d831ec7,3916019370326805282341,7388330906939,carried_forward,sync_log,25545846,0x350963c089b2dee3ec5c234a6fe1520a32c664f93f9fa7328d550d490790819d,670,True
1,25545876,WETH_USDC,0xb4e16d0168e52d35cacd2c6185b44281ec28c9dc,0xa0b86991c6218b36c1d19d4a2e9eb0ce3606eb48,0xc02aaa39b223fe8d0a0e5c4f27ead9083c756cc2,8801079544160,4668724950915190893776,carried_forward,sync_log,25545859,0xc4d5be545903b3bec3d7015b8db81d03309ca015a90c916f1192aea13e31b8b6,258,True
1,25545877,USDC_USDT,0x3041cbd36888becc7bbcbc0045e3b1f144466f5f,0xa0b86991c6218b36c1d19d4a2e9eb0ce3606eb48,0xdac17f958d2ee523a2206206994597c13d831ec7,1667842652774,1665686203530,carried_forward,sync_log,25545842,0xcdcb299e565dd0b806b3ab09aa602f26c5d899db983f6c0f5fdebbb67cf449f7,64,True
1,25545877,USDT_WETH,0x0d4a11d5eeaac28ec3f61d100daf4d40471f1852,0xc02aaa39b223fe8d0a0e5c4f27ead9083c756cc2,0xdac17f958d2ee523a2206206994597c13d831ec7,3916019370326805282341,7388330906939,carried_forward,sync_log,25545846,0x350963c089b2dee3ec5c234a6fe1520a32c664f93f9fa7328d550d490790819d,670,True
1,25545877,WETH_USDC,0xb4e16d0168e52d35cacd2c6185b44281ec28c9dc,0xa0b86991c6218b36c1d19d4a2e9eb0ce3606eb48,0xc02aaa39b223fe8d0a0e5c4f27ead9083c756cc2,8801079544160,4668724950915190893776,carried_forward,sync_log,25545859,0xc4d5be545903b3bec3d7015b8db81d03309ca015a90c916f1192aea13e31b8b6,258,True
1,25545878,USDC_USDT,0x3041cbd36888becc7bbcbc0045e3b1f144466f5f,0xa0b86991c6218b36c1d19d4a2e9eb0ce3606eb48,0xdac17f958d2ee523a2206206994597c13d831ec7,1667842652774,1665686203530,carried_forward,sync_log,25545842,0xcdcb299e565dd0b806b3ab09aa602f26c5d899db983f6c0f5fdebbb67cf449f7,64,True
1,25545878,USDT_WETH,0x0d4a11d5eeaac28ec3f61d100daf4d40471f1852,0xc02aaa39b223fe8d0a0e5c4f27ead9083c756cc2,0xdac17f958d2ee523a2206206994597c13d831ec7,3916019370326805282341,7388330906939,carried_forward,sync_log,25545846,0x350963c089b2dee3ec5c234a6fe1520a32c664f93f9fa7328d550d490790819d,670,True
1,25545878,WETH_USDC,0xb4e16d0168e52d35cacd2c6185b44281ec28c9dc,0xa0b86991c6218b36c1d19d4a2e9eb0ce3606eb48,0xc02aaa39b223fe8d0a0e5c4f27ead9083c756cc2,8801079544160,4668724950915190893776,carried_forward,sync_log,25545859,0xc4d5be545903b3bec3d7015b8db81d03309ca015a90c916f1192aea13e31b8b6,258,True
1,25545879,USDC_USDT,0x3041cbd36888becc7bbcbc0045e3b1f144466f5f,0xa0b86991c6218b36c1d19d4a2e9eb0ce3606eb48,0xdac17f958d2ee523a2206206994597c13d831ec7,1667842652774,1665686203530,carried_forward,sync_log,25545842,0xcdcb299e565dd0b806b3ab09aa602f26c5d899db983f6c0f5fdebbb67cf449f7,64,True
1,25545879,USDT_WETH,0x0d4a11d5eeaac28ec3f61d100daf4d40471f1852,0xc02aaa39b223fe8d0a0e5c4f27ead9083c756cc2,0xdac17f958d2ee523a2206206994597c13d831ec7,3916019370326805282341,7388330906939,carried_forward,sync_log,25545846,0x350963c089b2dee3ec5c234a6fe1520a32c664f93f9fa7328d550d490790819d,670,True
1,25545879,WETH_USDC,0xb4e16d0168e52d35cacd2c6185b44281ec28c9dc,0xa0b86991c6218b36c1d19d4a2e9eb0ce3606eb48,0xc02aaa39b223fe8d0a0e5c4f27ead9083c756cc2,8801079544160,4668724950915190893776,carried_forward,sync_log,25545859,0xc4d5be545903b3bec3d7015b8db81d03309ca015a90c916f1192aea13e31b8b6,258,True
1,25545880,USDC_USDT,0x3041cbd36888becc7bbcbc0045e3b1f144466f5f,0xa0b86991c6218b36c1d19d4a2e9eb0ce3606eb48,0xdac17f958d2ee523a2206206994597c13d831ec7,1667842652774,1665686203530,carried_forward,sync_log,25545842,0xcdcb299e565dd0b806b3ab09aa602f26c5d899db983f6c0f5fdebbb67cf449f7,64,True
1,25545880,USDT_WETH,0x0d4a11d5eeaac28ec3f61d100daf4d40471f1852,0xc02aaa39b223fe8d0a0e5c4f27ead9083c756cc2,0xdac17f958d2ee523a2206206994597c13d831ec7,3916030580085749674570,7388309821061,observed_sync,sync_log,25545880,0x7f250e5d6639a8cb0d9961f49dbd31464ae1872e352008d04a41d5c24aa6b104,302,True
1,25545880,WETH_USDC,0xb4e16d0168e52d35cacd2c6185b44281ec28c9dc,0xa0b86991c6218b36c1d19d4a2e9eb0ce3606eb48,0xc02aaa39b223fe8d0a0e5c4f27ead9083c756cc2,8801079544160,4668724950915190893776,carried_forward,sync_log,25545859,0xc4d5be545903b3bec3d7015b8db81d03309ca015a90c916f1192aea13e31b8b6,258,True
1,25545881,USDC_USDT,0x3041cbd36888becc7bbcbc0045e3b1f144466f5f,0xa0b86991c6218b36c1d19d4a2e9eb0ce3606eb48,0xdac17f958d2ee523a2206206994597c13d831ec7,1667842652774,1665686203530,carried_forward,sync_log,25545842,0xcdcb299e565dd0b806b3ab09aa602f26c5d899db983f6c0f5fdebbb67cf449f7,64,True
1,25545881,USDT_WETH,0x0d4a11d5eeaac28ec3f61d100daf4d40471f1852,0xc02aaa39b223fe8d0a0e5c4f27ead9083c756cc2,0xdac17f958d2ee523a2206206994597c13d831ec7,3916030580085749674570,7388309821061,carried_forward,sync_log,25545880,0x7f250e5d6639a8cb0d9961f49dbd31464ae1872e352008d04a41d5c24aa6b104,302,True
1,25545881,WETH_USDC,0xb4e16d0168e52d35cacd2c6185b44281ec28c9dc,0xa0b86991c6218b36c1d19d4a2e9eb0ce3606eb48,0xc02aaa39b223fe8d0a0e5c4f27ead9083c756cc2,8801079544160,4668724950915190893776,carried_forward,sync_log,25545859,0xc4d5be545903b3bec3d7015b8db81d03309ca015a90c916f1192aea13e31b8b6,258,True
1,25545882,USDC_USDT,0x3041cbd36888becc7bbcbc0045e3b1f144466f5f,0xa0b86991c6218b36c1d19d4a2e9eb0ce3606eb48,0xdac17f958d2ee523a2206206994597c13d831ec7,1667842652774,1665686203530,carried_forward,sync_log,25545842,0xcdcb299e565dd0b806b3ab09aa602f26c5d899db983f6c0f5fdebbb67cf449f7,64,True
1,25545882,USDT_WETH,0x0d4a11d5eeaac28ec3f61d100daf4d40471f1852,0xc02aaa39b223fe8d0a0e5c4f27ead9083c756cc2,0xdac17f958d2ee523a2206206994597c13d831ec7,3916027875831162041695,7388314938489,observed_sync,sync_log,25545882,0xdf141aa07cfa6840bfb5482f5459a668febc87fdf226c2a6a8a515f0ef4d45f7,35,True
1,25545882,WETH_USDC,0xb4e16d0168e52d35cacd2c6185b44281ec28c9dc,0xa0b86991c6218b36c1d19d4a2e9eb0ce3606eb48,0xc02aaa39b223fe8d0a0e5c4f27ead9083c756cc2,8801079544160,4668724950915190893776,carried_forward,sync_log,25545859,0xc4d5be545903b3bec3d7015b8db81d03309ca015a90c916f1192aea13e31b8b6,258,True
1,25545883,USDC_USDT,0x3041cbd36888becc7bbcbc0045e3b1f144466f5f,0xa0b86991c6218b36c1d19d4a2e9eb0ce3606eb48,0xdac17f958d2ee523a2206206994597c13d831ec7,1667842652774,1665686203530,carried_forward,sync_log,25545842,0xcdcb299e565dd0b806b3ab09aa602f26c5d899db983f6c0f5fdebbb67cf449f7,64,True
1,25545883,USDT_WETH,0x0d4a11d5eeaac28ec3f61d100daf4d40471f1852,0xc02aaa39b223fe8d0a0e5c4f27ead9083c756cc2,0xdac17f958d2ee523a2206206994597c13d831ec7,3916027875831162041695,7388314938489,carried_forward,sync_log,25545882,0xdf141aa07cfa6840bfb5482f5459a668febc87fdf226c2a6a8a515f0ef4d45f7,35,True
1,25545883,WETH_USDC,0xb4e16d0168e52d35cacd2c6185b44281ec28c9dc,0xa0b86991c6218b36c1d19d4a2e9eb0ce3606eb48,0xc02aaa39b223fe8d0a0e5c4f27ead9083c756cc2,8801079544160,4668724950915190893776,carried_forward,sync_log,25545859,0xc4d5be545903b3bec3d7015b8db81d03309ca015a90c916f1192aea13e31b8b6,258,True
1,25545884,USDC_USDT,0x3041cbd36888becc7bbcbc0045e3b1f144466f5f,0xa0b86991c6218b36c1d19d4a2e9eb0ce3606eb48,0xdac17f958d2ee523a2206206994597c13d831ec7,1667842652774,1665686203530,carried_forward,sync_log,25545842,0xcdcb299e565dd0b806b3ab09aa602f26c5d899db983f6c0f5fdebbb67cf449f7,64,True
1,25545884,USDT_WETH,0x0d4a11d5eeaac28ec3f61d100daf4d40471f1852,0xc02aaa39b223fe8d0a0e5c4f27ead9083c756cc2,0xdac17f958d2ee523a2206206994597c13d831ec7,3916027875831162041695,7388314938489,carried_forward,sync_log,25545882,0xdf141aa07cfa6840bfb5482f5459a668febc87fdf226c2a6a8a515f0ef4d45f7,35,True
1,25545884,WETH_USDC,0xb4e16d0168e52d35cacd2c6185b44281ec28c9dc,0xa0b86991c6218b36c1d19d4a2e9eb0ce3606eb48,0xc02aaa39b223fe8d0a0e5c4f27ead9083c756cc2,8801079544160,4668724950915190893776,carried_forward,sync_log,25545859,0xc4d5be545903b3bec3d7015b8db81d03309ca015a90c916f1192aea13e31b8b6,258,True
1,25545885,USDC_USDT,0x3041cbd36888becc7bbcbc0045e3b1f144466f5f,0xa0b86991c6218b36c1d19d4a2e9eb0ce3606eb48,0xdac17f958d2ee523a2206206994597c13d831ec7,1667842652774,1665686203530,carried_forward,sync_log,25545842,0xcdcb299e565dd0b806b3ab09aa602f26c5d899db983f6c0f5fdebbb67cf449f7,64,True
1,25545885,USDT_WETH,0x0d4a11d5eeaac28ec3f61d100daf4d40471f1852,0xc02aaa39b223fe8d0a0e5c4f27ead9083c756cc2,0xdac17f958d2ee523a2206206994597c13d831ec7,3916027875831162041695,7388314938489,carried_forward,sync_log,25545882,0xdf141aa07cfa6840bfb5482f5459a668febc87fdf226c2a6a8a515f0ef4d45f7,35,True
1,25545885,WETH_USDC,0xb4e16d0168e52d35cacd2c6185b44281ec28c9dc,0xa0b86991c6218b36c1d19d4a2e9eb0ce3606eb48,0xc02aaa39b223fe8d0a0e5c4f27ead9083c756cc2,8801079544160,4668724950915190893776,carried_forward,sync_log,25545859,0xc4d5be545903b3bec3d7015b8db81d03309ca015a90c916f1192aea13e31b8b6,258,True
1,25545886,USDC_USDT,0x3041cbd36888becc7bbcbc0045e3b1f144466f5f,0xa0b86991c6218b36c1d19d4a2e9eb0ce3606eb48,0xdac17f958d2ee523a2206206994597c13d831ec7,1667842652774,1665686203530,carried_forward,sync_log,25545842,0xcdcb299e565dd0b806b3ab09aa602f26c5d899db983f6c0f5fdebbb67cf449f7,64,True
1,25545886,USDT_WETH,0x0d4a11d5eeaac28ec3f61d100daf4d40471f1852,0xc02aaa39b223fe8d0a0e5c4f27ead9083c756cc2,0xdac17f958d2ee523a2206206994597c13d831ec7,3916027875831162041695,7388314938489,carried_forward,sync_log,25545882,0xdf141aa07cfa6840bfb5482f5459a668febc87fdf226c2a6a8a515f0ef4d45f7,35,True
1,25545886,WETH_USDC,0xb4e16d0168e52d35cacd2c6185b44281ec28c9dc,0xa0b86991c6218b36c1d19d4a2e9eb0ce3606eb48,0xc02aaa39b223fe8d0a0e5c4f27ead9083c756cc2,8801079544160,4668724950915190893776,carried_forward,sync_log,25545859,0xc4d5be545903b3bec3d7015b8db81d03309ca015a90c916f1192aea13e31b8b6,258,True
1,25545887,USDC_USDT,0x3041cbd36888becc7bbcbc0045e3b1f144466f5f,0xa0b86991c6218b36c1d19d4a2e9eb0ce3606eb48,0xdac17f958d2ee523a2206206994597c13d831ec7,1667842652774,1665686203530,carried_forward,sync_log,25545842,0xcdcb299e565dd0b806b3ab09aa602f26c5d899db983f6c0f5fdebbb67cf449f7,64,True
1,25545887,USDT_WETH,0x0d4a11d5eeaac28ec3f61d100daf4d40471f1852,0xc02aaa39b223fe8d0a0e5c4f27ead9083c756cc2,0xdac17f958d2ee523a2206206994597c13d831ec7,3916027875831162041695,7388314938489,carried_forward,sync_log,25545882,0xdf141aa07cfa6840bfb5482f5459a668febc87fdf226c2a6a8a515f0ef4d45f7,35,True
1,25545887,WETH_USDC,0xb4e16d0168e52d35cacd2c6185b44281ec28c9dc,0xa0b86991c6218b36c1d19d4a2e9eb0ce3606eb48,0xc02aaa39b223fe8d0a0e5c4f27ead9083c756cc2,8801079544160,4668724950915190893776,carried_forward,sync_log,25545859,0xc4d5be545903b3bec3d7015b8db81d03309ca015a90c916f1192aea13e31b8b6,258,True
1,25545888,USDC_USDT,0x3041cbd36888becc7bbcbc0045e3b1f144466f5f,0xa0b86991c6218b36c1d19d4a2e9eb0ce3606eb48,0xdac17f958d2ee523a2206206994597c13d831ec7,1667842652774,1665686203530,carried_forward,sync_log,25545842,0xcdcb299e565dd0b806b3ab09aa602f26c5d899db983f6c0f5fdebbb67cf449f7,64,True
1,25545888,USDT_WETH,0x0d4a11d5eeaac28ec3f61d100daf4d40471f1852,0xc02aaa39b223fe8d0a0e5c4f27ead9083c756cc2,0xdac17f958d2ee523a2206206994597c13d831ec7,3916027875831162041695,7388314938489,carried_forward,sync_log,25545882,0xdf141aa07cfa6840bfb5482f5459a668febc87fdf226c2a6a8a515f0ef4d45f7,35,True
1,25545888,WETH_USDC,0xb4e16d0168e52d35cacd2c6185b44281ec28c9dc,0xa0b86991c6218b36c1d19d4a2e9eb0ce3606eb48,0xc02aaa39b223fe8d0a0e5c4f27ead9083c756cc2,8801079879578,4668724773519179953051,observed_sync,sync_log,25545888,0xd9dac46bd0e6fba3182e0124048456ab43f40e28c5ddac8020b6b43fb6666bc1,4,True
1,25545889,USDC_USDT,0x3041cbd36888becc7bbcbc0045e3b1f144466f5f,0xa0b86991c6218b36c1d19d4a2e9eb0ce3606eb48,0xdac17f958d2ee523a2206206994597c13d831ec7,1667842652774,1665686203530,carried_forward,sync_log,25545842,0xcdcb299e565dd0b806b3ab09aa602f26c5d899db983f6c0f5fdebbb67cf449f7,64,True
1,25545889,USDT_WETH,0x0d4a11d5eeaac28ec3f61d100daf4d40471f1852,0xc02aaa39b223fe8d0a0e5c4f27ead9083c756cc2,0xdac17f958d2ee523a2206206994597c13d831ec7,3916027875831162041695,7388314938489,carried_forward,sync_log,25545882,0xdf141aa07cfa6840bfb5482f5459a668febc87fdf226c2a6a8a515f0ef4d45f7,35,True
1,25545889,WETH_USDC,0xb4e16d0168e52d35cacd2c6185b44281ec28c9dc,0xa0b86991c6218b36c1d19d4a2e9eb0ce3606eb48,0xc02aaa39b223fe8d0a0e5c4f27ead9083c756cc2,8801079879578,4668724773519179953051,carried_forward,sync_log,25545888,0xd9dac46bd0e6fba3182e0124048456ab43f40e28c5ddac8020b6b43fb6666bc1,4,True
1,25545890,USDC_USDT,0x3041cbd36888becc7bbcbc0045e3b1f144466f5f,0xa0b86991c6218b36c1d19d4a2e9eb0ce3606eb48,0xdac17f958d2ee523a2206206994597c13d831ec7,1667842652774,1665686203530,carried_forward,sync_log,25545842,0xcdcb299e565dd0b806b3ab09aa602f26c5d899db983f6c0f5fdebbb67cf449f7,64,True
1,25545890,USDT_WETH,0x0d4a11d5eeaac28ec3f61d100daf4d40471f1852,0xc02aaa39b223fe8d0a0e5c4f27ead9083c756cc2,0xdac17f958d2ee523a2206206994597c13d831ec7,3916027875831162041695,7388314938489,carried_forward,sync_log,25545882,0xdf141aa07cfa6840bfb5482f5459a668febc87fdf226c2a6a8a515f0ef4d45f7,35,True
1,25545890,WETH_USDC,0xb4e16d0168e52d35cacd2c6185b44281ec28c9dc,0xa0b86991c6218b36c1d19d4a2e9eb0ce3606eb48,0xc02aaa39b223fe8d0a0e5c4f27ead9083c756cc2,8801079879578,4668724773519179953051,carried_forward,sync_log,25545888,0xd9dac46bd0e6fba3182e0124048456ab43f40e28c5ddac8020b6b43fb6666bc1,4,True
1,25545891,USDC_USDT,0x3041cbd36888becc7bbcbc0045e3b1f144466f5f,0xa0b86991c6218b36c1d19d4a2e9eb0ce3606eb48,0xdac17f958d2ee523a2206206994597c13d831ec7,1667842652774,1665686203530,carried_forward,sync_log,25545842,0xcdcb299e565dd0b806b3ab09aa602f26c5d899db983f6c0f5fdebbb67cf449f7,64,True
1,25545891,USDT_WETH,0x0d4a11d5eeaac28ec3f61d100daf4d40471f1852,0xc02aaa39b223fe8d0a0e5c4f27ead9083c756cc2,0xdac17f958d2ee523a2206206994597c13d831ec7,3916027875831162041695,7388314938489,carried_forward,sync_log,25545882,0xdf141aa07cfa6840bfb5482f5459a668febc87fdf226c2a6a8a515f0ef4d45f7,35,True
1,25545891,WETH_USDC,0xb4e16d0168e52d35cacd2c6185b44281ec28c9dc,0xa0b86991c6218b36c1d19d4a2e9eb0ce3606eb48,0xc02aaa39b223fe8d0a0e5c4f27ead9083c756cc2,8801079879578,4668724773519179953051,carried_forward,sync_log,25545888,0xd9dac46bd0e6fba3182e0124048456ab43f40e28c5ddac8020b6b43fb6666bc1,4,True
1,25545892,USDC_USDT,0x3041cbd36888becc7bbcbc0045e3b1f144466f5f,0xa0b86991c6218b36c1d19d4a2e9eb0ce3606eb48,0xdac17f958d2ee523a2206206994597c13d831ec7,1667842652774,1665686203530,carried_forward,sync_log,25545842,0xcdcb299e565dd0b806b3ab09aa602f26c5d899db983f6c0f5fdebbb67cf449f7,64,True
1,25545892,USDT_WETH,0x0d4a11d5eeaac28ec3f61d100daf4d40471f1852,0xc02aaa39b223fe8d0a0e5c4f27ead9083c756cc2,0xdac17f958d2ee523a2206206994597c13d831ec7,3916027875831162041695,7388314938489,carried_forward,sync_log,25545882,0xdf141aa07cfa6840bfb5482f5459a668febc87fdf226c2a6a8a515f0ef4d45f7,35,True
1,25545892,WETH_USDC,0xb4e16d0168e52d35cacd2c6185b44281ec28c9dc,0xa0b86991c6218b36c1d19d4a2e9eb0ce3606eb48,0xc02aaa39b223fe8d0a0e5c4f27ead9083c756cc2,8801079879578,4668724773519179953051,carried_forward,sync_log,25545888,0xd9dac46bd0e6fba3182e0124048456ab43f40e28c5ddac8020b6b43fb6666bc1,4,True
1,25545893,USDC_USDT,0x3041cbd36888becc7bbcbc0045e3b1f144466f5f,0xa0b86991c6218b36c1d19d4a2e9eb0ce3606eb48,0xdac17f958d2ee523a2206206994597c13d831ec7,1667842652774,1665686203530,carried_forward,sync_log,25545842,0xcdcb299e565dd0b806b3ab09aa602f26c5d899db983f6c0f5fdebbb67cf449f7,64,True
1,25545893,USDT_WETH,0x0d4a11d5eeaac28ec3f61d100daf4d40471f1852,0xc02aaa39b223fe8d0a0e5c4f27ead9083c756cc2,0xdac17f958d2ee523a2206206994597c13d831ec7,3916027875831162041695,7388314938489,carried_forward,sync_log,25545882,0xdf141aa07cfa6840bfb5482f5459a668febc87fdf226c2a6a8a515f0ef4d45f7,35,True
1,25545893,WETH_USDC,0xb4e16d0168e52d35cacd2c6185b44281ec28c9dc,0xa0b86991c6218b36c1d19d4a2e9eb0ce3606eb48,0xc02aaa39b223fe8d0a0e5c4f27ead9083c756cc2,8801079879578,4668724773519179953051,carried_forward,sync_log,25545888,0xd9dac46bd0e6fba3182e0124048456ab43f40e28c5ddac8020b6b43fb6666bc1,4,True
1,25545894,USDC_USDT,0x3041cbd36888becc7bbcbc0045e3b1f144466f5f,0xa0b86991c6218b36c1d19d4a2e9eb0ce3606eb48,0xdac17f958d2ee523a2206206994597c13d831ec7,1667842652774,1665686203530,carried_forward,sync_log,25545842,0xcdcb299e565dd0b806b3ab09aa602f26c5d899db983f6c0f5fdebbb67cf449f7,64,True
1,25545894,USDT_WETH,0x0d4a11d5eeaac28ec3f61d100daf4d40471f1852,0xc02aaa39b223fe8d0a0e5c4f27ead9083c756cc2,0xdac17f958d2ee523a2206206994597c13d831ec7,3916027875831162041695,7388314938489,carried_forward,sync_log,25545882,0xdf141aa07cfa6840bfb5482f5459a668febc87fdf226c2a6a8a515f0ef4d45f7,35,True
1,25545894,WETH_USDC,0xb4e16d0168e52d35cacd2c6185b44281ec28c9dc,0xa0b86991c6218b36c1d19d4a2e9eb0ce3606eb48,0xc02aaa39b223fe8d0a0e5c4f27ead9083c756cc2,8801079879578,4668724773519179953051,carried_forward,sync_log,25545888,0xd9dac46bd0e6fba3182e0124048456ab43f40e28c5ddac8020b6b43fb6666bc1,4,True
1,25545895,USDC_USDT,0x3041cbd36888becc7bbcbc0045e3b1f144466f5f,0xa0b86991c6218b36c1d19d4a2e9eb0ce3606eb48,0xdac17f958d2ee523a2206206994597c13d831ec7,1667842652774,1665686203530,carried_forward,sync_log,25545842,0xcdcb299e565dd0b806b3ab09aa602f26c5d899db983f6c0f5fdebbb67cf449f7,64,True
1,25545895,USDT_WETH,0x0d4a11d5eeaac28ec3f61d100daf4d40471f1852,0xc02aaa39b223fe8d0a0e5c4f27ead9083c756cc2,0xdac17f958d2ee523a2206206994597c13d831ec7,3916027875831162041695,7388314938489,carried_forward,sync_log,25545882,0xdf141aa07cfa6840bfb5482f5459a668febc87fdf226c2a6a8a515f0ef4d45f7,35,True
1,25545895,WETH_USDC,0xb4e16d0168e52d35cacd2c6185b44281ec28c9dc,0xa0b86991c6218b36c1d19d4a2e9eb0ce3606eb48,0xc02aaa39b223fe8d0a0e5c4f27ead9083c756cc2,8801079879578,4668724773519179953051,carried_forward,sync_log,25545888,0xd9dac46bd0e6fba3182e0124048456ab43f40e28c5ddac8020b6b43fb6666bc1,4,True
1,25545896,USDC_USDT,0x3041cbd36888becc7bbcbc0045e3b1f144466f5f,0xa0b86991c6218b36c1d19d4a2e9eb0ce3606eb48,0xdac17f958d2ee523a2206206994597c13d831ec7,1667842652774,1665686203530,carried_forward,sync_log,25545842,0xcdcb299e565dd0b806b3ab09aa602f26c5d899db983f6c0f5fdebbb67cf449f7,64,True
1,25545896,USDT_WETH,0x0d4a11d5eeaac28ec3f61d100daf4d40471f1852,0xc02aaa39b223fe8d0a0e5c4f27ead9083c756cc2,0xdac17f958d2ee523a2206206994597c13d831ec7,3916027875831162041695,7388314938489,carried_forward,sync_log,25545882,0xdf141aa07cfa6840bfb5482f5459a668febc87fdf226c2a6a8a515f0ef4d45f7,35,True
1,25545896,WETH_USDC,0xb4e16d0168e52d35cacd2c6185b44281ec28c9dc,0xa0b86991c6218b36c1d19d4a2e9eb0ce3606eb48,0xc02aaa39b223fe8d0a0e5c4f27ead9083c756cc2,8801079879578,4668724773519179953051,carried_forward,sync_log,25545888,0xd9dac46bd0e6fba3182e0124048456ab43f40e28c5ddac8020b6b43fb6666bc1,4,True
1,25545897,USDC_USDT,0x3041cbd36888becc7bbcbc0045e3b1f144466f5f,0xa0b86991c6218b36c1d19d4a2e9eb0ce3606eb48,0xdac17f958d2ee523a2206206994597c13d831ec7,1667842652774,1665686203530,carried_forward,sync_log,25545842,0xcdcb299e565dd0b806b3ab09aa602f26c5d899db983f6c0f5fdebbb67cf449f7,64,True
1,25545897,USDT_WETH,0x0d4a11d5eeaac28ec3f61d100daf4d40471f1852,0xc02aaa39b223fe8d0a0e5c4f27ead9083c756cc2,0xdac17f958d2ee523a2206206994597c13d831ec7,3916027875831162041695,7388314938489,carried_forward,sync_log,25545882,0xdf141aa07cfa6840bfb5482f5459a668febc87fdf226c2a6a8a515f0ef4d45f7,35,True
1,25545897,WETH_USDC,0xb4e16d0168e52d35cacd2c6185b44281ec28c9dc,0xa0b86991c6218b36c1d19d4a2e9eb0ce3606eb48,0xc02aaa39b223fe8d0a0e5c4f27ead9083c756cc2,8801079879578,4668724773519179953051,carried_forward,sync_log,25545888,0xd9dac46bd0e6fba3182e0124048456ab43f40e28c5ddac8020b6b43fb6666bc1,4,True
1,25545898,USDC_USDT,0x3041cbd36888becc7bbcbc0045e3b1f144466f5f,0xa0b86991c6218b36c1d19d4a2e9eb0ce3606eb48,0xdac17f958d2ee523a2206206994597c13d831ec7,1667842652774,1665686203530,carried_forward,sync_log,25545842,0xcdcb299e565dd0b806b3ab09aa602f26c5d899db983f6c0f5fdebbb67cf449f7,64,True
1,25545898,USDT_WETH,0x0d4a11d5eeaac28ec3f61d100daf4d40471f1852,0xc02aaa39b223fe8d0a0e5c4f27ead9083c756cc2,0xdac17f958d2ee523a2206206994597c13d831ec7,3916027875831162041695,7388314938489,carried_forward,sync_log,25545882,0xdf141aa07cfa6840bfb5482f5459a668febc87fdf226c2a6a8a515f0ef4d45f7,35,True
1,25545898,WETH_USDC,0xb4e16d0168e52d35cacd2c6185b44281ec28c9dc,0xa0b86991c6218b36c1d19d4a2e9eb0ce3606eb48,0xc02aaa39b223fe8d0a0e5c4f27ead9083c756cc2,8801079879578,4668724773519179953051,carried_forward,sync_log,25545888,0xd9dac46bd0e6fba3182e0124048456ab43f40e28c5ddac8020b6b43fb6666bc1,4,True
1,25545899,USDC_USDT,0x3041cbd36888becc7bbcbc0045e3b1f144466f5f,0xa0b86991c6218b36c1d19d4a2e9eb0ce3606eb48,0xdac17f958d2ee523a2206206994597c13d831ec7,1667842652774,1665686203530,carried_forward,sync_log,25545842,0xcdcb299e565dd0b806b3ab09aa602f26c5d899db983f6c0f5fdebbb67cf449f7,64,True
1,25545899,USDT_WETH,0x0d4a11d5eeaac28ec3f61d100daf4d40471f1852,0xc02aaa39b223fe8d0a0e5c4f27ead9083c756cc2,0xdac17f958d2ee523a2206206994597c13d831ec7,3916027875831162041695,7388314938489,carried_forward,sync_log,25545882,0xdf141aa07cfa6840bfb5482f5459a668febc87fdf226c2a6a8a515f0ef4d45f7,35,True
1,25545899,WETH_USDC,0xb4e16d0168e52d35cacd2c6185b44281ec28c9dc,0xa0b86991c6218b36c1d19d4a2e9eb0ce3606eb48,0xc02aaa39b223fe8d0a0e5c4f27ead9083c756cc2,8801082591309,4668723339338259317756,observed_sync,sync_log,25545899,0x53551b08a84470c9b53d9e1d93636d5d5f06f96f8a8e206197260638123b4bab,36,True
1,25545900,USDC_USDT,0x3041cbd36888becc7bbcbc0045e3b1f144466f5f,0xa0b86991c6218b36c1d19d4a2e9eb0ce3606eb48,0xdac17f958d2ee523a2206206994597c13d831ec7,1667842652774,1665686203530,carried_forward,sync_log,25545842,0xcdcb299e565dd0b806b3ab09aa602f26c5d899db983f6c0f5fdebbb67cf449f7,64,True
1,25545900,USDT_WETH,0x0d4a11d5eeaac28ec3f61d100daf4d40471f1852,0xc02aaa39b223fe8d0a0e5c4f27ead9083c756cc2,0xdac17f958d2ee523a2206206994597c13d831ec7,3916054369949262429816,7388265102702,observed_sync,sync_log,25545900,0xd3eed5ffa8894b6af63653264e88742d85246b9ba190185208c716eeae1a292b,1074,True
1,25545900,WETH_USDC,0xb4e16d0168e52d35cacd2c6185b44281ec28c9dc,0xa0b86991c6218b36c1d19d4a2e9eb0ce3606eb48,0xc02aaa39b223fe8d0a0e5c4f27ead9083c756cc2,8801082591309,4668723339338259317756,carried_forward,sync_log,25545899,0x53551b08a84470c9b53d9e1d93636d5d5f06f96f8a8e206197260638123b4bab,36,True
1,25545901,USDC_USDT,0x3041cbd36888becc7bbcbc0045e3b1f144466f5f,0xa0b86991c6218b36c1d19d4a2e9eb0ce3606eb48,0xdac17f958d2ee523a2206206994597c13d831ec7,1667842652774,1665686203530,carried_forward,sync_log,25545842,0xcdcb299e565dd0b806b3ab09aa602f26c5d899db983f6c0f5fdebbb67cf449f7,64,True
1,25545901,USDT_WETH,0x0d4a11d5eeaac28ec3f61d100daf4d40471f1852,0xc02aaa39b223fe8d0a0e5c4f27ead9083c756cc2,0xdac17f958d2ee523a2206206994597c13d831ec7,3916054369949262429816,7388265102702,carried_forward,sync_log,25545900,0xd3eed5ffa8894b6af63653264e88742d85246b9ba190185208c716eeae1a292b,1074,True
1,25545901,WETH_USDC,0xb4e16d0168e52d35cacd2c6185b44281ec28c9dc,0xa0b86991c6218b36c1d19d4a2e9eb0ce3606eb48,0xc02aaa39b223fe8d0a0e5c4f27ead9083c756cc2,8801082591309,4668723339338259317756,carried_forward,sync_log,25545899,0x53551b08a84470c9b53d9e1d93636d5d5f06f96f8a8e206197260638123b4bab,36,True
1,25545902,USDC_USDT,0x3041cbd36888becc7bbcbc0045e3b1f144466f5f,0xa0b86991c6218b36c1d19d4a2e9eb0ce3606eb48,0xdac17f958d2ee523a2206206994597c13d831ec7,1667842652774,1665686203530,carried_forward,sync_log,25545842,0xcdcb299e565dd0b806b3ab09aa602f26c5d899db983f6c0f5fdebbb67cf449f7,64,True
1,25545902,USDT_WETH,0x0d4a11d5eeaac28ec3f61d100daf4d40471f1852,0xc02aaa39b223fe8d0a0e5c4f27ead9083c756cc2,0xdac17f958d2ee523a2206206994597c13d831ec7,3916054369949262429816,7388265102702,carried_forward,sync_log,25545900,0xd3eed5ffa8894b6af63653264e88742d85246b9ba190185208c716eeae1a292b,1074,True
1,25545902,WETH_USDC,0xb4e16d0168e52d35cacd2c6185b44281ec28c9dc,0xa0b86991c6218b36c1d19d4a2e9eb0ce3606eb48,0xc02aaa39b223fe8d0a0e5c4f27ead9083c756cc2,8801082591309,4668723339338259317756,carried_forward,sync_log,25545899,0x53551b08a84470c9b53d9e1d93636d5d5f06f96f8a8e206197260638123b4bab,36,True
1,25545903,USDC_USDT,0x3041cbd36888becc7bbcbc0045e3b1f144466f5f,0xa0b86991c6218b36c1d19d4a2e9eb0ce3606eb48,0xdac17f958d2ee523a2206206994597c13d831ec7,1667842652774,1665686203530,carried_forward,sync_log,25545842,0xcdcb299e565dd0b806b3ab09aa602f26c5d899db983f6c0f5fdebbb67cf449f7,64,True
1,25545903,USDT_WETH,0x0d4a11d5eeaac28ec3f61d100daf4d40471f1852,0xc02aaa39b223fe8d0a0e5c4f27ead9083c756cc2,0xdac17f958d2ee523a2206206994597c13d831ec7,3916054369949262429816,7388265102702,carried_forward,sync_log,25545900,0xd3eed5ffa8894b6af63653264e88742d85246b9ba190185208c716eeae1a292b,1074,True
1,25545903,WETH_USDC,0xb4e16d0168e52d35cacd2c6185b44281ec28c9dc,0xa0b86991c6218b36c1d19d4a2e9eb0ce3606eb48,0xc02aaa39b223fe8d0a0e5c4f27ead9083c756cc2,8801082591309,4668723339338259317756,carried_forward,sync_log,25545899,0x53551b08a84470c9b53d9e1d93636d5d5f06f96f8a8e206197260638123b4bab,36,True
1,25545904,USDC_USDT,0x3041cbd36888becc7bbcbc0045e3b1f144466f5f,0xa0b86991c6218b36c1d19d4a2e9eb0ce3606eb48,0xdac17f958d2ee523a2206206994597c13d831ec7,1667842652774,1665686203530,carried_forward,sync_log,25545842,0xcdcb299e565dd0b806b3ab09aa602f26c5d899db983f6c0f5fdebbb67cf449f7,64,True
1,25545904,USDT_WETH,0x0d4a11d5eeaac28ec3f61d100daf4d40471f1852,0xc02aaa39b223fe8d0a0e5c4f27ead9083c756cc2,0xdac17f958d2ee523a2206206994597c13d831ec7,3916054369949262429816,7388265102702,carried_forward,sync_log,25545900,0xd3eed5ffa8894b6af63653264e88742d85246b9ba190185208c716eeae1a292b,1074,True
1,25545904,WETH_USDC,0xb4e16d0168e52d35cacd2c6185b44281ec28c9dc,0xa0b86991c6218b36c1d19d4a2e9eb0ce3606eb48,0xc02aaa39b223fe8d0a0e5c4f27ead9083c756cc2,8801082591309,4668723339338259317756,carried_forward,sync_log,25545899,0x53551b08a84470c9b53d9e1d93636d5d5f06f96f8a8e206197260638123b4bab,36,True
1,25545905,USDC_USDT,0x3041cbd36888becc7bbcbc0045e3b1f144466f5f,0xa0b86991c6218b36c1d19d4a2e9eb0ce3606eb48,0xdac17f958d2ee523a2206206994597c13d831ec7,1667842652774,1665686203530,carried_forward,sync_log,25545842,0xcdcb299e565dd0b806b3ab09aa602f26c5d899db983f6c0f5fdebbb67cf449f7,64,True
1,25545905,USDT_WETH,0x0d4a11d5eeaac28ec3f61d100daf4d40471f1852,0xc02aaa39b223fe8d0a0e5c4f27ead9083c756cc2,0xdac17f958d2ee523a2206206994597c13d831ec7,3916054369949262429816,7388265102702,carried_forward,sync_log,25545900,0xd3eed5ffa8894b6af63653264e88742d85246b9ba190185208c716eeae1a292b,1074,True
1,25545905,WETH_USDC,0xb4e16d0168e52d35cacd2c6185b44281ec28c9dc,0xa0b86991c6218b36c1d19d4a2e9eb0ce3606eb48,0xc02aaa39b223fe8d0a0e5c4f27ead9083c756cc2,8801082591309,4668723339338259317756,carried_forward,sync_log,25545899,0x53551b08a84470c9b53d9e1d93636d5d5f06f96f8a8e206197260638123b4bab,36,True
1,25545906,USDC_USDT,0x3041cbd36888becc7bbcbc0045e3b1f144466f5f,0xa0b86991c6218b36c1d19d4a2e9eb0ce3606eb48,0xdac17f958d2ee523a2206206994597c13d831ec7,1667842652774,1665686203530,carried_forward,sync_log,25545842,0xcdcb299e565dd0b806b3ab09aa602f26c5d899db983f6c0f5fdebbb67cf449f7,64,True
1,25545906,USDT_WETH,0x0d4a11d5eeaac28ec3f61d100daf4d40471f1852,0xc02aaa39b223fe8d0a0e5c4f27ead9083c756cc2,0xdac17f958d2ee523a2206206994597c13d831ec7,3916054369949262429816,7388265102702,carried_forward,sync_log,25545900,0xd3eed5ffa8894b6af63653264e88742d85246b9ba190185208c716eeae1a292b,1074,True
1,25545906,WETH_USDC,0xb4e16d0168e52d35cacd2c6185b44281ec28c9dc,0xa0b86991c6218b36c1d19d4a2e9eb0ce3606eb48,0xc02aaa39b223fe8d0a0e5c4f27ead9083c756cc2,8801082591309,4668723339338259317756,carried_forward,sync_log,25545899,0x53551b08a84470c9b53d9e1d93636d5d5f06f96f8a8e206197260638123b4bab,36,True
1,25545907,USDC_USDT,0x3041cbd36888becc7bbcbc0045e3b1f144466f5f,0xa0b86991c6218b36c1d19d4a2e9eb0ce3606eb48,0xdac17f958d2ee523a2206206994597c13d831ec7,1667842652774,1665686203530,carried_forward,sync_log,25545842,0xcdcb299e565dd0b806b3ab09aa602f26c5d899db983f6c0f5fdebbb67cf449f7,64,True
1,25545907,USDT_WETH,0x0d4a11d5eeaac28ec3f61d100daf4d40471f1852,0xc02aaa39b223fe8d0a0e5c4f27ead9083c756cc2,0xdac17f958d2ee523a2206206994597c13d831ec7,3916054369949262429816,7388265102702,carried_forward,sync_log,25545900,0xd3eed5ffa8894b6af63653264e88742d85246b9ba190185208c716eeae1a292b,1074,True
1,25545907,WETH_USDC,0xb4e16d0168e52d35cacd2c6185b44281ec28c9dc,0xa0b86991c6218b36c1d19d4a2e9eb0ce3606eb48,0xc02aaa39b223fe8d0a0e5c4f27ead9083c756cc2,8801082591309,4668723339338259317756,carried_forward,sync_log,25545899,0x53551b08a84470c9b53d9e1d93636d5d5f06f96f8a8e206197260638123b4bab,36,True
1,25545908,USDC_USDT,0x3041cbd36888becc7bbcbc0045e3b1f144466f5f,0xa0b86991c6218b36c1d19d4a2e9eb0ce3606eb48,0xdac17f958d2ee523a2206206994597c13d831ec7,1667842652774,1665686203530,carried_forward,sync_log,25545842,0xcdcb299e565dd0b806b3ab09aa602f26c5d899db983f6c0f5fdebbb67cf449f7,64,True
1,25545908,USDT_WETH,0x0d4a11d5eeaac28ec3f61d100daf4d40471f1852,0xc02aaa39b223fe8d0a0e5c4f27ead9083c756cc2,0xdac17f958d2ee523a2206206994597c13d831ec7,3916054369949262429816,7388265102702,carried_forward,sync_log,25545900,0xd3eed5ffa8894b6af63653264e88742d85246b9ba190185208c716eeae1a292b,1074,True
1,25545908,WETH_USDC,0xb4e16d0168e52d35cacd2c6185b44281ec28c9dc,0xa0b86991c6218b36c1d19d4a2e9eb0ce3606eb48,0xc02aaa39b223fe8d0a0e5c4f27ead9083c756cc2,8801082591309,4668723339338259317756,carried_forward,sync_log,25545899,0x53551b08a84470c9b53d9e1d93636d5d5f06f96f8a8e206197260638123b4bab,36,True
1,25545909,USDC_USDT,0x3041cbd36888becc7bbcbc0045e3b1f144466f5f,0xa0b86991c6218b36c1d19d4a2e9eb0ce3606eb48,0xdac17f958d2ee523a2206206994597c13d831ec7,1667842652774,1665686203530,carried_forward,sync_log,25545842,0xcdcb299e565dd0b806b3ab09aa602f26c5d899db983f6c0f5fdebbb67cf449f7,64,True
1,25545909,USDT_WETH,0x0d4a11d5eeaac28ec3f61d100daf4d40471f1852,0xc02aaa39b223fe8d0a0e5c4f27ead9083c756cc2,0xdac17f958d2ee523a2206206994597c13d831ec7,3916054369949262429816,7388265102702,carried_forward,sync_log,25545900,0xd3eed5ffa8894b6af63653264e88742d85246b9ba190185208c716eeae1a292b,1074,True
1,25545909,WETH_USDC,0xb4e16d0168e52d35cacd2c6185b44281ec28c9dc,0xa0b86991c6218b36c1d19d4a2e9eb0ce3606eb48,0xc02aaa39b223fe8d0a0e5c4f27ead9083c756cc2,8801082591309,4668723339338259317756,carried_forward,sync_log,25545899,0x53551b08a84470c9b53d9e1d93636d5d5f06f96f8a8e206197260638123b4bab,36,True
1,25545910,USDC_USDT,0x3041cbd36888becc7bbcbc0045e3b1f144466f5f,0xa0b86991c6218b36c1d19d4a2e9eb0ce3606eb48,0xdac17f958d2ee523a2206206994597c13d831ec7,1667842652774,1665686203530,carried_forward,sync_log,25545842,0xcdcb299e565dd0b806b3ab09aa602f26c5d899db983f6c0f5fdebbb67cf449f7,64,True
1,25545910,USDT_WETH,0x0d4a11d5eeaac28ec3f61d100daf4d40471f1852,0xc02aaa39b223fe8d0a0e5c4f27ead9083c756cc2,0xdac17f958d2ee523a2206206994597c13d831ec7,3916054369949262429816,7388265102702,carried_forward,sync_log,25545900,0xd3eed5ffa8894b6af63653264e88742d85246b9ba190185208c716eeae1a292b,1074,True
1,25545910,WETH_USDC,0xb4e16d0168e52d35cacd2c6185b44281ec28c9dc,0xa0b86991c6218b36c1d19d4a2e9eb0ce3606eb48,0xc02aaa39b223fe8d0a0e5c4f27ead9083c756cc2,8801082591309,4668723339338259317756,carried_forward,sync_log,25545899,0x53551b08a84470c9b53d9e1d93636d5d5f06f96f8a8e206197260638123b4bab,36,True
1,25545911,USDC_USDT,0x3041cbd36888becc7bbcbc0045e3b1f144466f5f,0xa0b86991c6218b36c1d19d4a2e9eb0ce3606eb48,0xdac17f958d2ee523a2206206994597c13d831ec7,1667842652774,1665686203530,carried_forward,sync_log,25545842,0xcdcb299e565dd0b806b3ab09aa602f26c5d899db983f6c0f5fdebbb67cf449f7,64,True
1,25545911,USDT_WETH,0x0d4a11d5eeaac28ec3f61d100daf4d40471f1852,0xc02aaa39b223fe8d0a0e5c4f27ead9083c756cc2,0xdac17f958d2ee523a2206206994597c13d831ec7,3916054369949262429816,7388265102702,carried_forward,sync_log,25545900,0xd3eed5ffa8894b6af63653264e88742d85246b9ba190185208c716eeae1a292b,1074,True
1,25545911,WETH_USDC,0xb4e16d0168e52d35cacd2c6185b44281ec28c9dc,0xa0b86991c6218b36c1d19d4a2e9eb0ce3606eb48,0xc02aaa39b223fe8d0a0e5c4f27ead9083c756cc2,8801082591309,4668723339338259317756,carried_forward,sync_log,25545899,0x53551b08a84470c9b53d9e1d93636d5d5f06f96f8a8e206197260638123b4bab,36,True
1,25545912,USDC_USDT,0x3041cbd36888becc7bbcbc0045e3b1f144466f5f,0xa0b86991c6218b36c1d19d4a2e9eb0ce3606eb48,0xdac17f958d2ee523a2206206994597c13d831ec7,1667842652774,1665686203530,carried_forward,sync_log,25545842,0xcdcb299e565dd0b806b3ab09aa602f26c5d899db983f6c0f5fdebbb67cf449f7,64,True
1,25545912,USDT_WETH,0x0d4a11d5eeaac28ec3f61d100daf4d40471f1852,0xc02aaa39b223fe8d0a0e5c4f27ead9083c756cc2,0xdac17f958d2ee523a2206206994597c13d831ec7,3916054369949262429816,7388265102702,carried_forward,sync_log,25545900,0xd3eed5ffa8894b6af63653264e88742d85246b9ba190185208c716eeae1a292b,1074,True
1,25545912,WETH_USDC,0xb4e16d0168e52d35cacd2c6185b44281ec28c9dc,0xa0b86991c6218b36c1d19d4a2e9eb0ce3606eb48,0xc02aaa39b223fe8d0a0e5c4f27ead9083c756cc2,8801082591309,4668723339338259317756,carried_forward,sync_log,25545899,0x53551b08a84470c9b53d9e1d93636d5d5f06f96f8a8e206197260638123b4bab,36,True
1,25545913,USDC_USDT,0x3041cbd36888becc7bbcbc0045e3b1f144466f5f,0xa0b86991c6218b36c1d19d4a2e9eb0ce3606eb48,0xdac17f958d2ee523a2206206994597c13d831ec7,1667842652774,1665686203530,carried_forward,sync_log,25545842,0xcdcb299e565dd0b806b3ab09aa602f26c5d899db983f6c0f5fdebbb67cf449f7,64,True
1,25545913,USDT_WETH,0x0d4a11d5eeaac28ec3f61d100daf4d40471f1852,0xc02aaa39b223fe8d0a0e5c4f27ead9083c756cc2,0xdac17f958d2ee523a2206206994597c13d831ec7,3916026362461016728742,7388318102702,observed_sync,sync_log,25545913,0xefe9238c873a412d6f0dfc2e39ab3824b4c7158960a169068401af9313c2017e,359,True
1,25545913,WETH_USDC,0xb4e16d0168e52d35cacd2c6185b44281ec28c9dc,0xa0b86991c6218b36c1d19d4a2e9eb0ce3606eb48,0xc02aaa39b223fe8d0a0e5c4f27ead9083c756cc2,8801082591309,4668723339338259317756,carried_forward,sync_log,25545899,0x53551b08a84470c9b53d9e1d93636d5d5f06f96f8a8e206197260638123b4bab,36,True
1,25545914,USDC_USDT,0x3041cbd36888becc7bbcbc0045e3b1f144466f5f,0xa0b86991c6218b36c1d19d4a2e9eb0ce3606eb48,0xdac17f958d2ee523a2206206994597c13d831ec7,1667842652774,1665686203530,carried_forward,sync_log,25545842,0xcdcb299e565dd0b806b3ab09aa602f26c5d899db983f6c0f5fdebbb67cf449f7,64,True
1,25545914,USDT_WETH,0x0d4a11d5eeaac28ec3f61d100daf4d40471f1852,0xc02aaa39b223fe8d0a0e5c4f27ead9083c756cc2,0xdac17f958d2ee523a2206206994597c13d831ec7,3916026362461016728742,7388318102702,carried_forward,sync_log,25545913,0xefe9238c873a412d6f0dfc2e39ab3824b4c7158960a169068401af9313c2017e,359,True
1,25545914,WETH_USDC,0xb4e16d0168e52d35cacd2c6185b44281ec28c9dc,0xa0b86991c6218b36c1d19d4a2e9eb0ce3606eb48,0xc02aaa39b223fe8d0a0e5c4f27ead9083c756cc2,8801082591309,4668723339338259317756,carried_forward,sync_log,25545899,0x53551b08a84470c9b53d9e1d93636d5d5f06f96f8a8e206197260638123b4bab,36,True
1,25545915,USDC_USDT,0x3041cbd36888becc7bbcbc0045e3b1f144466f5f,0xa0b86991c6218b36c1d19d4a2e9eb0ce3606eb48,0xdac17f958d2ee523a2206206994597c13d831ec7,1667842652774,1665686203530,carried_forward,sync_log,25545842,0xcdcb299e565dd0b806b3ab09aa602f26c5d899db983f6c0f5fdebbb67cf449f7,64,True
1,25545915,USDT_WETH,0x0d4a11d5eeaac28ec3f61d100daf4d40471f1852,0xc02aaa39b223fe8d0a0e5c4f27ead9083c756cc2,0xdac17f958d2ee523a2206206994597c13d831ec7,3916026362461016728742,7388318102702,carried_forward,sync_log,25545913,0xefe9238c873a412d6f0dfc2e39ab3824b4c7158960a169068401af9313c2017e,359,True
1,25545915,WETH_USDC,0xb4e16d0168e52d35cacd2c6185b44281ec28c9dc,0xa0b86991c6218b36c1d19d4a2e9eb0ce3606eb48,0xc02aaa39b223fe8d0a0e5c4f27ead9083c756cc2,8801082591309,4668723339338259317756,carried_forward,sync_log,25545899,0x53551b08a84470c9b53d9e1d93636d5d5f06f96f8a8e206197260638123b4bab,36,True
1,25545916,USDC_USDT,0x3041cbd36888becc7bbcbc0045e3b1f144466f5f,0xa0b86991c6218b36c1d19d4a2e9eb0ce3606eb48,0xdac17f958d2ee523a2206206994597c13d831ec7,1667842652774,1665686203530,carried_forward,sync_log,25545842,0xcdcb299e565dd0b806b3ab09aa602f26c5d899db983f6c0f5fdebbb67cf449f7,64,True
1,25545916,USDT_WETH,0x0d4a11d5eeaac28ec3f61d100daf4d40471f1852,0xc02aaa39b223fe8d0a0e5c4f27ead9083c756cc2,0xdac17f958d2ee523a2206206994597c13d831ec7,3916026362461016728742,7388318102702,carried_forward,sync_log,25545913,0xefe9238c873a412d6f0dfc2e39ab3824b4c7158960a169068401af9313c2017e,359,True
1,25545916,WETH_USDC,0xb4e16d0168e52d35cacd2c6185b44281ec28c9dc,0xa0b86991c6218b36c1d19d4a2e9eb0ce3606eb48,0xc02aaa39b223fe8d0a0e5c4f27ead9083c756cc2,8801082591309,4668723339338259317756,carried_forward,sync_log,25545899,0x53551b08a84470c9b53d9e1d93636d5d5f06f96f8a8e206197260638123b4bab,36,True
1,25545917,USDC_USDT,0x3041cbd36888becc7bbcbc0045e3b1f144466f5f,0xa0b86991c6218b36c1d19d4a2e9eb0ce3606eb48,0xdac17f958d2ee523a2206206994597c13d831ec7,1667842652774,1665686203530,carried_forward,sync_log,25545842,0xcdcb299e565dd0b806b3ab09aa602f26c5d899db983f6c0f5fdebbb67cf449f7,64,True
1,25545917,USDT_WETH,0x0d4a11d5eeaac28ec3f61d100daf4d40471f1852,0xc02aaa39b223fe8d0a0e5c4f27ead9083c756cc2,0xdac17f958d2ee523a2206206994597c13d831ec7,3916026362461016728742,7388318102702,carried_forward,sync_log,25545913,0xefe9238c873a412d6f0dfc2e39ab3824b4c7158960a169068401af9313c2017e,359,True
1,25545917,WETH_USDC,0xb4e16d0168e52d35cacd2c6185b44281ec28c9dc,0xa0b86991c6218b36c1d19d4a2e9eb0ce3606eb48,0xc02aaa39b223fe8d0a0e5c4f27ead9083c756cc2,8801082591309,4668723339338259317756,carried_forward,sync_log,25545899,0x53551b08a84470c9b53d9e1d93636d5d5f06f96f8a8e206197260638123b4bab,36,True
1,25545918,USDC_USDT,0x3041cbd36888becc7bbcbc0045e3b1f144466f5f,0xa0b86991c6218b36c1d19d4a2e9eb0ce3606eb48,0xdac17f958d2ee523a2206206994597c13d831ec7,1667842652774,1665686203530,carried_forward,sync_log,25545842,0xcdcb299e565dd0b806b3ab09aa602f26c5d899db983f6c0f5fdebbb67cf449f7,64,True
1,25545918,USDT_WETH,0x0d4a11d5eeaac28ec3f61d100daf4d40471f1852,0xc02aaa39b223fe8d0a0e5c4f27ead9083c756cc2,0xdac17f958d2ee523a2206206994597c13d831ec7,3916026362461016728742,7388318102702,carried_forward,sync_log,25545913,0xefe9238c873a412d6f0dfc2e39ab3824b4c7158960a169068401af9313c2017e,359,True
1,25545918,WETH_USDC,0xb4e16d0168e52d35cacd2c6185b44281ec28c9dc,0xa0b86991c6218b36c1d19d4a2e9eb0ce3606eb48,0xc02aaa39b223fe8d0a0e5c4f27ead9083c756cc2,8801082591309,4668723339338259317756,carried_forward,sync_log,25545899,0x53551b08a84470c9b53d9e1d93636d5d5f06f96f8a8e206197260638123b4bab,36,True
1,25545919,USDC_USDT,0x3041cbd36888becc7bbcbc0045e3b1f144466f5f,0xa0b86991c6218b36c1d19d4a2e9eb0ce3606eb48,0xdac17f958d2ee523a2206206994597c13d831ec7,1667842652774,1665686203530,carried_forward,sync_log,25545842,0xcdcb299e565dd0b806b3ab09aa602f26c5d899db983f6c0f5fdebbb67cf449f7,64,True
1,25545919,USDT_WETH,0x0d4a11d5eeaac28ec3f61d100daf4d40471f1852,0xc02aaa39b223fe8d0a0e5c4f27ead9083c756cc2,0xdac17f958d2ee523a2206206994597c13d831ec7,3916026362461016728742,7388318102702,carried_forward,sync_log,25545913,0xefe9238c873a412d6f0dfc2e39ab3824b4c7158960a169068401af9313c2017e,359,True
1,25545919,WETH_USDC,0xb4e16d0168e52d35cacd2c6185b44281ec28c9dc,0xa0b86991c6218b36c1d19d4a2e9eb0ce3606eb48,0xc02aaa39b223fe8d0a0e5c4f27ead9083c756cc2,8801082591309,4668723339338259317756,carried_forward,sync_log,25545899,0x53551b08a84470c9b53d9e1d93636d5d5f06f96f8a8e206197260638123b4bab,36,True
1,25545920,USDC_USDT,0x3041cbd36888becc7bbcbc0045e3b1f144466f5f,0xa0b86991c6218b36c1d19d4a2e9eb0ce3606eb48,0xdac17f958d2ee523a2206206994597c13d831ec7,1667842652774,1665686203530,carried_forward,sync_log,25545842,0xcdcb299e565dd0b806b3ab09aa602f26c5d899db983f6c0f5fdebbb67cf449f7,64,True
1,25545920,USDT_WETH,0x0d4a11d5eeaac28ec3f61d100daf4d40471f1852,0xc02aaa39b223fe8d0a0e5c4f27ead9083c756cc2,0xdac17f958d2ee523a2206206994597c13d831ec7,3916026362461016728742,7388318102702,carried_forward,sync_log,25545913,0xefe9238c873a412d6f0dfc2e39ab3824b4c7158960a169068401af9313c2017e,359,True
1,25545920,WETH_USDC,0xb4e16d0168e52d35cacd2c6185b44281ec28c9dc,0xa0b86991c6218b36c1d19d4a2e9eb0ce3606eb48,0xc02aaa39b223fe8d0a0e5c4f27ead9083c756cc2,8801082591309,4668723339338259317756,carried_forward,sync_log,25545899,0x53551b08a84470c9b53d9e1d93636d5d5f06f96f8a8e206197260638123b4bab,36,True
1,25545921,USDC_USDT,0x3041cbd36888becc7bbcbc0045e3b1f144466f5f,0xa0b86991c6218b36c1d19d4a2e9eb0ce3606eb48,0xdac17f958d2ee523a2206206994597c13d831ec7,1667842652774,1665686203530,carried_forward,sync_log,25545842,0xcdcb299e565dd0b806b3ab09aa602f26c5d899db983f6c0f5fdebbb67cf449f7,64,True
1,25545921,USDT_WETH,0x0d4a11d5eeaac28ec3f61d100daf4d40471f1852,0xc02aaa39b223fe8d0a0e5c4f27ead9083c756cc2,0xdac17f958d2ee523a2206206994597c13d831ec7,3916026362461016728742,7388318102702,carried_forward,sync_log,25545913,0xefe9238c873a412d6f0dfc2e39ab3824b4c7158960a169068401af9313c2017e,359,True
1,25545921,WETH_USDC,0xb4e16d0168e52d35cacd2c6185b44281ec28c9dc,0xa0b86991c6218b36c1d19d4a2e9eb0ce3606eb48,0xc02aaa39b223fe8d0a0e5c4f27ead9083c756cc2,8801082591309,4668723339338259317756,carried_forward,sync_log,25545899,0x53551b08a84470c9b53d9e1d93636d5d5f06f96f8a8e206197260638123b4bab,36,True
1,25545922,USDC_USDT,0x3041cbd36888becc7bbcbc0045e3b1f144466f5f,0xa0b86991c6218b36c1d19d4a2e9eb0ce3606eb48,0xdac17f958d2ee523a2206206994597c13d831ec7,1667842652774,1665686203530,carried_forward,sync_log,25545842,0xcdcb299e565dd0b806b3ab09aa602f26c5d899db983f6c0f5fdebbb67cf449f7,64,True
1,25545922,USDT_WETH,0x0d4a11d5eeaac28ec3f61d100daf4d40471f1852,0xc02aaa39b223fe8d0a0e5c4f27ead9083c756cc2,0xdac17f958d2ee523a2206206994597c13d831ec7,3916026362461016728742,7388318102702,carried_forward,sync_log,25545913,0xefe9238c873a412d6f0dfc2e39ab3824b4c7158960a169068401af9313c2017e,359,True
1,25545922,WETH_USDC,0xb4e16d0168e52d35cacd2c6185b44281ec28c9dc,0xa0b86991c6218b36c1d19d4a2e9eb0ce3606eb48,0xc02aaa39b223fe8d0a0e5c4f27ead9083c756cc2,8801082591309,4668723339338259317756,carried_forward,sync_log,25545899,0x53551b08a84470c9b53d9e1d93636d5d5f06f96f8a8e206197260638123b4bab,36,True
1,25545923,USDC_USDT,0x3041cbd36888becc7bbcbc0045e3b1f144466f5f,0xa0b86991c6218b36c1d19d4a2e9eb0ce3606eb48,0xdac17f958d2ee523a2206206994597c13d831ec7,1667842652774,1665686203530,carried_forward,sync_log,25545842,0xcdcb299e565dd0b806b3ab09aa602f26c5d899db983f6c0f5fdebbb67cf449f7,64,True
1,25545923,USDT_WETH,0x0d4a11d5eeaac28ec3f61d100daf4d40471f1852,0xc02aaa39b223fe8d0a0e5c4f27ead9083c756cc2,0xdac17f958d2ee523a2206206994597c13d831ec7,3916026362461016728742,7388318102702,carried_forward,sync_log,25545913,0xefe9238c873a412d6f0dfc2e39ab3824b4c7158960a169068401af9313c2017e,359,True
1,25545923,WETH_USDC,0xb4e16d0168e52d35cacd2c6185b44281ec28c9dc,0xa0b86991c6218b36c1d19d4a2e9eb0ce3606eb48,0xc02aaa39b223fe8d0a0e5c4f27ead9083c756cc2,8801082591309,4668723339338259317756,carried_forward,sync_log,25545899,0x53551b08a84470c9b53d9e1d93636d5d5f06f96f8a8e206197260638123b4bab,36,True
1,25545924,USDC_USDT,0x3041cbd36888becc7bbcbc0045e3b1f144466f5f,0xa0b86991c6218b36c1d19d4a2e9eb0ce3606eb48,0xdac17f958d2ee523a2206206994597c13d831ec7,1667842652774,1665686203530,carried_forward,sync_log,25545842,0xcdcb299e565dd0b806b3ab09aa602f26c5d899db983f6c0f5fdebbb67cf449f7,64,True
1,25545924,USDT_WETH,0x0d4a11d5eeaac28ec3f61d100daf4d40471f1852,0xc02aaa39b223fe8d0a0e5c4f27ead9083c756cc2,0xdac17f958d2ee523a2206206994597c13d831ec7,3916026362461016728742,7388318102702,carried_forward,sync_log,25545913,0xefe9238c873a412d6f0dfc2e39ab3824b4c7158960a169068401af9313c2017e,359,True
1,25545924,WETH_USDC,0xb4e16d0168e52d35cacd2c6185b44281ec28c9dc,0xa0b86991c6218b36c1d19d4a2e9eb0ce3606eb48,0xc02aaa39b223fe8d0a0e5c4f27ead9083c756cc2,8801082591309,4668723339338259317756,carried_forward,sync_log,25545899,0x53551b08a84470c9b53d9e1d93636d5d5f06f96f8a8e206197260638123b4bab,36,True
1,25545925,USDC_USDT,0x3041cbd36888becc7bbcbc0045e3b1f144466f5f,0xa0b86991c6218b36c1d19d4a2e9eb0ce3606eb48,0xdac17f958d2ee523a2206206994597c13d831ec7,1667842652774,1665686203530,carried_forward,sync_log,25545842,0xcdcb299e565dd0b806b3ab09aa602f26c5d899db983f6c0f5fdebbb67cf449f7,64,True
1,25545925,USDT_WETH,0x0d4a11d5eeaac28ec3f61d100daf4d40471f1852,0xc02aaa39b223fe8d0a0e5c4f27ead9083c756cc2,0xdac17f958d2ee523a2206206994597c13d831ec7,3916026362461016728742,7388318102702,carried_forward,sync_log,25545913,0xefe9238c873a412d6f0dfc2e39ab3824b4c7158960a169068401af9313c2017e,359,True
1,25545925,WETH_USDC,0xb4e16d0168e52d35cacd2c6185b44281ec28c9dc,0xa0b86991c6218b36c1d19d4a2e9eb0ce3606eb48,0xc02aaa39b223fe8d0a0e5c4f27ead9083c756cc2,8801082591309,4668723339338259317756,carried_forward,sync_log,25545899,0x53551b08a84470c9b53d9e1d93636d5d5f06f96f8a8e206197260638123b4bab,36,True
1,25545926,USDC_USDT,0x3041cbd36888becc7bbcbc0045e3b1f144466f5f,0xa0b86991c6218b36c1d19d4a2e9eb0ce3606eb48,0xdac17f958d2ee523a2206206994597c13d831ec7,1667842652774,1665686203530,carried_forward,sync_log,25545842,0xcdcb299e565dd0b806b3ab09aa602f26c5d899db983f6c0f5fdebbb67cf449f7,64,True
1,25545926,USDT_WETH,0x0d4a11d5eeaac28ec3f61d100daf4d40471f1852,0xc02aaa39b223fe8d0a0e5c4f27ead9083c756cc2,0xdac17f958d2ee523a2206206994597c13d831ec7,3916026362461016728742,7388318102702,carried_forward,sync_log,25545913,0xefe9238c873a412d6f0dfc2e39ab3824b4c7158960a169068401af9313c2017e,359,True
1,25545926,WETH_USDC,0xb4e16d0168e52d35cacd2c6185b44281ec28c9dc,0xa0b86991c6218b36c1d19d4a2e9eb0ce3606eb48,0xc02aaa39b223fe8d0a0e5c4f27ead9083c756cc2,8801091728602,4668718506811109959632,observed_sync,sync_log,25545926,0xa459ca3414184e13f935e4ae7d9227498afa9e9c79d3c2e3867b7d0610e6b5d3,467,True
1,25545927,USDC_USDT,0x3041cbd36888becc7bbcbc0045e3b1f144466f5f,0xa0b86991c6218b36c1d19d4a2e9eb0ce3606eb48,0xdac17f958d2ee523a2206206994597c13d831ec7,1667842652774,1665686203530,carried_forward,sync_log,25545842,0xcdcb299e565dd0b806b3ab09aa602f26c5d899db983f6c0f5fdebbb67cf449f7,64,True
1,25545927,USDT_WETH,0x0d4a11d5eeaac28ec3f61d100daf4d40471f1852,0xc02aaa39b223fe8d0a0e5c4f27ead9083c756cc2,0xdac17f958d2ee523a2206206994597c13d831ec7,3916026362461016728742,7388318102702,carried_forward,sync_log,25545913,0xefe9238c873a412d6f0dfc2e39ab3824b4c7158960a169068401af9313c2017e,359,True
1,25545927,WETH_USDC,0xb4e16d0168e52d35cacd2c6185b44281ec28c9dc,0xa0b86991c6218b36c1d19d4a2e9eb0ce3606eb48,0xc02aaa39b223fe8d0a0e5c4f27ead9083c756cc2,8801091728602,4668718506811109959632,carried_forward,sync_log,25545926,0xa459ca3414184e13f935e4ae7d9227498afa9e9c79d3c2e3867b7d0610e6b5d3,467,True
1,25545928,USDC_USDT,0x3041cbd36888becc7bbcbc0045e3b1f144466f5f,0xa0b86991c6218b36c1d19d4a2e9eb0ce3606eb48,0xdac17f958d2ee523a2206206994597c13d831ec7,1667842652774,1665686203530,carried_forward,sync_log,25545842,0xcdcb299e565dd0b806b3ab09aa602f26c5d899db983f6c0f5fdebbb67cf449f7,64,True
1,25545928,USDT_WETH,0x0d4a11d5eeaac28ec3f61d100daf4d40471f1852,0xc02aaa39b223fe8d0a0e5c4f27ead9083c756cc2,0xdac17f958d2ee523a2206206994597c13d831ec7,3916026362461016728742,7388318102702,carried_forward,sync_log,25545913,0xefe9238c873a412d6f0dfc2e39ab3824b4c7158960a169068401af9313c2017e,359,True
1,25545928,WETH_USDC,0xb4e16d0168e52d35cacd2c6185b44281ec28c9dc,0xa0b86991c6218b36c1d19d4a2e9eb0ce3606eb48,0xc02aaa39b223fe8d0a0e5c4f27ead9083c756cc2,8801091728602,4668718506811109959632,carried_forward,sync_log,25545926,0xa459ca3414184e13f935e4ae7d9227498afa9e9c79d3c2e3867b7d0610e6b5d3,467,True
1,25545929,USDC_USDT,0x3041cbd36888becc7bbcbc0045e3b1f144466f5f,0xa0b86991c6218b36c1d19d4a2e9eb0ce3606eb48,0xdac17f958d2ee523a2206206994597c13d831ec7,1667842652774,1665686203530,carried_forward,sync_log,25545842,0xcdcb299e565dd0b806b3ab09aa602f26c5d899db983f6c0f5fdebbb67cf449f7,64,True
1,25545929,USDT_WETH,0x0d4a11d5eeaac28ec3f61d100daf4d40471f1852,0xc02aaa39b223fe8d0a0e5c4f27ead9083c756cc2,0xdac17f958d2ee523a2206206994597c13d831ec7,3916026362461016728742,7388318102702,carried_forward,sync_log,25545913,0xefe9238c873a412d6f0dfc2e39ab3824b4c7158960a169068401af9313c2017e,359,True
1,25545929,WETH_USDC,0xb4e16d0168e52d35cacd2c6185b44281ec28c9dc,0xa0b86991c6218b36c1d19d4a2e9eb0ce3606eb48,0xc02aaa39b223fe8d0a0e5c4f27ead9083c756cc2,8801091728602,4668718506811109959632,carried_forward,sync_log,25545926,0xa459ca3414184e13f935e4ae7d9227498afa9e9c79d3c2e3867b7d0610e6b5d3,467,True
1,25545930,USDC_USDT,0x3041cbd36888becc7bbcbc0045e3b1f144466f5f,0xa0b86991c6218b36c1d19d4a2e9eb0ce3606eb48,0xdac17f958d2ee523a2206206994597c13d831ec7,1667842652774,1665686203530,carried_forward,sync_log,25545842,0xcdcb299e565dd0b806b3ab09aa602f26c5d899db983f6c0f5fdebbb67cf449f7,64,True
1,25545930,USDT_WETH,0x0d4a11d5eeaac28ec3f61d100daf4d40471f1852,0xc02aaa39b223fe8d0a0e5c4f27ead9083c756cc2,0xdac17f958d2ee523a2206206994597c13d831ec7,3916026362461016728742,7388318102702,carried_forward,sync_log,25545913,0xefe9238c873a412d6f0dfc2e39ab3824b4c7158960a169068401af9313c2017e,359,True
1,25545930,WETH_USDC,0xb4e16d0168e52d35cacd2c6185b44281ec28c9dc,0xa0b86991c6218b36c1d19d4a2e9eb0ce3606eb48,0xc02aaa39b223fe8d0a0e5c4f27ead9083c756cc2,8801091728602,4668718506811109959632,carried_forward,sync_log,25545926,0xa459ca3414184e13f935e4ae7d9227498afa9e9c79d3c2e3867b7d0610e6b5d3,467,True
1,25545931,USDC_USDT,0x3041cbd36888becc7bbcbc0045e3b1f144466f5f,0xa0b86991c6218b36c1d19d4a2e9eb0ce3606eb48,0xdac17f958d2ee523a2206206994597c13d831ec7,1667842652774,1665686203530,carried_forward,sync_log,25545842,0xcdcb299e565dd0b806b3ab09aa602f26c5d899db983f6c0f5fdebbb67cf449f7,64,True
1,25545931,USDT_WETH,0x0d4a11d5eeaac28ec3f61d100daf4d40471f1852,0xc02aaa39b223fe8d0a0e5c4f27ead9083c756cc2,0xdac17f958d2ee523a2206206994597c13d831ec7,3916026362461016728742,7388318102702,carried_forward,sync_log,25545913,0xefe9238c873a412d6f0dfc2e39ab3824b4c7158960a169068401af9313c2017e,359,True
1,25545931,WETH_USDC,0xb4e16d0168e52d35cacd2c6185b44281ec28c9dc,0xa0b86991c6218b36c1d19d4a2e9eb0ce3606eb48,0xc02aaa39b223fe8d0a0e5c4f27ead9083c756cc2,8801091728602,4668718506811109959632,carried_forward,sync_log,25545926,0xa459ca3414184e13f935e4ae7d9227498afa9e9c79d3c2e3867b7d0610e6b5d3,467,True
1,25545932,USDC_USDT,0x3041cbd36888becc7bbcbc0045e3b1f144466f5f,0xa0b86991c6218b36c1d19d4a2e9eb0ce3606eb48,0xdac17f958d2ee523a2206206994597c13d831ec7,1667842652774,1665686203530,carried_forward,sync_log,25545842,0xcdcb299e565dd0b806b3ab09aa602f26c5d899db983f6c0f5fdebbb67cf449f7,64,True
1,25545932,USDT_WETH,0x0d4a11d5eeaac28ec3f61d100daf4d40471f1852,0xc02aaa39b223fe8d0a0e5c4f27ead9083c756cc2,0xdac17f958d2ee523a2206206994597c13d831ec7,3916026362461016728742,7388318102702,carried_forward,sync_log,25545913,0xefe9238c873a412d6f0dfc2e39ab3824b4c7158960a169068401af9313c2017e,359,True
1,25545932,WETH_USDC,0xb4e16d0168e52d35cacd2c6185b44281ec28c9dc,0xa0b86991c6218b36c1d19d4a2e9eb0ce3606eb48,0xc02aaa39b223fe8d0a0e5c4f27ead9083c756cc2,8801096432590,4668716018972095601184,observed_sync,sync_log,25545932,0x18dc5a8ba2cc1d876f90f9c0790b961d39f21f4be48114d6d79a44a6048cce1d,293,True
1,25545933,USDC_USDT,0x3041cbd36888becc7bbcbc0045e3b1f144466f5f,0xa0b86991c6218b36c1d19d4a2e9eb0ce3606eb48,0xdac17f958d2ee523a2206206994597c13d831ec7,1667842652774,1665686203530,carried_forward,sync_log,25545842,0xcdcb299e565dd0b806b3ab09aa602f26c5d899db983f6c0f5fdebbb67cf449f7,64,True
1,25545933,USDT_WETH,0x0d4a11d5eeaac28ec3f61d100daf4d40471f1852,0xc02aaa39b223fe8d0a0e5c4f27ead9083c756cc2,0xdac17f958d2ee523a2206206994597c13d831ec7,3916026362461016728742,7388318102702,carried_forward,sync_log,25545913,0xefe9238c873a412d6f0dfc2e39ab3824b4c7158960a169068401af9313c2017e,359,True
1,25545933,WETH_USDC,0xb4e16d0168e52d35cacd2c6185b44281ec28c9dc,0xa0b86991c6218b36c1d19d4a2e9eb0ce3606eb48,0xc02aaa39b223fe8d0a0e5c4f27ead9083c756cc2,8801096432590,4668716018972095601184,carried_forward,sync_log,25545932,0x18dc5a8ba2cc1d876f90f9c0790b961d39f21f4be48114d6d79a44a6048cce1d,293,True
1,25545934,USDC_USDT,0x3041cbd36888becc7bbcbc0045e3b1f144466f5f,0xa0b86991c6218b36c1d19d4a2e9eb0ce3606eb48,0xdac17f958d2ee523a2206206994597c13d831ec7,1667842652774,1665686203530,carried_forward,sync_log,25545842,0xcdcb299e565dd0b806b3ab09aa602f26c5d899db983f6c0f5fdebbb67cf449f7,64,True
1,25545934,USDT_WETH,0x0d4a11d5eeaac28ec3f61d100daf4d40471f1852,0xc02aaa39b223fe8d0a0e5c4f27ead9083c756cc2,0xdac17f958d2ee523a2206206994597c13d831ec7,3916026362461016728742,7388318102702,carried_forward,sync_log,25545913,0xefe9238c873a412d6f0dfc2e39ab3824b4c7158960a169068401af9313c2017e,359,True
1,25545934,WETH_USDC,0xb4e16d0168e52d35cacd2c6185b44281ec28c9dc,0xa0b86991c6218b36c1d19d4a2e9eb0ce3606eb48,0xc02aaa39b223fe8d0a0e5c4f27ead9083c756cc2,8801096432590,4668716018972095601184,carried_forward,sync_log,25545932,0x18dc5a8ba2cc1d876f90f9c0790b961d39f21f4be48114d6d79a44a6048cce1d,293,True
1,25545935,USDC_USDT,0x3041cbd36888becc7bbcbc0045e3b1f144466f5f,0xa0b86991c6218b36c1d19d4a2e9eb0ce3606eb48,0xdac17f958d2ee523a2206206994597c13d831ec7,1667842652774,1665686203530,carried_forward,sync_log,25545842,0xcdcb299e565dd0b806b3ab09aa602f26c5d899db983f6c0f5fdebbb67cf449f7,64,True
1,25545935,USDT_WETH,0x0d4a11d5eeaac28ec3f61d100daf4d40471f1852,0xc02aaa39b223fe8d0a0e5c4f27ead9083c756cc2,0xdac17f958d2ee523a2206206994597c13d831ec7,3916026362461016728742,7388318102702,carried_forward,sync_log,25545913,0xefe9238c873a412d6f0dfc2e39ab3824b4c7158960a169068401af9313c2017e,359,True
1,25545935,WETH_USDC,0xb4e16d0168e52d35cacd2c6185b44281ec28c9dc,0xa0b86991c6218b36c1d19d4a2e9eb0ce3606eb48,0xc02aaa39b223fe8d0a0e5c4f27ead9083c756cc2,8801096432590,4668716018972095601184,carried_forward,sync_log,25545932,0x18dc5a8ba2cc1d876f90f9c0790b961d39f21f4be48114d6d79a44a6048cce1d,293,True
1,25545936,USDC_USDT,0x3041cbd36888becc7bbcbc0045e3b1f144466f5f,0xa0b86991c6218b36c1d19d4a2e9eb0ce3606eb48,0xdac17f958d2ee523a2206206994597c13d831ec7,1667842652774,1665686203530,carried_forward,sync_log,25545842,0xcdcb299e565dd0b806b3ab09aa602f26c5d899db983f6c0f5fdebbb67cf449f7,64,True
1,25545936,USDT_WETH,0x0d4a11d5eeaac28ec3f61d100daf4d40471f1852,0xc02aaa39b223fe8d0a0e5c4f27ead9083c756cc2,0xdac17f958d2ee523a2206206994597c13d831ec7,3916026362461016728742,7388318102702,carried_forward,sync_log,25545913,0xefe9238c873a412d6f0dfc2e39ab3824b4c7158960a169068401af9313c2017e,359,True
1,25545936,WETH_USDC,0xb4e16d0168e52d35cacd2c6185b44281ec28c9dc,0xa0b86991c6218b36c1d19d4a2e9eb0ce3606eb48,0xc02aaa39b223fe8d0a0e5c4f27ead9083c756cc2,8801096432590,4668716018972095601184,carried_forward,sync_log,25545932,0x18dc5a8ba2cc1d876f90f9c0790b961d39f21f4be48114d6d79a44a6048cce1d,293,True
1,25545937,USDC_USDT,0x3041cbd36888becc7bbcbc0045e3b1f144466f5f,0xa0b86991c6218b36c1d19d4a2e9eb0ce3606eb48,0xdac17f958d2ee523a2206206994597c13d831ec7,1667842652774,1665686203530,carried_forward,sync_log,25545842,0xcdcb299e565dd0b806b3ab09aa602f26c5d899db983f6c0f5fdebbb67cf449f7,64,True
1,25545937,USDT_WETH,0x0d4a11d5eeaac28ec3f61d100daf4d40471f1852,0xc02aaa39b223fe8d0a0e5c4f27ead9083c756cc2,0xdac17f958d2ee523a2206206994597c13d831ec7,3916026362461016728742,7388318102702,carried_forward,sync_log,25545913,0xefe9238c873a412d6f0dfc2e39ab3824b4c7158960a169068401af9313c2017e,359,True
1,25545937,WETH_USDC,0xb4e16d0168e52d35cacd2c6185b44281ec28c9dc,0xa0b86991c6218b36c1d19d4a2e9eb0ce3606eb48,0xc02aaa39b223fe8d0a0e5c4f27ead9083c756cc2,8801096432590,4668716018972095601184,carried_forward,sync_log,25545932,0x18dc5a8ba2cc1d876f90f9c0790b961d39f21f4be48114d6d79a44a6048cce1d,293,True
1,25545938,USDC_USDT,0x3041cbd36888becc7bbcbc0045e3b1f144466f5f,0xa0b86991c6218b36c1d19d4a2e9eb0ce3606eb48,0xdac17f958d2ee523a2206206994597c13d831ec7,1667842652774,1665686203530,carried_forward,sync_log,25545842,0xcdcb299e565dd0b806b3ab09aa602f26c5d899db983f6c0f5fdebbb67cf449f7,64,True
1,25545938,USDT_WETH,0x0d4a11d5eeaac28ec3f61d100daf4d40471f1852,0xc02aaa39b223fe8d0a0e5c4f27ead9083c756cc2,0xdac17f958d2ee523a2206206994597c13d831ec7,3916026362461016728742,7388318102702,carried_forward,sync_log,25545913,0xefe9238c873a412d6f0dfc2e39ab3824b4c7158960a169068401af9313c2017e,359,True
1,25545938,WETH_USDC,0xb4e16d0168e52d35cacd2c6185b44281ec28c9dc,0xa0b86991c6218b36c1d19d4a2e9eb0ce3606eb48,0xc02aaa39b223fe8d0a0e5c4f27ead9083c756cc2,8801096432590,4668716018972095601184,carried_forward,sync_log,25545932,0x18dc5a8ba2cc1d876f90f9c0790b961d39f21f4be48114d6d79a44a6048cce1d,293,True
1,25545939,USDC_USDT,0x3041cbd36888becc7bbcbc0045e3b1f144466f5f,0xa0b86991c6218b36c1d19d4a2e9eb0ce3606eb48,0xdac17f958d2ee523a2206206994597c13d831ec7,1667842652774,1665686203530,carried_forward,sync_log,25545842,0xcdcb299e565dd0b806b3ab09aa602f26c5d899db983f6c0f5fdebbb67cf449f7,64,True
1,25545939,USDT_WETH,0x0d4a11d5eeaac28ec3f61d100daf4d40471f1852,0xc02aaa39b223fe8d0a0e5c4f27ead9083c756cc2,0xdac17f958d2ee523a2206206994597c13d831ec7,3916026362461016728742,7388318102702,carried_forward,sync_log,25545913,0xefe9238c873a412d6f0dfc2e39ab3824b4c7158960a169068401af9313c2017e,359,True
1,25545939,WETH_USDC,0xb4e16d0168e52d35cacd2c6185b44281ec28c9dc,0xa0b86991c6218b36c1d19d4a2e9eb0ce3606eb48,0xc02aaa39b223fe8d0a0e5c4f27ead9083c756cc2,8801096432590,4668716018972095601184,carried_forward,sync_log,25545932,0x18dc5a8ba2cc1d876f90f9c0790b961d39f21f4be48114d6d79a44a6048cce1d,293,True
1,25545940,USDC_USDT,0x3041cbd36888becc7bbcbc0045e3b1f144466f5f,0xa0b86991c6218b36c1d19d4a2e9eb0ce3606eb48,0xdac17f958d2ee523a2206206994597c13d831ec7,1667842652774,1665686203530,carried_forward,sync_log,25545842,0xcdcb299e565dd0b806b3ab09aa602f26c5d899db983f6c0f5fdebbb67cf449f7,64,True
1,25545940,USDT_WETH,0x0d4a11d5eeaac28ec3f61d100daf4d40471f1852,0xc02aaa39b223fe8d0a0e5c4f27ead9083c756cc2,0xdac17f958d2ee523a2206206994597c13d831ec7,3916026362461016728742,7388318102702,carried_forward,sync_log,25545913,0xefe9238c873a412d6f0dfc2e39ab3824b4c7158960a169068401af9313c2017e,359,True
1,25545940,WETH_USDC,0xb4e16d0168e52d35cacd2c6185b44281ec28c9dc,0xa0b86991c6218b36c1d19d4a2e9eb0ce3606eb48,0xc02aaa39b223fe8d0a0e5c4f27ead9083c756cc2,8801096432590,4668716018972095601184,carried_forward,sync_log,25545932,0x18dc5a8ba2cc1d876f90f9c0790b961d39f21f4be48114d6d79a44a6048cce1d,293,True
1,25545941,USDC_USDT,0x3041cbd36888becc7bbcbc0045e3b1f144466f5f,0xa0b86991c6218b36c1d19d4a2e9eb0ce3606eb48,0xdac17f958d2ee523a2206206994597c13d831ec7,1667842652774,1665686203530,carried_forward,sync_log,25545842,0xcdcb299e565dd0b806b3ab09aa602f26c5d899db983f6c0f5fdebbb67cf449f7,64,True
1,25545941,USDT_WETH,0x0d4a11d5eeaac28ec3f61d100daf4d40471f1852,0xc02aaa39b223fe8d0a0e5c4f27ead9083c756cc2,0xdac17f958d2ee523a2206206994597c13d831ec7,3916026362461016728742,7388318102702,carried_forward,sync_log,25545913,0xefe9238c873a412d6f0dfc2e39ab3824b4c7158960a169068401af9313c2017e,359,True
1,25545941,WETH_USDC,0xb4e16d0168e52d35cacd2c6185b44281ec28c9dc,0xa0b86991c6218b36c1d19d4a2e9eb0ce3606eb48,0xc02aaa39b223fe8d0a0e5c4f27ead9083c756cc2,8801096432590,4668716018972095601184,carried_forward,sync_log,25545932,0x18dc5a8ba2cc1d876f90f9c0790b961d39f21f4be48114d6d79a44a6048cce1d,293,True
1,25545942,USDC_USDT,0x3041cbd36888becc7bbcbc0045e3b1f144466f5f,0xa0b86991c6218b36c1d19d4a2e9eb0ce3606eb48,0xdac17f958d2ee523a2206206994597c13d831ec7,1667842652774,1665686203530,carried_forward,sync_log,25545842,0xcdcb299e565dd0b806b3ab09aa602f26c5d899db983f6c0f5fdebbb67cf449f7,64,True
1,25545942,USDT_WETH,0x0d4a11d5eeaac28ec3f61d100daf4d40471f1852,0xc02aaa39b223fe8d0a0e5c4f27ead9083c756cc2,0xdac17f958d2ee523a2206206994597c13d831ec7,3916026362461016728742,7388318102702,carried_forward,sync_log,25545913,0xefe9238c873a412d6f0dfc2e39ab3824b4c7158960a169068401af9313c2017e,359,True
1,25545942,WETH_USDC,0xb4e16d0168e52d35cacd2c6185b44281ec28c9dc,0xa0b86991c6218b36c1d19d4a2e9eb0ce3606eb48,0xc02aaa39b223fe8d0a0e5c4f27ead9083c756cc2,8801078819592,4668725390269036445911,observed_sync,sync_log,25545942,0xe1c582cfcb21433ab6926d16e213fd6ce708079f5c600f897da5efcfd54abeae,122,True
1,25545943,USDC_USDT,0x3041cbd36888becc7bbcbc0045e3b1f144466f5f,0xa0b86991c6218b36c1d19d4a2e9eb0ce3606eb48,0xdac17f958d2ee523a2206206994597c13d831ec7,1667842652774,1665686203530,carried_forward,sync_log,25545842,0xcdcb299e565dd0b806b3ab09aa602f26c5d899db983f6c0f5fdebbb67cf449f7,64,True
1,25545943,USDT_WETH,0x0d4a11d5eeaac28ec3f61d100daf4d40471f1852,0xc02aaa39b223fe8d0a0e5c4f27ead9083c756cc2,0xdac17f958d2ee523a2206206994597c13d831ec7,3916026362461016728742,7388318102702,carried_forward,sync_log,25545913,0xefe9238c873a412d6f0dfc2e39ab3824b4c7158960a169068401af9313c2017e,359,True
1,25545943,WETH_USDC,0xb4e16d0168e52d35cacd2c6185b44281ec28c9dc,0xa0b86991c6218b36c1d19d4a2e9eb0ce3606eb48,0xc02aaa39b223fe8d0a0e5c4f27ead9083c756cc2,8801078819592,4668725390269036445911,carried_forward,sync_log,25545942,0xe1c582cfcb21433ab6926d16e213fd6ce708079f5c600f897da5efcfd54abeae,122,True
1,25545944,USDC_USDT,0x3041cbd36888becc7bbcbc0045e3b1f144466f5f,0xa0b86991c6218b36c1d19d4a2e9eb0ce3606eb48,0xdac17f958d2ee523a2206206994597c13d831ec7,1667842652774,1665686203530,carried_forward,sync_log,25545842,0xcdcb299e565dd0b806b3ab09aa602f26c5d899db983f6c0f5fdebbb67cf449f7,64,True
1,25545944,USDT_WETH,0x0d4a11d5eeaac28ec3f61d100daf4d40471f1852,0xc02aaa39b223fe8d0a0e5c4f27ead9083c756cc2,0xdac17f958d2ee523a2206206994597c13d831ec7,3916026362461016728742,7388318102702,carried_forward,sync_log,25545913,0xefe9238c873a412d6f0dfc2e39ab3824b4c7158960a169068401af9313c2017e,359,True
1,25545944,WETH_USDC,0xb4e16d0168e52d35cacd2c6185b44281ec28c9dc,0xa0b86991c6218b36c1d19d4a2e9eb0ce3606eb48,0xc02aaa39b223fe8d0a0e5c4f27ead9083c756cc2,8801044108596,4668743858957253335009,observed_sync,sync_log,25545944,0x279deaeb29c08a6c4e3c6f881cd22ded467156c92d11155e958dd5e5d6bc8c1b,159,True
1,25545945,USDC_USDT,0x3041cbd36888becc7bbcbc0045e3b1f144466f5f,0xa0b86991c6218b36c1d19d4a2e9eb0ce3606eb48,0xdac17f958d2ee523a2206206994597c13d831ec7,1667842652774,1665686203530,carried_forward,sync_log,25545842,0xcdcb299e565dd0b806b3ab09aa602f26c5d899db983f6c0f5fdebbb67cf449f7,64,True
1,25545945,USDT_WETH,0x0d4a11d5eeaac28ec3f61d100daf4d40471f1852,0xc02aaa39b223fe8d0a0e5c4f27ead9083c756cc2,0xdac17f958d2ee523a2206206994597c13d831ec7,3916026362461016728742,7388318102702,carried_forward,sync_log,25545913,0xefe9238c873a412d6f0dfc2e39ab3824b4c7158960a169068401af9313c2017e,359,True
1,25545945,WETH_USDC,0xb4e16d0168e52d35cacd2c6185b44281ec28c9dc,0xa0b86991c6218b36c1d19d4a2e9eb0ce3606eb48,0xc02aaa39b223fe8d0a0e5c4f27ead9083c756cc2,8801044108596,4668743858957253335009,carried_forward,sync_log,25545944,0x279deaeb29c08a6c4e3c6f881cd22ded467156c92d11155e958dd5e5d6bc8c1b,159,True
1,25545946,USDC_USDT,0x3041cbd36888becc7bbcbc0045e3b1f144466f5f,0xa0b86991c6218b36c1d19d4a2e9eb0ce3606eb48,0xdac17f958d2ee523a2206206994597c13d831ec7,1667842652774,1665686203530,carried_forward,sync_log,25545842,0xcdcb299e565dd0b806b3ab09aa602f26c5d899db983f6c0f5fdebbb67cf449f7,64,True
1,25545946,USDT_WETH,0x0d4a11d5eeaac28ec3f61d100daf4d40471f1852,0xc02aaa39b223fe8d0a0e5c4f27ead9083c756cc2,0xdac17f958d2ee523a2206206994597c13d831ec7,3916026362461016728742,7388318102702,carried_forward,sync_log,25545913,0xefe9238c873a412d6f0dfc2e39ab3824b4c7158960a169068401af9313c2017e,359,True
1,25545946,WETH_USDC,0xb4e16d0168e52d35cacd2c6185b44281ec28c9dc,0xa0b86991c6218b36c1d19d4a2e9eb0ce3606eb48,0xc02aaa39b223fe8d0a0e5c4f27ead9083c756cc2,8801044108596,4668743858957253335009,carried_forward,sync_log,25545944,0x279deaeb29c08a6c4e3c6f881cd22ded467156c92d11155e958dd5e5d6bc8c1b,159,True
1,25545947,USDC_USDT,0x3041cbd36888becc7bbcbc0045e3b1f144466f5f,0xa0b86991c6218b36c1d19d4a2e9eb0ce3606eb48,0xdac17f958d2ee523a2206206994597c13d831ec7,1667842652774,1665686203530,carried_forward,sync_log,25545842,0xcdcb299e565dd0b806b3ab09aa602f26c5d899db983f6c0f5fdebbb67cf449f7,64,True
1,25545947,USDT_WETH,0x0d4a11d5eeaac28ec3f61d100daf4d40471f1852,0xc02aaa39b223fe8d0a0e5c4f27ead9083c756cc2,0xdac17f958d2ee523a2206206994597c13d831ec7,3916026362461016728742,7388318102702,carried_forward,sync_log,25545913,0xefe9238c873a412d6f0dfc2e39ab3824b4c7158960a169068401af9313c2017e,359,True
1,25545947,WETH_USDC,0xb4e16d0168e52d35cacd2c6185b44281ec28c9dc,0xa0b86991c6218b36c1d19d4a2e9eb0ce3606eb48,0xc02aaa39b223fe8d0a0e5c4f27ead9083c756cc2,8801044108596,4668743858957253335009,carried_forward,sync_log,25545944,0x279deaeb29c08a6c4e3c6f881cd22ded467156c92d11155e958dd5e5d6bc8c1b,159,True
1,25545948,USDC_USDT,0x3041cbd36888becc7bbcbc0045e3b1f144466f5f,0xa0b86991c6218b36c1d19d4a2e9eb0ce3606eb48,0xdac17f958d2ee523a2206206994597c13d831ec7,1667842652774,1665686203530,carried_forward,sync_log,25545842,0xcdcb299e565dd0b806b3ab09aa602f26c5d899db983f6c0f5fdebbb67cf449f7,64,True
1,25545948,USDT_WETH,0x0d4a11d5eeaac28ec3f61d100daf4d40471f1852,0xc02aaa39b223fe8d0a0e5c4f27ead9083c756cc2,0xdac17f958d2ee523a2206206994597c13d831ec7,3916026362461016728742,7388318102702,carried_forward,sync_log,25545913,0xefe9238c873a412d6f0dfc2e39ab3824b4c7158960a169068401af9313c2017e,359,True
1,25545948,WETH_USDC,0xb4e16d0168e52d35cacd2c6185b44281ec28c9dc,0xa0b86991c6218b36c1d19d4a2e9eb0ce3606eb48,0xc02aaa39b223fe8d0a0e5c4f27ead9083c756cc2,8801044108596,4668743858957253335009,carried_forward,sync_log,25545944,0x279deaeb29c08a6c4e3c6f881cd22ded467156c92d11155e958dd5e5d6bc8c1b,159,True
1,25545949,USDC_USDT,0x3041cbd36888becc7bbcbc0045e3b1f144466f5f,0xa0b86991c6218b36c1d19d4a2e9eb0ce3606eb48,0xdac17f958d2ee523a2206206994597c13d831ec7,1667842652774,1665686203530,carried_forward,sync_log,25545842,0xcdcb299e565dd0b806b3ab09aa602f26c5d899db983f6c0f5fdebbb67cf449f7,64,True
1,25545949,USDT_WETH,0x0d4a11d5eeaac28ec3f61d100daf4d40471f1852,0xc02aaa39b223fe8d0a0e5c4f27ead9083c756cc2,0xdac17f958d2ee523a2206206994597c13d831ec7,3916026362461016728742,7388318102702,carried_forward,sync_log,25545913,0xefe9238c873a412d6f0dfc2e39ab3824b4c7158960a169068401af9313c2017e,359,True
1,25545949,WETH_USDC,0xb4e16d0168e52d35cacd2c6185b44281ec28c9dc,0xa0b86991c6218b36c1d19d4a2e9eb0ce3606eb48,0xc02aaa39b223fe8d0a0e5c4f27ead9083c756cc2,8801044108596,4668743858957253335009,carried_forward,sync_log,25545944,0x279deaeb29c08a6c4e3c6f881cd22ded467156c92d11155e958dd5e5d6bc8c1b,159,True
1,25545950,USDC_USDT,0x3041cbd36888becc7bbcbc0045e3b1f144466f5f,0xa0b86991c6218b36c1d19d4a2e9eb0ce3606eb48,0xdac17f958d2ee523a2206206994597c13d831ec7,1667842652774,1665686203530,carried_forward,sync_log,25545842,0xcdcb299e565dd0b806b3ab09aa602f26c5d899db983f6c0f5fdebbb67cf449f7,64,True
1,25545950,USDT_WETH,0x0d4a11d5eeaac28ec3f61d100daf4d40471f1852,0xc02aaa39b223fe8d0a0e5c4f27ead9083c756cc2,0xdac17f958d2ee523a2206206994597c13d831ec7,3916026362461016728742,7388318102702,carried_forward,sync_log,25545913,0xefe9238c873a412d6f0dfc2e39ab3824b4c7158960a169068401af9313c2017e,359,True
1,25545950,WETH_USDC,0xb4e16d0168e52d35cacd2c6185b44281ec28c9dc,0xa0b86991c6218b36c1d19d4a2e9eb0ce3606eb48,0xc02aaa39b223fe8d0a0e5c4f27ead9083c756cc2,8801044108596,4668743858957253335009,carried_forward,sync_log,25545944,0x279deaeb29c08a6c4e3c6f881cd22ded467156c92d11155e958dd5e5d6bc8c1b,159,True
1,25545951,USDC_USDT,0x3041cbd36888becc7bbcbc0045e3b1f144466f5f,0xa0b86991c6218b36c1d19d4a2e9eb0ce3606eb48,0xdac17f958d2ee523a2206206994597c13d831ec7,1667842652774,1665686203530,carried_forward,sync_log,25545842,0xcdcb299e565dd0b806b3ab09aa602f26c5d899db983f6c0f5fdebbb67cf449f7,64,True
1,25545951,USDT_WETH,0x0d4a11d5eeaac28ec3f61d100daf4d40471f1852,0xc02aaa39b223fe8d0a0e5c4f27ead9083c756cc2,0xdac17f958d2ee523a2206206994597c13d831ec7,3916026362461016728742,7388318102702,carried_forward,sync_log,25545913,0xefe9238c873a412d6f0dfc2e39ab3824b4c7158960a169068401af9313c2017e,359,True
1,25545951,WETH_USDC,0xb4e16d0168e52d35cacd2c6185b44281ec28c9dc,0xa0b86991c6218b36c1d19d4a2e9eb0ce3606eb48,0xc02aaa39b223fe8d0a0e5c4f27ead9083c756cc2,8801044108596,4668743858957253335009,carried_forward,sync_log,25545944,0x279deaeb29c08a6c4e3c6f881cd22ded467156c92d11155e958dd5e5d6bc8c1b,159,True
1,25545952,USDC_USDT,0x3041cbd36888becc7bbcbc0045e3b1f144466f5f,0xa0b86991c6218b36c1d19d4a2e9eb0ce3606eb48,0xdac17f958d2ee523a2206206994597c13d831ec7,1667842652774,1665686203530,carried_forward,sync_log,25545842,0xcdcb299e565dd0b806b3ab09aa602f26c5d899db983f6c0f5fdebbb67cf449f7,64,True
1,25545952,USDT_WETH,0x0d4a11d5eeaac28ec3f61d100daf4d40471f1852,0xc02aaa39b223fe8d0a0e5c4f27ead9083c756cc2,0xdac17f958d2ee523a2206206994597c13d831ec7,3916026362461016728742,7388318102702,carried_forward,sync_log,25545913,0xefe9238c873a412d6f0dfc2e39ab3824b4c7158960a169068401af9313c2017e,359,True
1,25545952,WETH_USDC,0xb4e16d0168e52d35cacd2c6185b44281ec28c9dc,0xa0b86991c6218b36c1d19d4a2e9eb0ce3606eb48,0xc02aaa39b223fe8d0a0e5c4f27ead9083c756cc2,8801044108596,4668743858957253335009,carried_forward,sync_log,25545944,0x279deaeb29c08a6c4e3c6f881cd22ded467156c92d11155e958dd5e5d6bc8c1b,159,True
1,25545953,USDC_USDT,0x3041cbd36888becc7bbcbc0045e3b1f144466f5f,0xa0b86991c6218b36c1d19d4a2e9eb0ce3606eb48,0xdac17f958d2ee523a2206206994597c13d831ec7,1667842652774,1665686203530,carried_forward,sync_log,25545842,0xcdcb299e565dd0b806b3ab09aa602f26c5d899db983f6c0f5fdebbb67cf449f7,64,True
1,25545953,USDT_WETH,0x0d4a11d5eeaac28ec3f61d100daf4d40471f1852,0xc02aaa39b223fe8d0a0e5c4f27ead9083c756cc2,0xdac17f958d2ee523a2206206994597c13d831ec7,3916026362461016728742,7388318102702,carried_forward,sync_log,25545913,0xefe9238c873a412d6f0dfc2e39ab3824b4c7158960a169068401af9313c2017e,359,True
1,25545953,WETH_USDC,0xb4e16d0168e52d35cacd2c6185b44281ec28c9dc,0xa0b86991c6218b36c1d19d4a2e9eb0ce3606eb48,0xc02aaa39b223fe8d0a0e5c4f27ead9083c756cc2,8801029173597,4668751805470917070134,observed_sync,sync_log,25545953,0x4aec2e6549901352ac41aba92d43b9effff05e5f3c666cebdde989e591cd534f,293,True
1,25545954,USDC_USDT,0x3041cbd36888becc7bbcbc0045e3b1f144466f5f,0xa0b86991c6218b36c1d19d4a2e9eb0ce3606eb48,0xdac17f958d2ee523a2206206994597c13d831ec7,1667842652774,1665686203530,carried_forward,sync_log,25545842,0xcdcb299e565dd0b806b3ab09aa602f26c5d899db983f6c0f5fdebbb67cf449f7,64,True
1,25545954,USDT_WETH,0x0d4a11d5eeaac28ec3f61d100daf4d40471f1852,0xc02aaa39b223fe8d0a0e5c4f27ead9083c756cc2,0xdac17f958d2ee523a2206206994597c13d831ec7,3916026362461016728742,7388318102702,carried_forward,sync_log,25545913,0xefe9238c873a412d6f0dfc2e39ab3824b4c7158960a169068401af9313c2017e,359,True
1,25545954,WETH_USDC,0xb4e16d0168e52d35cacd2c6185b44281ec28c9dc,0xa0b86991c6218b36c1d19d4a2e9eb0ce3606eb48,0xc02aaa39b223fe8d0a0e5c4f27ead9083c756cc2,8801029173597,4668751805470917070134,carried_forward,sync_log,25545953,0x4aec2e6549901352ac41aba92d43b9effff05e5f3c666cebdde989e591cd534f,293,True
1,25545955,USDC_USDT,0x3041cbd36888becc7bbcbc0045e3b1f144466f5f,0xa0b86991c6218b36c1d19d4a2e9eb0ce3606eb48,0xdac17f958d2ee523a2206206994597c13d831ec7,1667842652774,1665686203530,carried_forward,sync_log,25545842,0xcdcb299e565dd0b806b3ab09aa602f26c5d899db983f6c0f5fdebbb67cf449f7,64,True
1,25545955,USDT_WETH,0x0d4a11d5eeaac28ec3f61d100daf4d40471f1852,0xc02aaa39b223fe8d0a0e5c4f27ead9083c756cc2,0xdac17f958d2ee523a2206206994597c13d831ec7,3916026362461016728742,7388318102702,carried_forward,sync_log,25545913,0xefe9238c873a412d6f0dfc2e39ab3824b4c7158960a169068401af9313c2017e,359,True
1,25545955,WETH_USDC,0xb4e16d0168e52d35cacd2c6185b44281ec28c9dc,0xa0b86991c6218b36c1d19d4a2e9eb0ce3606eb48,0xc02aaa39b223fe8d0a0e5c4f27ead9083c756cc2,8801029173597,4668751805470917070134,carried_forward,sync_log,25545953,0x4aec2e6549901352ac41aba92d43b9effff05e5f3c666cebdde989e591cd534f,293,True
1,25545956,USDC_USDT,0x3041cbd36888becc7bbcbc0045e3b1f144466f5f,0xa0b86991c6218b36c1d19d4a2e9eb0ce3606eb48,0xdac17f958d2ee523a2206206994597c13d831ec7,1667842652774,1665686203530,carried_forward,sync_log,25545842,0xcdcb299e565dd0b806b3ab09aa602f26c5d899db983f6c0f5fdebbb67cf449f7,64,True
1,25545956,USDT_WETH,0x0d4a11d5eeaac28ec3f61d100daf4d40471f1852,0xc02aaa39b223fe8d0a0e5c4f27ead9083c756cc2,0xdac17f958d2ee523a2206206994597c13d831ec7,3916026362461016728742,7388318102702,carried_forward,sync_log,25545913,0xefe9238c873a412d6f0dfc2e39ab3824b4c7158960a169068401af9313c2017e,359,True
1,25545956,WETH_USDC,0xb4e16d0168e52d35cacd2c6185b44281ec28c9dc,0xa0b86991c6218b36c1d19d4a2e9eb0ce3606eb48,0xc02aaa39b223fe8d0a0e5c4f27ead9083c756cc2,8801029173597,4668751805470917070134,carried_forward,sync_log,25545953,0x4aec2e6549901352ac41aba92d43b9effff05e5f3c666cebdde989e591cd534f,293,True
1,25545957,USDC_USDT,0x3041cbd36888becc7bbcbc0045e3b1f144466f5f,0xa0b86991c6218b36c1d19d4a2e9eb0ce3606eb48,0xdac17f958d2ee523a2206206994597c13d831ec7,1667842652774,1665686203530,carried_forward,sync_log,25545842,0xcdcb299e565dd0b806b3ab09aa602f26c5d899db983f6c0f5fdebbb67cf449f7,64,True
1,25545957,USDT_WETH,0x0d4a11d5eeaac28ec3f61d100daf4d40471f1852,0xc02aaa39b223fe8d0a0e5c4f27ead9083c756cc2,0xdac17f958d2ee523a2206206994597c13d831ec7,3916026362461016728742,7388318102702,carried_forward,sync_log,25545913,0xefe9238c873a412d6f0dfc2e39ab3824b4c7158960a169068401af9313c2017e,359,True
1,25545957,WETH_USDC,0xb4e16d0168e52d35cacd2c6185b44281ec28c9dc,0xa0b86991c6218b36c1d19d4a2e9eb0ce3606eb48,0xc02aaa39b223fe8d0a0e5c4f27ead9083c756cc2,8801029173597,4668751805470917070134,carried_forward,sync_log,25545953,0x4aec2e6549901352ac41aba92d43b9effff05e5f3c666cebdde989e591cd534f,293,True
1,25545958,USDC_USDT,0x3041cbd36888becc7bbcbc0045e3b1f144466f5f,0xa0b86991c6218b36c1d19d4a2e9eb0ce3606eb48,0xdac17f958d2ee523a2206206994597c13d831ec7,1667842652774,1665686203530,carried_forward,sync_log,25545842,0xcdcb299e565dd0b806b3ab09aa602f26c5d899db983f6c0f5fdebbb67cf449f7,64,True
1,25545958,USDT_WETH,0x0d4a11d5eeaac28ec3f61d100daf4d40471f1852,0xc02aaa39b223fe8d0a0e5c4f27ead9083c756cc2,0xdac17f958d2ee523a2206206994597c13d831ec7,3916026362461016728742,7388318102702,carried_forward,sync_log,25545913,0xefe9238c873a412d6f0dfc2e39ab3824b4c7158960a169068401af9313c2017e,359,True
1,25545958,WETH_USDC,0xb4e16d0168e52d35cacd2c6185b44281ec28c9dc,0xa0b86991c6218b36c1d19d4a2e9eb0ce3606eb48,0xc02aaa39b223fe8d0a0e5c4f27ead9083c756cc2,8801029173597,4668751805470917070134,carried_forward,sync_log,25545953,0x4aec2e6549901352ac41aba92d43b9effff05e5f3c666cebdde989e591cd534f,293,True
1,25545959,USDC_USDT,0x3041cbd36888becc7bbcbc0045e3b1f144466f5f,0xa0b86991c6218b36c1d19d4a2e9eb0ce3606eb48,0xdac17f958d2ee523a2206206994597c13d831ec7,1667842652774,1665686203530,carried_forward,sync_log,25545842,0xcdcb299e565dd0b806b3ab09aa602f26c5d899db983f6c0f5fdebbb67cf449f7,64,True
1,25545959,USDT_WETH,0x0d4a11d5eeaac28ec3f61d100daf4d40471f1852,0xc02aaa39b223fe8d0a0e5c4f27ead9083c756cc2,0xdac17f958d2ee523a2206206994597c13d831ec7,3916026362461016728742,7388318102702,carried_forward,sync_log,25545913,0xefe9238c873a412d6f0dfc2e39ab3824b4c7158960a169068401af9313c2017e,359,True
1,25545959,WETH_USDC,0xb4e16d0168e52d35cacd2c6185b44281ec28c9dc,0xa0b86991c6218b36c1d19d4a2e9eb0ce3606eb48,0xc02aaa39b223fe8d0a0e5c4f27ead9083c756cc2,8801029173597,4668751805470917070134,carried_forward,sync_log,25545953,0x4aec2e6549901352ac41aba92d43b9effff05e5f3c666cebdde989e591cd534f,293,True
1,25545960,USDC_USDT,0x3041cbd36888becc7bbcbc0045e3b1f144466f5f,0xa0b86991c6218b36c1d19d4a2e9eb0ce3606eb48,0xdac17f958d2ee523a2206206994597c13d831ec7,1667842652774,1665686203530,carried_forward,sync_log,25545842,0xcdcb299e565dd0b806b3ab09aa602f26c5d899db983f6c0f5fdebbb67cf449f7,64,True
1,25545960,USDT_WETH,0x0d4a11d5eeaac28ec3f61d100daf4d40471f1852,0xc02aaa39b223fe8d0a0e5c4f27ead9083c756cc2,0xdac17f958d2ee523a2206206994597c13d831ec7,3916056874974834612730,7388260708272,observed_sync,sync_log,25545960,0x69f6658ff37c5b9d0b5892fc25beefb721f1efbb754a71ec6d839a6b0c9f1f33,161,True
1,25545960,WETH_USDC,0xb4e16d0168e52d35cacd2c6185b44281ec28c9dc,0xa0b86991c6218b36c1d19d4a2e9eb0ce3606eb48,0xc02aaa39b223fe8d0a0e5c4f27ead9083c756cc2,8801029173597,4668751805470917070134,carried_forward,sync_log,25545953,0x4aec2e6549901352ac41aba92d43b9effff05e5f3c666cebdde989e591cd534f,293,True
1,25545961,USDC_USDT,0x3041cbd36888becc7bbcbc0045e3b1f144466f5f,0xa0b86991c6218b36c1d19d4a2e9eb0ce3606eb48,0xdac17f958d2ee523a2206206994597c13d831ec7,1667842652774,1665686203530,carried_forward,sync_log,25545842,0xcdcb299e565dd0b806b3ab09aa602f26c5d899db983f6c0f5fdebbb67cf449f7,64,True
1,25545961,USDT_WETH,0x0d4a11d5eeaac28ec3f61d100daf4d40471f1852,0xc02aaa39b223fe8d0a0e5c4f27ead9083c756cc2,0xdac17f958d2ee523a2206206994597c13d831ec7,3916716537864688374906,7387020091921,observed_sync,sync_log,25545961,0x3dde1f217ea6b908f931dc27f37b5539c4d15babadea033b6bdbeb4f13b07135,260,True
1,25545961,WETH_USDC,0xb4e16d0168e52d35cacd2c6185b44281ec28c9dc,0xa0b86991c6218b36c1d19d4a2e9eb0ce3606eb48,0xc02aaa39b223fe8d0a0e5c4f27ead9083c756cc2,8799837165147,4669386128278584722742,observed_sync,sync_log,25545961,0x3dde1f217ea6b908f931dc27f37b5539c4d15babadea033b6bdbeb4f13b07135,327,True
1,25545962,USDC_USDT,0x3041cbd36888becc7bbcbc0045e3b1f144466f5f,0xa0b86991c6218b36c1d19d4a2e9eb0ce3606eb48,0xdac17f958d2ee523a2206206994597c13d831ec7,1667842652774,1665686203530,carried_forward,sync_log,25545842,0xcdcb299e565dd0b806b3ab09aa602f26c5d899db983f6c0f5fdebbb67cf449f7,64,True
1,25545962,USDT_WETH,0x0d4a11d5eeaac28ec3f61d100daf4d40471f1852,0xc02aaa39b223fe8d0a0e5c4f27ead9083c756cc2,0xdac17f958d2ee523a2206206994597c13d831ec7,3919099779397770045562,7382541443523,observed_sync,sync_log,25545962,0xd0bb8ba66115d326dadba8872d55b4a3c0c3ad19266129fc4dd536cdb9d9c5b3,113,True
1,25545962,WETH_USDC,0xb4e16d0168e52d35cacd2c6185b44281ec28c9dc,0xa0b86991c6218b36c1d19d4a2e9eb0ce3606eb48,0xc02aaa39b223fe8d0a0e5c4f27ead9083c756cc2,8794497738750,4672229595283352966454,observed_sync,sync_log,25545962,0xd0bb8ba66115d326dadba8872d55b4a3c0c3ad19266129fc4dd536cdb9d9c5b3,121,True
1,25545963,USDC_USDT,0x3041cbd36888becc7bbcbc0045e3b1f144466f5f,0xa0b86991c6218b36c1d19d4a2e9eb0ce3606eb48,0xdac17f958d2ee523a2206206994597c13d831ec7,1667842652774,1665686203530,carried_forward,sync_log,25545842,0xcdcb299e565dd0b806b3ab09aa602f26c5d899db983f6c0f5fdebbb67cf449f7,64,True
1,25545963,USDT_WETH,0x0d4a11d5eeaac28ec3f61d100daf4d40471f1852,0xc02aaa39b223fe8d0a0e5c4f27ead9083c756cc2,0xdac17f958d2ee523a2206206994597c13d831ec7,3919099779397770045562,7382541443523,carried_forward,sync_log,25545962,0xd0bb8ba66115d326dadba8872d55b4a3c0c3ad19266129fc4dd536cdb9d9c5b3,113,True
1,25545963,WETH_USDC,0xb4e16d0168e52d35cacd2c6185b44281ec28c9dc,0xa0b86991c6218b36c1d19d4a2e9eb0ce3606eb48,0xc02aaa39b223fe8d0a0e5c4f27ead9083c756cc2,8794497738750,4672229595283352966454,carried_forward,sync_log,25545962,0xd0bb8ba66115d326dadba8872d55b4a3c0c3ad19266129fc4dd536cdb9d9c5b3,121,True
1,25545964,USDC_USDT,0x3041cbd36888becc7bbcbc0045e3b1f144466f5f,0xa0b86991c6218b36c1d19d4a2e9eb0ce3606eb48,0xdac17f958d2ee523a2206206994597c13d831ec7,1667842652774,1665686203530,carried_forward,sync_log,25545842,0xcdcb299e565dd0b806b3ab09aa602f26c5d899db983f6c0f5fdebbb67cf449f7,64,True
1,25545964,USDT_WETH,0x0d4a11d5eeaac28ec3f61d100daf4d40471f1852,0xc02aaa39b223fe8d0a0e5c4f27ead9083c756cc2,0xdac17f958d2ee523a2206206994597c13d831ec7,3919099779397770045562,7382541443523,carried_forward,sync_log,25545962,0xd0bb8ba66115d326dadba8872d55b4a3c0c3ad19266129fc4dd536cdb9d9c5b3,113,True
1,25545964,WETH_USDC,0xb4e16d0168e52d35cacd2c6185b44281ec28c9dc,0xa0b86991c6218b36c1d19d4a2e9eb0ce3606eb48,0xc02aaa39b223fe8d0a0e5c4f27ead9083c756cc2,8794497738750,4672229595283352966454,carried_forward,sync_log,25545962,0xd0bb8ba66115d326dadba8872d55b4a3c0c3ad19266129fc4dd536cdb9d9c5b3,121,True
1,25545965,USDC_USDT,0x3041cbd36888becc7bbcbc0045e3b1f144466f5f,0xa0b86991c6218b36c1d19d4a2e9eb0ce3606eb48,0xdac17f958d2ee523a2206206994597c13d831ec7,1667842652774,1665686203530,carried_forward,sync_log,25545842,0xcdcb299e565dd0b806b3ab09aa602f26c5d899db983f6c0f5fdebbb67cf449f7,64,True
1,25545965,USDT_WETH,0x0d4a11d5eeaac28ec3f61d100daf4d40471f1852,0xc02aaa39b223fe8d0a0e5c4f27ead9083c756cc2,0xdac17f958d2ee523a2206206994597c13d831ec7,3920113788219388664442,7380637545948,observed_sync,sync_log,25545965,0x3b3f34f0f34b531d86eac5674332dec2440797ae64aa5c992d3e17565b2f139a,90,True
1,25545965,WETH_USDC,0xb4e16d0168e52d35cacd2c6185b44281ec28c9dc,0xa0b86991c6218b36c1d19d4a2e9eb0ce3606eb48,0xc02aaa39b223fe8d0a0e5c4f27ead9083c756cc2,8792353810168,4673372302695394107318,observed_sync,sync_log,25545965,0x8334e14c3acc1b5920cce6a447e4022a43916207097259ed62199608218eb00f,83,True
1,25545966,USDC_USDT,0x3041cbd36888becc7bbcbc0045e3b1f144466f5f,0xa0b86991c6218b36c1d19d4a2e9eb0ce3606eb48,0xdac17f958d2ee523a2206206994597c13d831ec7,1667842652774,1665686203530,carried_forward,sync_log,25545842,0xcdcb299e565dd0b806b3ab09aa602f26c5d899db983f6c0f5fdebbb67cf449f7,64,True
1,25545966,USDT_WETH,0x0d4a11d5eeaac28ec3f61d100daf4d40471f1852,0xc02aaa39b223fe8d0a0e5c4f27ead9083c756cc2,0xdac17f958d2ee523a2206206994597c13d831ec7,3920110081432801733423,7380644545948,observed_sync,sync_log,25545966,0xdd9aa6a2305522c2e766754e3a00f1f9d3d4bcfffaabac51c02df494ceb53890,151,True
1,25545966,WETH_USDC,0xb4e16d0168e52d35cacd2c6185b44281ec28c9dc,0xa0b86991c6218b36c1d19d4a2e9eb0ce3606eb48,0xc02aaa39b223fe8d0a0e5c4f27ead9083c756cc2,8792353810168,4673372302695394107318,carried_forward,sync_log,25545965,0x8334e14c3acc1b5920cce6a447e4022a43916207097259ed62199608218eb00f,83,True
1,25545967,USDC_USDT,0x3041cbd36888becc7bbcbc0045e3b1f144466f5f,0xa0b86991c6218b36c1d19d4a2e9eb0ce3606eb48,0xdac17f958d2ee523a2206206994597c13d831ec7,1667842652774,1665686203530,carried_forward,sync_log,25545842,0xcdcb299e565dd0b806b3ab09aa602f26c5d899db983f6c0f5fdebbb67cf449f7,64,True
1,25545967,USDT_WETH,0x0d4a11d5eeaac28ec3f61d100daf4d40471f1852,0xc02aaa39b223fe8d0a0e5c4f27ead9083c756cc2,0xdac17f958d2ee523a2206206994597c13d831ec7,3920110081432801733423,7380644545948,carried_forward,sync_log,25545966,0xdd9aa6a2305522c2e766754e3a00f1f9d3d4bcfffaabac51c02df494ceb53890,151,True
1,25545967,WETH_USDC,0xb4e16d0168e52d35cacd2c6185b44281ec28c9dc,0xa0b86991c6218b36c1d19d4a2e9eb0ce3606eb48,0xc02aaa39b223fe8d0a0e5c4f27ead9083c756cc2,8792209661526,4673449153380471192643,observed_sync,sync_log,25545967,0x581a07fad5525ea5d5156373d7821caddd5214f9ad5cdcd5ff625095820dc4ed,83,True
1,25545968,USDC_USDT,0x3041cbd36888becc7bbcbc0045e3b1f144466f5f,0xa0b86991c6218b36c1d19d4a2e9eb0ce3606eb48,0xdac17f958d2ee523a2206206994597c13d831ec7,1667842652774,1665686203530,carried_forward,sync_log,25545842,0xcdcb299e565dd0b806b3ab09aa602f26c5d899db983f6c0f5fdebbb67cf449f7,64,True
1,25545968,USDT_WETH,0x0d4a11d5eeaac28ec3f61d100daf4d40471f1852,0xc02aaa39b223fe8d0a0e5c4f27ead9083c756cc2,0xdac17f958d2ee523a2206206994597c13d831ec7,3920110081432801733423,7380644545948,carried_forward,sync_log,25545966,0xdd9aa6a2305522c2e766754e3a00f1f9d3d4bcfffaabac51c02df494ceb53890,151,True
1,25545968,WETH_USDC,0xb4e16d0168e52d35cacd2c6185b44281ec28c9dc,0xa0b86991c6218b36c1d19d4a2e9eb0ce3606eb48,0xc02aaa39b223fe8d0a0e5c4f27ead9083c756cc2,8792209661526,4673449153380471192643,carried_forward,sync_log,25545967,0x581a07fad5525ea5d5156373d7821caddd5214f9ad5cdcd5ff625095820dc4ed,83,True
1,25545969,USDC_USDT,0x3041cbd36888becc7bbcbc0045e3b1f144466f5f,0xa0b86991c6218b36c1d19d4a2e9eb0ce3606eb48,0xdac17f958d2ee523a2206206994597c13d831ec7,1667842652774,1665686203530,carried_forward,sync_log,25545842,0xcdcb299e565dd0b806b3ab09aa602f26c5d899db983f6c0f5fdebbb67cf449f7,64,True
1,25545969,USDT_WETH,0x0d4a11d5eeaac28ec3f61d100daf4d40471f1852,0xc02aaa39b223fe8d0a0e5c4f27ead9083c756cc2,0xdac17f958d2ee523a2206206994597c13d831ec7,3920110081432801733423,7380644545948,carried_forward,sync_log,25545966,0xdd9aa6a2305522c2e766754e3a00f1f9d3d4bcfffaabac51c02df494ceb53890,151,True
1,25545969,WETH_USDC,0xb4e16d0168e52d35cacd2c6185b44281ec28c9dc,0xa0b86991c6218b36c1d19d4a2e9eb0ce3606eb48,0xc02aaa39b223fe8d0a0e5c4f27ead9083c756cc2,8792209661526,4673449153380471192643,carried_forward,sync_log,25545967,0x581a07fad5525ea5d5156373d7821caddd5214f9ad5cdcd5ff625095820dc4ed,83,True
1,25545970,USDC_USDT,0x3041cbd36888becc7bbcbc0045e3b1f144466f5f,0xa0b86991c6218b36c1d19d4a2e9eb0ce3606eb48,0xdac17f958d2ee523a2206206994597c13d831ec7,1667842652774,1665686203530,carried_forward,sync_log,25545842,0xcdcb299e565dd0b806b3ab09aa602f26c5d899db983f6c0f5fdebbb67cf449f7,64,True
1,25545970,USDT_WETH,0x0d4a11d5eeaac28ec3f61d100daf4d40471f1852,0xc02aaa39b223fe8d0a0e5c4f27ead9083c756cc2,0xdac17f958d2ee523a2206206994597c13d831ec7,3920110081432801733423,7380644545948,carried_forward,sync_log,25545966,0xdd9aa6a2305522c2e766754e3a00f1f9d3d4bcfffaabac51c02df494ceb53890,151,True
1,25545970,WETH_USDC,0xb4e16d0168e52d35cacd2c6185b44281ec28c9dc,0xa0b86991c6218b36c1d19d4a2e9eb0ce3606eb48,0xc02aaa39b223fe8d0a0e5c4f27ead9083c756cc2,8792209661526,4673449153380471192643,carried_forward,sync_log,25545967,0x581a07fad5525ea5d5156373d7821caddd5214f9ad5cdcd5ff625095820dc4ed,83,True
1,25545971,USDC_USDT,0x3041cbd36888becc7bbcbc0045e3b1f144466f5f,0xa0b86991c6218b36c1d19d4a2e9eb0ce3606eb48,0xdac17f958d2ee523a2206206994597c13d831ec7,1667842652774,1665686203530,carried_forward,sync_log,25545842,0xcdcb299e565dd0b806b3ab09aa602f26c5d899db983f6c0f5fdebbb67cf449f7,64,True
1,25545971,USDT_WETH,0x0d4a11d5eeaac28ec3f61d100daf4d40471f1852,0xc02aaa39b223fe8d0a0e5c4f27ead9083c756cc2,0xdac17f958d2ee523a2206206994597c13d831ec7,3920110081432801733423,7380644545948,carried_forward,sync_log,25545966,0xdd9aa6a2305522c2e766754e3a00f1f9d3d4bcfffaabac51c02df494ceb53890,151,True
1,25545971,WETH_USDC,0xb4e16d0168e52d35cacd2c6185b44281ec28c9dc,0xa0b86991c6218b36c1d19d4a2e9eb0ce3606eb48,0xc02aaa39b223fe8d0a0e5c4f27ead9083c756cc2,8792184470322,4673462583952575382277,observed_sync,sync_log,25545971,0xfa11ea91d8ab47475013640be35eeffcca1c397427697ea47554c522b6803e02,138,True
1,25545972,USDC_USDT,0x3041cbd36888becc7bbcbc0045e3b1f144466f5f,0xa0b86991c6218b36c1d19d4a2e9eb0ce3606eb48,0xdac17f958d2ee523a2206206994597c13d831ec7,1667842652774,1665686203530,carried_forward,sync_log,25545842,0xcdcb299e565dd0b806b3ab09aa602f26c5d899db983f6c0f5fdebbb67cf449f7,64,True
1,25545972,USDT_WETH,0x0d4a11d5eeaac28ec3f61d100daf4d40471f1852,0xc02aaa39b223fe8d0a0e5c4f27ead9083c756cc2,0xdac17f958d2ee523a2206206994597c13d831ec7,3920110081432801733423,7380644545948,carried_forward,sync_log,25545966,0xdd9aa6a2305522c2e766754e3a00f1f9d3d4bcfffaabac51c02df494ceb53890,151,True
1,25545972,WETH_USDC,0xb4e16d0168e52d35cacd2c6185b44281ec28c9dc,0xa0b86991c6218b36c1d19d4a2e9eb0ce3606eb48,0xc02aaa39b223fe8d0a0e5c4f27ead9083c756cc2,8792184470322,4673462583952575382277,carried_forward,sync_log,25545971,0xfa11ea91d8ab47475013640be35eeffcca1c397427697ea47554c522b6803e02,138,True
1,25545973,USDC_USDT,0x3041cbd36888becc7bbcbc0045e3b1f144466f5f,0xa0b86991c6218b36c1d19d4a2e9eb0ce3606eb48,0xdac17f958d2ee523a2206206994597c13d831ec7,1667842652774,1665686203530,carried_forward,sync_log,25545842,0xcdcb299e565dd0b806b3ab09aa602f26c5d899db983f6c0f5fdebbb67cf449f7,64,True
1,25545973,USDT_WETH,0x0d4a11d5eeaac28ec3f61d100daf4d40471f1852,0xc02aaa39b223fe8d0a0e5c4f27ead9083c756cc2,0xdac17f958d2ee523a2206206994597c13d831ec7,3920110081432801733423,7380644545948,carried_forward,sync_log,25545966,0xdd9aa6a2305522c2e766754e3a00f1f9d3d4bcfffaabac51c02df494ceb53890,151,True
1,25545973,WETH_USDC,0xb4e16d0168e52d35cacd2c6185b44281ec28c9dc,0xa0b86991c6218b36c1d19d4a2e9eb0ce3606eb48,0xc02aaa39b223fe8d0a0e5c4f27ead9083c756cc2,8792184470322,4673462583952575382277,carried_forward,sync_log,25545971,0xfa11ea91d8ab47475013640be35eeffcca1c397427697ea47554c522b6803e02,138,True
1,25545974,USDC_USDT,0x3041cbd36888becc7bbcbc0045e3b1f144466f5f,0xa0b86991c6218b36c1d19d4a2e9eb0ce3606eb48,0xdac17f958d2ee523a2206206994597c13d831ec7,1667842652774,1665686203530,carried_forward,sync_log,25545842,0xcdcb299e565dd0b806b3ab09aa602f26c5d899db983f6c0f5fdebbb67cf449f7,64,True
1,25545974,USDT_WETH,0x0d4a11d5eeaac28ec3f61d100daf4d40471f1852,0xc02aaa39b223fe8d0a0e5c4f27ead9083c756cc2,0xdac17f958d2ee523a2206206994597c13d831ec7,3920110081432801733423,7380644545948,carried_forward,sync_log,25545966,0xdd9aa6a2305522c2e766754e3a00f1f9d3d4bcfffaabac51c02df494ceb53890,151,True
1,25545974,WETH_USDC,0xb4e16d0168e52d35cacd2c6185b44281ec28c9dc,0xa0b86991c6218b36c1d19d4a2e9eb0ce3606eb48,0xc02aaa39b223fe8d0a0e5c4f27ead9083c756cc2,8792184470322,4673462583952575382277,carried_forward,sync_log,25545971,0xfa11ea91d8ab47475013640be35eeffcca1c397427697ea47554c522b6803e02,138,True
1,25545975,USDC_USDT,0x3041cbd36888becc7bbcbc0045e3b1f144466f5f,0xa0b86991c6218b36c1d19d4a2e9eb0ce3606eb48,0xdac17f958d2ee523a2206206994597c13d831ec7,1667842652774,1665686203530,carried_forward,sync_log,25545842,0xcdcb299e565dd0b806b3ab09aa602f26c5d899db983f6c0f5fdebbb67cf449f7,64,True
1,25545975,USDT_WETH,0x0d4a11d5eeaac28ec3f61d100daf4d40471f1852,0xc02aaa39b223fe8d0a0e5c4f27ead9083c756cc2,0xdac17f958d2ee523a2206206994597c13d831ec7,3920110081432801733423,7380644545948,carried_forward,sync_log,25545966,0xdd9aa6a2305522c2e766754e3a00f1f9d3d4bcfffaabac51c02df494ceb53890,151,True
1,25545975,WETH_USDC,0xb4e16d0168e52d35cacd2c6185b44281ec28c9dc,0xa0b86991c6218b36c1d19d4a2e9eb0ce3606eb48,0xc02aaa39b223fe8d0a0e5c4f27ead9083c756cc2,8792184470322,4673462583952575382277,carried_forward,sync_log,25545971,0xfa11ea91d8ab47475013640be35eeffcca1c397427697ea47554c522b6803e02,138,True
1,25545976,USDC_USDT,0x3041cbd36888becc7bbcbc0045e3b1f144466f5f,0xa0b86991c6218b36c1d19d4a2e9eb0ce3606eb48,0xdac17f958d2ee523a2206206994597c13d831ec7,1667842652774,1665686203530,carried_forward,sync_log,25545842,0xcdcb299e565dd0b806b3ab09aa602f26c5d899db983f6c0f5fdebbb67cf449f7,64,True
1,25545976,USDT_WETH,0x0d4a11d5eeaac28ec3f61d100daf4d40471f1852,0xc02aaa39b223fe8d0a0e5c4f27ead9083c756cc2,0xdac17f958d2ee523a2206206994597c13d831ec7,3920110081432801733423,7380644545948,carried_forward,sync_log,25545966,0xdd9aa6a2305522c2e766754e3a00f1f9d3d4bcfffaabac51c02df494ceb53890,151,True
1,25545976,WETH_USDC,0xb4e16d0168e52d35cacd2c6185b44281ec28c9dc,0xa0b86991c6218b36c1d19d4a2e9eb0ce3606eb48,0xc02aaa39b223fe8d0a0e5c4f27ead9083c756cc2,8792184470322,4673462583952575382277,carried_forward,sync_log,25545971,0xfa11ea91d8ab47475013640be35eeffcca1c397427697ea47554c522b6803e02,138,True
1,25545977,USDC_USDT,0x3041cbd36888becc7bbcbc0045e3b1f144466f5f,0xa0b86991c6218b36c1d19d4a2e9eb0ce3606eb48,0xdac17f958d2ee523a2206206994597c13d831ec7,1667842652774,1665686203530,carried_forward,sync_log,25545842,0xcdcb299e565dd0b806b3ab09aa602f26c5d899db983f6c0f5fdebbb67cf449f7,64,True
1,25545977,USDT_WETH,0x0d4a11d5eeaac28ec3f61d100daf4d40471f1852,0xc02aaa39b223fe8d0a0e5c4f27ead9083c756cc2,0xdac17f958d2ee523a2206206994597c13d831ec7,3920110081432801733423,7380644545948,carried_forward,sync_log,25545966,0xdd9aa6a2305522c2e766754e3a00f1f9d3d4bcfffaabac51c02df494ceb53890,151,True
1,25545977,WETH_USDC,0xb4e16d0168e52d35cacd2c6185b44281ec28c9dc,0xa0b86991c6218b36c1d19d4a2e9eb0ce3606eb48,0xc02aaa39b223fe8d0a0e5c4f27ead9083c756cc2,8792174685323,4673467800799810549529,observed_sync,sync_log,25545977,0xfb90e2c494ef6fcb50e99084549f000f93c09ebabbb3011e371a8107a0fbd2d4,160,True
1,25545978,USDC_USDT,0x3041cbd36888becc7bbcbc0045e3b1f144466f5f,0xa0b86991c6218b36c1d19d4a2e9eb0ce3606eb48,0xdac17f958d2ee523a2206206994597c13d831ec7,1667842652774,1665686203530,carried_forward,sync_log,25545842,0xcdcb299e565dd0b806b3ab09aa602f26c5d899db983f6c0f5fdebbb67cf449f7,64,True
1,25545978,USDT_WETH,0x0d4a11d5eeaac28ec3f61d100daf4d40471f1852,0xc02aaa39b223fe8d0a0e5c4f27ead9083c756cc2,0xdac17f958d2ee523a2206206994597c13d831ec7,3920110081432801733423,7380644545948,carried_forward,sync_log,25545966,0xdd9aa6a2305522c2e766754e3a00f1f9d3d4bcfffaabac51c02df494ceb53890,151,True
1,25545978,WETH_USDC,0xb4e16d0168e52d35cacd2c6185b44281ec28c9dc,0xa0b86991c6218b36c1d19d4a2e9eb0ce3606eb48,0xc02aaa39b223fe8d0a0e5c4f27ead9083c756cc2,8792174685323,4673467800799810549529,carried_forward,sync_log,25545977,0xfb90e2c494ef6fcb50e99084549f000f93c09ebabbb3011e371a8107a0fbd2d4,160,True
1,25545979,USDC_USDT,0x3041cbd36888becc7bbcbc0045e3b1f144466f5f,0xa0b86991c6218b36c1d19d4a2e9eb0ce3606eb48,0xdac17f958d2ee523a2206206994597c13d831ec7,1667842652774,1665686203530,carried_forward,sync_log,25545842,0xcdcb299e565dd0b806b3ab09aa602f26c5d899db983f6c0f5fdebbb67cf449f7,64,True
1,25545979,USDT_WETH,0x0d4a11d5eeaac28ec3f61d100daf4d40471f1852,0xc02aaa39b223fe8d0a0e5c4f27ead9083c756cc2,0xdac17f958d2ee523a2206206994597c13d831ec7,3920110081432801733423,7380644545948,carried_forward,sync_log,25545966,0xdd9aa6a2305522c2e766754e3a00f1f9d3d4bcfffaabac51c02df494ceb53890,151,True
1,25545979,WETH_USDC,0xb4e16d0168e52d35cacd2c6185b44281ec28c9dc,0xa0b86991c6218b36c1d19d4a2e9eb0ce3606eb48,0xc02aaa39b223fe8d0a0e5c4f27ead9083c756cc2,8792174685323,4673467800799810549529,carried_forward,sync_log,25545977,0xfb90e2c494ef6fcb50e99084549f000f93c09ebabbb3011e371a8107a0fbd2d4,160,True
1,25545980,USDC_USDT,0x3041cbd36888becc7bbcbc0045e3b1f144466f5f,0xa0b86991c6218b36c1d19d4a2e9eb0ce3606eb48,0xdac17f958d2ee523a2206206994597c13d831ec7,1667842652774,1665686203530,carried_forward,sync_log,25545842,0xcdcb299e565dd0b806b3ab09aa602f26c5d899db983f6c0f5fdebbb67cf449f7,64,True
1,25545980,USDT_WETH,0x0d4a11d5eeaac28ec3f61d100daf4d40471f1852,0xc02aaa39b223fe8d0a0e5c4f27ead9083c756cc2,0xdac17f958d2ee523a2206206994597c13d831ec7,3920110081432801733423,7380644545948,carried_forward,sync_log,25545966,0xdd9aa6a2305522c2e766754e3a00f1f9d3d4bcfffaabac51c02df494ceb53890,151,True
1,25545980,WETH_USDC,0xb4e16d0168e52d35cacd2c6185b44281ec28c9dc,0xa0b86991c6218b36c1d19d4a2e9eb0ce3606eb48,0xc02aaa39b223fe8d0a0e5c4f27ead9083c756cc2,8792174685323,4673467800799810549529,carried_forward,sync_log,25545977,0xfb90e2c494ef6fcb50e99084549f000f93c09ebabbb3011e371a8107a0fbd2d4,160,True
1,25545981,USDC_USDT,0x3041cbd36888becc7bbcbc0045e3b1f144466f5f,0xa0b86991c6218b36c1d19d4a2e9eb0ce3606eb48,0xdac17f958d2ee523a2206206994597c13d831ec7,1667842652774,1665686203530,carried_forward,sync_log,25545842,0xcdcb299e565dd0b806b3ab09aa602f26c5d899db983f6c0f5fdebbb67cf449f7,64,True
1,25545981,USDT_WETH,0x0d4a11d5eeaac28ec3f61d100daf4d40471f1852,0xc02aaa39b223fe8d0a0e5c4f27ead9083c756cc2,0xdac17f958d2ee523a2206206994597c13d831ec7,3920110081432801733423,7380644545948,carried_forward,sync_log,25545966,0xdd9aa6a2305522c2e766754e3a00f1f9d3d4bcfffaabac51c02df494ceb53890,151,True
1,25545981,WETH_USDC,0xb4e16d0168e52d35cacd2c6185b44281ec28c9dc,0xa0b86991c6218b36c1d19d4a2e9eb0ce3606eb48,0xc02aaa39b223fe8d0a0e5c4f27ead9083c756cc2,8792174685323,4673467800799810549529,carried_forward,sync_log,25545977,0xfb90e2c494ef6fcb50e99084549f000f93c09ebabbb3011e371a8107a0fbd2d4,160,True
1,25545982,USDC_USDT,0x3041cbd36888becc7bbcbc0045e3b1f144466f5f,0xa0b86991c6218b36c1d19d4a2e9eb0ce3606eb48,0xdac17f958d2ee523a2206206994597c13d831ec7,1667842652774,1665686203530,carried_forward,sync_log,25545842,0xcdcb299e565dd0b806b3ab09aa602f26c5d899db983f6c0f5fdebbb67cf449f7,64,True
1,25545982,USDT_WETH,0x0d4a11d5eeaac28ec3f61d100daf4d40471f1852,0xc02aaa39b223fe8d0a0e5c4f27ead9083c756cc2,0xdac17f958d2ee523a2206206994597c13d831ec7,3920110081432801733423,7380644545948,carried_forward,sync_log,25545966,0xdd9aa6a2305522c2e766754e3a00f1f9d3d4bcfffaabac51c02df494ceb53890,151,True
1,25545982,WETH_USDC,0xb4e16d0168e52d35cacd2c6185b44281ec28c9dc,0xa0b86991c6218b36c1d19d4a2e9eb0ce3606eb48,0xc02aaa39b223fe8d0a0e5c4f27ead9083c756cc2,8792174685323,4673467800799810549529,carried_forward,sync_log,25545977,0xfb90e2c494ef6fcb50e99084549f000f93c09ebabbb3011e371a8107a0fbd2d4,160,True
1,25545983,USDC_USDT,0x3041cbd36888becc7bbcbc0045e3b1f144466f5f,0xa0b86991c6218b36c1d19d4a2e9eb0ce3606eb48,0xdac17f958d2ee523a2206206994597c13d831ec7,1667831682630,1665697192530,observed_sync,sync_log,25545983,0x1c5bb589c4e47bfbb218d0232c44e9405208c0c1df6a0b7e6bc992651cbd242a,188,True
1,25545983,USDT_WETH,0x0d4a11d5eeaac28ec3f61d100daf4d40471f1852,0xc02aaa39b223fe8d0a0e5c4f27ead9083c756cc2,0xdac17f958d2ee523a2206206994597c13d831ec7,3920110081432801733423,7380644545948,carried_forward,sync_log,25545966,0xdd9aa6a2305522c2e766754e3a00f1f9d3d4bcfffaabac51c02df494ceb53890,151,True
1,25545983,WETH_USDC,0xb4e16d0168e52d35cacd2c6185b44281ec28c9dc,0xa0b86991c6218b36c1d19d4a2e9eb0ce3606eb48,0xc02aaa39b223fe8d0a0e5c4f27ead9083c756cc2,8792174685323,4673467800799810549529,carried_forward,sync_log,25545977,0xfb90e2c494ef6fcb50e99084549f000f93c09ebabbb3011e371a8107a0fbd2d4,160,True
1,25545984,USDC_USDT,0x3041cbd36888becc7bbcbc0045e3b1f144466f5f,0xa0b86991c6218b36c1d19d4a2e9eb0ce3606eb48,0xdac17f958d2ee523a2206206994597c13d831ec7,1667831682630,1665697192530,carried_forward,sync_log,25545983,0x1c5bb589c4e47bfbb218d0232c44e9405208c0c1df6a0b7e6bc992651cbd242a,188,True
1,25545984,USDT_WETH,0x0d4a11d5eeaac28ec3f61d100daf4d40471f1852,0xc02aaa39b223fe8d0a0e5c4f27ead9083c756cc2,0xdac17f958d2ee523a2206206994597c13d831ec7,3920276205151115850957,7380332725580,observed_sync,sync_log,25545984,0x5e400b66549d1e329e457ba64cb01ba3dc3fcf07a4149776a59d68766374f549,222,True
1,25545984,WETH_USDC,0xb4e16d0168e52d35cacd2c6185b44281ec28c9dc,0xa0b86991c6218b36c1d19d4a2e9eb0ce3606eb48,0xc02aaa39b223fe8d0a0e5c4f27ead9083c756cc2,8792174685323,4673467800799810549529,carried_forward,sync_log,25545977,0xfb90e2c494ef6fcb50e99084549f000f93c09ebabbb3011e371a8107a0fbd2d4,160,True
1,25545985,USDC_USDT,0x3041cbd36888becc7bbcbc0045e3b1f144466f5f,0xa0b86991c6218b36c1d19d4a2e9eb0ce3606eb48,0xdac17f958d2ee523a2206206994597c13d831ec7,1667831682630,1665697192530,carried_forward,sync_log,25545983,0x1c5bb589c4e47bfbb218d0232c44e9405208c0c1df6a0b7e6bc992651cbd242a,188,True
1,25545985,USDT_WETH,0x0d4a11d5eeaac28ec3f61d100daf4d40471f1852,0xc02aaa39b223fe8d0a0e5c4f27ead9083c756cc2,0xdac17f958d2ee523a2206206994597c13d831ec7,3920276205151115850957,7380332725580,carried_forward,sync_log,25545984,0x5e400b66549d1e329e457ba64cb01ba3dc3fcf07a4149776a59d68766374f549,222,True
1,25545985,WETH_USDC,0xb4e16d0168e52d35cacd2c6185b44281ec28c9dc,0xa0b86991c6218b36c1d19d4a2e9eb0ce3606eb48,0xc02aaa39b223fe8d0a0e5c4f27ead9083c756cc2,8792174685323,4673467800799810549529,carried_forward,sync_log,25545977,0xfb90e2c494ef6fcb50e99084549f000f93c09ebabbb3011e371a8107a0fbd2d4,160,True
1,25545986,USDC_USDT,0x3041cbd36888becc7bbcbc0045e3b1f144466f5f,0xa0b86991c6218b36c1d19d4a2e9eb0ce3606eb48,0xdac17f958d2ee523a2206206994597c13d831ec7,1667831682630,1665697192530,carried_forward,sync_log,25545983,0x1c5bb589c4e47bfbb218d0232c44e9405208c0c1df6a0b7e6bc992651cbd242a,188,True
1,25545986,USDT_WETH,0x0d4a11d5eeaac28ec3f61d100daf4d40471f1852,0xc02aaa39b223fe8d0a0e5c4f27ead9083c756cc2,0xdac17f958d2ee523a2206206994597c13d831ec7,3920276205151115850957,7380332725580,carried_forward,sync_log,25545984,0x5e400b66549d1e329e457ba64cb01ba3dc3fcf07a4149776a59d68766374f549,222,True
1,25545986,WETH_USDC,0xb4e16d0168e52d35cacd2c6185b44281ec28c9dc,0xa0b86991c6218b36c1d19d4a2e9eb0ce3606eb48,0xc02aaa39b223fe8d0a0e5c4f27ead9083c756cc2,8792174685323,4673467800799810549529,carried_forward,sync_log,25545977,0xfb90e2c494ef6fcb50e99084549f000f93c09ebabbb3011e371a8107a0fbd2d4,160,True
1,25545987,USDC_USDT,0x3041cbd36888becc7bbcbc0045e3b1f144466f5f,0xa0b86991c6218b36c1d19d4a2e9eb0ce3606eb48,0xdac17f958d2ee523a2206206994597c13d831ec7,1667831682630,1665697192530,carried_forward,sync_log,25545983,0x1c5bb589c4e47bfbb218d0232c44e9405208c0c1df6a0b7e6bc992651cbd242a,188,True
1,25545987,USDT_WETH,0x0d4a11d5eeaac28ec3f61d100daf4d40471f1852,0xc02aaa39b223fe8d0a0e5c4f27ead9083c756cc2,0xdac17f958d2ee523a2206206994597c13d831ec7,3920276205151115850957,7380332725580,carried_forward,sync_log,25545984,0x5e400b66549d1e329e457ba64cb01ba3dc3fcf07a4149776a59d68766374f549,222,True
1,25545987,WETH_USDC,0xb4e16d0168e52d35cacd2c6185b44281ec28c9dc,0xa0b86991c6218b36c1d19d4a2e9eb0ce3606eb48,0xc02aaa39b223fe8d0a0e5c4f27ead9083c756cc2,8792174685323,4673467800799810549529,carried_forward,sync_log,25545977,0xfb90e2c494ef6fcb50e99084549f000f93c09ebabbb3011e371a8107a0fbd2d4,160,True
1,25545988,USDC_USDT,0x3041cbd36888becc7bbcbc0045e3b1f144466f5f,0xa0b86991c6218b36c1d19d4a2e9eb0ce3606eb48,0xdac17f958d2ee523a2206206994597c13d831ec7,1667831682630,1665697192530,carried_forward,sync_log,25545983,0x1c5bb589c4e47bfbb218d0232c44e9405208c0c1df6a0b7e6bc992651cbd242a,188,True
1,25545988,USDT_WETH,0x0d4a11d5eeaac28ec3f61d100daf4d40471f1852,0xc02aaa39b223fe8d0a0e5c4f27ead9083c756cc2,0xdac17f958d2ee523a2206206994597c13d831ec7,3920276205151115850957,7380332725580,carried_forward,sync_log,25545984,0x5e400b66549d1e329e457ba64cb01ba3dc3fcf07a4149776a59d68766374f549,222,True
1,25545988,WETH_USDC,0xb4e16d0168e52d35cacd2c6185b44281ec28c9dc,0xa0b86991c6218b36c1d19d4a2e9eb0ce3606eb48,0xc02aaa39b223fe8d0a0e5c4f27ead9083c756cc2,8792174685323,4673467800799810549529,carried_forward,sync_log,25545977,0xfb90e2c494ef6fcb50e99084549f000f93c09ebabbb3011e371a8107a0fbd2d4,160,True
1,25545989,USDC_USDT,0x3041cbd36888becc7bbcbc0045e3b1f144466f5f,0xa0b86991c6218b36c1d19d4a2e9eb0ce3606eb48,0xdac17f958d2ee523a2206206994597c13d831ec7,1667831682630,1665697192530,carried_forward,sync_log,25545983,0x1c5bb589c4e47bfbb218d0232c44e9405208c0c1df6a0b7e6bc992651cbd242a,188,True
1,25545989,USDT_WETH,0x0d4a11d5eeaac28ec3f61d100daf4d40471f1852,0xc02aaa39b223fe8d0a0e5c4f27ead9083c756cc2,0xdac17f958d2ee523a2206206994597c13d831ec7,3920276205151115850957,7380332725580,carried_forward,sync_log,25545984,0x5e400b66549d1e329e457ba64cb01ba3dc3fcf07a4149776a59d68766374f549,222,True
1,25545989,WETH_USDC,0xb4e16d0168e52d35cacd2c6185b44281ec28c9dc,0xa0b86991c6218b36c1d19d4a2e9eb0ce3606eb48,0xc02aaa39b223fe8d0a0e5c4f27ead9083c756cc2,8792174685323,4673467800799810549529,carried_forward,sync_log,25545977,0xfb90e2c494ef6fcb50e99084549f000f93c09ebabbb3011e371a8107a0fbd2d4,160,True
1,25545990,USDC_USDT,0x3041cbd36888becc7bbcbc0045e3b1f144466f5f,0xa0b86991c6218b36c1d19d4a2e9eb0ce3606eb48,0xdac17f958d2ee523a2206206994597c13d831ec7,1667831682630,1665697192530,carried_forward,sync_log,25545983,0x1c5bb589c4e47bfbb218d0232c44e9405208c0c1df6a0b7e6bc992651cbd242a,188,True
1,25545990,USDT_WETH,0x0d4a11d5eeaac28ec3f61d100daf4d40471f1852,0xc02aaa39b223fe8d0a0e5c4f27ead9083c756cc2,0xdac17f958d2ee523a2206206994597c13d831ec7,3920276205151115850957,7380332725580,carried_forward,sync_log,25545984,0x5e400b66549d1e329e457ba64cb01ba3dc3fcf07a4149776a59d68766374f549,222,True
1,25545990,WETH_USDC,0xb4e16d0168e52d35cacd2c6185b44281ec28c9dc,0xa0b86991c6218b36c1d19d4a2e9eb0ce3606eb48,0xc02aaa39b223fe8d0a0e5c4f27ead9083c756cc2,8792174685323,4673467800799810549529,carried_forward,sync_log,25545977,0xfb90e2c494ef6fcb50e99084549f000f93c09ebabbb3011e371a8107a0fbd2d4,160,True
1,25545991,USDC_USDT,0x3041cbd36888becc7bbcbc0045e3b1f144466f5f,0xa0b86991c6218b36c1d19d4a2e9eb0ce3606eb48,0xdac17f958d2ee523a2206206994597c13d831ec7,1667831682630,1665697192530,carried_forward,sync_log,25545983,0x1c5bb589c4e47bfbb218d0232c44e9405208c0c1df6a0b7e6bc992651cbd242a,188,True
1,25545991,USDT_WETH,0x0d4a11d5eeaac28ec3f61d100daf4d40471f1852,0xc02aaa39b223fe8d0a0e5c4f27ead9083c756cc2,0xdac17f958d2ee523a2206206994597c13d831ec7,3920276205151115850957,7380332725580,carried_forward,sync_log,25545984,0x5e400b66549d1e329e457ba64cb01ba3dc3fcf07a4149776a59d68766374f549,222,True
1,25545991,WETH_USDC,0xb4e16d0168e52d35cacd2c6185b44281ec28c9dc,0xa0b86991c6218b36c1d19d4a2e9eb0ce3606eb48,0xc02aaa39b223fe8d0a0e5c4f27ead9083c756cc2,8792174685323,4673467800799810549529,carried_forward,sync_log,25545977,0xfb90e2c494ef6fcb50e99084549f000f93c09ebabbb3011e371a8107a0fbd2d4,160,True
1,25545992,USDC_USDT,0x3041cbd36888becc7bbcbc0045e3b1f144466f5f,0xa0b86991c6218b36c1d19d4a2e9eb0ce3606eb48,0xdac17f958d2ee523a2206206994597c13d831ec7,1667806152671,1665722766930,observed_sync,sync_log,25545992,0xa0a5d5104d17fb078483e5f1abe4ec3b7d9a37c45e76c8b919e1a46bcfa89723,285,True
1,25545992,USDT_WETH,0x0d4a11d5eeaac28ec3f61d100daf4d40471f1852,0xc02aaa39b223fe8d0a0e5c4f27ead9083c756cc2,0xdac17f958d2ee523a2206206994597c13d831ec7,3920276205151115850957,7380332725580,carried_forward,sync_log,25545984,0x5e400b66549d1e329e457ba64cb01ba3dc3fcf07a4149776a59d68766374f549,222,True
1,25545992,WETH_USDC,0xb4e16d0168e52d35cacd2c6185b44281ec28c9dc,0xa0b86991c6218b36c1d19d4a2e9eb0ce3606eb48,0xc02aaa39b223fe8d0a0e5c4f27ead9083c756cc2,8792174685323,4673467800799810549529,carried_forward,sync_log,25545977,0xfb90e2c494ef6fcb50e99084549f000f93c09ebabbb3011e371a8107a0fbd2d4,160,True
1,25545993,USDC_USDT,0x3041cbd36888becc7bbcbc0045e3b1f144466f5f,0xa0b86991c6218b36c1d19d4a2e9eb0ce3606eb48,0xdac17f958d2ee523a2206206994597c13d831ec7,1667806152671,1665722766930,carried_forward,sync_log,25545992,0xa0a5d5104d17fb078483e5f1abe4ec3b7d9a37c45e76c8b919e1a46bcfa89723,285,True
1,25545993,USDT_WETH,0x0d4a11d5eeaac28ec3f61d100daf4d40471f1852,0xc02aaa39b223fe8d0a0e5c4f27ead9083c756cc2,0xdac17f958d2ee523a2206206994597c13d831ec7,3920276205151115850957,7380332725580,carried_forward,sync_log,25545984,0x5e400b66549d1e329e457ba64cb01ba3dc3fcf07a4149776a59d68766374f549,222,True
1,25545993,WETH_USDC,0xb4e16d0168e52d35cacd2c6185b44281ec28c9dc,0xa0b86991c6218b36c1d19d4a2e9eb0ce3606eb48,0xc02aaa39b223fe8d0a0e5c4f27ead9083c756cc2,8792174685323,4673467800799810549529,carried_forward,sync_log,25545977,0xfb90e2c494ef6fcb50e99084549f000f93c09ebabbb3011e371a8107a0fbd2d4,160,True
1,25545994,USDC_USDT,0x3041cbd36888becc7bbcbc0045e3b1f144466f5f,0xa0b86991c6218b36c1d19d4a2e9eb0ce3606eb48,0xdac17f958d2ee523a2206206994597c13d831ec7,1667806152671,1665722766930,carried_forward,sync_log,25545992,0xa0a5d5104d17fb078483e5f1abe4ec3b7d9a37c45e76c8b919e1a46bcfa89723,285,True
1,25545994,USDT_WETH,0x0d4a11d5eeaac28ec3f61d100daf4d40471f1852,0xc02aaa39b223fe8d0a0e5c4f27ead9083c756cc2,0xdac17f958d2ee523a2206206994597c13d831ec7,3920276205151115850957,7380332725580,carried_forward,sync_log,25545984,0x5e400b66549d1e329e457ba64cb01ba3dc3fcf07a4149776a59d68766374f549,222,True
1,25545994,WETH_USDC,0xb4e16d0168e52d35cacd2c6185b44281ec28c9dc,0xa0b86991c6218b36c1d19d4a2e9eb0ce3606eb48,0xc02aaa39b223fe8d0a0e5c4f27ead9083c756cc2,8792174685323,4673467800799810549529,carried_forward,sync_log,25545977,0xfb90e2c494ef6fcb50e99084549f000f93c09ebabbb3011e371a8107a0fbd2d4,160,True
1,25545995,USDC_USDT,0x3041cbd36888becc7bbcbc0045e3b1f144466f5f,0xa0b86991c6218b36c1d19d4a2e9eb0ce3606eb48,0xdac17f958d2ee523a2206206994597c13d831ec7,1667806152671,1665722766930,carried_forward,sync_log,25545992,0xa0a5d5104d17fb078483e5f1abe4ec3b7d9a37c45e76c8b919e1a46bcfa89723,285,True
1,25545995,USDT_WETH,0x0d4a11d5eeaac28ec3f61d100daf4d40471f1852,0xc02aaa39b223fe8d0a0e5c4f27ead9083c756cc2,0xdac17f958d2ee523a2206206994597c13d831ec7,3920276205151115850957,7380332725580,carried_forward,sync_log,25545984,0x5e400b66549d1e329e457ba64cb01ba3dc3fcf07a4149776a59d68766374f549,222,True
1,25545995,WETH_USDC,0xb4e16d0168e52d35cacd2c6185b44281ec28c9dc,0xa0b86991c6218b36c1d19d4a2e9eb0ce3606eb48,0xc02aaa39b223fe8d0a0e5c4f27ead9083c756cc2,8792174685323,4673467800799810549529,carried_forward,sync_log,25545977,0xfb90e2c494ef6fcb50e99084549f000f93c09ebabbb3011e371a8107a0fbd2d4,160,True
1,25545996,USDC_USDT,0x3041cbd36888becc7bbcbc0045e3b1f144466f5f,0xa0b86991c6218b36c1d19d4a2e9eb0ce3606eb48,0xdac17f958d2ee523a2206206994597c13d831ec7,1667806152671,1665722766930,carried_forward,sync_log,25545992,0xa0a5d5104d17fb078483e5f1abe4ec3b7d9a37c45e76c8b919e1a46bcfa89723,285,True
1,25545996,USDT_WETH,0x0d4a11d5eeaac28ec3f61d100daf4d40471f1852,0xc02aaa39b223fe8d0a0e5c4f27ead9083c756cc2,0xdac17f958d2ee523a2206206994597c13d831ec7,3920276205151115850957,7380332725580,carried_forward,sync_log,25545984,0x5e400b66549d1e329e457ba64cb01ba3dc3fcf07a4149776a59d68766374f549,222,True
1,25545996,WETH_USDC,0xb4e16d0168e52d35cacd2c6185b44281ec28c9dc,0xa0b86991c6218b36c1d19d4a2e9eb0ce3606eb48,0xc02aaa39b223fe8d0a0e5c4f27ead9083c756cc2,8792174685323,4673467800799810549529,carried_forward,sync_log,25545977,0xfb90e2c494ef6fcb50e99084549f000f93c09ebabbb3011e371a8107a0fbd2d4,160,True
1,25545997,USDC_USDT,0x3041cbd36888becc7bbcbc0045e3b1f144466f5f,0xa0b86991c6218b36c1d19d4a2e9eb0ce3606eb48,0xdac17f958d2ee523a2206206994597c13d831ec7,1667806152671,1665722766930,carried_forward,sync_log,25545992,0xa0a5d5104d17fb078483e5f1abe4ec3b7d9a37c45e76c8b919e1a46bcfa89723,285,True
1,25545997,USDT_WETH,0x0d4a11d5eeaac28ec3f61d100daf4d40471f1852,0xc02aaa39b223fe8d0a0e5c4f27ead9083c756cc2,0xdac17f958d2ee523a2206206994597c13d831ec7,3920276205151115850957,7380332725580,carried_forward,sync_log,25545984,0x5e400b66549d1e329e457ba64cb01ba3dc3fcf07a4149776a59d68766374f549,222,True
1,25545997,WETH_USDC,0xb4e16d0168e52d35cacd2c6185b44281ec28c9dc,0xa0b86991c6218b36c1d19d4a2e9eb0ce3606eb48,0xc02aaa39b223fe8d0a0e5c4f27ead9083c756cc2,8792174685323,4673467800799810549529,carried_forward,sync_log,25545977,0xfb90e2c494ef6fcb50e99084549f000f93c09ebabbb3011e371a8107a0fbd2d4,160,True
1,25545998,USDC_USDT,0x3041cbd36888becc7bbcbc0045e3b1f144466f5f,0xa0b86991c6218b36c1d19d4a2e9eb0ce3606eb48,0xdac17f958d2ee523a2206206994597c13d831ec7,1667806152671,1665722766930,carried_forward,sync_log,25545992,0xa0a5d5104d17fb078483e5f1abe4ec3b7d9a37c45e76c8b919e1a46bcfa89723,285,True
1,25545998,USDT_WETH,0x0d4a11d5eeaac28ec3f61d100daf4d40471f1852,0xc02aaa39b223fe8d0a0e5c4f27ead9083c756cc2,0xdac17f958d2ee523a2206206994597c13d831ec7,3920276205151115850957,7380332725580,carried_forward,sync_log,25545984,0x5e400b66549d1e329e457ba64cb01ba3dc3fcf07a4149776a59d68766374f549,222,True
1,25545998,WETH_USDC,0xb4e16d0168e52d35cacd2c6185b44281ec28c9dc,0xa0b86991c6218b36c1d19d4a2e9eb0ce3606eb48,0xc02aaa39b223fe8d0a0e5c4f27ead9083c756cc2,8792174685323,4673467800799810549529,carried_forward,sync_log,25545977,0xfb90e2c494ef6fcb50e99084549f000f93c09ebabbb3011e371a8107a0fbd2d4,160,True
1,25545999,USDC_USDT,0x3041cbd36888becc7bbcbc0045e3b1f144466f5f,0xa0b86991c6218b36c1d19d4a2e9eb0ce3606eb48,0xdac17f958d2ee523a2206206994597c13d831ec7,1667806152671,1665722766930,carried_forward,sync_log,25545992,0xa0a5d5104d17fb078483e5f1abe4ec3b7d9a37c45e76c8b919e1a46bcfa89723,285,True
1,25545999,USDT_WETH,0x0d4a11d5eeaac28ec3f61d100daf4d40471f1852,0xc02aaa39b223fe8d0a0e5c4f27ead9083c756cc2,0xdac17f958d2ee523a2206206994597c13d831ec7,3920276205151115850957,7380332725580,carried_forward,sync_log,25545984,0x5e400b66549d1e329e457ba64cb01ba3dc3fcf07a4149776a59d68766374f549,222,True
1,25545999,WETH_USDC,0xb4e16d0168e52d35cacd2c6185b44281ec28c9dc,0xa0b86991c6218b36c1d19d4a2e9eb0ce3606eb48,0xc02aaa39b223fe8d0a0e5c4f27ead9083c756cc2,8792174685323,4673467800799810549529,carried_forward,sync_log,25545977,0xfb90e2c494ef6fcb50e99084549f000f93c09ebabbb3011e371a8107a0fbd2d4,160,True
1,25546000,USDC_USDT,0x3041cbd36888becc7bbcbc0045e3b1f144466f5f,0xa0b86991c6218b36c1d19d4a2e9eb0ce3606eb48,0xdac17f958d2ee523a2206206994597c13d831ec7,1667806152671,1665722766930,carried_forward,sync_log,25545992,0xa0a5d5104d17fb078483e5f1abe4ec3b7d9a37c45e76c8b919e1a46bcfa89723,285,True
1,25546000,USDT_WETH,0x0d4a11d5eeaac28ec3f61d100daf4d40471f1852,0xc02aaa39b223fe8d0a0e5c4f27ead9083c756cc2,0xdac17f958d2ee523a2206206994597c13d831ec7,3920302666079844564349,7380283059877,observed_sync,sync_log,25546000,0x13796e821fb2d3d94232a65f13906db02e3df521455f0877046f8edc1cea13fb,213,True
1,25546000,WETH_USDC,0xb4e16d0168e52d35cacd2c6185b44281ec28c9dc,0xa0b86991c6218b36c1d19d4a2e9eb0ce3606eb48,0xc02aaa39b223fe8d0a0e5c4f27ead9083c756cc2,8792174685323,4673467800799810549529,carried_forward,sync_log,25545977,0xfb90e2c494ef6fcb50e99084549f000f93c09ebabbb3011e371a8107a0fbd2d4,160,True
1,25546001,USDC_USDT,0x3041cbd36888becc7bbcbc0045e3b1f144466f5f,0xa0b86991c6218b36c1d19d4a2e9eb0ce3606eb48,0xdac17f958d2ee523a2206206994597c13d831ec7,1667806152671,1665722766930,carried_forward,sync_log,25545992,0xa0a5d5104d17fb078483e5f1abe4ec3b7d9a37c45e76c8b919e1a46bcfa89723,285,True
1,25546001,USDT_WETH,0x0d4a11d5eeaac28ec3f61d100daf4d40471f1852,0xc02aaa39b223fe8d0a0e5c4f27ead9083c756cc2,0xdac17f958d2ee523a2206206994597c13d831ec7,3920302666079844564349,7380283059877,carried_forward,sync_log,25546000,0x13796e821fb2d3d94232a65f13906db02e3df521455f0877046f8edc1cea13fb,213,True
1,25546001,WETH_USDC,0xb4e16d0168e52d35cacd2c6185b44281ec28c9dc,0xa0b86991c6218b36c1d19d4a2e9eb0ce3606eb48,0xc02aaa39b223fe8d0a0e5c4f27ead9083c756cc2,8792174685323,4673467800799810549529,carried_forward,sync_log,25545977,0xfb90e2c494ef6fcb50e99084549f000f93c09ebabbb3011e371a8107a0fbd2d4,160,True
1,25546002,USDC_USDT,0x3041cbd36888becc7bbcbc0045e3b1f144466f5f,0xa0b86991c6218b36c1d19d4a2e9eb0ce3606eb48,0xdac17f958d2ee523a2206206994597c13d831ec7,1667806152671,1665722766930,carried_forward,sync_log,25545992,0xa0a5d5104d17fb078483e5f1abe4ec3b7d9a37c45e76c8b919e1a46bcfa89723,285,True
1,25546002,USDT_WETH,0x0d4a11d5eeaac28ec3f61d100daf4d40471f1852,0xc02aaa39b223fe8d0a0e5c4f27ead9083c756cc2,0xdac17f958d2ee523a2206206994597c13d831ec7,3920302666079844564349,7380283059877,carried_forward,sync_log,25546000,0x13796e821fb2d3d94232a65f13906db02e3df521455f0877046f8edc1cea13fb,213,True
1,25546002,WETH_USDC,0xb4e16d0168e52d35cacd2c6185b44281ec28c9dc,0xa0b86991c6218b36c1d19d4a2e9eb0ce3606eb48,0xc02aaa39b223fe8d0a0e5c4f27ead9083c756cc2,8792118498834,4673497756706044202128,observed_sync,sync_log,25546002,0x784f7ee5373b50bbd00721481c8710360ad4d72b8207977c249a8b1724e34c35,23,True
1,25546003,USDC_USDT,0x3041cbd36888becc7bbcbc0045e3b1f144466f5f,0xa0b86991c6218b36c1d19d4a2e9eb0ce3606eb48,0xdac17f958d2ee523a2206206994597c13d831ec7,1667806152671,1665722766930,carried_forward,sync_log,25545992,0xa0a5d5104d17fb078483e5f1abe4ec3b7d9a37c45e76c8b919e1a46bcfa89723,285,True
1,25546003,USDT_WETH,0x0d4a11d5eeaac28ec3f61d100daf4d40471f1852,0xc02aaa39b223fe8d0a0e5c4f27ead9083c756cc2,0xdac17f958d2ee523a2206206994597c13d831ec7,3920302666079844564349,7380283059877,carried_forward,sync_log,25546000,0x13796e821fb2d3d94232a65f13906db02e3df521455f0877046f8edc1cea13fb,213,True
1,25546003,WETH_USDC,0xb4e16d0168e52d35cacd2c6185b44281ec28c9dc,0xa0b86991c6218b36c1d19d4a2e9eb0ce3606eb48,0xc02aaa39b223fe8d0a0e5c4f27ead9083c756cc2,8792118498834,4673497756706044202128,carried_forward,sync_log,25546002,0x784f7ee5373b50bbd00721481c8710360ad4d72b8207977c249a8b1724e34c35,23,True
1,25546004,USDC_USDT,0x3041cbd36888becc7bbcbc0045e3b1f144466f5f,0xa0b86991c6218b36c1d19d4a2e9eb0ce3606eb48,0xdac17f958d2ee523a2206206994597c13d831ec7,1667806152671,1665722766930,carried_forward,sync_log,25545992,0xa0a5d5104d17fb078483e5f1abe4ec3b7d9a37c45e76c8b919e1a46bcfa89723,285,True
1,25546004,USDT_WETH,0x0d4a11d5eeaac28ec3f61d100daf4d40471f1852,0xc02aaa39b223fe8d0a0e5c4f27ead9083c756cc2,0xdac17f958d2ee523a2206206994597c13d831ec7,3920302666079844564349,7380283059877,carried_forward,sync_log,25546000,0x13796e821fb2d3d94232a65f13906db02e3df521455f0877046f8edc1cea13fb,213,True
1,25546004,WETH_USDC,0xb4e16d0168e52d35cacd2c6185b44281ec28c9dc,0xa0b86991c6218b36c1d19d4a2e9eb0ce3606eb48,0xc02aaa39b223fe8d0a0e5c4f27ead9083c756cc2,8792118498834,4673497756706044202128,carried_forward,sync_log,25546002,0x784f7ee5373b50bbd00721481c8710360ad4d72b8207977c249a8b1724e34c35,23,True
1,25546005,USDC_USDT,0x3041cbd36888becc7bbcbc0045e3b1f144466f5f,0xa0b86991c6218b36c1d19d4a2e9eb0ce3606eb48,0xdac17f958d2ee523a2206206994597c13d831ec7,1667806152671,1665722766930,carried_forward,sync_log,25545992,0xa0a5d5104d17fb078483e5f1abe4ec3b7d9a37c45e76c8b919e1a46bcfa89723,285,True
1,25546005,USDT_WETH,0x0d4a11d5eeaac28ec3f61d100daf4d40471f1852,0xc02aaa39b223fe8d0a0e5c4f27ead9083c756cc2,0xdac17f958d2ee523a2206206994597c13d831ec7,3920302666079844564349,7380283059877,carried_forward,sync_log,25546000,0x13796e821fb2d3d94232a65f13906db02e3df521455f0877046f8edc1cea13fb,213,True
1,25546005,WETH_USDC,0xb4e16d0168e52d35cacd2c6185b44281ec28c9dc,0xa0b86991c6218b36c1d19d4a2e9eb0ce3606eb48,0xc02aaa39b223fe8d0a0e5c4f27ead9083c756cc2,8792118498834,4673497756706044202128,carried_forward,sync_log,25546002,0x784f7ee5373b50bbd00721481c8710360ad4d72b8207977c249a8b1724e34c35,23,True
1,25546006,USDC_USDT,0x3041cbd36888becc7bbcbc0045e3b1f144466f5f,0xa0b86991c6218b36c1d19d4a2e9eb0ce3606eb48,0xdac17f958d2ee523a2206206994597c13d831ec7,1667806152671,1665722766930,carried_forward,sync_log,25545992,0xa0a5d5104d17fb078483e5f1abe4ec3b7d9a37c45e76c8b919e1a46bcfa89723,285,True
1,25546006,USDT_WETH,0x0d4a11d5eeaac28ec3f61d100daf4d40471f1852,0xc02aaa39b223fe8d0a0e5c4f27ead9083c756cc2,0xdac17f958d2ee523a2206206994597c13d831ec7,3920302666079844564349,7380283059877,carried_forward,sync_log,25546000,0x13796e821fb2d3d94232a65f13906db02e3df521455f0877046f8edc1cea13fb,213,True
1,25546006,WETH_USDC,0xb4e16d0168e52d35cacd2c6185b44281ec28c9dc,0xa0b86991c6218b36c1d19d4a2e9eb0ce3606eb48,0xc02aaa39b223fe8d0a0e5c4f27ead9083c756cc2,8792118498834,4673497756706044202128,carried_forward,sync_log,25546002,0x784f7ee5373b50bbd00721481c8710360ad4d72b8207977c249a8b1724e34c35,23,True
1,25546007,USDC_USDT,0x3041cbd36888becc7bbcbc0045e3b1f144466f5f,0xa0b86991c6218b36c1d19d4a2e9eb0ce3606eb48,0xdac17f958d2ee523a2206206994597c13d831ec7,1667806152671,1665722766930,carried_forward,sync_log,25545992,0xa0a5d5104d17fb078483e5f1abe4ec3b7d9a37c45e76c8b919e1a46bcfa89723,285,True
1,25546007,USDT_WETH,0x0d4a11d5eeaac28ec3f61d100daf4d40471f1852,0xc02aaa39b223fe8d0a0e5c4f27ead9083c756cc2,0xdac17f958d2ee523a2206206994597c13d831ec7,3920302666079844564349,7380283059877,carried_forward,sync_log,25546000,0x13796e821fb2d3d94232a65f13906db02e3df521455f0877046f8edc1cea13fb,213,True
1,25546007,WETH_USDC,0xb4e16d0168e52d35cacd2c6185b44281ec28c9dc,0xa0b86991c6218b36c1d19d4a2e9eb0ce3606eb48,0xc02aaa39b223fe8d0a0e5c4f27ead9083c756cc2,8792118498834,4673497756706044202128,carried_forward,sync_log,25546002,0x784f7ee5373b50bbd00721481c8710360ad4d72b8207977c249a8b1724e34c35,23,True
1,25546008,USDC_USDT,0x3041cbd36888becc7bbcbc0045e3b1f144466f5f,0xa0b86991c6218b36c1d19d4a2e9eb0ce3606eb48,0xdac17f958d2ee523a2206206994597c13d831ec7,1667806152671,1665722766930,carried_forward,sync_log,25545992,0xa0a5d5104d17fb078483e5f1abe4ec3b7d9a37c45e76c8b919e1a46bcfa89723,285,True
1,25546008,USDT_WETH,0x0d4a11d5eeaac28ec3f61d100daf4d40471f1852,0xc02aaa39b223fe8d0a0e5c4f27ead9083c756cc2,0xdac17f958d2ee523a2206206994597c13d831ec7,3920302666079844564349,7380283059877,carried_forward,sync_log,25546000,0x13796e821fb2d3d94232a65f13906db02e3df521455f0877046f8edc1cea13fb,213,True
1,25546008,WETH_USDC,0xb4e16d0168e52d35cacd2c6185b44281ec28c9dc,0xa0b86991c6218b36c1d19d4a2e9eb0ce3606eb48,0xc02aaa39b223fe8d0a0e5c4f27ead9083c756cc2,8792118498834,4673497756706044202128,carried_forward,sync_log,25546002,0x784f7ee5373b50bbd00721481c8710360ad4d72b8207977c249a8b1724e34c35,23,True
1,25546009,USDC_USDT,0x3041cbd36888becc7bbcbc0045e3b1f144466f5f,0xa0b86991c6218b36c1d19d4a2e9eb0ce3606eb48,0xdac17f958d2ee523a2206206994597c13d831ec7,1667806152671,1665722766930,carried_forward,sync_log,25545992,0xa0a5d5104d17fb078483e5f1abe4ec3b7d9a37c45e76c8b919e1a46bcfa89723,285,True
1,25546009,USDT_WETH,0x0d4a11d5eeaac28ec3f61d100daf4d40471f1852,0xc02aaa39b223fe8d0a0e5c4f27ead9083c756cc2,0xdac17f958d2ee523a2206206994597c13d831ec7,3920302666079844564349,7380283059877,carried_forward,sync_log,25546000,0x13796e821fb2d3d94232a65f13906db02e3df521455f0877046f8edc1cea13fb,213,True
1,25546009,WETH_USDC,0xb4e16d0168e52d35cacd2c6185b44281ec28c9dc,0xa0b86991c6218b36c1d19d4a2e9eb0ce3606eb48,0xc02aaa39b223fe8d0a0e5c4f27ead9083c756cc2,8792118498834,4673497756706044202128,carried_forward,sync_log,25546002,0x784f7ee5373b50bbd00721481c8710360ad4d72b8207977c249a8b1724e34c35,23,True
1,25546010,USDC_USDT,0x3041cbd36888becc7bbcbc0045e3b1f144466f5f,0xa0b86991c6218b36c1d19d4a2e9eb0ce3606eb48,0xdac17f958d2ee523a2206206994597c13d831ec7,1667806152671,1665722766930,carried_forward,sync_log,25545992,0xa0a5d5104d17fb078483e5f1abe4ec3b7d9a37c45e76c8b919e1a46bcfa89723,285,True
1,25546010,USDT_WETH,0x0d4a11d5eeaac28ec3f61d100daf4d40471f1852,0xc02aaa39b223fe8d0a0e5c4f27ead9083c756cc2,0xdac17f958d2ee523a2206206994597c13d831ec7,3920302666079844564349,7380283059877,carried_forward,sync_log,25546000,0x13796e821fb2d3d94232a65f13906db02e3df521455f0877046f8edc1cea13fb,213,True
1,25546010,WETH_USDC,0xb4e16d0168e52d35cacd2c6185b44281ec28c9dc,0xa0b86991c6218b36c1d19d4a2e9eb0ce3606eb48,0xc02aaa39b223fe8d0a0e5c4f27ead9083c756cc2,8792118498834,4673497756706044202128,carried_forward,sync_log,25546002,0x784f7ee5373b50bbd00721481c8710360ad4d72b8207977c249a8b1724e34c35,23,True
1,25546011,USDC_USDT,0x3041cbd36888becc7bbcbc0045e3b1f144466f5f,0xa0b86991c6218b36c1d19d4a2e9eb0ce3606eb48,0xdac17f958d2ee523a2206206994597c13d831ec7,1667806152671,1665722766930,carried_forward,sync_log,25545992,0xa0a5d5104d17fb078483e5f1abe4ec3b7d9a37c45e76c8b919e1a46bcfa89723,285,True
1,25546011,USDT_WETH,0x0d4a11d5eeaac28ec3f61d100daf4d40471f1852,0xc02aaa39b223fe8d0a0e5c4f27ead9083c756cc2,0xdac17f958d2ee523a2206206994597c13d831ec7,3920302666079844564349,7380283059877,carried_forward,sync_log,25546000,0x13796e821fb2d3d94232a65f13906db02e3df521455f0877046f8edc1cea13fb,213,True
1,25546011,WETH_USDC,0xb4e16d0168e52d35cacd2c6185b44281ec28c9dc,0xa0b86991c6218b36c1d19d4a2e9eb0ce3606eb48,0xc02aaa39b223fe8d0a0e5c4f27ead9083c756cc2,8792118498834,4673497756706044202128,carried_forward,sync_log,25546002,0x784f7ee5373b50bbd00721481c8710360ad4d72b8207977c249a8b1724e34c35,23,True
1,25546012,USDC_USDT,0x3041cbd36888becc7bbcbc0045e3b1f144466f5f,0xa0b86991c6218b36c1d19d4a2e9eb0ce3606eb48,0xdac17f958d2ee523a2206206994597c13d831ec7,1667806152671,1665722766930,carried_forward,sync_log,25545992,0xa0a5d5104d17fb078483e5f1abe4ec3b7d9a37c45e76c8b919e1a46bcfa89723,285,True
1,25546012,USDT_WETH,0x0d4a11d5eeaac28ec3f61d100daf4d40471f1852,0xc02aaa39b223fe8d0a0e5c4f27ead9083c756cc2,0xdac17f958d2ee523a2206206994597c13d831ec7,3920302666079844564349,7380283059877,carried_forward,sync_log,25546000,0x13796e821fb2d3d94232a65f13906db02e3df521455f0877046f8edc1cea13fb,213,True
1,25546012,WETH_USDC,0xb4e16d0168e52d35cacd2c6185b44281ec28c9dc,0xa0b86991c6218b36c1d19d4a2e9eb0ce3606eb48,0xc02aaa39b223fe8d0a0e5c4f27ead9083c756cc2,8792118498834,4673497756706044202128,carried_forward,sync_log,25546002,0x784f7ee5373b50bbd00721481c8710360ad4d72b8207977c249a8b1724e34c35,23,True
1,25546013,USDC_USDT,0x3041cbd36888becc7bbcbc0045e3b1f144466f5f,0xa0b86991c6218b36c1d19d4a2e9eb0ce3606eb48,0xdac17f958d2ee523a2206206994597c13d831ec7,1667806152671,1665722766930,carried_forward,sync_log,25545992,0xa0a5d5104d17fb078483e5f1abe4ec3b7d9a37c45e76c8b919e1a46bcfa89723,285,True
1,25546013,USDT_WETH,0x0d4a11d5eeaac28ec3f61d100daf4d40471f1852,0xc02aaa39b223fe8d0a0e5c4f27ead9083c756cc2,0xdac17f958d2ee523a2206206994597c13d831ec7,3920302666079844564349,7380283059877,carried_forward,sync_log,25546000,0x13796e821fb2d3d94232a65f13906db02e3df521455f0877046f8edc1cea13fb,213,True
1,25546013,WETH_USDC,0xb4e16d0168e52d35cacd2c6185b44281ec28c9dc,0xa0b86991c6218b36c1d19d4a2e9eb0ce3606eb48,0xc02aaa39b223fe8d0a0e5c4f27ead9083c756cc2,8792118498834,4673497756706044202128,carried_forward,sync_log,25546002,0x784f7ee5373b50bbd00721481c8710360ad4d72b8207977c249a8b1724e34c35,23,True
1,25546014,USDC_USDT,0x3041cbd36888becc7bbcbc0045e3b1f144466f5f,0xa0b86991c6218b36c1d19d4a2e9eb0ce3606eb48,0xdac17f958d2ee523a2206206994597c13d831ec7,1667806152671,1665722766930,carried_forward,sync_log,25545992,0xa0a5d5104d17fb078483e5f1abe4ec3b7d9a37c45e76c8b919e1a46bcfa89723,285,True
1,25546014,USDT_WETH,0x0d4a11d5eeaac28ec3f61d100daf4d40471f1852,0xc02aaa39b223fe8d0a0e5c4f27ead9083c756cc2,0xdac17f958d2ee523a2206206994597c13d831ec7,3920302666079844564349,7380283059877,carried_forward,sync_log,25546000,0x13796e821fb2d3d94232a65f13906db02e3df521455f0877046f8edc1cea13fb,213,True
1,25546014,WETH_USDC,0xb4e16d0168e52d35cacd2c6185b44281ec28c9dc,0xa0b86991c6218b36c1d19d4a2e9eb0ce3606eb48,0xc02aaa39b223fe8d0a0e5c4f27ead9083c756cc2,8792118498834,4673497756706044202128,carried_forward,sync_log,25546002,0x784f7ee5373b50bbd00721481c8710360ad4d72b8207977c249a8b1724e34c35,23,True
1,25546015,USDC_USDT,0x3041cbd36888becc7bbcbc0045e3b1f144466f5f,0xa0b86991c6218b36c1d19d4a2e9eb0ce3606eb48,0xdac17f958d2ee523a2206206994597c13d831ec7,1667806152671,1665722766930,carried_forward,sync_log,25545992,0xa0a5d5104d17fb078483e5f1abe4ec3b7d9a37c45e76c8b919e1a46bcfa89723,285,True
1,25546015,USDT_WETH,0x0d4a11d5eeaac28ec3f61d100daf4d40471f1852,0xc02aaa39b223fe8d0a0e5c4f27ead9083c756cc2,0xdac17f958d2ee523a2206206994597c13d831ec7,3920302666079844564349,7380283059877,carried_forward,sync_log,25546000,0x13796e821fb2d3d94232a65f13906db02e3df521455f0877046f8edc1cea13fb,213,True
1,25546015,WETH_USDC,0xb4e16d0168e52d35cacd2c6185b44281ec28c9dc,0xa0b86991c6218b36c1d19d4a2e9eb0ce3606eb48,0xc02aaa39b223fe8d0a0e5c4f27ead9083c756cc2,8792118498834,4673497756706044202128,carried_forward,sync_log,25546002,0x784f7ee5373b50bbd00721481c8710360ad4d72b8207977c249a8b1724e34c35,23,True
1,25546016,USDC_USDT,0x3041cbd36888becc7bbcbc0045e3b1f144466f5f,0xa0b86991c6218b36c1d19d4a2e9eb0ce3606eb48,0xdac17f958d2ee523a2206206994597c13d831ec7,1667806152671,1665722766930,carried_forward,sync_log,25545992,0xa0a5d5104d17fb078483e5f1abe4ec3b7d9a37c45e76c8b919e1a46bcfa89723,285,True
1,25546016,USDT_WETH,0x0d4a11d5eeaac28ec3f61d100daf4d40471f1852,0xc02aaa39b223fe8d0a0e5c4f27ead9083c756cc2,0xdac17f958d2ee523a2206206994597c13d831ec7,3920880963360156347133,7379197796885,observed_sync,sync_log,25546016,0x289d1ba4edc736256f92bfd86fee688e7cee69c96f32f2eb3827274c1d456d69,391,True
1,25546016,WETH_USDC,0xb4e16d0168e52d35cacd2c6185b44281ec28c9dc,0xa0b86991c6218b36c1d19d4a2e9eb0ce3606eb48,0xc02aaa39b223fe8d0a0e5c4f27ead9083c756cc2,8790803460011,4674198982289640895248,observed_sync,sync_log,25546016,0x58f50fabc6df4547df509884de8a200e7a757fef70d8afe4b13c1eb70f67ba05,302,True
1,25546017,USDC_USDT,0x3041cbd36888becc7bbcbc0045e3b1f144466f5f,0xa0b86991c6218b36c1d19d4a2e9eb0ce3606eb48,0xdac17f958d2ee523a2206206994597c13d831ec7,1667791194075,1665737751930,observed_sync,sync_log,25546017,0xfe280f8c5e05246edaa9782630193678d552f7df822f2b9d7bfae4d00408672e,296,True
1,25546017,USDT_WETH,0x0d4a11d5eeaac28ec3f61d100daf4d40471f1852,0xc02aaa39b223fe8d0a0e5c4f27ead9083c756cc2,0xdac17f958d2ee523a2206206994597c13d831ec7,3920880963360156347133,7379197796885,carried_forward,sync_log,25546016,0x289d1ba4edc736256f92bfd86fee688e7cee69c96f32f2eb3827274c1d456d69,391,True
1,25546017,WETH_USDC,0xb4e16d0168e52d35cacd2c6185b44281ec28c9dc,0xa0b86991c6218b36c1d19d4a2e9eb0ce3606eb48,0xc02aaa39b223fe8d0a0e5c4f27ead9083c756cc2,8790803460011,4674198982289640895248,carried_forward,sync_log,25546016,0x58f50fabc6df4547df509884de8a200e7a757fef70d8afe4b13c1eb70f67ba05,302,True
1,25546018,USDC_USDT,0x3041cbd36888becc7bbcbc0045e3b1f144466f5f,0xa0b86991c6218b36c1d19d4a2e9eb0ce3606eb48,0xdac17f958d2ee523a2206206994597c13d831ec7,1667791194075,1665737751930,carried_forward,sync_log,25546017,0xfe280f8c5e05246edaa9782630193678d552f7df822f2b9d7bfae4d00408672e,296,True
1,25546018,USDT_WETH,0x0d4a11d5eeaac28ec3f61d100daf4d40471f1852,0xc02aaa39b223fe8d0a0e5c4f27ead9083c756cc2,0xdac17f958d2ee523a2206206994597c13d831ec7,3920880963360156347133,7379197796885,carried_forward,sync_log,25546016,0x289d1ba4edc736256f92bfd86fee688e7cee69c96f32f2eb3827274c1d456d69,391,True
1,25546018,WETH_USDC,0xb4e16d0168e52d35cacd2c6185b44281ec28c9dc,0xa0b86991c6218b36c1d19d4a2e9eb0ce3606eb48,0xc02aaa39b223fe8d0a0e5c4f27ead9083c756cc2,8790803460011,4674198982289640895248,carried_forward,sync_log,25546016,0x58f50fabc6df4547df509884de8a200e7a757fef70d8afe4b13c1eb70f67ba05,302,True
1,25546019,USDC_USDT,0x3041cbd36888becc7bbcbc0045e3b1f144466f5f,0xa0b86991c6218b36c1d19d4a2e9eb0ce3606eb48,0xdac17f958d2ee523a2206206994597c13d831ec7,1667791194075,1665737751930,carried_forward,sync_log,25546017,0xfe280f8c5e05246edaa9782630193678d552f7df822f2b9d7bfae4d00408672e,296,True
1,25546019,USDT_WETH,0x0d4a11d5eeaac28ec3f61d100daf4d40471f1852,0xc02aaa39b223fe8d0a0e5c4f27ead9083c756cc2,0xdac17f958d2ee523a2206206994597c13d831ec7,3920880963360156347133,7379197796885,carried_forward,sync_log,25546016,0x289d1ba4edc736256f92bfd86fee688e7cee69c96f32f2eb3827274c1d456d69,391,True
1,25546019,WETH_USDC,0xb4e16d0168e52d35cacd2c6185b44281ec28c9dc,0xa0b86991c6218b36c1d19d4a2e9eb0ce3606eb48,0xc02aaa39b223fe8d0a0e5c4f27ead9083c756cc2,8790803460011,4674198982289640895248,carried_forward,sync_log,25546016,0x58f50fabc6df4547df509884de8a200e7a757fef70d8afe4b13c1eb70f67ba05,302,True
1,25546020,USDC_USDT,0x3041cbd36888becc7bbcbc0045e3b1f144466f5f,0xa0b86991c6218b36c1d19d4a2e9eb0ce3606eb48,0xdac17f958d2ee523a2206206994597c13d831ec7,1667791194075,1665737751930,carried_forward,sync_log,25546017,0xfe280f8c5e05246edaa9782630193678d552f7df822f2b9d7bfae4d00408672e,296,True
1,25546020,USDT_WETH,0x0d4a11d5eeaac28ec3f61d100daf4d40471f1852,0xc02aaa39b223fe8d0a0e5c4f27ead9083c756cc2,0xdac17f958d2ee523a2206206994597c13d831ec7,3920880963360156347133,7379197796885,carried_forward,sync_log,25546016,0x289d1ba4edc736256f92bfd86fee688e7cee69c96f32f2eb3827274c1d456d69,391,True
1,25546020,WETH_USDC,0xb4e16d0168e52d35cacd2c6185b44281ec28c9dc,0xa0b86991c6218b36c1d19d4a2e9eb0ce3606eb48,0xc02aaa39b223fe8d0a0e5c4f27ead9083c756cc2,8790803460011,4674198982289640895248,carried_forward,sync_log,25546016,0x58f50fabc6df4547df509884de8a200e7a757fef70d8afe4b13c1eb70f67ba05,302,True
1,25546021,USDC_USDT,0x3041cbd36888becc7bbcbc0045e3b1f144466f5f,0xa0b86991c6218b36c1d19d4a2e9eb0ce3606eb48,0xdac17f958d2ee523a2206206994597c13d831ec7,1667791194075,1665737751930,carried_forward,sync_log,25546017,0xfe280f8c5e05246edaa9782630193678d552f7df822f2b9d7bfae4d00408672e,296,True
1,25546021,USDT_WETH,0x0d4a11d5eeaac28ec3f61d100daf4d40471f1852,0xc02aaa39b223fe8d0a0e5c4f27ead9083c756cc2,0xdac17f958d2ee523a2206206994597c13d831ec7,3920880963360156347133,7379197796885,carried_forward,sync_log,25546016,0x289d1ba4edc736256f92bfd86fee688e7cee69c96f32f2eb3827274c1d456d69,391,True
1,25546021,WETH_USDC,0xb4e16d0168e52d35cacd2c6185b44281ec28c9dc,0xa0b86991c6218b36c1d19d4a2e9eb0ce3606eb48,0xc02aaa39b223fe8d0a0e5c4f27ead9083c756cc2,8789647084452,4674815776619587106960,observed_sync,sync_log,25546021,0x2eb4ba06d371667de703fef664b44ea484ddb719a2087bf1f2f15cc58dc394be,312,True
1,25546022,USDC_USDT,0x3041cbd36888becc7bbcbc0045e3b1f144466f5f,0xa0b86991c6218b36c1d19d4a2e9eb0ce3606eb48,0xdac17f958d2ee523a2206206994597c13d831ec7,1667791194075,1665737751930,carried_forward,sync_log,25546017,0xfe280f8c5e05246edaa9782630193678d552f7df822f2b9d7bfae4d00408672e,296,True
1,25546022,USDT_WETH,0x0d4a11d5eeaac28ec3f61d100daf4d40471f1852,0xc02aaa39b223fe8d0a0e5c4f27ead9083c756cc2,0xdac17f958d2ee523a2206206994597c13d831ec7,3920871427911916294513,7379215796885,observed_sync,sync_log,25546022,0x926269611e7dc3bf6786e8cdb5d5d9d7aed33863e021ebacad27e9da84cccb5a,467,True
1,25546022,WETH_USDC,0xb4e16d0168e52d35cacd2c6185b44281ec28c9dc,0xa0b86991c6218b36c1d19d4a2e9eb0ce3606eb48,0xc02aaa39b223fe8d0a0e5c4f27ead9083c756cc2,8789647084452,4674815776619587106960,carried_forward,sync_log,25546021,0x2eb4ba06d371667de703fef664b44ea484ddb719a2087bf1f2f15cc58dc394be,312,True
1,25546023,USDC_USDT,0x3041cbd36888becc7bbcbc0045e3b1f144466f5f,0xa0b86991c6218b36c1d19d4a2e9eb0ce3606eb48,0xdac17f958d2ee523a2206206994597c13d831ec7,1667791194075,1665737751930,carried_forward,sync_log,25546017,0xfe280f8c5e05246edaa9782630193678d552f7df822f2b9d7bfae4d00408672e,296,True
1,25546023,USDT_WETH,0x0d4a11d5eeaac28ec3f61d100daf4d40471f1852,0xc02aaa39b223fe8d0a0e5c4f27ead9083c756cc2,0xdac17f958d2ee523a2206206994597c13d831ec7,3920683612983447718342,7379570351681,observed_sync,sync_log,25546023,0x9b3a2a7e5a5b23e9d2bd8a194462ee4b3a69dedb18f02f8bec84314d0bff30cb,160,True
1,25546023,WETH_USDC,0xb4e16d0168e52d35cacd2c6185b44281ec28c9dc,0xa0b86991c6218b36c1d19d4a2e9eb0ce3606eb48,0xc02aaa39b223fe8d0a0e5c4f27ead9083c756cc2,8789647084452,4674815776619587106960,carried_forward,sync_log,25546021,0x2eb4ba06d371667de703fef664b44ea484ddb719a2087bf1f2f15cc58dc394be,312,True
1,25546024,USDC_USDT,0x3041cbd36888becc7bbcbc0045e3b1f144466f5f,0xa0b86991c6218b36c1d19d4a2e9eb0ce3606eb48,0xdac17f958d2ee523a2206206994597c13d831ec7,1667791194075,1665737751930,carried_forward,sync_log,25546017,0xfe280f8c5e05246edaa9782630193678d552f7df822f2b9d7bfae4d00408672e,296,True
1,25546024,USDT_WETH,0x0d4a11d5eeaac28ec3f61d100daf4d40471f1852,0xc02aaa39b223fe8d0a0e5c4f27ead9083c756cc2,0xdac17f958d2ee523a2206206994597c13d831ec7,3920683612983447718342,7379570351681,carried_forward,sync_log,25546023,0x9b3a2a7e5a5b23e9d2bd8a194462ee4b3a69dedb18f02f8bec84314d0bff30cb,160,True
1,25546024,WETH_USDC,0xb4e16d0168e52d35cacd2c6185b44281ec28c9dc,0xa0b86991c6218b36c1d19d4a2e9eb0ce3606eb48,0xc02aaa39b223fe8d0a0e5c4f27ead9083c756cc2,8789647084452,4674815776619587106960,carried_forward,sync_log,25546021,0x2eb4ba06d371667de703fef664b44ea484ddb719a2087bf1f2f15cc58dc394be,312,True
1,25546025,USDC_USDT,0x3041cbd36888becc7bbcbc0045e3b1f144466f5f,0xa0b86991c6218b36c1d19d4a2e9eb0ce3606eb48,0xdac17f958d2ee523a2206206994597c13d831ec7,1667791194075,1665737751930,carried_forward,sync_log,25546017,0xfe280f8c5e05246edaa9782630193678d552f7df822f2b9d7bfae4d00408672e,296,True
1,25546025,USDT_WETH,0x0d4a11d5eeaac28ec3f61d100daf4d40471f1852,0xc02aaa39b223fe8d0a0e5c4f27ead9083c756cc2,0xdac17f958d2ee523a2206206994597c13d831ec7,3921831618913701599814,7377416672076,observed_sync,sync_log,25546025,0xf9b83f4bf4ccc3d7464973f922944efc2eb2e13194a200074df5a5cea6bcb74a,402,True
1,25546025,WETH_USDC,0xb4e16d0168e52d35cacd2c6185b44281ec28c9dc,0xa0b86991c6218b36c1d19d4a2e9eb0ce3606eb48,0xc02aaa39b223fe8d0a0e5c4f27ead9083c756cc2,8789647084452,4674815776619587106960,carried_forward,sync_log,25546021,0x2eb4ba06d371667de703fef664b44ea484ddb719a2087bf1f2f15cc58dc394be,312,True
1,25546026,USDC_USDT,0x3041cbd36888becc7bbcbc0045e3b1f144466f5f,0xa0b86991c6218b36c1d19d4a2e9eb0ce3606eb48,0xdac17f958d2ee523a2206206994597c13d831ec7,1667791194075,1665737751930,carried_forward,sync_log,25546017,0xfe280f8c5e05246edaa9782630193678d552f7df822f2b9d7bfae4d00408672e,296,True
1,25546026,USDT_WETH,0x0d4a11d5eeaac28ec3f61d100daf4d40471f1852,0xc02aaa39b223fe8d0a0e5c4f27ead9083c756cc2,0xdac17f958d2ee523a2206206994597c13d831ec7,3921833784913701599814,7377412609807,observed_sync,sync_log,25546026,0xf62139bf1f36dab5fd3f58ce9c6ea8985633ce888f3256f122847eb95e3da9c7,381,True
1,25546026,WETH_USDC,0xb4e16d0168e52d35cacd2c6185b44281ec28c9dc,0xa0b86991c6218b36c1d19d4a2e9eb0ce3606eb48,0xc02aaa39b223fe8d0a0e5c4f27ead9083c756cc2,8789647084452,4674815776619587106960,carried_forward,sync_log,25546021,0x2eb4ba06d371667de703fef664b44ea484ddb719a2087bf1f2f15cc58dc394be,312,True
1,25546027,USDC_USDT,0x3041cbd36888becc7bbcbc0045e3b1f144466f5f,0xa0b86991c6218b36c1d19d4a2e9eb0ce3606eb48,0xdac17f958d2ee523a2206206994597c13d831ec7,1667791194075,1665737751930,carried_forward,sync_log,25546017,0xfe280f8c5e05246edaa9782630193678d552f7df822f2b9d7bfae4d00408672e,296,True
1,25546027,USDT_WETH,0x0d4a11d5eeaac28ec3f61d100daf4d40471f1852,0xc02aaa39b223fe8d0a0e5c4f27ead9083c756cc2,0xdac17f958d2ee523a2206206994597c13d831ec7,3921833784913701599814,7377412609807,carried_forward,sync_log,25546026,0xf62139bf1f36dab5fd3f58ce9c6ea8985633ce888f3256f122847eb95e3da9c7,381,True
1,25546027,WETH_USDC,0xb4e16d0168e52d35cacd2c6185b44281ec28c9dc,0xa0b86991c6218b36c1d19d4a2e9eb0ce3606eb48,0xc02aaa39b223fe8d0a0e5c4f27ead9083c756cc2,8789647084452,4674815776619587106960,carried_forward,sync_log,25546021,0x2eb4ba06d371667de703fef664b44ea484ddb719a2087bf1f2f15cc58dc394be,312,True
1,25546028,USDC_USDT,0x3041cbd36888becc7bbcbc0045e3b1f144466f5f,0xa0b86991c6218b36c1d19d4a2e9eb0ce3606eb48,0xdac17f958d2ee523a2206206994597c13d831ec7,1667791194075,1665737751930,carried_forward,sync_log,25546017,0xfe280f8c5e05246edaa9782630193678d552f7df822f2b9d7bfae4d00408672e,296,True
1,25546028,USDT_WETH,0x0d4a11d5eeaac28ec3f61d100daf4d40471f1852,0xc02aaa39b223fe8d0a0e5c4f27ead9083c756cc2,0xdac17f958d2ee523a2206206994597c13d831ec7,3921833784913701599814,7377412609807,carried_forward,sync_log,25546026,0xf62139bf1f36dab5fd3f58ce9c6ea8985633ce888f3256f122847eb95e3da9c7,381,True
1,25546028,WETH_USDC,0xb4e16d0168e52d35cacd2c6185b44281ec28c9dc,0xa0b86991c6218b36c1d19d4a2e9eb0ce3606eb48,0xc02aaa39b223fe8d0a0e5c4f27ead9083c756cc2,8789647084452,4674815776619587106960,carried_forward,sync_log,25546021,0x2eb4ba06d371667de703fef664b44ea484ddb719a2087bf1f2f15cc58dc394be,312,True
1,25546029,USDC_USDT,0x3041cbd36888becc7bbcbc0045e3b1f144466f5f,0xa0b86991c6218b36c1d19d4a2e9eb0ce3606eb48,0xdac17f958d2ee523a2206206994597c13d831ec7,1667791194075,1665737751930,carried_forward,sync_log,25546017,0xfe280f8c5e05246edaa9782630193678d552f7df822f2b9d7bfae4d00408672e,296,True
1,25546029,USDT_WETH,0x0d4a11d5eeaac28ec3f61d100daf4d40471f1852,0xc02aaa39b223fe8d0a0e5c4f27ead9083c756cc2,0xdac17f958d2ee523a2206206994597c13d831ec7,3921833784913701599814,7377412609807,carried_forward,sync_log,25546026,0xf62139bf1f36dab5fd3f58ce9c6ea8985633ce888f3256f122847eb95e3da9c7,381,True
1,25546029,WETH_USDC,0xb4e16d0168e52d35cacd2c6185b44281ec28c9dc,0xa0b86991c6218b36c1d19d4a2e9eb0ce3606eb48,0xc02aaa39b223fe8d0a0e5c4f27ead9083c756cc2,8789647084452,4674815776619587106960,carried_forward,sync_log,25546021,0x2eb4ba06d371667de703fef664b44ea484ddb719a2087bf1f2f15cc58dc394be,312,True
1,25546030,USDC_USDT,0x3041cbd36888becc7bbcbc0045e3b1f144466f5f,0xa0b86991c6218b36c1d19d4a2e9eb0ce3606eb48,0xdac17f958d2ee523a2206206994597c13d831ec7,1667791194075,1665737751930,carried_forward,sync_log,25546017,0xfe280f8c5e05246edaa9782630193678d552f7df822f2b9d7bfae4d00408672e,296,True
1,25546030,USDT_WETH,0x0d4a11d5eeaac28ec3f61d100daf4d40471f1852,0xc02aaa39b223fe8d0a0e5c4f27ead9083c756cc2,0xdac17f958d2ee523a2206206994597c13d831ec7,3921957413772940514750,7377180761091,observed_sync,sync_log,25546030,0x24958db89f7251c1aa32f5de2e2581de1dac5de28aaf18d496dd932e59c2b6de,824,True
1,25546030,WETH_USDC,0xb4e16d0168e52d35cacd2c6185b44281ec28c9dc,0xa0b86991c6218b36c1d19d4a2e9eb0ce3606eb48,0xc02aaa39b223fe8d0a0e5c4f27ead9083c756cc2,8788769269434,4675284098324706362128,observed_sync,sync_log,25546030,0x2e32d68a92ff491bfe92a15c6f3167056faa9963fe16d05333043a19423de0aa,367,True
1,25546031,USDC_USDT,0x3041cbd36888becc7bbcbc0045e3b1f144466f5f,0xa0b86991c6218b36c1d19d4a2e9eb0ce3606eb48,0xdac17f958d2ee523a2206206994597c13d831ec7,1667791194075,1665737751930,carried_forward,sync_log,25546017,0xfe280f8c5e05246edaa9782630193678d552f7df822f2b9d7bfae4d00408672e,296,True
1,25546031,USDT_WETH,0x0d4a11d5eeaac28ec3f61d100daf4d40471f1852,0xc02aaa39b223fe8d0a0e5c4f27ead9083c756cc2,0xdac17f958d2ee523a2206206994597c13d831ec7,3921957413772940514750,7377180761091,carried_forward,sync_log,25546030,0x24958db89f7251c1aa32f5de2e2581de1dac5de28aaf18d496dd932e59c2b6de,824,True
1,25546031,WETH_USDC,0xb4e16d0168e52d35cacd2c6185b44281ec28c9dc,0xa0b86991c6218b36c1d19d4a2e9eb0ce3606eb48,0xc02aaa39b223fe8d0a0e5c4f27ead9083c756cc2,8788769269434,4675284098324706362128,carried_forward,sync_log,25546030,0x2e32d68a92ff491bfe92a15c6f3167056faa9963fe16d05333043a19423de0aa,367,True
1,25546032,USDC_USDT,0x3041cbd36888becc7bbcbc0045e3b1f144466f5f,0xa0b86991c6218b36c1d19d4a2e9eb0ce3606eb48,0xdac17f958d2ee523a2206206994597c13d831ec7,1667791194075,1665737751930,carried_forward,sync_log,25546017,0xfe280f8c5e05246edaa9782630193678d552f7df822f2b9d7bfae4d00408672e,296,True
1,25546032,USDT_WETH,0x0d4a11d5eeaac28ec3f61d100daf4d40471f1852,0xc02aaa39b223fe8d0a0e5c4f27ead9083c756cc2,0xdac17f958d2ee523a2206206994597c13d831ec7,3921957413772940514750,7377180761091,carried_forward,sync_log,25546030,0x24958db89f7251c1aa32f5de2e2581de1dac5de28aaf18d496dd932e59c2b6de,824,True
1,25546032,WETH_USDC,0xb4e16d0168e52d35cacd2c6185b44281ec28c9dc,0xa0b86991c6218b36c1d19d4a2e9eb0ce3606eb48,0xc02aaa39b223fe8d0a0e5c4f27ead9083c756cc2,8788769269434,4675284098324706362128,carried_forward,sync_log,25546030,0x2e32d68a92ff491bfe92a15c6f3167056faa9963fe16d05333043a19423de0aa,367,True
1,25546033,USDC_USDT,0x3041cbd36888becc7bbcbc0045e3b1f144466f5f,0xa0b86991c6218b36c1d19d4a2e9eb0ce3606eb48,0xdac17f958d2ee523a2206206994597c13d831ec7,1667773226146,1665755751930,observed_sync,sync_log,25546033,0x74cdb013d9c0cb95cbf399e104e8612f57a2048a7b7224c555bdef1259400a05,729,True
1,25546033,USDT_WETH,0x0d4a11d5eeaac28ec3f61d100daf4d40471f1852,0xc02aaa39b223fe8d0a0e5c4f27ead9083c756cc2,0xdac17f958d2ee523a2206206994597c13d831ec7,3921957413772940514750,7377180761091,carried_forward,sync_log,25546030,0x24958db89f7251c1aa32f5de2e2581de1dac5de28aaf18d496dd932e59c2b6de,824,True
1,25546033,WETH_USDC,0xb4e16d0168e52d35cacd2c6185b44281ec28c9dc,0xa0b86991c6218b36c1d19d4a2e9eb0ce3606eb48,0xc02aaa39b223fe8d0a0e5c4f27ead9083c756cc2,8788769269434,4675284098324706362128,carried_forward,sync_log,25546030,0x2e32d68a92ff491bfe92a15c6f3167056faa9963fe16d05333043a19423de0aa,367,True
1,25546034,USDC_USDT,0x3041cbd36888becc7bbcbc0045e3b1f144466f5f,0xa0b86991c6218b36c1d19d4a2e9eb0ce3606eb48,0xdac17f958d2ee523a2206206994597c13d831ec7,1667773226146,1665755751930,carried_forward,sync_log,25546033,0x74cdb013d9c0cb95cbf399e104e8612f57a2048a7b7224c555bdef1259400a05,729,True
1,25546034,USDT_WETH,0x0d4a11d5eeaac28ec3f61d100daf4d40471f1852,0xc02aaa39b223fe8d0a0e5c4f27ead9083c756cc2,0xdac17f958d2ee523a2206206994597c13d831ec7,3921957413772940514750,7377180761091,carried_forward,sync_log,25546030,0x24958db89f7251c1aa32f5de2e2581de1dac5de28aaf18d496dd932e59c2b6de,824,True
1,25546034,WETH_USDC,0xb4e16d0168e52d35cacd2c6185b44281ec28c9dc,0xa0b86991c6218b36c1d19d4a2e9eb0ce3606eb48,0xc02aaa39b223fe8d0a0e5c4f27ead9083c756cc2,8788769269434,4675284098324706362128,carried_forward,sync_log,25546030,0x2e32d68a92ff491bfe92a15c6f3167056faa9963fe16d05333043a19423de0aa,367,True
1,25546035,USDC_USDT,0x3041cbd36888becc7bbcbc0045e3b1f144466f5f,0xa0b86991c6218b36c1d19d4a2e9eb0ce3606eb48,0xdac17f958d2ee523a2206206994597c13d831ec7,1667773226146,1665755751930,carried_forward,sync_log,25546033,0x74cdb013d9c0cb95cbf399e104e8612f57a2048a7b7224c555bdef1259400a05,729,True
1,25546035,USDT_WETH,0x0d4a11d5eeaac28ec3f61d100daf4d40471f1852,0xc02aaa39b223fe8d0a0e5c4f27ead9083c756cc2,0xdac17f958d2ee523a2206206994597c13d831ec7,3921957413772940514750,7377180761091,carried_forward,sync_log,25546030,0x24958db89f7251c1aa32f5de2e2581de1dac5de28aaf18d496dd932e59c2b6de,824,True
1,25546035,WETH_USDC,0xb4e16d0168e52d35cacd2c6185b44281ec28c9dc,0xa0b86991c6218b36c1d19d4a2e9eb0ce3606eb48,0xc02aaa39b223fe8d0a0e5c4f27ead9083c756cc2,8788769269434,4675284098324706362128,carried_forward,sync_log,25546030,0x2e32d68a92ff491bfe92a15c6f3167056faa9963fe16d05333043a19423de0aa,367,True
1,25546036,USDC_USDT,0x3041cbd36888becc7bbcbc0045e3b1f144466f5f,0xa0b86991c6218b36c1d19d4a2e9eb0ce3606eb48,0xdac17f958d2ee523a2206206994597c13d831ec7,1667773226146,1665755751930,carried_forward,sync_log,25546033,0x74cdb013d9c0cb95cbf399e104e8612f57a2048a7b7224c555bdef1259400a05,729,True
1,25546036,USDT_WETH,0x0d4a11d5eeaac28ec3f61d100daf4d40471f1852,0xc02aaa39b223fe8d0a0e5c4f27ead9083c756cc2,0xdac17f958d2ee523a2206206994597c13d831ec7,3921958581842887566893,7377178570550,observed_sync,sync_log,25546036,0xf5724f16b841a26605825d4d186d1a7c968612f8dbe90561c8e88d603bfdad94,291,True
1,25546036,WETH_USDC,0xb4e16d0168e52d35cacd2c6185b44281ec28c9dc,0xa0b86991c6218b36c1d19d4a2e9eb0ce3606eb48,0xc02aaa39b223fe8d0a0e5c4f27ead9083c756cc2,8788769269434,4675284098324706362128,carried_forward,sync_log,25546030,0x2e32d68a92ff491bfe92a15c6f3167056faa9963fe16d05333043a19423de0aa,367,True
1,25546037,USDC_USDT,0x3041cbd36888becc7bbcbc0045e3b1f144466f5f,0xa0b86991c6218b36c1d19d4a2e9eb0ce3606eb48,0xdac17f958d2ee523a2206206994597c13d831ec7,1667773226146,1665755751930,carried_forward,sync_log,25546033,0x74cdb013d9c0cb95cbf399e104e8612f57a2048a7b7224c555bdef1259400a05,729,True
1,25546037,USDT_WETH,0x0d4a11d5eeaac28ec3f61d100daf4d40471f1852,0xc02aaa39b223fe8d0a0e5c4f27ead9083c756cc2,0xdac17f958d2ee523a2206206994597c13d831ec7,3921958581842887566893,7377178570550,carried_forward,sync_log,25546036,0xf5724f16b841a26605825d4d186d1a7c968612f8dbe90561c8e88d603bfdad94,291,True
1,25546037,WETH_USDC,0xb4e16d0168e52d35cacd2c6185b44281ec28c9dc,0xa0b86991c6218b36c1d19d4a2e9eb0ce3606eb48,0xc02aaa39b223fe8d0a0e5c4f27ead9083c756cc2,8788769269434,4675284098324706362128,carried_forward,sync_log,25546030,0x2e32d68a92ff491bfe92a15c6f3167056faa9963fe16d05333043a19423de0aa,367,True
1,25546038,USDC_USDT,0x3041cbd36888becc7bbcbc0045e3b1f144466f5f,0xa0b86991c6218b36c1d19d4a2e9eb0ce3606eb48,0xdac17f958d2ee523a2206206994597c13d831ec7,1667773226146,1665755751930,carried_forward,sync_log,25546033,0x74cdb013d9c0cb95cbf399e104e8612f57a2048a7b7224c555bdef1259400a05,729,True
1,25546038,USDT_WETH,0x0d4a11d5eeaac28ec3f61d100daf4d40471f1852,0xc02aaa39b223fe8d0a0e5c4f27ead9083c756cc2,0xdac17f958d2ee523a2206206994597c13d831ec7,3921958581842887566893,7377178570550,carried_forward,sync_log,25546036,0xf5724f16b841a26605825d4d186d1a7c968612f8dbe90561c8e88d603bfdad94,291,True
1,25546038,WETH_USDC,0xb4e16d0168e52d35cacd2c6185b44281ec28c9dc,0xa0b86991c6218b36c1d19d4a2e9eb0ce3606eb48,0xc02aaa39b223fe8d0a0e5c4f27ead9083c756cc2,8788769269434,4675284098324706362128,carried_forward,sync_log,25546030,0x2e32d68a92ff491bfe92a15c6f3167056faa9963fe16d05333043a19423de0aa,367,True
1,25546039,USDC_USDT,0x3041cbd36888becc7bbcbc0045e3b1f144466f5f,0xa0b86991c6218b36c1d19d4a2e9eb0ce3606eb48,0xdac17f958d2ee523a2206206994597c13d831ec7,1667773226146,1665755751930,carried_forward,sync_log,25546033,0x74cdb013d9c0cb95cbf399e104e8612f57a2048a7b7224c555bdef1259400a05,729,True
1,25546039,USDT_WETH,0x0d4a11d5eeaac28ec3f61d100daf4d40471f1852,0xc02aaa39b223fe8d0a0e5c4f27ead9083c756cc2,0xdac17f958d2ee523a2206206994597c13d831ec7,3921958581842887566893,7377178570550,carried_forward,sync_log,25546036,0xf5724f16b841a26605825d4d186d1a7c968612f8dbe90561c8e88d603bfdad94,291,True
1,25546039,WETH_USDC,0xb4e16d0168e52d35cacd2c6185b44281ec28c9dc,0xa0b86991c6218b36c1d19d4a2e9eb0ce3606eb48,0xc02aaa39b223fe8d0a0e5c4f27ead9083c756cc2,8788769269434,4675284098324706362128,carried_forward,sync_log,25546030,0x2e32d68a92ff491bfe92a15c6f3167056faa9963fe16d05333043a19423de0aa,367,True
1,25546040,USDC_USDT,0x3041cbd36888becc7bbcbc0045e3b1f144466f5f,0xa0b86991c6218b36c1d19d4a2e9eb0ce3606eb48,0xdac17f958d2ee523a2206206994597c13d831ec7,1667773226146,1665755751930,carried_forward,sync_log,25546033,0x74cdb013d9c0cb95cbf399e104e8612f57a2048a7b7224c555bdef1259400a05,729,True
1,25546040,USDT_WETH,0x0d4a11d5eeaac28ec3f61d100daf4d40471f1852,0xc02aaa39b223fe8d0a0e5c4f27ead9083c756cc2,0xdac17f958d2ee523a2206206994597c13d831ec7,3921958581842887566893,7377178570550,carried_forward,sync_log,25546036,0xf5724f16b841a26605825d4d186d1a7c968612f8dbe90561c8e88d603bfdad94,291,True
1,25546040,WETH_USDC,0xb4e16d0168e52d35cacd2c6185b44281ec28c9dc,0xa0b86991c6218b36c1d19d4a2e9eb0ce3606eb48,0xc02aaa39b223fe8d0a0e5c4f27ead9083c756cc2,8788615284513,4675366260246657583275,observed_sync,sync_log,25546040,0x97c31e052bc4771a9ee06538c0cea1d94c2677fdbb8a76d2349b1dd2ae316deb,119,True
1,25546041,USDC_USDT,0x3041cbd36888becc7bbcbc0045e3b1f144466f5f,0xa0b86991c6218b36c1d19d4a2e9eb0ce3606eb48,0xdac17f958d2ee523a2206206994597c13d831ec7,1667773226146,1665755751930,carried_forward,sync_log,25546033,0x74cdb013d9c0cb95cbf399e104e8612f57a2048a7b7224c555bdef1259400a05,729,True
1,25546041,USDT_WETH,0x0d4a11d5eeaac28ec3f61d100daf4d40471f1852,0xc02aaa39b223fe8d0a0e5c4f27ead9083c756cc2,0xdac17f958d2ee523a2206206994597c13d831ec7,3921958581842887566893,7377178570550,carried_forward,sync_log,25546036,0xf5724f16b841a26605825d4d186d1a7c968612f8dbe90561c8e88d603bfdad94,291,True
1,25546041,WETH_USDC,0xb4e16d0168e52d35cacd2c6185b44281ec28c9dc,0xa0b86991c6218b36c1d19d4a2e9eb0ce3606eb48,0xc02aaa39b223fe8d0a0e5c4f27ead9083c756cc2,8788615284513,4675366260246657583275,carried_forward,sync_log,25546040,0x97c31e052bc4771a9ee06538c0cea1d94c2677fdbb8a76d2349b1dd2ae316deb,119,True
1,25546042,USDC_USDT,0x3041cbd36888becc7bbcbc0045e3b1f144466f5f,0xa0b86991c6218b36c1d19d4a2e9eb0ce3606eb48,0xdac17f958d2ee523a2206206994597c13d831ec7,1667773226146,1665755751930,carried_forward,sync_log,25546033,0x74cdb013d9c0cb95cbf399e104e8612f57a2048a7b7224c555bdef1259400a05,729,True
1,25546042,USDT_WETH,0x0d4a11d5eeaac28ec3f61d100daf4d40471f1852,0xc02aaa39b223fe8d0a0e5c4f27ead9083c756cc2,0xdac17f958d2ee523a2206206994597c13d831ec7,3921958581842887566893,7377178570550,carried_forward,sync_log,25546036,0xf5724f16b841a26605825d4d186d1a7c968612f8dbe90561c8e88d603bfdad94,291,True
1,25546042,WETH_USDC,0xb4e16d0168e52d35cacd2c6185b44281ec28c9dc,0xa0b86991c6218b36c1d19d4a2e9eb0ce3606eb48,0xc02aaa39b223fe8d0a0e5c4f27ead9083c756cc2,8788615284513,4675366260246657583275,carried_forward,sync_log,25546040,0x97c31e052bc4771a9ee06538c0cea1d94c2677fdbb8a76d2349b1dd2ae316deb,119,True
1,25546043,USDC_USDT,0x3041cbd36888becc7bbcbc0045e3b1f144466f5f,0xa0b86991c6218b36c1d19d4a2e9eb0ce3606eb48,0xdac17f958d2ee523a2206206994597c13d831ec7,1667773226146,1665755751930,carried_forward,sync_log,25546033,0x74cdb013d9c0cb95cbf399e104e8612f57a2048a7b7224c555bdef1259400a05,729,True
1,25546043,USDT_WETH,0x0d4a11d5eeaac28ec3f61d100daf4d40471f1852,0xc02aaa39b223fe8d0a0e5c4f27ead9083c756cc2,0xdac17f958d2ee523a2206206994597c13d831ec7,3921958581842887566893,7377178570550,carried_forward,sync_log,25546036,0xf5724f16b841a26605825d4d186d1a7c968612f8dbe90561c8e88d603bfdad94,291,True
1,25546043,WETH_USDC,0xb4e16d0168e52d35cacd2c6185b44281ec28c9dc,0xa0b86991c6218b36c1d19d4a2e9eb0ce3606eb48,0xc02aaa39b223fe8d0a0e5c4f27ead9083c756cc2,8788615284513,4675366260246657583275,carried_forward,sync_log,25546040,0x97c31e052bc4771a9ee06538c0cea1d94c2677fdbb8a76d2349b1dd2ae316deb,119,True
1,25546044,USDC_USDT,0x3041cbd36888becc7bbcbc0045e3b1f144466f5f,0xa0b86991c6218b36c1d19d4a2e9eb0ce3606eb48,0xdac17f958d2ee523a2206206994597c13d831ec7,1667773226146,1665755751930,carried_forward,sync_log,25546033,0x74cdb013d9c0cb95cbf399e104e8612f57a2048a7b7224c555bdef1259400a05,729,True
1,25546044,USDT_WETH,0x0d4a11d5eeaac28ec3f61d100daf4d40471f1852,0xc02aaa39b223fe8d0a0e5c4f27ead9083c756cc2,0xdac17f958d2ee523a2206206994597c13d831ec7,3921958581842887566893,7377178570550,carried_forward,sync_log,25546036,0xf5724f16b841a26605825d4d186d1a7c968612f8dbe90561c8e88d603bfdad94,291,True
1,25546044,WETH_USDC,0xb4e16d0168e52d35cacd2c6185b44281ec28c9dc,0xa0b86991c6218b36c1d19d4a2e9eb0ce3606eb48,0xc02aaa39b223fe8d0a0e5c4f27ead9083c756cc2,8788615284513,4675366260246657583275,carried_forward,sync_log,25546040,0x97c31e052bc4771a9ee06538c0cea1d94c2677fdbb8a76d2349b1dd2ae316deb,119,True
1,25546045,USDC_USDT,0x3041cbd36888becc7bbcbc0045e3b1f144466f5f,0xa0b86991c6218b36c1d19d4a2e9eb0ce3606eb48,0xdac17f958d2ee523a2206206994597c13d831ec7,1667773226146,1665755751930,carried_forward,sync_log,25546033,0x74cdb013d9c0cb95cbf399e104e8612f57a2048a7b7224c555bdef1259400a05,729,True
1,25546045,USDT_WETH,0x0d4a11d5eeaac28ec3f61d100daf4d40471f1852,0xc02aaa39b223fe8d0a0e5c4f27ead9083c756cc2,0xdac17f958d2ee523a2206206994597c13d831ec7,3921958581842887566893,7377178570550,carried_forward,sync_log,25546036,0xf5724f16b841a26605825d4d186d1a7c968612f8dbe90561c8e88d603bfdad94,291,True
1,25546045,WETH_USDC,0xb4e16d0168e52d35cacd2c6185b44281ec28c9dc,0xa0b86991c6218b36c1d19d4a2e9eb0ce3606eb48,0xc02aaa39b223fe8d0a0e5c4f27ead9083c756cc2,8788605499857,4675371481155186019036,observed_sync,sync_log,25546045,0xaae7a98c2d9955675a1f45e51fa0afdd970aaf182b15b55c176b23a6ecca0130,742,True
1,25546046,USDC_USDT,0x3041cbd36888becc7bbcbc0045e3b1f144466f5f,0xa0b86991c6218b36c1d19d4a2e9eb0ce3606eb48,0xdac17f958d2ee523a2206206994597c13d831ec7,1667773226146,1665755751930,carried_forward,sync_log,25546033,0x74cdb013d9c0cb95cbf399e104e8612f57a2048a7b7224c555bdef1259400a05,729,True
1,25546046,USDT_WETH,0x0d4a11d5eeaac28ec3f61d100daf4d40471f1852,0xc02aaa39b223fe8d0a0e5c4f27ead9083c756cc2,0xdac17f958d2ee523a2206206994597c13d831ec7,3921958581842887566893,7377178570550,carried_forward,sync_log,25546036,0xf5724f16b841a26605825d4d186d1a7c968612f8dbe90561c8e88d603bfdad94,291,True
1,25546046,WETH_USDC,0xb4e16d0168e52d35cacd2c6185b44281ec28c9dc,0xa0b86991c6218b36c1d19d4a2e9eb0ce3606eb48,0xc02aaa39b223fe8d0a0e5c4f27ead9083c756cc2,8788605499857,4675371481155186019036,carried_forward,sync_log,25546045,0xaae7a98c2d9955675a1f45e51fa0afdd970aaf182b15b55c176b23a6ecca0130,742,True
1,25546047,USDC_USDT,0x3041cbd36888becc7bbcbc0045e3b1f144466f5f,0xa0b86991c6218b36c1d19d4a2e9eb0ce3606eb48,0xdac17f958d2ee523a2206206994597c13d831ec7,1667773226146,1665755751930,carried_forward,sync_log,25546033,0x74cdb013d9c0cb95cbf399e104e8612f57a2048a7b7224c555bdef1259400a05,729,True
1,25546047,USDT_WETH,0x0d4a11d5eeaac28ec3f61d100daf4d40471f1852,0xc02aaa39b223fe8d0a0e5c4f27ead9083c756cc2,0xdac17f958d2ee523a2206206994597c13d831ec7,3921958581842887566893,7377178570550,carried_forward,sync_log,25546036,0xf5724f16b841a26605825d4d186d1a7c968612f8dbe90561c8e88d603bfdad94,291,True
1,25546047,WETH_USDC,0xb4e16d0168e52d35cacd2c6185b44281ec28c9dc,0xa0b86991c6218b36c1d19d4a2e9eb0ce3606eb48,0xc02aaa39b223fe8d0a0e5c4f27ead9083c756cc2,8788605499857,4675371481155186019036,carried_forward,sync_log,25546045,0xaae7a98c2d9955675a1f45e51fa0afdd970aaf182b15b55c176b23a6ecca0130,742,True
1,25546048,USDC_USDT,0x3041cbd36888becc7bbcbc0045e3b1f144466f5f,0xa0b86991c6218b36c1d19d4a2e9eb0ce3606eb48,0xdac17f958d2ee523a2206206994597c13d831ec7,1667773226146,1665755751930,carried_forward,sync_log,25546033,0x74cdb013d9c0cb95cbf399e104e8612f57a2048a7b7224c555bdef1259400a05,729,True
1,25546048,USDT_WETH,0x0d4a11d5eeaac28ec3f61d100daf4d40471f1852,0xc02aaa39b223fe8d0a0e5c4f27ead9083c756cc2,0xdac17f958d2ee523a2206206994597c13d831ec7,3921958581842887566893,7377178570550,carried_forward,sync_log,25546036,0xf5724f16b841a26605825d4d186d1a7c968612f8dbe90561c8e88d603bfdad94,291,True
1,25546048,WETH_USDC,0xb4e16d0168e52d35cacd2c6185b44281ec28c9dc,0xa0b86991c6218b36c1d19d4a2e9eb0ce3606eb48,0xc02aaa39b223fe8d0a0e5c4f27ead9083c756cc2,8788605499857,4675371481155186019036,carried_forward,sync_log,25546045,0xaae7a98c2d9955675a1f45e51fa0afdd970aaf182b15b55c176b23a6ecca0130,742,True
1,25546049,USDC_USDT,0x3041cbd36888becc7bbcbc0045e3b1f144466f5f,0xa0b86991c6218b36c1d19d4a2e9eb0ce3606eb48,0xdac17f958d2ee523a2206206994597c13d831ec7,1667773226146,1665755751930,carried_forward,sync_log,25546033,0x74cdb013d9c0cb95cbf399e104e8612f57a2048a7b7224c555bdef1259400a05,729,True
1,25546049,USDT_WETH,0x0d4a11d5eeaac28ec3f61d100daf4d40471f1852,0xc02aaa39b223fe8d0a0e5c4f27ead9083c756cc2,0xdac17f958d2ee523a2206206994597c13d831ec7,3921958581842887566893,7377178570550,carried_forward,sync_log,25546036,0xf5724f16b841a26605825d4d186d1a7c968612f8dbe90561c8e88d603bfdad94,291,True
1,25546049,WETH_USDC,0xb4e16d0168e52d35cacd2c6185b44281ec28c9dc,0xa0b86991c6218b36c1d19d4a2e9eb0ce3606eb48,0xc02aaa39b223fe8d0a0e5c4f27ead9083c756cc2,8788605499857,4675371481155186019036,carried_forward,sync_log,25546045,0xaae7a98c2d9955675a1f45e51fa0afdd970aaf182b15b55c176b23a6ecca0130,742,True
1,25546050,USDC_USDT,0x3041cbd36888becc7bbcbc0045e3b1f144466f5f,0xa0b86991c6218b36c1d19d4a2e9eb0ce3606eb48,0xdac17f958d2ee523a2206206994597c13d831ec7,1667773226146,1665755751930,carried_forward,sync_log,25546033,0x74cdb013d9c0cb95cbf399e104e8612f57a2048a7b7224c555bdef1259400a05,729,True
1,25546050,USDT_WETH,0x0d4a11d5eeaac28ec3f61d100daf4d40471f1852,0xc02aaa39b223fe8d0a0e5c4f27ead9083c756cc2,0xdac17f958d2ee523a2206206994597c13d831ec7,3921958581842887566893,7377178570550,carried_forward,sync_log,25546036,0xf5724f16b841a26605825d4d186d1a7c968612f8dbe90561c8e88d603bfdad94,291,True
1,25546050,WETH_USDC,0xb4e16d0168e52d35cacd2c6185b44281ec28c9dc,0xa0b86991c6218b36c1d19d4a2e9eb0ce3606eb48,0xc02aaa39b223fe8d0a0e5c4f27ead9083c756cc2,8788605499857,4675371481155186019036,carried_forward,sync_log,25546045,0xaae7a98c2d9955675a1f45e51fa0afdd970aaf182b15b55c176b23a6ecca0130,742,True
1,25546051,USDC_USDT,0x3041cbd36888becc7bbcbc0045e3b1f144466f5f,0xa0b86991c6218b36c1d19d4a2e9eb0ce3606eb48,0xdac17f958d2ee523a2206206994597c13d831ec7,1667773226146,1665755751930,carried_forward,sync_log,25546033,0x74cdb013d9c0cb95cbf399e104e8612f57a2048a7b7224c555bdef1259400a05,729,True
1,25546051,USDT_WETH,0x0d4a11d5eeaac28ec3f61d100daf4d40471f1852,0xc02aaa39b223fe8d0a0e5c4f27ead9083c756cc2,0xdac17f958d2ee523a2206206994597c13d831ec7,3921958581842887566893,7377178570550,carried_forward,sync_log,25546036,0xf5724f16b841a26605825d4d186d1a7c968612f8dbe90561c8e88d603bfdad94,291,True
1,25546051,WETH_USDC,0xb4e16d0168e52d35cacd2c6185b44281ec28c9dc,0xa0b86991c6218b36c1d19d4a2e9eb0ce3606eb48,0xc02aaa39b223fe8d0a0e5c4f27ead9083c756cc2,8788605499857,4675371481155186019036,carried_forward,sync_log,25546045,0xaae7a98c2d9955675a1f45e51fa0afdd970aaf182b15b55c176b23a6ecca0130,742,True
1,25546052,USDC_USDT,0x3041cbd36888becc7bbcbc0045e3b1f144466f5f,0xa0b86991c6218b36c1d19d4a2e9eb0ce3606eb48,0xdac17f958d2ee523a2206206994597c13d831ec7,1667773226146,1665755751930,carried_forward,sync_log,25546033,0x74cdb013d9c0cb95cbf399e104e8612f57a2048a7b7224c555bdef1259400a05,729,True
1,25546052,USDT_WETH,0x0d4a11d5eeaac28ec3f61d100daf4d40471f1852,0xc02aaa39b223fe8d0a0e5c4f27ead9083c756cc2,0xdac17f958d2ee523a2206206994597c13d831ec7,3922406700012682219821,7376338289312,observed_sync,sync_log,25546052,0x213388547fef7d5ae81e2899f8737989395d1f8e33b0e611d0178e901edd370e,542,True
1,25546052,WETH_USDC,0xb4e16d0168e52d35cacd2c6185b44281ec28c9dc,0xa0b86991c6218b36c1d19d4a2e9eb0ce3606eb48,0xc02aaa39b223fe8d0a0e5c4f27ead9083c756cc2,8787698266920,4675855615068425058524,observed_sync,sync_log,25546052,0x4ef4da728b53c4bb5b96220dc45cee2bec7ee45db645df8b5ccec53b01f620bc,546,True
1,25546053,USDC_USDT,0x3041cbd36888becc7bbcbc0045e3b1f144466f5f,0xa0b86991c6218b36c1d19d4a2e9eb0ce3606eb48,0xdac17f958d2ee523a2206206994597c13d831ec7,1667773226146,1665755751930,carried_forward,sync_log,25546033,0x74cdb013d9c0cb95cbf399e104e8612f57a2048a7b7224c555bdef1259400a05,729,True
1,25546053,USDT_WETH,0x0d4a11d5eeaac28ec3f61d100daf4d40471f1852,0xc02aaa39b223fe8d0a0e5c4f27ead9083c756cc2,0xdac17f958d2ee523a2206206994597c13d831ec7,3923418172731852361901,7374442343615,observed_sync,sync_log,25546053,0xef8e8ccef646914171e659e8b8bb28127bef6e51160ce9b895d30d7e6d66d336,86,True
1,25546053,WETH_USDC,0xb4e16d0168e52d35cacd2c6185b44281ec28c9dc,0xa0b86991c6218b36c1d19d4a2e9eb0ce3606eb48,0xc02aaa39b223fe8d0a0e5c4f27ead9083c756cc2,8784885298748,4677357354750718827228,observed_sync,sync_log,25546053,0xef8e8ccef646914171e659e8b8bb28127bef6e51160ce9b895d30d7e6d66d336,73,True
1,25546054,USDC_USDT,0x3041cbd36888becc7bbcbc0045e3b1f144466f5f,0xa0b86991c6218b36c1d19d4a2e9eb0ce3606eb48,0xdac17f958d2ee523a2206206994597c13d831ec7,1667773226146,1665755751930,carried_forward,sync_log,25546033,0x74cdb013d9c0cb95cbf399e104e8612f57a2048a7b7224c555bdef1259400a05,729,True
1,25546054,USDT_WETH,0x0d4a11d5eeaac28ec3f61d100daf4d40471f1852,0xc02aaa39b223fe8d0a0e5c4f27ead9083c756cc2,0xdac17f958d2ee523a2206206994597c13d831ec7,3924860624340740247469,7371740246419,observed_sync,sync_log,25546054,0x8c25c24488576fa1b4dc4a2ec6081c1eb80c93ed70835f8fc2c320d526c21d25,104,True
1,25546054,WETH_USDC,0xb4e16d0168e52d35cacd2c6185b44281ec28c9dc,0xa0b86991c6218b36c1d19d4a2e9eb0ce3606eb48,0xc02aaa39b223fe8d0a0e5c4f27ead9083c756cc2,8781703314875,4679057262977017897692,observed_sync,sync_log,25546054,0xe7d5905ded94fb3bbc85d2ad9b1de48ca8cf41eb896e476b685b1e40a0e640aa,97,True
1,25546055,USDC_USDT,0x3041cbd36888becc7bbcbc0045e3b1f144466f5f,0xa0b86991c6218b36c1d19d4a2e9eb0ce3606eb48,0xdac17f958d2ee523a2206206994597c13d831ec7,1667773226146,1665755751930,carried_forward,sync_log,25546033,0x74cdb013d9c0cb95cbf399e104e8612f57a2048a7b7224c555bdef1259400a05,729,True
1,25546055,USDT_WETH,0x0d4a11d5eeaac28ec3f61d100daf4d40471f1852,0xc02aaa39b223fe8d0a0e5c4f27ead9083c756cc2,0xdac17f958d2ee523a2206206994597c13d831ec7,3925878918190394432557,7369833904176,observed_sync,sync_log,25546055,0x2a615bfe28e4143f31487f0c66ff90a9c0a021a243c868872f432223e36a1c0f,381,True
1,25546055,WETH_USDC,0xb4e16d0168e52d35cacd2c6185b44281ec28c9dc,0xa0b86991c6218b36c1d19d4a2e9eb0ce3606eb48,0xc02aaa39b223fe8d0a0e5c4f27ead9083c756cc2,8779435259747,4680269677405689683164,observed_sync,sync_log,25546055,0x80fa45479550e30db77bc341b6a6f276979789fa8342c77f7f12317c9ff8f8cd,303,True
1,25546056,USDC_USDT,0x3041cbd36888becc7bbcbc0045e3b1f144466f5f,0xa0b86991c6218b36c1d19d4a2e9eb0ce3606eb48,0xdac17f958d2ee523a2206206994597c13d831ec7,1667773226146,1665755751930,carried_forward,sync_log,25546033,0x74cdb013d9c0cb95cbf399e104e8612f57a2048a7b7224c555bdef1259400a05,729,True
1,25546056,USDT_WETH,0x0d4a11d5eeaac28ec3f61d100daf4d40471f1852,0xc02aaa39b223fe8d0a0e5c4f27ead9083c756cc2,0xdac17f958d2ee523a2206206994597c13d831ec7,3925878918190394432557,7369833904176,carried_forward,sync_log,25546055,0x2a615bfe28e4143f31487f0c66ff90a9c0a021a243c868872f432223e36a1c0f,381,True
1,25546056,WETH_USDC,0xb4e16d0168e52d35cacd2c6185b44281ec28c9dc,0xa0b86991c6218b36c1d19d4a2e9eb0ce3606eb48,0xc02aaa39b223fe8d0a0e5c4f27ead9083c756cc2,8779435259747,4680269677405689683164,carried_forward,sync_log,25546055,0x80fa45479550e30db77bc341b6a6f276979789fa8342c77f7f12317c9ff8f8cd,303,True
1,25546057,USDC_USDT,0x3041cbd36888becc7bbcbc0045e3b1f144466f5f,0xa0b86991c6218b36c1d19d4a2e9eb0ce3606eb48,0xdac17f958d2ee523a2206206994597c13d831ec7,1667773226146,1665755751930,carried_forward,sync_log,25546033,0x74cdb013d9c0cb95cbf399e104e8612f57a2048a7b7224c555bdef1259400a05,729,True
1,25546057,USDT_WETH,0x0d4a11d5eeaac28ec3f61d100daf4d40471f1852,0xc02aaa39b223fe8d0a0e5c4f27ead9083c756cc2,0xdac17f958d2ee523a2206206994597c13d831ec7,3925878918190394432557,7369833904176,carried_forward,sync_log,25546055,0x2a615bfe28e4143f31487f0c66ff90a9c0a021a243c868872f432223e36a1c0f,381,True
1,25546057,WETH_USDC,0xb4e16d0168e52d35cacd2c6185b44281ec28c9dc,0xa0b86991c6218b36c1d19d4a2e9eb0ce3606eb48,0xc02aaa39b223fe8d0a0e5c4f27ead9083c756cc2,8779435259747,4680269677405689683164,carried_forward,sync_log,25546055,0x80fa45479550e30db77bc341b6a6f276979789fa8342c77f7f12317c9ff8f8cd,303,True
1,25546058,USDC_USDT,0x3041cbd36888becc7bbcbc0045e3b1f144466f5f,0xa0b86991c6218b36c1d19d4a2e9eb0ce3606eb48,0xdac17f958d2ee523a2206206994597c13d831ec7,1667773226146,1665755751930,carried_forward,sync_log,25546033,0x74cdb013d9c0cb95cbf399e104e8612f57a2048a7b7224c555bdef1259400a05,729,True
1,25546058,USDT_WETH,0x0d4a11d5eeaac28ec3f61d100daf4d40471f1852,0xc02aaa39b223fe8d0a0e5c4f27ead9083c756cc2,0xdac17f958d2ee523a2206206994597c13d831ec7,3925878918190394432557,7369833904176,carried_forward,sync_log,25546055,0x2a615bfe28e4143f31487f0c66ff90a9c0a021a243c868872f432223e36a1c0f,381,True
1,25546058,WETH_USDC,0xb4e16d0168e52d35cacd2c6185b44281ec28c9dc,0xa0b86991c6218b36c1d19d4a2e9eb0ce3606eb48,0xc02aaa39b223fe8d0a0e5c4f27ead9083c756cc2,8779435259747,4680269677405689683164,carried_forward,sync_log,25546055,0x80fa45479550e30db77bc341b6a6f276979789fa8342c77f7f12317c9ff8f8cd,303,True
1,25546059,USDC_USDT,0x3041cbd36888becc7bbcbc0045e3b1f144466f5f,0xa0b86991c6218b36c1d19d4a2e9eb0ce3606eb48,0xdac17f958d2ee523a2206206994597c13d831ec7,1667773226146,1665755751930,carried_forward,sync_log,25546033,0x74cdb013d9c0cb95cbf399e104e8612f57a2048a7b7224c555bdef1259400a05,729,True
1,25546059,USDT_WETH,0x0d4a11d5eeaac28ec3f61d100daf4d40471f1852,0xc02aaa39b223fe8d0a0e5c4f27ead9083c756cc2,0xdac17f958d2ee523a2206206994597c13d831ec7,3925878918190394432557,7369833904176,carried_forward,sync_log,25546055,0x2a615bfe28e4143f31487f0c66ff90a9c0a021a243c868872f432223e36a1c0f,381,True
1,25546059,WETH_USDC,0xb4e16d0168e52d35cacd2c6185b44281ec28c9dc,0xa0b86991c6218b36c1d19d4a2e9eb0ce3606eb48,0xc02aaa39b223fe8d0a0e5c4f27ead9083c756cc2,8779435259747,4680269677405689683164,carried_forward,sync_log,25546055,0x80fa45479550e30db77bc341b6a6f276979789fa8342c77f7f12317c9ff8f8cd,303,True
1,25546060,USDC_USDT,0x3041cbd36888becc7bbcbc0045e3b1f144466f5f,0xa0b86991c6218b36c1d19d4a2e9eb0ce3606eb48,0xdac17f958d2ee523a2206206994597c13d831ec7,1667773226146,1665755751930,carried_forward,sync_log,25546033,0x74cdb013d9c0cb95cbf399e104e8612f57a2048a7b7224c555bdef1259400a05,729,True
1,25546060,USDT_WETH,0x0d4a11d5eeaac28ec3f61d100daf4d40471f1852,0xc02aaa39b223fe8d0a0e5c4f27ead9083c756cc2,0xdac17f958d2ee523a2206206994597c13d831ec7,3925878918190394432557,7369833904176,carried_forward,sync_log,25546055,0x2a615bfe28e4143f31487f0c66ff90a9c0a021a243c868872f432223e36a1c0f,381,True
1,25546060,WETH_USDC,0xb4e16d0168e52d35cacd2c6185b44281ec28c9dc,0xa0b86991c6218b36c1d19d4a2e9eb0ce3606eb48,0xc02aaa39b223fe8d0a0e5c4f27ead9083c756cc2,8779435259747,4680269677405689683164,carried_forward,sync_log,25546055,0x80fa45479550e30db77bc341b6a6f276979789fa8342c77f7f12317c9ff8f8cd,303,True
1,25546061,USDC_USDT,0x3041cbd36888becc7bbcbc0045e3b1f144466f5f,0xa0b86991c6218b36c1d19d4a2e9eb0ce3606eb48,0xdac17f958d2ee523a2206206994597c13d831ec7,1667773226146,1665755751930,carried_forward,sync_log,25546033,0x74cdb013d9c0cb95cbf399e104e8612f57a2048a7b7224c555bdef1259400a05,729,True
1,25546061,USDT_WETH,0x0d4a11d5eeaac28ec3f61d100daf4d40471f1852,0xc02aaa39b223fe8d0a0e5c4f27ead9083c756cc2,0xdac17f958d2ee523a2206206994597c13d831ec7,3925878918190394432557,7369833904176,carried_forward,sync_log,25546055,0x2a615bfe28e4143f31487f0c66ff90a9c0a021a243c868872f432223e36a1c0f,381,True
1,25546061,WETH_USDC,0xb4e16d0168e52d35cacd2c6185b44281ec28c9dc,0xa0b86991c6218b36c1d19d4a2e9eb0ce3606eb48,0xc02aaa39b223fe8d0a0e5c4f27ead9083c756cc2,8779435259747,4680269677405689683164,carried_forward,sync_log,25546055,0x80fa45479550e30db77bc341b6a6f276979789fa8342c77f7f12317c9ff8f8cd,303,True
1,25546062,USDC_USDT,0x3041cbd36888becc7bbcbc0045e3b1f144466f5f,0xa0b86991c6218b36c1d19d4a2e9eb0ce3606eb48,0xdac17f958d2ee523a2206206994597c13d831ec7,1667773226146,1665755751930,carried_forward,sync_log,25546033,0x74cdb013d9c0cb95cbf399e104e8612f57a2048a7b7224c555bdef1259400a05,729,True
1,25546062,USDT_WETH,0x0d4a11d5eeaac28ec3f61d100daf4d40471f1852,0xc02aaa39b223fe8d0a0e5c4f27ead9083c756cc2,0xdac17f958d2ee523a2206206994597c13d831ec7,3925878918190394432557,7369833904176,carried_forward,sync_log,25546055,0x2a615bfe28e4143f31487f0c66ff90a9c0a021a243c868872f432223e36a1c0f,381,True
1,25546062,WETH_USDC,0xb4e16d0168e52d35cacd2c6185b44281ec28c9dc,0xa0b86991c6218b36c1d19d4a2e9eb0ce3606eb48,0xc02aaa39b223fe8d0a0e5c4f27ead9083c756cc2,8779435259747,4680269677405689683164,carried_forward,sync_log,25546055,0x80fa45479550e30db77bc341b6a6f276979789fa8342c77f7f12317c9ff8f8cd,303,True
1,25546063,USDC_USDT,0x3041cbd36888becc7bbcbc0045e3b1f144466f5f,0xa0b86991c6218b36c1d19d4a2e9eb0ce3606eb48,0xdac17f958d2ee523a2206206994597c13d831ec7,1667773226146,1665755751930,carried_forward,sync_log,25546033,0x74cdb013d9c0cb95cbf399e104e8612f57a2048a7b7224c555bdef1259400a05,729,True
1,25546063,USDT_WETH,0x0d4a11d5eeaac28ec3f61d100daf4d40471f1852,0xc02aaa39b223fe8d0a0e5c4f27ead9083c756cc2,0xdac17f958d2ee523a2206206994597c13d831ec7,3925878918190394432557,7369833904176,carried_forward,sync_log,25546055,0x2a615bfe28e4143f31487f0c66ff90a9c0a021a243c868872f432223e36a1c0f,381,True
1,25546063,WETH_USDC,0xb4e16d0168e52d35cacd2c6185b44281ec28c9dc,0xa0b86991c6218b36c1d19d4a2e9eb0ce3606eb48,0xc02aaa39b223fe8d0a0e5c4f27ead9083c756cc2,8779435259747,4680269677405689683164,carried_forward,sync_log,25546055,0x80fa45479550e30db77bc341b6a6f276979789fa8342c77f7f12317c9ff8f8cd,303,True
1,25546064,USDC_USDT,0x3041cbd36888becc7bbcbc0045e3b1f144466f5f,0xa0b86991c6218b36c1d19d4a2e9eb0ce3606eb48,0xdac17f958d2ee523a2206206994597c13d831ec7,1667773226146,1665755751930,carried_forward,sync_log,25546033,0x74cdb013d9c0cb95cbf399e104e8612f57a2048a7b7224c555bdef1259400a05,729,True
1,25546064,USDT_WETH,0x0d4a11d5eeaac28ec3f61d100daf4d40471f1852,0xc02aaa39b223fe8d0a0e5c4f27ead9083c756cc2,0xdac17f958d2ee523a2206206994597c13d831ec7,3925878918190394432557,7369833904176,carried_forward,sync_log,25546055,0x2a615bfe28e4143f31487f0c66ff90a9c0a021a243c868872f432223e36a1c0f,381,True
1,25546064,WETH_USDC,0xb4e16d0168e52d35cacd2c6185b44281ec28c9dc,0xa0b86991c6218b36c1d19d4a2e9eb0ce3606eb48,0xc02aaa39b223fe8d0a0e5c4f27ead9083c756cc2,8779435259747,4680269677405689683164,carried_forward,sync_log,25546055,0x80fa45479550e30db77bc341b6a6f276979789fa8342c77f7f12317c9ff8f8cd,303,True
1,25546065,USDC_USDT,0x3041cbd36888becc7bbcbc0045e3b1f144466f5f,0xa0b86991c6218b36c1d19d4a2e9eb0ce3606eb48,0xdac17f958d2ee523a2206206994597c13d831ec7,1667773226146,1665755751930,carried_forward,sync_log,25546033,0x74cdb013d9c0cb95cbf399e104e8612f57a2048a7b7224c555bdef1259400a05,729,True
1,25546065,USDT_WETH,0x0d4a11d5eeaac28ec3f61d100daf4d40471f1852,0xc02aaa39b223fe8d0a0e5c4f27ead9083c756cc2,0xdac17f958d2ee523a2206206994597c13d831ec7,3925878918190394432557,7369833904176,carried_forward,sync_log,25546055,0x2a615bfe28e4143f31487f0c66ff90a9c0a021a243c868872f432223e36a1c0f,381,True
1,25546065,WETH_USDC,0xb4e16d0168e52d35cacd2c6185b44281ec28c9dc,0xa0b86991c6218b36c1d19d4a2e9eb0ce3606eb48,0xc02aaa39b223fe8d0a0e5c4f27ead9083c756cc2,8779435259747,4680269677405689683164,carried_forward,sync_log,25546055,0x80fa45479550e30db77bc341b6a6f276979789fa8342c77f7f12317c9ff8f8cd,303,True
1,25546066,USDC_USDT,0x3041cbd36888becc7bbcbc0045e3b1f144466f5f,0xa0b86991c6218b36c1d19d4a2e9eb0ce3606eb48,0xdac17f958d2ee523a2206206994597c13d831ec7,1667773226146,1665755751930,carried_forward,sync_log,25546033,0x74cdb013d9c0cb95cbf399e104e8612f57a2048a7b7224c555bdef1259400a05,729,True
1,25546066,USDT_WETH,0x0d4a11d5eeaac28ec3f61d100daf4d40471f1852,0xc02aaa39b223fe8d0a0e5c4f27ead9083c756cc2,0xdac17f958d2ee523a2206206994597c13d831ec7,3925878918190394432557,7369833904176,carried_forward,sync_log,25546055,0x2a615bfe28e4143f31487f0c66ff90a9c0a021a243c868872f432223e36a1c0f,381,True
1,25546066,WETH_USDC,0xb4e16d0168e52d35cacd2c6185b44281ec28c9dc,0xa0b86991c6218b36c1d19d4a2e9eb0ce3606eb48,0xc02aaa39b223fe8d0a0e5c4f27ead9083c756cc2,8779435259747,4680269677405689683164,carried_forward,sync_log,25546055,0x80fa45479550e30db77bc341b6a6f276979789fa8342c77f7f12317c9ff8f8cd,303,True
1,25546067,USDC_USDT,0x3041cbd36888becc7bbcbc0045e3b1f144466f5f,0xa0b86991c6218b36c1d19d4a2e9eb0ce3606eb48,0xdac17f958d2ee523a2206206994597c13d831ec7,1667773226146,1665755751930,carried_forward,sync_log,25546033,0x74cdb013d9c0cb95cbf399e104e8612f57a2048a7b7224c555bdef1259400a05,729,True
1,25546067,USDT_WETH,0x0d4a11d5eeaac28ec3f61d100daf4d40471f1852,0xc02aaa39b223fe8d0a0e5c4f27ead9083c756cc2,0xdac17f958d2ee523a2206206994597c13d831ec7,3925878918190394432557,7369833904176,carried_forward,sync_log,25546055,0x2a615bfe28e4143f31487f0c66ff90a9c0a021a243c868872f432223e36a1c0f,381,True
1,25546067,WETH_USDC,0xb4e16d0168e52d35cacd2c6185b44281ec28c9dc,0xa0b86991c6218b36c1d19d4a2e9eb0ce3606eb48,0xc02aaa39b223fe8d0a0e5c4f27ead9083c756cc2,8779435259747,4680269677405689683164,carried_forward,sync_log,25546055,0x80fa45479550e30db77bc341b6a6f276979789fa8342c77f7f12317c9ff8f8cd,303,True
1,25546068,USDC_USDT,0x3041cbd36888becc7bbcbc0045e3b1f144466f5f,0xa0b86991c6218b36c1d19d4a2e9eb0ce3606eb48,0xdac17f958d2ee523a2206206994597c13d831ec7,1667773226146,1665755751930,carried_forward,sync_log,25546033,0x74cdb013d9c0cb95cbf399e104e8612f57a2048a7b7224c555bdef1259400a05,729,True
1,25546068,USDT_WETH,0x0d4a11d5eeaac28ec3f61d100daf4d40471f1852,0xc02aaa39b223fe8d0a0e5c4f27ead9083c756cc2,0xdac17f958d2ee523a2206206994597c13d831ec7,3925878918190394432557,7369833904176,carried_forward,sync_log,25546055,0x2a615bfe28e4143f31487f0c66ff90a9c0a021a243c868872f432223e36a1c0f,381,True
1,25546068,WETH_USDC,0xb4e16d0168e52d35cacd2c6185b44281ec28c9dc,0xa0b86991c6218b36c1d19d4a2e9eb0ce3606eb48,0xc02aaa39b223fe8d0a0e5c4f27ead9083c756cc2,8779435259747,4680269677405689683164,carried_forward,sync_log,25546055,0x80fa45479550e30db77bc341b6a6f276979789fa8342c77f7f12317c9ff8f8cd,303,True
1,25546069,USDC_USDT,0x3041cbd36888becc7bbcbc0045e3b1f144466f5f,0xa0b86991c6218b36c1d19d4a2e9eb0ce3606eb48,0xdac17f958d2ee523a2206206994597c13d831ec7,1667773226146,1665755751930,carried_forward,sync_log,25546033,0x74cdb013d9c0cb95cbf399e104e8612f57a2048a7b7224c555bdef1259400a05,729,True
1,25546069,USDT_WETH,0x0d4a11d5eeaac28ec3f61d100daf4d40471f1852,0xc02aaa39b223fe8d0a0e5c4f27ead9083c756cc2,0xdac17f958d2ee523a2206206994597c13d831ec7,3925878918190394432557,7369833904176,carried_forward,sync_log,25546055,0x2a615bfe28e4143f31487f0c66ff90a9c0a021a243c868872f432223e36a1c0f,381,True
1,25546069,WETH_USDC,0xb4e16d0168e52d35cacd2c6185b44281ec28c9dc,0xa0b86991c6218b36c1d19d4a2e9eb0ce3606eb48,0xc02aaa39b223fe8d0a0e5c4f27ead9083c756cc2,8779435259747,4680269677405689683164,carried_forward,sync_log,25546055,0x80fa45479550e30db77bc341b6a6f276979789fa8342c77f7f12317c9ff8f8cd,303,True
1,25546070,USDC_USDT,0x3041cbd36888becc7bbcbc0045e3b1f144466f5f,0xa0b86991c6218b36c1d19d4a2e9eb0ce3606eb48,0xdac17f958d2ee523a2206206994597c13d831ec7,1667773226146,1665755751930,carried_forward,sync_log,25546033,0x74cdb013d9c0cb95cbf399e104e8612f57a2048a7b7224c555bdef1259400a05,729,True
1,25546070,USDT_WETH,0x0d4a11d5eeaac28ec3f61d100daf4d40471f1852,0xc02aaa39b223fe8d0a0e5c4f27ead9083c756cc2,0xdac17f958d2ee523a2206206994597c13d831ec7,3925878918190394432557,7369833904176,carried_forward,sync_log,25546055,0x2a615bfe28e4143f31487f0c66ff90a9c0a021a243c868872f432223e36a1c0f,381,True
1,25546070,WETH_USDC,0xb4e16d0168e52d35cacd2c6185b44281ec28c9dc,0xa0b86991c6218b36c1d19d4a2e9eb0ce3606eb48,0xc02aaa39b223fe8d0a0e5c4f27ead9083c756cc2,8779435259747,4680269677405689683164,carried_forward,sync_log,25546055,0x80fa45479550e30db77bc341b6a6f276979789fa8342c77f7f12317c9ff8f8cd,303,True
1,25546071,USDC_USDT,0x3041cbd36888becc7bbcbc0045e3b1f144466f5f,0xa0b86991c6218b36c1d19d4a2e9eb0ce3606eb48,0xdac17f958d2ee523a2206206994597c13d831ec7,1667773226146,1665755751930,carried_forward,sync_log,25546033,0x74cdb013d9c0cb95cbf399e104e8612f57a2048a7b7224c555bdef1259400a05,729,True
1,25546071,USDT_WETH,0x0d4a11d5eeaac28ec3f61d100daf4d40471f1852,0xc02aaa39b223fe8d0a0e5c4f27ead9083c756cc2,0xdac17f958d2ee523a2206206994597c13d831ec7,3925878918190394432557,7369833904176,carried_forward,sync_log,25546055,0x2a615bfe28e4143f31487f0c66ff90a9c0a021a243c868872f432223e36a1c0f,381,True
1,25546071,WETH_USDC,0xb4e16d0168e52d35cacd2c6185b44281ec28c9dc,0xa0b86991c6218b36c1d19d4a2e9eb0ce3606eb48,0xc02aaa39b223fe8d0a0e5c4f27ead9083c756cc2,8779435259747,4680269677405689683164,carried_forward,sync_log,25546055,0x80fa45479550e30db77bc341b6a6f276979789fa8342c77f7f12317c9ff8f8cd,303,True
1,25546072,USDC_USDT,0x3041cbd36888becc7bbcbc0045e3b1f144466f5f,0xa0b86991c6218b36c1d19d4a2e9eb0ce3606eb48,0xdac17f958d2ee523a2206206994597c13d831ec7,1667773226146,1665755751930,carried_forward,sync_log,25546033,0x74cdb013d9c0cb95cbf399e104e8612f57a2048a7b7224c555bdef1259400a05,729,True
1,25546072,USDT_WETH,0x0d4a11d5eeaac28ec3f61d100daf4d40471f1852,0xc02aaa39b223fe8d0a0e5c4f27ead9083c756cc2,0xdac17f958d2ee523a2206206994597c13d831ec7,3925878918190394432557,7369833904176,carried_forward,sync_log,25546055,0x2a615bfe28e4143f31487f0c66ff90a9c0a021a243c868872f432223e36a1c0f,381,True
1,25546072,WETH_USDC,0xb4e16d0168e52d35cacd2c6185b44281ec28c9dc,0xa0b86991c6218b36c1d19d4a2e9eb0ce3606eb48,0xc02aaa39b223fe8d0a0e5c4f27ead9083c756cc2,8779435259747,4680269677405689683164,carried_forward,sync_log,25546055,0x80fa45479550e30db77bc341b6a6f276979789fa8342c77f7f12317c9ff8f8cd,303,True
1,25546073,USDC_USDT,0x3041cbd36888becc7bbcbc0045e3b1f144466f5f,0xa0b86991c6218b36c1d19d4a2e9eb0ce3606eb48,0xdac17f958d2ee523a2206206994597c13d831ec7,1667773226146,1665755751930,carried_forward,sync_log,25546033,0x74cdb013d9c0cb95cbf399e104e8612f57a2048a7b7224c555bdef1259400a05,729,True
1,25546073,USDT_WETH,0x0d4a11d5eeaac28ec3f61d100daf4d40471f1852,0xc02aaa39b223fe8d0a0e5c4f27ead9083c756cc2,0xdac17f958d2ee523a2206206994597c13d831ec7,3925878918190394432557,7369833904176,carried_forward,sync_log,25546055,0x2a615bfe28e4143f31487f0c66ff90a9c0a021a243c868872f432223e36a1c0f,381,True
1,25546073,WETH_USDC,0xb4e16d0168e52d35cacd2c6185b44281ec28c9dc,0xa0b86991c6218b36c1d19d4a2e9eb0ce3606eb48,0xc02aaa39b223fe8d0a0e5c4f27ead9083c756cc2,8779440259747,4680267019931064281977,observed_sync,sync_log,25546073,0x5fb666c78660dab8bbcbdd8f6b122f419c7676e1548314d103343d4fa6d0ef1e,556,True
1,25546074,USDC_USDT,0x3041cbd36888becc7bbcbc0045e3b1f144466f5f,0xa0b86991c6218b36c1d19d4a2e9eb0ce3606eb48,0xdac17f958d2ee523a2206206994597c13d831ec7,1667773226146,1665755751930,carried_forward,sync_log,25546033,0x74cdb013d9c0cb95cbf399e104e8612f57a2048a7b7224c555bdef1259400a05,729,True
1,25546074,USDT_WETH,0x0d4a11d5eeaac28ec3f61d100daf4d40471f1852,0xc02aaa39b223fe8d0a0e5c4f27ead9083c756cc2,0xdac17f958d2ee523a2206206994597c13d831ec7,3925878918190394432557,7369833904176,carried_forward,sync_log,25546055,0x2a615bfe28e4143f31487f0c66ff90a9c0a021a243c868872f432223e36a1c0f,381,True
1,25546074,WETH_USDC,0xb4e16d0168e52d35cacd2c6185b44281ec28c9dc,0xa0b86991c6218b36c1d19d4a2e9eb0ce3606eb48,0xc02aaa39b223fe8d0a0e5c4f27ead9083c756cc2,8779440259747,4680267019931064281977,carried_forward,sync_log,25546073,0x5fb666c78660dab8bbcbdd8f6b122f419c7676e1548314d103343d4fa6d0ef1e,556,True
1,25546075,USDC_USDT,0x3041cbd36888becc7bbcbc0045e3b1f144466f5f,0xa0b86991c6218b36c1d19d4a2e9eb0ce3606eb48,0xdac17f958d2ee523a2206206994597c13d831ec7,1667773226146,1665755751930,carried_forward,sync_log,25546033,0x74cdb013d9c0cb95cbf399e104e8612f57a2048a7b7224c555bdef1259400a05,729,True
1,25546075,USDT_WETH,0x0d4a11d5eeaac28ec3f61d100daf4d40471f1852,0xc02aaa39b223fe8d0a0e5c4f27ead9083c756cc2,0xdac17f958d2ee523a2206206994597c13d831ec7,3925905383096350338013,7369784372458,observed_sync,sync_log,25546075,0x61a37cd4aa174dec931d79bfcabd57aca2e688a78f3dafbb2893d2111662a1ec,205,True
1,25546075,WETH_USDC,0xb4e16d0168e52d35cacd2c6185b44281ec28c9dc,0xa0b86991c6218b36c1d19d4a2e9eb0ce3606eb48,0xc02aaa39b223fe8d0a0e5c4f27ead9083c756cc2,8779440259747,4680267019931064281977,carried_forward,sync_log,25546073,0x5fb666c78660dab8bbcbdd8f6b122f419c7676e1548314d103343d4fa6d0ef1e,556,True
1,25546076,USDC_USDT,0x3041cbd36888becc7bbcbc0045e3b1f144466f5f,0xa0b86991c6218b36c1d19d4a2e9eb0ce3606eb48,0xdac17f958d2ee523a2206206994597c13d831ec7,1667773226146,1665755751930,carried_forward,sync_log,25546033,0x74cdb013d9c0cb95cbf399e104e8612f57a2048a7b7224c555bdef1259400a05,729,True
1,25546076,USDT_WETH,0x0d4a11d5eeaac28ec3f61d100daf4d40471f1852,0xc02aaa39b223fe8d0a0e5c4f27ead9083c756cc2,0xdac17f958d2ee523a2206206994597c13d831ec7,3925905383096350338013,7369784372458,carried_forward,sync_log,25546075,0x61a37cd4aa174dec931d79bfcabd57aca2e688a78f3dafbb2893d2111662a1ec,205,True
1,25546076,WETH_USDC,0xb4e16d0168e52d35cacd2c6185b44281ec28c9dc,0xa0b86991c6218b36c1d19d4a2e9eb0ce3606eb48,0xc02aaa39b223fe8d0a0e5c4f27ead9083c756cc2,8779440259747,4680267019931064281977,carried_forward,sync_log,25546073,0x5fb666c78660dab8bbcbdd8f6b122f419c7676e1548314d103343d4fa6d0ef1e,556,True
1,25546077,USDC_USDT,0x3041cbd36888becc7bbcbc0045e3b1f144466f5f,0xa0b86991c6218b36c1d19d4a2e9eb0ce3606eb48,0xdac17f958d2ee523a2206206994597c13d831ec7,1667773226146,1665755751930,carried_forward,sync_log,25546033,0x74cdb013d9c0cb95cbf399e104e8612f57a2048a7b7224c555bdef1259400a05,729,True
1,25546077,USDT_WETH,0x0d4a11d5eeaac28ec3f61d100daf4d40471f1852,0xc02aaa39b223fe8d0a0e5c4f27ead9083c756cc2,0xdac17f958d2ee523a2206206994597c13d831ec7,3925905383096350338013,7369784372458,carried_forward,sync_log,25546075,0x61a37cd4aa174dec931d79bfcabd57aca2e688a78f3dafbb2893d2111662a1ec,205,True
1,25546077,WETH_USDC,0xb4e16d0168e52d35cacd2c6185b44281ec28c9dc,0xa0b86991c6218b36c1d19d4a2e9eb0ce3606eb48,0xc02aaa39b223fe8d0a0e5c4f27ead9083c756cc2,8779440259747,4680267019931064281977,carried_forward,sync_log,25546073,0x5fb666c78660dab8bbcbdd8f6b122f419c7676e1548314d103343d4fa6d0ef1e,556,True
1,25546078,USDC_USDT,0x3041cbd36888becc7bbcbc0045e3b1f144466f5f,0xa0b86991c6218b36c1d19d4a2e9eb0ce3606eb48,0xdac17f958d2ee523a2206206994597c13d831ec7,1667773226146,1665755751930,carried_forward,sync_log,25546033,0x74cdb013d9c0cb95cbf399e104e8612f57a2048a7b7224c555bdef1259400a05,729,True
1,25546078,USDT_WETH,0x0d4a11d5eeaac28ec3f61d100daf4d40471f1852,0xc02aaa39b223fe8d0a0e5c4f27ead9083c756cc2,0xdac17f958d2ee523a2206206994597c13d831ec7,3925905383096350338013,7369784372458,carried_forward,sync_log,25546075,0x61a37cd4aa174dec931d79bfcabd57aca2e688a78f3dafbb2893d2111662a1ec,205,True
1,25546078,WETH_USDC,0xb4e16d0168e52d35cacd2c6185b44281ec28c9dc,0xa0b86991c6218b36c1d19d4a2e9eb0ce3606eb48,0xc02aaa39b223fe8d0a0e5c4f27ead9083c756cc2,8779440259747,4680267019931064281977,carried_forward,sync_log,25546073,0x5fb666c78660dab8bbcbdd8f6b122f419c7676e1548314d103343d4fa6d0ef1e,556,True
1,25546079,USDC_USDT,0x3041cbd36888becc7bbcbc0045e3b1f144466f5f,0xa0b86991c6218b36c1d19d4a2e9eb0ce3606eb48,0xdac17f958d2ee523a2206206994597c13d831ec7,1667773226146,1665755751930,carried_forward,sync_log,25546033,0x74cdb013d9c0cb95cbf399e104e8612f57a2048a7b7224c555bdef1259400a05,729,True
1,25546079,USDT_WETH,0x0d4a11d5eeaac28ec3f61d100daf4d40471f1852,0xc02aaa39b223fe8d0a0e5c4f27ead9083c756cc2,0xdac17f958d2ee523a2206206994597c13d831ec7,3925905383096350338013,7369784372458,carried_forward,sync_log,25546075,0x61a37cd4aa174dec931d79bfcabd57aca2e688a78f3dafbb2893d2111662a1ec,205,True
1,25546079,WETH_USDC,0xb4e16d0168e52d35cacd2c6185b44281ec28c9dc,0xa0b86991c6218b36c1d19d4a2e9eb0ce3606eb48,0xc02aaa39b223fe8d0a0e5c4f27ead9083c756cc2,8779440259747,4680267019931064281977,carried_forward,sync_log,25546073,0x5fb666c78660dab8bbcbdd8f6b122f419c7676e1548314d103343d4fa6d0ef1e,556,True
1,25546080,USDC_USDT,0x3041cbd36888becc7bbcbc0045e3b1f144466f5f,0xa0b86991c6218b36c1d19d4a2e9eb0ce3606eb48,0xdac17f958d2ee523a2206206994597c13d831ec7,1667773226146,1665755751930,carried_forward,sync_log,25546033,0x74cdb013d9c0cb95cbf399e104e8612f57a2048a7b7224c555bdef1259400a05,729,True
1,25546080,USDT_WETH,0x0d4a11d5eeaac28ec3f61d100daf4d40471f1852,0xc02aaa39b223fe8d0a0e5c4f27ead9083c756cc2,0xdac17f958d2ee523a2206206994597c13d831ec7,3925905383096350338013,7369784372458,carried_forward,sync_log,25546075,0x61a37cd4aa174dec931d79bfcabd57aca2e688a78f3dafbb2893d2111662a1ec,205,True
1,25546080,WETH_USDC,0xb4e16d0168e52d35cacd2c6185b44281ec28c9dc,0xa0b86991c6218b36c1d19d4a2e9eb0ce3606eb48,0xc02aaa39b223fe8d0a0e5c4f27ead9083c756cc2,8779440259747,4680267019931064281977,carried_forward,sync_log,25546073,0x5fb666c78660dab8bbcbdd8f6b122f419c7676e1548314d103343d4fa6d0ef1e,556,True
1,25546081,USDC_USDT,0x3041cbd36888becc7bbcbc0045e3b1f144466f5f,0xa0b86991c6218b36c1d19d4a2e9eb0ce3606eb48,0xdac17f958d2ee523a2206206994597c13d831ec7,1667773226146,1665755751930,carried_forward,sync_log,25546033,0x74cdb013d9c0cb95cbf399e104e8612f57a2048a7b7224c555bdef1259400a05,729,True
1,25546081,USDT_WETH,0x0d4a11d5eeaac28ec3f61d100daf4d40471f1852,0xc02aaa39b223fe8d0a0e5c4f27ead9083c756cc2,0xdac17f958d2ee523a2206206994597c13d831ec7,3925905383096350338013,7369784372458,carried_forward,sync_log,25546075,0x61a37cd4aa174dec931d79bfcabd57aca2e688a78f3dafbb2893d2111662a1ec,205,True
1,25546081,WETH_USDC,0xb4e16d0168e52d35cacd2c6185b44281ec28c9dc,0xa0b86991c6218b36c1d19d4a2e9eb0ce3606eb48,0xc02aaa39b223fe8d0a0e5c4f27ead9083c756cc2,8779440259747,4680267019931064281977,carried_forward,sync_log,25546073,0x5fb666c78660dab8bbcbdd8f6b122f419c7676e1548314d103343d4fa6d0ef1e,556,True
1,25546082,USDC_USDT,0x3041cbd36888becc7bbcbc0045e3b1f144466f5f,0xa0b86991c6218b36c1d19d4a2e9eb0ce3606eb48,0xdac17f958d2ee523a2206206994597c13d831ec7,1667773226146,1665755751930,carried_forward,sync_log,25546033,0x74cdb013d9c0cb95cbf399e104e8612f57a2048a7b7224c555bdef1259400a05,729,True
1,25546082,USDT_WETH,0x0d4a11d5eeaac28ec3f61d100daf4d40471f1852,0xc02aaa39b223fe8d0a0e5c4f27ead9083c756cc2,0xdac17f958d2ee523a2206206994597c13d831ec7,3925905383096350338013,7369784372458,carried_forward,sync_log,25546075,0x61a37cd4aa174dec931d79bfcabd57aca2e688a78f3dafbb2893d2111662a1ec,205,True
1,25546082,WETH_USDC,0xb4e16d0168e52d35cacd2c6185b44281ec28c9dc,0xa0b86991c6218b36c1d19d4a2e9eb0ce3606eb48,0xc02aaa39b223fe8d0a0e5c4f27ead9083c756cc2,8779440259747,4680267019931064281977,carried_forward,sync_log,25546073,0x5fb666c78660dab8bbcbdd8f6b122f419c7676e1548314d103343d4fa6d0ef1e,556,True
1,25546083,USDC_USDT,0x3041cbd36888becc7bbcbc0045e3b1f144466f5f,0xa0b86991c6218b36c1d19d4a2e9eb0ce3606eb48,0xdac17f958d2ee523a2206206994597c13d831ec7,1667773226146,1665755751930,carried_forward,sync_log,25546033,0x74cdb013d9c0cb95cbf399e104e8612f57a2048a7b7224c555bdef1259400a05,729,True
1,25546083,USDT_WETH,0x0d4a11d5eeaac28ec3f61d100daf4d40471f1852,0xc02aaa39b223fe8d0a0e5c4f27ead9083c756cc2,0xdac17f958d2ee523a2206206994597c13d831ec7,3925905383096350338013,7369784372458,carried_forward,sync_log,25546075,0x61a37cd4aa174dec931d79bfcabd57aca2e688a78f3dafbb2893d2111662a1ec,205,True
1,25546083,WETH_USDC,0xb4e16d0168e52d35cacd2c6185b44281ec28c9dc,0xa0b86991c6218b36c1d19d4a2e9eb0ce3606eb48,0xc02aaa39b223fe8d0a0e5c4f27ead9083c756cc2,8779440259747,4680267019931064281977,carried_forward,sync_log,25546073,0x5fb666c78660dab8bbcbdd8f6b122f419c7676e1548314d103343d4fa6d0ef1e,556,True
1,25546084,USDC_USDT,0x3041cbd36888becc7bbcbc0045e3b1f144466f5f,0xa0b86991c6218b36c1d19d4a2e9eb0ce3606eb48,0xdac17f958d2ee523a2206206994597c13d831ec7,1667773226146,1665755751930,carried_forward,sync_log,25546033,0x74cdb013d9c0cb95cbf399e104e8612f57a2048a7b7224c555bdef1259400a05,729,True
1,25546084,USDT_WETH,0x0d4a11d5eeaac28ec3f61d100daf4d40471f1852,0xc02aaa39b223fe8d0a0e5c4f27ead9083c756cc2,0xdac17f958d2ee523a2206206994597c13d831ec7,3925905383096350338013,7369784372458,carried_forward,sync_log,25546075,0x61a37cd4aa174dec931d79bfcabd57aca2e688a78f3dafbb2893d2111662a1ec,205,True
1,25546084,WETH_USDC,0xb4e16d0168e52d35cacd2c6185b44281ec28c9dc,0xa0b86991c6218b36c1d19d4a2e9eb0ce3606eb48,0xc02aaa39b223fe8d0a0e5c4f27ead9083c756cc2,8779440259747,4680267019931064281977,carried_forward,sync_log,25546073,0x5fb666c78660dab8bbcbdd8f6b122f419c7676e1548314d103343d4fa6d0ef1e,556,True
1,25546085,USDC_USDT,0x3041cbd36888becc7bbcbc0045e3b1f144466f5f,0xa0b86991c6218b36c1d19d4a2e9eb0ce3606eb48,0xdac17f958d2ee523a2206206994597c13d831ec7,1667773226146,1665755751930,carried_forward,sync_log,25546033,0x74cdb013d9c0cb95cbf399e104e8612f57a2048a7b7224c555bdef1259400a05,729,True
1,25546085,USDT_WETH,0x0d4a11d5eeaac28ec3f61d100daf4d40471f1852,0xc02aaa39b223fe8d0a0e5c4f27ead9083c756cc2,0xdac17f958d2ee523a2206206994597c13d831ec7,3925905383096350338013,7369784372458,carried_forward,sync_log,25546075,0x61a37cd4aa174dec931d79bfcabd57aca2e688a78f3dafbb2893d2111662a1ec,205,True
1,25546085,WETH_USDC,0xb4e16d0168e52d35cacd2c6185b44281ec28c9dc,0xa0b86991c6218b36c1d19d4a2e9eb0ce3606eb48,0xc02aaa39b223fe8d0a0e5c4f27ead9083c756cc2,8779440259747,4680267019931064281977,carried_forward,sync_log,25546073,0x5fb666c78660dab8bbcbdd8f6b122f419c7676e1548314d103343d4fa6d0ef1e,556,True
1,25546086,USDC_USDT,0x3041cbd36888becc7bbcbc0045e3b1f144466f5f,0xa0b86991c6218b36c1d19d4a2e9eb0ce3606eb48,0xdac17f958d2ee523a2206206994597c13d831ec7,1667773226146,1665755751930,carried_forward,sync_log,25546033,0x74cdb013d9c0cb95cbf399e104e8612f57a2048a7b7224c555bdef1259400a05,729,True
1,25546086,USDT_WETH,0x0d4a11d5eeaac28ec3f61d100daf4d40471f1852,0xc02aaa39b223fe8d0a0e5c4f27ead9083c756cc2,0xdac17f958d2ee523a2206206994597c13d831ec7,3925905383096350338013,7369784372458,carried_forward,sync_log,25546075,0x61a37cd4aa174dec931d79bfcabd57aca2e688a78f3dafbb2893d2111662a1ec,205,True
1,25546086,WETH_USDC,0xb4e16d0168e52d35cacd2c6185b44281ec28c9dc,0xa0b86991c6218b36c1d19d4a2e9eb0ce3606eb48,0xc02aaa39b223fe8d0a0e5c4f27ead9083c756cc2,8779440259747,4680267019931064281977,carried_forward,sync_log,25546073,0x5fb666c78660dab8bbcbdd8f6b122f419c7676e1548314d103343d4fa6d0ef1e,556,True
1,25546087,USDC_USDT,0x3041cbd36888becc7bbcbc0045e3b1f144466f5f,0xa0b86991c6218b36c1d19d4a2e9eb0ce3606eb48,0xdac17f958d2ee523a2206206994597c13d831ec7,1667773226146,1665755751930,carried_forward,sync_log,25546033,0x74cdb013d9c0cb95cbf399e104e8612f57a2048a7b7224c555bdef1259400a05,729,True
1,25546087,USDT_WETH,0x0d4a11d5eeaac28ec3f61d100daf4d40471f1852,0xc02aaa39b223fe8d0a0e5c4f27ead9083c756cc2,0xdac17f958d2ee523a2206206994597c13d831ec7,3925905383096350338013,7369784372458,carried_forward,sync_log,25546075,0x61a37cd4aa174dec931d79bfcabd57aca2e688a78f3dafbb2893d2111662a1ec,205,True
1,25546087,WETH_USDC,0xb4e16d0168e52d35cacd2c6185b44281ec28c9dc,0xa0b86991c6218b36c1d19d4a2e9eb0ce3606eb48,0xc02aaa39b223fe8d0a0e5c4f27ead9083c756cc2,8779440259747,4680267019931064281977,carried_forward,sync_log,25546073,0x5fb666c78660dab8bbcbdd8f6b122f419c7676e1548314d103343d4fa6d0ef1e,556,True
1,25546088,USDC_USDT,0x3041cbd36888becc7bbcbc0045e3b1f144466f5f,0xa0b86991c6218b36c1d19d4a2e9eb0ce3606eb48,0xdac17f958d2ee523a2206206994597c13d831ec7,1667773226146,1665755751930,carried_forward,sync_log,25546033,0x74cdb013d9c0cb95cbf399e104e8612f57a2048a7b7224c555bdef1259400a05,729,True
1,25546088,USDT_WETH,0x0d4a11d5eeaac28ec3f61d100daf4d40471f1852,0xc02aaa39b223fe8d0a0e5c4f27ead9083c756cc2,0xdac17f958d2ee523a2206206994597c13d831ec7,3925905383096350338013,7369784372458,carried_forward,sync_log,25546075,0x61a37cd4aa174dec931d79bfcabd57aca2e688a78f3dafbb2893d2111662a1ec,205,True
1,25546088,WETH_USDC,0xb4e16d0168e52d35cacd2c6185b44281ec28c9dc,0xa0b86991c6218b36c1d19d4a2e9eb0ce3606eb48,0xc02aaa39b223fe8d0a0e5c4f27ead9083c756cc2,8779440259747,4680267019931064281977,carried_forward,sync_log,25546073,0x5fb666c78660dab8bbcbdd8f6b122f419c7676e1548314d103343d4fa6d0ef1e,556,True
1,25546089,USDC_USDT,0x3041cbd36888becc7bbcbc0045e3b1f144466f5f,0xa0b86991c6218b36c1d19d4a2e9eb0ce3606eb48,0xdac17f958d2ee523a2206206994597c13d831ec7,1667773226146,1665755751930,carried_forward,sync_log,25546033,0x74cdb013d9c0cb95cbf399e104e8612f57a2048a7b7224c555bdef1259400a05,729,True
1,25546089,USDT_WETH,0x0d4a11d5eeaac28ec3f61d100daf4d40471f1852,0xc02aaa39b223fe8d0a0e5c4f27ead9083c756cc2,0xdac17f958d2ee523a2206206994597c13d831ec7,3925905383096350338013,7369784372458,carried_forward,sync_log,25546075,0x61a37cd4aa174dec931d79bfcabd57aca2e688a78f3dafbb2893d2111662a1ec,205,True
1,25546089,WETH_USDC,0xb4e16d0168e52d35cacd2c6185b44281ec28c9dc,0xa0b86991c6218b36c1d19d4a2e9eb0ce3606eb48,0xc02aaa39b223fe8d0a0e5c4f27ead9083c756cc2,8779440259747,4680267019931064281977,carried_forward,sync_log,25546073,0x5fb666c78660dab8bbcbdd8f6b122f419c7676e1548314d103343d4fa6d0ef1e,556,True
1,25546090,USDC_USDT,0x3041cbd36888becc7bbcbc0045e3b1f144466f5f,0xa0b86991c6218b36c1d19d4a2e9eb0ce3606eb48,0xdac17f958d2ee523a2206206994597c13d831ec7,1667773226146,1665755751930,carried_forward,sync_log,25546033,0x74cdb013d9c0cb95cbf399e104e8612f57a2048a7b7224c555bdef1259400a05,729,True
1,25546090,USDT_WETH,0x0d4a11d5eeaac28ec3f61d100daf4d40471f1852,0xc02aaa39b223fe8d0a0e5c4f27ead9083c756cc2,0xdac17f958d2ee523a2206206994597c13d831ec7,3925905383096350338013,7369784372458,carried_forward,sync_log,25546075,0x61a37cd4aa174dec931d79bfcabd57aca2e688a78f3dafbb2893d2111662a1ec,205,True
1,25546090,WETH_USDC,0xb4e16d0168e52d35cacd2c6185b44281ec28c9dc,0xa0b86991c6218b36c1d19d4a2e9eb0ce3606eb48,0xc02aaa39b223fe8d0a0e5c4f27ead9083c756cc2,8779440259747,4680267019931064281977,carried_forward,sync_log,25546073,0x5fb666c78660dab8bbcbdd8f6b122f419c7676e1548314d103343d4fa6d0ef1e,556,True
1,25546091,USDC_USDT,0x3041cbd36888becc7bbcbc0045e3b1f144466f5f,0xa0b86991c6218b36c1d19d4a2e9eb0ce3606eb48,0xdac17f958d2ee523a2206206994597c13d831ec7,1667773226146,1665755751930,carried_forward,sync_log,25546033,0x74cdb013d9c0cb95cbf399e104e8612f57a2048a7b7224c555bdef1259400a05,729,True
1,25546091,USDT_WETH,0x0d4a11d5eeaac28ec3f61d100daf4d40471f1852,0xc02aaa39b223fe8d0a0e5c4f27ead9083c756cc2,0xdac17f958d2ee523a2206206994597c13d831ec7,3925905383096350338013,7369784372458,carried_forward,sync_log,25546075,0x61a37cd4aa174dec931d79bfcabd57aca2e688a78f3dafbb2893d2111662a1ec,205,True
1,25546091,WETH_USDC,0xb4e16d0168e52d35cacd2c6185b44281ec28c9dc,0xa0b86991c6218b36c1d19d4a2e9eb0ce3606eb48,0xc02aaa39b223fe8d0a0e5c4f27ead9083c756cc2,8779440259747,4680267019931064281977,carried_forward,sync_log,25546073,0x5fb666c78660dab8bbcbdd8f6b122f419c7676e1548314d103343d4fa6d0ef1e,556,True
1,25546092,USDC_USDT,0x3041cbd36888becc7bbcbc0045e3b1f144466f5f,0xa0b86991c6218b36c1d19d4a2e9eb0ce3606eb48,0xdac17f958d2ee523a2206206994597c13d831ec7,1667773226146,1665755751930,carried_forward,sync_log,25546033,0x74cdb013d9c0cb95cbf399e104e8612f57a2048a7b7224c555bdef1259400a05,729,True
1,25546092,USDT_WETH,0x0d4a11d5eeaac28ec3f61d100daf4d40471f1852,0xc02aaa39b223fe8d0a0e5c4f27ead9083c756cc2,0xdac17f958d2ee523a2206206994597c13d831ec7,3925895823233689084379,7369802372458,observed_sync,sync_log,25546092,0x5df07abcb6687e31ed2cfccb0cad0cbcf95acb176bb8335bf5d675279a008655,357,True
1,25546092,WETH_USDC,0xb4e16d0168e52d35cacd2c6185b44281ec28c9dc,0xa0b86991c6218b36c1d19d4a2e9eb0ce3606eb48,0xc02aaa39b223fe8d0a0e5c4f27ead9083c756cc2,8779431916748,4680271480921470331093,observed_sync,sync_log,25546092,0x4fdb777160a9b6eb0e9956e67704de3994c5eb36603d959ae629c76c2711499d,200,True
1,25546093,USDC_USDT,0x3041cbd36888becc7bbcbc0045e3b1f144466f5f,0xa0b86991c6218b36c1d19d4a2e9eb0ce3606eb48,0xdac17f958d2ee523a2206206994597c13d831ec7,1667773226146,1665755751930,carried_forward,sync_log,25546033,0x74cdb013d9c0cb95cbf399e104e8612f57a2048a7b7224c555bdef1259400a05,729,True
1,25546093,USDT_WETH,0x0d4a11d5eeaac28ec3f61d100daf4d40471f1852,0xc02aaa39b223fe8d0a0e5c4f27ead9083c756cc2,0xdac17f958d2ee523a2206206994597c13d831ec7,3925895823233689084379,7369802372458,carried_forward,sync_log,25546092,0x5df07abcb6687e31ed2cfccb0cad0cbcf95acb176bb8335bf5d675279a008655,357,True
1,25546093,WETH_USDC,0xb4e16d0168e52d35cacd2c6185b44281ec28c9dc,0xa0b86991c6218b36c1d19d4a2e9eb0ce3606eb48,0xc02aaa39b223fe8d0a0e5c4f27ead9083c756cc2,8779431916748,4680271480921470331093,carried_forward,sync_log,25546092,0x4fdb777160a9b6eb0e9956e67704de3994c5eb36603d959ae629c76c2711499d,200,True
1,25546094,USDC_USDT,0x3041cbd36888becc7bbcbc0045e3b1f144466f5f,0xa0b86991c6218b36c1d19d4a2e9eb0ce3606eb48,0xdac17f958d2ee523a2206206994597c13d831ec7,1667773226146,1665755751930,carried_forward,sync_log,25546033,0x74cdb013d9c0cb95cbf399e104e8612f57a2048a7b7224c555bdef1259400a05,729,True
1,25546094,USDT_WETH,0x0d4a11d5eeaac28ec3f61d100daf4d40471f1852,0xc02aaa39b223fe8d0a0e5c4f27ead9083c756cc2,0xdac17f958d2ee523a2206206994597c13d831ec7,3925895823233689084379,7369802372458,carried_forward,sync_log,25546092,0x5df07abcb6687e31ed2cfccb0cad0cbcf95acb176bb8335bf5d675279a008655,357,True
1,25546094,WETH_USDC,0xb4e16d0168e52d35cacd2c6185b44281ec28c9dc,0xa0b86991c6218b36c1d19d4a2e9eb0ce3606eb48,0xc02aaa39b223fe8d0a0e5c4f27ead9083c756cc2,8779431916748,4680271480921470331093,carried_forward,sync_log,25546092,0x4fdb777160a9b6eb0e9956e67704de3994c5eb36603d959ae629c76c2711499d,200,True
1,25546095,USDC_USDT,0x3041cbd36888becc7bbcbc0045e3b1f144466f5f,0xa0b86991c6218b36c1d19d4a2e9eb0ce3606eb48,0xdac17f958d2ee523a2206206994597c13d831ec7,1667773226146,1665755751930,carried_forward,sync_log,25546033,0x74cdb013d9c0cb95cbf399e104e8612f57a2048a7b7224c555bdef1259400a05,729,True
1,25546095,USDT_WETH,0x0d4a11d5eeaac28ec3f61d100daf4d40471f1852,0xc02aaa39b223fe8d0a0e5c4f27ead9083c756cc2,0xdac17f958d2ee523a2206206994597c13d831ec7,3925895823233689084379,7369802372458,carried_forward,sync_log,25546092,0x5df07abcb6687e31ed2cfccb0cad0cbcf95acb176bb8335bf5d675279a008655,357,True
1,25546095,WETH_USDC,0xb4e16d0168e52d35cacd2c6185b44281ec28c9dc,0xa0b86991c6218b36c1d19d4a2e9eb0ce3606eb48,0xc02aaa39b223fe8d0a0e5c4f27ead9083c756cc2,8779431916748,4680271480921470331093,carried_forward,sync_log,25546092,0x4fdb777160a9b6eb0e9956e67704de3994c5eb36603d959ae629c76c2711499d,200,True
1,25546096,USDC_USDT,0x3041cbd36888becc7bbcbc0045e3b1f144466f5f,0xa0b86991c6218b36c1d19d4a2e9eb0ce3606eb48,0xdac17f958d2ee523a2206206994597c13d831ec7,1667773226146,1665755751930,carried_forward,sync_log,25546033,0x74cdb013d9c0cb95cbf399e104e8612f57a2048a7b7224c555bdef1259400a05,729,True
1,25546096,USDT_WETH,0x0d4a11d5eeaac28ec3f61d100daf4d40471f1852,0xc02aaa39b223fe8d0a0e5c4f27ead9083c756cc2,0xdac17f958d2ee523a2206206994597c13d831ec7,3925895823233689084379,7369802372458,carried_forward,sync_log,25546092,0x5df07abcb6687e31ed2cfccb0cad0cbcf95acb176bb8335bf5d675279a008655,357,True
1,25546096,WETH_USDC,0xb4e16d0168e52d35cacd2c6185b44281ec28c9dc,0xa0b86991c6218b36c1d19d4a2e9eb0ce3606eb48,0xc02aaa39b223fe8d0a0e5c4f27ead9083c756cc2,8779431916748,4680271480921470331093,carried_forward,sync_log,25546092,0x4fdb777160a9b6eb0e9956e67704de3994c5eb36603d959ae629c76c2711499d,200,True
1,25546097,USDC_USDT,0x3041cbd36888becc7bbcbc0045e3b1f144466f5f,0xa0b86991c6218b36c1d19d4a2e9eb0ce3606eb48,0xdac17f958d2ee523a2206206994597c13d831ec7,1667773226146,1665755751930,carried_forward,sync_log,25546033,0x74cdb013d9c0cb95cbf399e104e8612f57a2048a7b7224c555bdef1259400a05,729,True
1,25546097,USDT_WETH,0x0d4a11d5eeaac28ec3f61d100daf4d40471f1852,0xc02aaa39b223fe8d0a0e5c4f27ead9083c756cc2,0xdac17f958d2ee523a2206206994597c13d831ec7,3925895823233689084379,7369802372458,carried_forward,sync_log,25546092,0x5df07abcb6687e31ed2cfccb0cad0cbcf95acb176bb8335bf5d675279a008655,357,True
1,25546097,WETH_USDC,0xb4e16d0168e52d35cacd2c6185b44281ec28c9dc,0xa0b86991c6218b36c1d19d4a2e9eb0ce3606eb48,0xc02aaa39b223fe8d0a0e5c4f27ead9083c756cc2,8779431916748,4680271480921470331093,carried_forward,sync_log,25546092,0x4fdb777160a9b6eb0e9956e67704de3994c5eb36603d959ae629c76c2711499d,200,True
1,25546098,USDC_USDT,0x3041cbd36888becc7bbcbc0045e3b1f144466f5f,0xa0b86991c6218b36c1d19d4a2e9eb0ce3606eb48,0xdac17f958d2ee523a2206206994597c13d831ec7,1667773226146,1665755751930,carried_forward,sync_log,25546033,0x74cdb013d9c0cb95cbf399e104e8612f57a2048a7b7224c555bdef1259400a05,729,True
1,25546098,USDT_WETH,0x0d4a11d5eeaac28ec3f61d100daf4d40471f1852,0xc02aaa39b223fe8d0a0e5c4f27ead9083c756cc2,0xdac17f958d2ee523a2206206994597c13d831ec7,3925895823233689084379,7369802372458,carried_forward,sync_log,25546092,0x5df07abcb6687e31ed2cfccb0cad0cbcf95acb176bb8335bf5d675279a008655,357,True
1,25546098,WETH_USDC,0xb4e16d0168e52d35cacd2c6185b44281ec28c9dc,0xa0b86991c6218b36c1d19d4a2e9eb0ce3606eb48,0xc02aaa39b223fe8d0a0e5c4f27ead9083c756cc2,8779431916748,4680271480921470331093,carried_forward,sync_log,25546092,0x4fdb777160a9b6eb0e9956e67704de3994c5eb36603d959ae629c76c2711499d,200,True
1,25546099,USDC_USDT,0x3041cbd36888becc7bbcbc0045e3b1f144466f5f,0xa0b86991c6218b36c1d19d4a2e9eb0ce3606eb48,0xdac17f958d2ee523a2206206994597c13d831ec7,1667773226146,1665755751930,carried_forward,sync_log,25546033,0x74cdb013d9c0cb95cbf399e104e8612f57a2048a7b7224c555bdef1259400a05,729,True
1,25546099,USDT_WETH,0x0d4a11d5eeaac28ec3f61d100daf4d40471f1852,0xc02aaa39b223fe8d0a0e5c4f27ead9083c756cc2,0xdac17f958d2ee523a2206206994597c13d831ec7,3925888387817195157941,7369816372458,observed_sync,sync_log,25546099,0x8785208d94a70996a9a5af67938e1dd0cdb18c0d4c9677019f4af73d060e3c7e,379,True
1,25546099,WETH_USDC,0xb4e16d0168e52d35cacd2c6185b44281ec28c9dc,0xa0b86991c6218b36c1d19d4a2e9eb0ce3606eb48,0xc02aaa39b223fe8d0a0e5c4f27ead9083c756cc2,8779431916748,4680271480921470331093,carried_forward,sync_log,25546092,0x4fdb777160a9b6eb0e9956e67704de3994c5eb36603d959ae629c76c2711499d,200,True
1,25546100,USDC_USDT,0x3041cbd36888becc7bbcbc0045e3b1f144466f5f,0xa0b86991c6218b36c1d19d4a2e9eb0ce3606eb48,0xdac17f958d2ee523a2206206994597c13d831ec7,1667773226146,1665755751930,carried_forward,sync_log,25546033,0x74cdb013d9c0cb95cbf399e104e8612f57a2048a7b7224c555bdef1259400a05,729,True
1,25546100,USDT_WETH,0x0d4a11d5eeaac28ec3f61d100daf4d40471f1852,0xc02aaa39b223fe8d0a0e5c4f27ead9083c756cc2,0xdac17f958d2ee523a2206206994597c13d831ec7,3925888387817195157941,7369816372458,carried_forward,sync_log,25546099,0x8785208d94a70996a9a5af67938e1dd0cdb18c0d4c9677019f4af73d060e3c7e,379,True
1,25546100,WETH_USDC,0xb4e16d0168e52d35cacd2c6185b44281ec28c9dc,0xa0b86991c6218b36c1d19d4a2e9eb0ce3606eb48,0xc02aaa39b223fe8d0a0e5c4f27ead9083c756cc2,8779431916748,4680271480921470331093,carried_forward,sync_log,25546092,0x4fdb777160a9b6eb0e9956e67704de3994c5eb36603d959ae629c76c2711499d,200,True
1,25546101,USDC_USDT,0x3041cbd36888becc7bbcbc0045e3b1f144466f5f,0xa0b86991c6218b36c1d19d4a2e9eb0ce3606eb48,0xdac17f958d2ee523a2206206994597c13d831ec7,1667773226146,1665755751930,carried_forward,sync_log,25546033,0x74cdb013d9c0cb95cbf399e104e8612f57a2048a7b7224c555bdef1259400a05,729,True
1,25546101,USDT_WETH,0x0d4a11d5eeaac28ec3f61d100daf4d40471f1852,0xc02aaa39b223fe8d0a0e5c4f27ead9083c756cc2,0xdac17f958d2ee523a2206206994597c13d831ec7,3925888387817195157941,7369816372458,carried_forward,sync_log,25546099,0x8785208d94a70996a9a5af67938e1dd0cdb18c0d4c9677019f4af73d060e3c7e,379,True
1,25546101,WETH_USDC,0xb4e16d0168e52d35cacd2c6185b44281ec28c9dc,0xa0b86991c6218b36c1d19d4a2e9eb0ce3606eb48,0xc02aaa39b223fe8d0a0e5c4f27ead9083c756cc2,8779431916748,4680271480921470331093,carried_forward,sync_log,25546092,0x4fdb777160a9b6eb0e9956e67704de3994c5eb36603d959ae629c76c2711499d,200,True
1,25546102,USDC_USDT,0x3041cbd36888becc7bbcbc0045e3b1f144466f5f,0xa0b86991c6218b36c1d19d4a2e9eb0ce3606eb48,0xdac17f958d2ee523a2206206994597c13d831ec7,1667773226146,1665755751930,carried_forward,sync_log,25546033,0x74cdb013d9c0cb95cbf399e104e8612f57a2048a7b7224c555bdef1259400a05,729,True
1,25546102,USDT_WETH,0x0d4a11d5eeaac28ec3f61d100daf4d40471f1852,0xc02aaa39b223fe8d0a0e5c4f27ead9083c756cc2,0xdac17f958d2ee523a2206206994597c13d831ec7,3925888387817195157941,7369816372458,carried_forward,sync_log,25546099,0x8785208d94a70996a9a5af67938e1dd0cdb18c0d4c9677019f4af73d060e3c7e,379,True
1,25546102,WETH_USDC,0xb4e16d0168e52d35cacd2c6185b44281ec28c9dc,0xa0b86991c6218b36c1d19d4a2e9eb0ce3606eb48,0xc02aaa39b223fe8d0a0e5c4f27ead9083c756cc2,8779431916748,4680271480921470331093,carried_forward,sync_log,25546092,0x4fdb777160a9b6eb0e9956e67704de3994c5eb36603d959ae629c76c2711499d,200,True
1,25546103,USDC_USDT,0x3041cbd36888becc7bbcbc0045e3b1f144466f5f,0xa0b86991c6218b36c1d19d4a2e9eb0ce3606eb48,0xdac17f958d2ee523a2206206994597c13d831ec7,1667773226146,1665755751930,carried_forward,sync_log,25546033,0x74cdb013d9c0cb95cbf399e104e8612f57a2048a7b7224c555bdef1259400a05,729,True
1,25546103,USDT_WETH,0x0d4a11d5eeaac28ec3f61d100daf4d40471f1852,0xc02aaa39b223fe8d0a0e5c4f27ead9083c756cc2,0xdac17f958d2ee523a2206206994597c13d831ec7,3925888387817195157941,7369816372458,carried_forward,sync_log,25546099,0x8785208d94a70996a9a5af67938e1dd0cdb18c0d4c9677019f4af73d060e3c7e,379,True
1,25546103,WETH_USDC,0xb4e16d0168e52d35cacd2c6185b44281ec28c9dc,0xa0b86991c6218b36c1d19d4a2e9eb0ce3606eb48,0xc02aaa39b223fe8d0a0e5c4f27ead9083c756cc2,8779431916748,4680271480921470331093,carried_forward,sync_log,25546092,0x4fdb777160a9b6eb0e9956e67704de3994c5eb36603d959ae629c76c2711499d,200,True
1,25546104,USDC_USDT,0x3041cbd36888becc7bbcbc0045e3b1f144466f5f,0xa0b86991c6218b36c1d19d4a2e9eb0ce3606eb48,0xdac17f958d2ee523a2206206994597c13d831ec7,1667773226146,1665755751930,carried_forward,sync_log,25546033,0x74cdb013d9c0cb95cbf399e104e8612f57a2048a7b7224c555bdef1259400a05,729,True
1,25546104,USDT_WETH,0x0d4a11d5eeaac28ec3f61d100daf4d40471f1852,0xc02aaa39b223fe8d0a0e5c4f27ead9083c756cc2,0xdac17f958d2ee523a2206206994597c13d831ec7,3925888387817195157941,7369816372458,carried_forward,sync_log,25546099,0x8785208d94a70996a9a5af67938e1dd0cdb18c0d4c9677019f4af73d060e3c7e,379,True
1,25546104,WETH_USDC,0xb4e16d0168e52d35cacd2c6185b44281ec28c9dc,0xa0b86991c6218b36c1d19d4a2e9eb0ce3606eb48,0xc02aaa39b223fe8d0a0e5c4f27ead9083c756cc2,8779431916748,4680271480921470331093,carried_forward,sync_log,25546092,0x4fdb777160a9b6eb0e9956e67704de3994c5eb36603d959ae629c76c2711499d,200,True
1,25546105,USDC_USDT,0x3041cbd36888becc7bbcbc0045e3b1f144466f5f,0xa0b86991c6218b36c1d19d4a2e9eb0ce3606eb48,0xdac17f958d2ee523a2206206994597c13d831ec7,1667773226146,1665755751930,carried_forward,sync_log,25546033,0x74cdb013d9c0cb95cbf399e104e8612f57a2048a7b7224c555bdef1259400a05,729,True
1,25546105,USDT_WETH,0x0d4a11d5eeaac28ec3f61d100daf4d40471f1852,0xc02aaa39b223fe8d0a0e5c4f27ead9083c756cc2,0xdac17f958d2ee523a2206206994597c13d831ec7,3925888387817195157941,7369816372458,carried_forward,sync_log,25546099,0x8785208d94a70996a9a5af67938e1dd0cdb18c0d4c9677019f4af73d060e3c7e,379,True
1,25546105,WETH_USDC,0xb4e16d0168e52d35cacd2c6185b44281ec28c9dc,0xa0b86991c6218b36c1d19d4a2e9eb0ce3606eb48,0xc02aaa39b223fe8d0a0e5c4f27ead9083c756cc2,8779431916748,4680271480921470331093,carried_forward,sync_log,25546092,0x4fdb777160a9b6eb0e9956e67704de3994c5eb36603d959ae629c76c2711499d,200,True
1,25546106,USDC_USDT,0x3041cbd36888becc7bbcbc0045e3b1f144466f5f,0xa0b86991c6218b36c1d19d4a2e9eb0ce3606eb48,0xdac17f958d2ee523a2206206994597c13d831ec7,1667773226146,1665755751930,carried_forward,sync_log,25546033,0x74cdb013d9c0cb95cbf399e104e8612f57a2048a7b7224c555bdef1259400a05,729,True
1,25546106,USDT_WETH,0x0d4a11d5eeaac28ec3f61d100daf4d40471f1852,0xc02aaa39b223fe8d0a0e5c4f27ead9083c756cc2,0xdac17f958d2ee523a2206206994597c13d831ec7,3925888387817195157941,7369816372458,carried_forward,sync_log,25546099,0x8785208d94a70996a9a5af67938e1dd0cdb18c0d4c9677019f4af73d060e3c7e,379,True
1,25546106,WETH_USDC,0xb4e16d0168e52d35cacd2c6185b44281ec28c9dc,0xa0b86991c6218b36c1d19d4a2e9eb0ce3606eb48,0xc02aaa39b223fe8d0a0e5c4f27ead9083c756cc2,8779431916748,4680271480921470331093,carried_forward,sync_log,25546092,0x4fdb777160a9b6eb0e9956e67704de3994c5eb36603d959ae629c76c2711499d,200,True
1,25546107,USDC_USDT,0x3041cbd36888becc7bbcbc0045e3b1f144466f5f,0xa0b86991c6218b36c1d19d4a2e9eb0ce3606eb48,0xdac17f958d2ee523a2206206994597c13d831ec7,1667773226146,1665755751930,carried_forward,sync_log,25546033,0x74cdb013d9c0cb95cbf399e104e8612f57a2048a7b7224c555bdef1259400a05,729,True
1,25546107,USDT_WETH,0x0d4a11d5eeaac28ec3f61d100daf4d40471f1852,0xc02aaa39b223fe8d0a0e5c4f27ead9083c756cc2,0xdac17f958d2ee523a2206206994597c13d831ec7,3925888387817195157941,7369816372458,carried_forward,sync_log,25546099,0x8785208d94a70996a9a5af67938e1dd0cdb18c0d4c9677019f4af73d060e3c7e,379,True
1,25546107,WETH_USDC,0xb4e16d0168e52d35cacd2c6185b44281ec28c9dc,0xa0b86991c6218b36c1d19d4a2e9eb0ce3606eb48,0xc02aaa39b223fe8d0a0e5c4f27ead9083c756cc2,8779431916748,4680271480921470331093,carried_forward,sync_log,25546092,0x4fdb777160a9b6eb0e9956e67704de3994c5eb36603d959ae629c76c2711499d,200,True
1,25546108,USDC_USDT,0x3041cbd36888becc7bbcbc0045e3b1f144466f5f,0xa0b86991c6218b36c1d19d4a2e9eb0ce3606eb48,0xdac17f958d2ee523a2206206994597c13d831ec7,1667773226146,1665755751930,carried_forward,sync_log,25546033,0x74cdb013d9c0cb95cbf399e104e8612f57a2048a7b7224c555bdef1259400a05,729,True
1,25546108,USDT_WETH,0x0d4a11d5eeaac28ec3f61d100daf4d40471f1852,0xc02aaa39b223fe8d0a0e5c4f27ead9083c756cc2,0xdac17f958d2ee523a2206206994597c13d831ec7,3925888387817195157941,7369816372458,carried_forward,sync_log,25546099,0x8785208d94a70996a9a5af67938e1dd0cdb18c0d4c9677019f4af73d060e3c7e,379,True
1,25546108,WETH_USDC,0xb4e16d0168e52d35cacd2c6185b44281ec28c9dc,0xa0b86991c6218b36c1d19d4a2e9eb0ce3606eb48,0xc02aaa39b223fe8d0a0e5c4f27ead9083c756cc2,8779431916748,4680271480921470331093,carried_forward,sync_log,25546092,0x4fdb777160a9b6eb0e9956e67704de3994c5eb36603d959ae629c76c2711499d,200,True
1,25546109,USDC_USDT,0x3041cbd36888becc7bbcbc0045e3b1f144466f5f,0xa0b86991c6218b36c1d19d4a2e9eb0ce3606eb48,0xdac17f958d2ee523a2206206994597c13d831ec7,1667773226146,1665755751930,carried_forward,sync_log,25546033,0x74cdb013d9c0cb95cbf399e104e8612f57a2048a7b7224c555bdef1259400a05,729,True
1,25546109,USDT_WETH,0x0d4a11d5eeaac28ec3f61d100daf4d40471f1852,0xc02aaa39b223fe8d0a0e5c4f27ead9083c756cc2,0xdac17f958d2ee523a2206206994597c13d831ec7,3924948744433972993973,7371586039032,observed_sync,sync_log,25546109,0x0a7bb8f15b0bda9f53b06be7b28c4185c2d5939976f164a527a27363213ccffc,136,True
1,25546109,WETH_USDC,0xb4e16d0168e52d35cacd2c6185b44281ec28c9dc,0xa0b86991c6218b36c1d19d4a2e9eb0ce3606eb48,0xc02aaa39b223fe8d0a0e5c4f27ead9083c756cc2,8781572644366,4679133972119041284565,observed_sync,sync_log,25546109,0x851274802160a7a65d0080f86948181533d3ffc1ead74aa1582b7bdb3bfb5c3f,124,True
1,25546110,USDC_USDT,0x3041cbd36888becc7bbcbc0045e3b1f144466f5f,0xa0b86991c6218b36c1d19d4a2e9eb0ce3606eb48,0xdac17f958d2ee523a2206206994597c13d831ec7,1667773226146,1665755751930,carried_forward,sync_log,25546033,0x74cdb013d9c0cb95cbf399e104e8612f57a2048a7b7224c555bdef1259400a05,729,True
1,25546110,USDT_WETH,0x0d4a11d5eeaac28ec3f61d100daf4d40471f1852,0xc02aaa39b223fe8d0a0e5c4f27ead9083c756cc2,0xdac17f958d2ee523a2206206994597c13d831ec7,3924948744433972993973,7371586039032,carried_forward,sync_log,25546109,0x0a7bb8f15b0bda9f53b06be7b28c4185c2d5939976f164a527a27363213ccffc,136,True
1,25546110,WETH_USDC,0xb4e16d0168e52d35cacd2c6185b44281ec28c9dc,0xa0b86991c6218b36c1d19d4a2e9eb0ce3606eb48,0xc02aaa39b223fe8d0a0e5c4f27ead9083c756cc2,8781572644366,4679133972119041284565,carried_forward,sync_log,25546109,0x851274802160a7a65d0080f86948181533d3ffc1ead74aa1582b7bdb3bfb5c3f,124,True
1,25546111,USDC_USDT,0x3041cbd36888becc7bbcbc0045e3b1f144466f5f,0xa0b86991c6218b36c1d19d4a2e9eb0ce3606eb48,0xdac17f958d2ee523a2206206994597c13d831ec7,1667773226146,1665755751930,carried_forward,sync_log,25546033,0x74cdb013d9c0cb95cbf399e104e8612f57a2048a7b7224c555bdef1259400a05,729,True
1,25546111,USDT_WETH,0x0d4a11d5eeaac28ec3f61d100daf4d40471f1852,0xc02aaa39b223fe8d0a0e5c4f27ead9083c756cc2,0xdac17f958d2ee523a2206206994597c13d831ec7,3924948744433972993973,7371586039032,carried_forward,sync_log,25546109,0x0a7bb8f15b0bda9f53b06be7b28c4185c2d5939976f164a527a27363213ccffc,136,True
1,25546111,WETH_USDC,0xb4e16d0168e52d35cacd2c6185b44281ec28c9dc,0xa0b86991c6218b36c1d19d4a2e9eb0ce3606eb48,0xc02aaa39b223fe8d0a0e5c4f27ead9083c756cc2,8781572644366,4679133972119041284565,carried_forward,sync_log,25546109,0x851274802160a7a65d0080f86948181533d3ffc1ead74aa1582b7bdb3bfb5c3f,124,True
1,25546112,USDC_USDT,0x3041cbd36888becc7bbcbc0045e3b1f144466f5f,0xa0b86991c6218b36c1d19d4a2e9eb0ce3606eb48,0xdac17f958d2ee523a2206206994597c13d831ec7,1667773226146,1665755751930,carried_forward,sync_log,25546033,0x74cdb013d9c0cb95cbf399e104e8612f57a2048a7b7224c555bdef1259400a05,729,True
1,25546112,USDT_WETH,0x0d4a11d5eeaac28ec3f61d100daf4d40471f1852,0xc02aaa39b223fe8d0a0e5c4f27ead9083c756cc2,0xdac17f958d2ee523a2206206994597c13d831ec7,3924248550277541042357,7372905293655,observed_sync,sync_log,25546112,0x8b89159f5f6d8bd3789c8805dc6581f1d0fd9799d154559b7244af498c5e55c8,291,True
1,25546112,WETH_USDC,0xb4e16d0168e52d35cacd2c6185b44281ec28c9dc,0xa0b86991c6218b36c1d19d4a2e9eb0ce3606eb48,0xc02aaa39b223fe8d0a0e5c4f27ead9083c756cc2,8783058432713,4678344801031316297045,observed_sync,sync_log,25546112,0xb6fd2cc9367acda985b01fddb5f953f8de83d006a84f52a0f598a50136309112,286,True
1,25546113,USDC_USDT,0x3041cbd36888becc7bbcbc0045e3b1f144466f5f,0xa0b86991c6218b36c1d19d4a2e9eb0ce3606eb48,0xdac17f958d2ee523a2206206994597c13d831ec7,1667773226146,1665755751930,carried_forward,sync_log,25546033,0x74cdb013d9c0cb95cbf399e104e8612f57a2048a7b7224c555bdef1259400a05,729,True
1,25546113,USDT_WETH,0x0d4a11d5eeaac28ec3f61d100daf4d40471f1852,0xc02aaa39b223fe8d0a0e5c4f27ead9083c756cc2,0xdac17f958d2ee523a2206206994597c13d831ec7,3924248550277541042357,7372905293655,carried_forward,sync_log,25546112,0x8b89159f5f6d8bd3789c8805dc6581f1d0fd9799d154559b7244af498c5e55c8,291,True
1,25546113,WETH_USDC,0xb4e16d0168e52d35cacd2c6185b44281ec28c9dc,0xa0b86991c6218b36c1d19d4a2e9eb0ce3606eb48,0xc02aaa39b223fe8d0a0e5c4f27ead9083c756cc2,8783058432713,4678344801031316297045,carried_forward,sync_log,25546112,0xb6fd2cc9367acda985b01fddb5f953f8de83d006a84f52a0f598a50136309112,286,True
1,25546114,USDC_USDT,0x3041cbd36888becc7bbcbc0045e3b1f144466f5f,0xa0b86991c6218b36c1d19d4a2e9eb0ce3606eb48,0xdac17f958d2ee523a2206206994597c13d831ec7,1667773226146,1665755751930,carried_forward,sync_log,25546033,0x74cdb013d9c0cb95cbf399e104e8612f57a2048a7b7224c555bdef1259400a05,729,True
1,25546114,USDT_WETH,0x0d4a11d5eeaac28ec3f61d100daf4d40471f1852,0xc02aaa39b223fe8d0a0e5c4f27ead9083c756cc2,0xdac17f958d2ee523a2206206994597c13d831ec7,3923831459919553635253,7373691368993,observed_sync,sync_log,25546114,0x2ea0fc79050c80756ce0ada54c9476225ded1fce2826628abdb917e92de98e4d,838,True
1,25546114,WETH_USDC,0xb4e16d0168e52d35cacd2c6185b44281ec28c9dc,0xa0b86991c6218b36c1d19d4a2e9eb0ce3606eb48,0xc02aaa39b223fe8d0a0e5c4f27ead9083c756cc2,8784093954745,4677794944938854032277,observed_sync,sync_log,25546114,0x278a3c04b9466fc7288e9a2a8ee8b57bb28b727d336d769e18b21aeb30026ada,544,True
1,25546115,USDC_USDT,0x3041cbd36888becc7bbcbc0045e3b1f144466f5f,0xa0b86991c6218b36c1d19d4a2e9eb0ce3606eb48,0xdac17f958d2ee523a2206206994597c13d831ec7,1667773226146,1665755751930,carried_forward,sync_log,25546033,0x74cdb013d9c0cb95cbf399e104e8612f57a2048a7b7224c555bdef1259400a05,729,True
1,25546115,USDT_WETH,0x0d4a11d5eeaac28ec3f61d100daf4d40471f1852,0xc02aaa39b223fe8d0a0e5c4f27ead9083c756cc2,0xdac17f958d2ee523a2206206994597c13d831ec7,3923358567433079809269,7374582815071,observed_sync,sync_log,25546115,0x4ae754d354d0a90015b77e626bd87b79b426ef066efaf01bc1952730d7681191,398,True
1,25546115,WETH_USDC,0xb4e16d0168e52d35cacd2c6185b44281ec28c9dc,0xa0b86991c6218b36c1d19d4a2e9eb0ce3606eb48,0xc02aaa39b223fe8d0a0e5c4f27ead9083c756cc2,8785131100578,4677244356352875123477,observed_sync,sync_log,25546115,0xda59f3b85fd84e44951e1b693d534ffb22ca8843611aa3a098b7a26bcc9892e4,364,True
1,25546116,USDC_USDT,0x3041cbd36888becc7bbcbc0045e3b1f144466f5f,0xa0b86991c6218b36c1d19d4a2e9eb0ce3606eb48,0xdac17f958d2ee523a2206206994597c13d831ec7,1667773226146,1665755751930,carried_forward,sync_log,25546033,0x74cdb013d9c0cb95cbf399e104e8612f57a2048a7b7224c555bdef1259400a05,729,True
1,25546116,USDT_WETH,0x0d4a11d5eeaac28ec3f61d100daf4d40471f1852,0xc02aaa39b223fe8d0a0e5c4f27ead9083c756cc2,0xdac17f958d2ee523a2206206994597c13d831ec7,3920934690311658631925,7379155425045,observed_sync,sync_log,25546116,0x2c637841da9e66bfaceeb4e16b2085e57fd174c916ffd18c9796e2f591d55070,89,True
1,25546116,WETH_USDC,0xb4e16d0168e52d35cacd2c6185b44281ec28c9dc,0xa0b86991c6218b36c1d19d4a2e9eb0ce3606eb48,0xc02aaa39b223fe8d0a0e5c4f27ead9083c756cc2,8790601152556,4674342619422371333909,observed_sync,sync_log,25546116,0x86f27ecee51834d17a16c080ca32256038b0148e6fe94552fede7d83fa0d68a7,78,True
1,25546117,USDC_USDT,0x3041cbd36888becc7bbcbc0045e3b1f144466f5f,0xa0b86991c6218b36c1d19d4a2e9eb0ce3606eb48,0xdac17f958d2ee523a2206206994597c13d831ec7,1667773226146,1665755751930,carried_forward,sync_log,25546033,0x74cdb013d9c0cb95cbf399e104e8612f57a2048a7b7224c555bdef1259400a05,729,True
1,25546117,USDT_WETH,0x0d4a11d5eeaac28ec3f61d100daf4d40471f1852,0xc02aaa39b223fe8d0a0e5c4f27ead9083c756cc2,0xdac17f958d2ee523a2206206994597c13d831ec7,3918826211331334066992,7383137640662,observed_sync,sync_log,25546117,0xe5cb92b8656234ecadbffacfc94581971f42a9ce82ca808b5e23a32b50827748,120,True
1,25546117,WETH_USDC,0xb4e16d0168e52d35cacd2c6185b44281ec28c9dc,0xa0b86991c6218b36c1d19d4a2e9eb0ce3606eb48,0xc02aaa39b223fe8d0a0e5c4f27ead9083c756cc2,8795318465177,4671843082891942567800,observed_sync,sync_log,25546117,0xe5cb92b8656234ecadbffacfc94581971f42a9ce82ca808b5e23a32b50827748,148,True
1,25546118,USDC_USDT,0x3041cbd36888becc7bbcbc0045e3b1f144466f5f,0xa0b86991c6218b36c1d19d4a2e9eb0ce3606eb48,0xdac17f958d2ee523a2206206994597c13d831ec7,1667773226146,1665755751930,carried_forward,sync_log,25546033,0x74cdb013d9c0cb95cbf399e104e8612f57a2048a7b7224c555bdef1259400a05,729,True
1,25546118,USDT_WETH,0x0d4a11d5eeaac28ec3f61d100daf4d40471f1852,0xc02aaa39b223fe8d0a0e5c4f27ead9083c756cc2,0xdac17f958d2ee523a2206206994597c13d831ec7,3916044581602830785603,7388397783027,observed_sync,sync_log,25546118,0xe34c8babb280fceeafb8e0fce02f7901c5a0edc509b28557697ed0504de599c1,76,True
1,25546118,WETH_USDC,0xb4e16d0168e52d35cacd2c6185b44281ec28c9dc,0xa0b86991c6218b36c1d19d4a2e9eb0ce3606eb48,0xc02aaa39b223fe8d0a0e5c4f27ead9083c756cc2,8801576038807,4668531544036759215095,observed_sync,sync_log,25546118,0xe34c8babb280fceeafb8e0fce02f7901c5a0edc509b28557697ed0504de599c1,80,True
1,25546119,USDC_USDT,0x3041cbd36888becc7bbcbc0045e3b1f144466f5f,0xa0b86991c6218b36c1d19d4a2e9eb0ce3606eb48,0xdac17f958d2ee523a2206206994597c13d831ec7,1667773226146,1665755751930,carried_forward,sync_log,25546033,0x74cdb013d9c0cb95cbf399e104e8612f57a2048a7b7224c555bdef1259400a05,729,True
1,25546119,USDT_WETH,0x0d4a11d5eeaac28ec3f61d100daf4d40471f1852,0xc02aaa39b223fe8d0a0e5c4f27ead9083c756cc2,0xdac17f958d2ee523a2206206994597c13d831ec7,3916030819040665657643,7388423827064,observed_sync,sync_log,25546119,0x4f3599f7b95b3fcc9efe45281d8e00dee813aa5ba24a71ba63a8d54e14f56021,1137,True
1,25546119,WETH_USDC,0xb4e16d0168e52d35cacd2c6185b44281ec28c9dc,0xa0b86991c6218b36c1d19d4a2e9eb0ce3606eb48,0xc02aaa39b223fe8d0a0e5c4f27ead9083c756cc2,8801655445350,4668489551956150718075,observed_sync,sync_log,25546119,0xf3f7df5e5cd079d3b9be75c287e94004c6cb099bb188f55ec5652b7a0616ab00,756,True
1,25546120,USDC_USDT,0x3041cbd36888becc7bbcbc0045e3b1f144466f5f,0xa0b86991c6218b36c1d19d4a2e9eb0ce3606eb48,0xdac17f958d2ee523a2206206994597c13d831ec7,1667773226146,1665755751930,carried_forward,sync_log,25546033,0x74cdb013d9c0cb95cbf399e104e8612f57a2048a7b7224c555bdef1259400a05,729,True
1,25546120,USDT_WETH,0x0d4a11d5eeaac28ec3f61d100daf4d40471f1852,0xc02aaa39b223fe8d0a0e5c4f27ead9083c756cc2,0xdac17f958d2ee523a2206206994597c13d831ec7,3916030819040665657643,7388423827064,carried_forward,sync_log,25546119,0x4f3599f7b95b3fcc9efe45281d8e00dee813aa5ba24a71ba63a8d54e14f56021,1137,True
1,25546120,WETH_USDC,0xb4e16d0168e52d35cacd2c6185b44281ec28c9dc,0xa0b86991c6218b36c1d19d4a2e9eb0ce3606eb48,0xc02aaa39b223fe8d0a0e5c4f27ead9083c756cc2,8801655445350,4668489551956150718075,carried_forward,sync_log,25546119,0xf3f7df5e5cd079d3b9be75c287e94004c6cb099bb188f55ec5652b7a0616ab00,756,True
1,25546121,USDC_USDT,0x3041cbd36888becc7bbcbc0045e3b1f144466f5f,0xa0b86991c6218b36c1d19d4a2e9eb0ce3606eb48,0xdac17f958d2ee523a2206206994597c13d831ec7,1667773226146,1665755751930,carried_forward,sync_log,25546033,0x74cdb013d9c0cb95cbf399e104e8612f57a2048a7b7224c555bdef1259400a05,729,True
1,25546121,USDT_WETH,0x0d4a11d5eeaac28ec3f61d100daf4d40471f1852,0xc02aaa39b223fe8d0a0e5c4f27ead9083c756cc2,0xdac17f958d2ee523a2206206994597c13d831ec7,3916030819040665657643,7388423827064,carried_forward,sync_log,25546119,0x4f3599f7b95b3fcc9efe45281d8e00dee813aa5ba24a71ba63a8d54e14f56021,1137,True
1,25546121,WETH_USDC,0xb4e16d0168e52d35cacd2c6185b44281ec28c9dc,0xa0b86991c6218b36c1d19d4a2e9eb0ce3606eb48,0xc02aaa39b223fe8d0a0e5c4f27ead9083c756cc2,8801658437850,4668487969465335852365,observed_sync,sync_log,25546121,0x365f91fba7983644a1c5a0cf64372c34d5d5ba92ea40c882427028716ab4a1e9,48,True
1,25546122,USDC_USDT,0x3041cbd36888becc7bbcbc0045e3b1f144466f5f,0xa0b86991c6218b36c1d19d4a2e9eb0ce3606eb48,0xdac17f958d2ee523a2206206994597c13d831ec7,1667773226146,1665755751930,carried_forward,sync_log,25546033,0x74cdb013d9c0cb95cbf399e104e8612f57a2048a7b7224c555bdef1259400a05,729,True
1,25546122,USDT_WETH,0x0d4a11d5eeaac28ec3f61d100daf4d40471f1852,0xc02aaa39b223fe8d0a0e5c4f27ead9083c756cc2,0xdac17f958d2ee523a2206206994597c13d831ec7,3916030819040665657643,7388423827064,carried_forward,sync_log,25546119,0x4f3599f7b95b3fcc9efe45281d8e00dee813aa5ba24a71ba63a8d54e14f56021,1137,True
1,25546122,WETH_USDC,0xb4e16d0168e52d35cacd2c6185b44281ec28c9dc,0xa0b86991c6218b36c1d19d4a2e9eb0ce3606eb48,0xc02aaa39b223fe8d0a0e5c4f27ead9083c756cc2,8801658437850,4668487969465335852365,carried_forward,sync_log,25546121,0x365f91fba7983644a1c5a0cf64372c34d5d5ba92ea40c882427028716ab4a1e9,48,True
1,25546123,USDC_USDT,0x3041cbd36888becc7bbcbc0045e3b1f144466f5f,0xa0b86991c6218b36c1d19d4a2e9eb0ce3606eb48,0xdac17f958d2ee523a2206206994597c13d831ec7,1667773226146,1665755751930,carried_forward,sync_log,25546033,0x74cdb013d9c0cb95cbf399e104e8612f57a2048a7b7224c555bdef1259400a05,729,True
1,25546123,USDT_WETH,0x0d4a11d5eeaac28ec3f61d100daf4d40471f1852,0xc02aaa39b223fe8d0a0e5c4f27ead9083c756cc2,0xdac17f958d2ee523a2206206994597c13d831ec7,3916030819040665657643,7388423827064,carried_forward,sync_log,25546119,0x4f3599f7b95b3fcc9efe45281d8e00dee813aa5ba24a71ba63a8d54e14f56021,1137,True
1,25546123,WETH_USDC,0xb4e16d0168e52d35cacd2c6185b44281ec28c9dc,0xa0b86991c6218b36c1d19d4a2e9eb0ce3606eb48,0xc02aaa39b223fe8d0a0e5c4f27ead9083c756cc2,8801658437850,4668487969465335852365,carried_forward,sync_log,25546121,0x365f91fba7983644a1c5a0cf64372c34d5d5ba92ea40c882427028716ab4a1e9,48,True
1,25546124,USDC_USDT,0x3041cbd36888becc7bbcbc0045e3b1f144466f5f,0xa0b86991c6218b36c1d19d4a2e9eb0ce3606eb48,0xdac17f958d2ee523a2206206994597c13d831ec7,1667749502875,1665779518140,observed_sync,sync_log,25546124,0xfaf9c3f3d852c50c03cf9992edf9cb96b8bcfebf5d4b418adea4dc6f63014331,313,True
1,25546124,USDT_WETH,0x0d4a11d5eeaac28ec3f61d100daf4d40471f1852,0xc02aaa39b223fe8d0a0e5c4f27ead9083c756cc2,0xdac17f958d2ee523a2206206994597c13d831ec7,3916030819040665657643,7388423827064,carried_forward,sync_log,25546119,0x4f3599f7b95b3fcc9efe45281d8e00dee813aa5ba24a71ba63a8d54e14f56021,1137,True
1,25546124,WETH_USDC,0xb4e16d0168e52d35cacd2c6185b44281ec28c9dc,0xa0b86991c6218b36c1d19d4a2e9eb0ce3606eb48,0xc02aaa39b223fe8d0a0e5c4f27ead9083c756cc2,8801658437850,4668487969465335852365,carried_forward,sync_log,25546121,0x365f91fba7983644a1c5a0cf64372c34d5d5ba92ea40c882427028716ab4a1e9,48,True
1,25546125,USDC_USDT,0x3041cbd36888becc7bbcbc0045e3b1f144466f5f,0xa0b86991c6218b36c1d19d4a2e9eb0ce3606eb48,0xdac17f958d2ee523a2206206994597c13d831ec7,1667749502875,1665779518140,carried_forward,sync_log,25546124,0xfaf9c3f3d852c50c03cf9992edf9cb96b8bcfebf5d4b418adea4dc6f63014331,313,True
1,25546125,USDT_WETH,0x0d4a11d5eeaac28ec3f61d100daf4d40471f1852,0xc02aaa39b223fe8d0a0e5c4f27ead9083c756cc2,0xdac17f958d2ee523a2206206994597c13d831ec7,3916030819040665657643,7388423827064,carried_forward,sync_log,25546119,0x4f3599f7b95b3fcc9efe45281d8e00dee813aa5ba24a71ba63a8d54e14f56021,1137,True
1,25546125,WETH_USDC,0xb4e16d0168e52d35cacd2c6185b44281ec28c9dc,0xa0b86991c6218b36c1d19d4a2e9eb0ce3606eb48,0xc02aaa39b223fe8d0a0e5c4f27ead9083c756cc2,8801658437850,4668487969465335852365,carried_forward,sync_log,25546121,0x365f91fba7983644a1c5a0cf64372c34d5d5ba92ea40c882427028716ab4a1e9,48,True
1,25546126,USDC_USDT,0x3041cbd36888becc7bbcbc0045e3b1f144466f5f,0xa0b86991c6218b36c1d19d4a2e9eb0ce3606eb48,0xdac17f958d2ee523a2206206994597c13d831ec7,1667749502875,1665779518140,carried_forward,sync_log,25546124,0xfaf9c3f3d852c50c03cf9992edf9cb96b8bcfebf5d4b418adea4dc6f63014331,313,True
1,25546126,USDT_WETH,0x0d4a11d5eeaac28ec3f61d100daf4d40471f1852,0xc02aaa39b223fe8d0a0e5c4f27ead9083c756cc2,0xdac17f958d2ee523a2206206994597c13d831ec7,3916030819040665657643,7388423827064,carried_forward,sync_log,25546119,0x4f3599f7b95b3fcc9efe45281d8e00dee813aa5ba24a71ba63a8d54e14f56021,1137,True
1,25546126,WETH_USDC,0xb4e16d0168e52d35cacd2c6185b44281ec28c9dc,0xa0b86991c6218b36c1d19d4a2e9eb0ce3606eb48,0xc02aaa39b223fe8d0a0e5c4f27ead9083c756cc2,8801658437850,4668487969465335852365,carried_forward,sync_log,25546121,0x365f91fba7983644a1c5a0cf64372c34d5d5ba92ea40c882427028716ab4a1e9,48,True
1,25546127,USDC_USDT,0x3041cbd36888becc7bbcbc0045e3b1f144466f5f,0xa0b86991c6218b36c1d19d4a2e9eb0ce3606eb48,0xdac17f958d2ee523a2206206994597c13d831ec7,1667749502875,1665779518140,carried_forward,sync_log,25546124,0xfaf9c3f3d852c50c03cf9992edf9cb96b8bcfebf5d4b418adea4dc6f63014331,313,True
1,25546127,USDT_WETH,0x0d4a11d5eeaac28ec3f61d100daf4d40471f1852,0xc02aaa39b223fe8d0a0e5c4f27ead9083c756cc2,0xdac17f958d2ee523a2206206994597c13d831ec7,3916030819040665657643,7388423827064,carried_forward,sync_log,25546119,0x4f3599f7b95b3fcc9efe45281d8e00dee813aa5ba24a71ba63a8d54e14f56021,1137,True
1,25546127,WETH_USDC,0xb4e16d0168e52d35cacd2c6185b44281ec28c9dc,0xa0b86991c6218b36c1d19d4a2e9eb0ce3606eb48,0xc02aaa39b223fe8d0a0e5c4f27ead9083c756cc2,8801658437850,4668487969465335852365,carried_forward,sync_log,25546121,0x365f91fba7983644a1c5a0cf64372c34d5d5ba92ea40c882427028716ab4a1e9,48,True
1,25546128,USDC_USDT,0x3041cbd36888becc7bbcbc0045e3b1f144466f5f,0xa0b86991c6218b36c1d19d4a2e9eb0ce3606eb48,0xdac17f958d2ee523a2206206994597c13d831ec7,1667749502875,1665779518140,carried_forward,sync_log,25546124,0xfaf9c3f3d852c50c03cf9992edf9cb96b8bcfebf5d4b418adea4dc6f63014331,313,True
1,25546128,USDT_WETH,0x0d4a11d5eeaac28ec3f61d100daf4d40471f1852,0xc02aaa39b223fe8d0a0e5c4f27ead9083c756cc2,0xdac17f958d2ee523a2206206994597c13d831ec7,3916030819040665657643,7388423827064,carried_forward,sync_log,25546119,0x4f3599f7b95b3fcc9efe45281d8e00dee813aa5ba24a71ba63a8d54e14f56021,1137,True
1,25546128,WETH_USDC,0xb4e16d0168e52d35cacd2c6185b44281ec28c9dc,0xa0b86991c6218b36c1d19d4a2e9eb0ce3606eb48,0xc02aaa39b223fe8d0a0e5c4f27ead9083c756cc2,8801658437850,4668487969465335852365,carried_forward,sync_log,25546121,0x365f91fba7983644a1c5a0cf64372c34d5d5ba92ea40c882427028716ab4a1e9,48,True
1,25546129,USDC_USDT,0x3041cbd36888becc7bbcbc0045e3b1f144466f5f,0xa0b86991c6218b36c1d19d4a2e9eb0ce3606eb48,0xdac17f958d2ee523a2206206994597c13d831ec7,1667749502875,1665779518140,carried_forward,sync_log,25546124,0xfaf9c3f3d852c50c03cf9992edf9cb96b8bcfebf5d4b418adea4dc6f63014331,313,True
1,25546129,USDT_WETH,0x0d4a11d5eeaac28ec3f61d100daf4d40471f1852,0xc02aaa39b223fe8d0a0e5c4f27ead9083c756cc2,0xdac17f958d2ee523a2206206994597c13d831ec7,3916030819040665657643,7388423827064,carried_forward,sync_log,25546119,0x4f3599f7b95b3fcc9efe45281d8e00dee813aa5ba24a71ba63a8d54e14f56021,1137,True
1,25546129,WETH_USDC,0xb4e16d0168e52d35cacd2c6185b44281ec28c9dc,0xa0b86991c6218b36c1d19d4a2e9eb0ce3606eb48,0xc02aaa39b223fe8d0a0e5c4f27ead9083c756cc2,8801658437850,4668487969465335852365,carried_forward,sync_log,25546121,0x365f91fba7983644a1c5a0cf64372c34d5d5ba92ea40c882427028716ab4a1e9,48,True
1,25546130,USDC_USDT,0x3041cbd36888becc7bbcbc0045e3b1f144466f5f,0xa0b86991c6218b36c1d19d4a2e9eb0ce3606eb48,0xdac17f958d2ee523a2206206994597c13d831ec7,1667749502875,1665779518140,carried_forward,sync_log,25546124,0xfaf9c3f3d852c50c03cf9992edf9cb96b8bcfebf5d4b418adea4dc6f63014331,313,True
1,25546130,USDT_WETH,0x0d4a11d5eeaac28ec3f61d100daf4d40471f1852,0xc02aaa39b223fe8d0a0e5c4f27ead9083c756cc2,0xdac17f958d2ee523a2206206994597c13d831ec7,3916030819040665657643,7388423827064,carried_forward,sync_log,25546119,0x4f3599f7b95b3fcc9efe45281d8e00dee813aa5ba24a71ba63a8d54e14f56021,1137,True
1,25546130,WETH_USDC,0xb4e16d0168e52d35cacd2c6185b44281ec28c9dc,0xa0b86991c6218b36c1d19d4a2e9eb0ce3606eb48,0xc02aaa39b223fe8d0a0e5c4f27ead9083c756cc2,8801658437850,4668487969465335852365,carried_forward,sync_log,25546121,0x365f91fba7983644a1c5a0cf64372c34d5d5ba92ea40c882427028716ab4a1e9,48,True
1,25546131,USDC_USDT,0x3041cbd36888becc7bbcbc0045e3b1f144466f5f,0xa0b86991c6218b36c1d19d4a2e9eb0ce3606eb48,0xdac17f958d2ee523a2206206994597c13d831ec7,1667749502875,1665779518140,carried_forward,sync_log,25546124,0xfaf9c3f3d852c50c03cf9992edf9cb96b8bcfebf5d4b418adea4dc6f63014331,313,True
1,25546131,USDT_WETH,0x0d4a11d5eeaac28ec3f61d100daf4d40471f1852,0xc02aaa39b223fe8d0a0e5c4f27ead9083c756cc2,0xdac17f958d2ee523a2206206994597c13d831ec7,3916030819040665657643,7388423827064,carried_forward,sync_log,25546119,0x4f3599f7b95b3fcc9efe45281d8e00dee813aa5ba24a71ba63a8d54e14f56021,1137,True
1,25546131,WETH_USDC,0xb4e16d0168e52d35cacd2c6185b44281ec28c9dc,0xa0b86991c6218b36c1d19d4a2e9eb0ce3606eb48,0xc02aaa39b223fe8d0a0e5c4f27ead9083c756cc2,8801658437850,4668487969465335852365,carried_forward,sync_log,25546121,0x365f91fba7983644a1c5a0cf64372c34d5d5ba92ea40c882427028716ab4a1e9,48,True
1,25546132,USDC_USDT,0x3041cbd36888becc7bbcbc0045e3b1f144466f5f,0xa0b86991c6218b36c1d19d4a2e9eb0ce3606eb48,0xdac17f958d2ee523a2206206994597c13d831ec7,1667749502875,1665779518140,carried_forward,sync_log,25546124,0xfaf9c3f3d852c50c03cf9992edf9cb96b8bcfebf5d4b418adea4dc6f63014331,313,True
1,25546132,USDT_WETH,0x0d4a11d5eeaac28ec3f61d100daf4d40471f1852,0xc02aaa39b223fe8d0a0e5c4f27ead9083c756cc2,0xdac17f958d2ee523a2206206994597c13d831ec7,3916030819040665657643,7388423827064,carried_forward,sync_log,25546119,0x4f3599f7b95b3fcc9efe45281d8e00dee813aa5ba24a71ba63a8d54e14f56021,1137,True
1,25546132,WETH_USDC,0xb4e16d0168e52d35cacd2c6185b44281ec28c9dc,0xa0b86991c6218b36c1d19d4a2e9eb0ce3606eb48,0xc02aaa39b223fe8d0a0e5c4f27ead9083c756cc2,8801658437850,4668487969465335852365,carried_forward,sync_log,25546121,0x365f91fba7983644a1c5a0cf64372c34d5d5ba92ea40c882427028716ab4a1e9,48,True
1,25546133,USDC_USDT,0x3041cbd36888becc7bbcbc0045e3b1f144466f5f,0xa0b86991c6218b36c1d19d4a2e9eb0ce3606eb48,0xdac17f958d2ee523a2206206994597c13d831ec7,1667749502875,1665779518140,carried_forward,sync_log,25546124,0xfaf9c3f3d852c50c03cf9992edf9cb96b8bcfebf5d4b418adea4dc6f63014331,313,True
1,25546133,USDT_WETH,0x0d4a11d5eeaac28ec3f61d100daf4d40471f1852,0xc02aaa39b223fe8d0a0e5c4f27ead9083c756cc2,0xdac17f958d2ee523a2206206994597c13d831ec7,3916030819040665657643,7388423827064,carried_forward,sync_log,25546119,0x4f3599f7b95b3fcc9efe45281d8e00dee813aa5ba24a71ba63a8d54e14f56021,1137,True
1,25546133,WETH_USDC,0xb4e16d0168e52d35cacd2c6185b44281ec28c9dc,0xa0b86991c6218b36c1d19d4a2e9eb0ce3606eb48,0xc02aaa39b223fe8d0a0e5c4f27ead9083c756cc2,8801658437850,4668487969465335852365,carried_forward,sync_log,25546121,0x365f91fba7983644a1c5a0cf64372c34d5d5ba92ea40c882427028716ab4a1e9,48,True
1,25546134,USDC_USDT,0x3041cbd36888becc7bbcbc0045e3b1f144466f5f,0xa0b86991c6218b36c1d19d4a2e9eb0ce3606eb48,0xdac17f958d2ee523a2206206994597c13d831ec7,1667749502875,1665779518140,carried_forward,sync_log,25546124,0xfaf9c3f3d852c50c03cf9992edf9cb96b8bcfebf5d4b418adea4dc6f63014331,313,True
1,25546134,USDT_WETH,0x0d4a11d5eeaac28ec3f61d100daf4d40471f1852,0xc02aaa39b223fe8d0a0e5c4f27ead9083c756cc2,0xdac17f958d2ee523a2206206994597c13d831ec7,3916030819040665657643,7388423827064,carried_forward,sync_log,25546119,0x4f3599f7b95b3fcc9efe45281d8e00dee813aa5ba24a71ba63a8d54e14f56021,1137,True
1,25546134,WETH_USDC,0xb4e16d0168e52d35cacd2c6185b44281ec28c9dc,0xa0b86991c6218b36c1d19d4a2e9eb0ce3606eb48,0xc02aaa39b223fe8d0a0e5c4f27ead9083c756cc2,8801658437850,4668487969465335852365,carried_forward,sync_log,25546121,0x365f91fba7983644a1c5a0cf64372c34d5d5ba92ea40c882427028716ab4a1e9,48,True
1,25546135,USDC_USDT,0x3041cbd36888becc7bbcbc0045e3b1f144466f5f,0xa0b86991c6218b36c1d19d4a2e9eb0ce3606eb48,0xdac17f958d2ee523a2206206994597c13d831ec7,1667749502875,1665779518140,carried_forward,sync_log,25546124,0xfaf9c3f3d852c50c03cf9992edf9cb96b8bcfebf5d4b418adea4dc6f63014331,313,True
1,25546135,USDT_WETH,0x0d4a11d5eeaac28ec3f61d100daf4d40471f1852,0xc02aaa39b223fe8d0a0e5c4f27ead9083c756cc2,0xdac17f958d2ee523a2206206994597c13d831ec7,3916030819040665657643,7388423827064,carried_forward,sync_log,25546119,0x4f3599f7b95b3fcc9efe45281d8e00dee813aa5ba24a71ba63a8d54e14f56021,1137,True
1,25546135,WETH_USDC,0xb4e16d0168e52d35cacd2c6185b44281ec28c9dc,0xa0b86991c6218b36c1d19d4a2e9eb0ce3606eb48,0xc02aaa39b223fe8d0a0e5c4f27ead9083c756cc2,8801658437850,4668487969465335852365,carried_forward,sync_log,25546121,0x365f91fba7983644a1c5a0cf64372c34d5d5ba92ea40c882427028716ab4a1e9,48,True
1,25546136,USDC_USDT,0x3041cbd36888becc7bbcbc0045e3b1f144466f5f,0xa0b86991c6218b36c1d19d4a2e9eb0ce3606eb48,0xdac17f958d2ee523a2206206994597c13d831ec7,1667749502875,1665779518140,carried_forward,sync_log,25546124,0xfaf9c3f3d852c50c03cf9992edf9cb96b8bcfebf5d4b418adea4dc6f63014331,313,True
1,25546136,USDT_WETH,0x0d4a11d5eeaac28ec3f61d100daf4d40471f1852,0xc02aaa39b223fe8d0a0e5c4f27ead9083c756cc2,0xdac17f958d2ee523a2206206994597c13d831ec7,3916030819040665657643,7388423827064,carried_forward,sync_log,25546119,0x4f3599f7b95b3fcc9efe45281d8e00dee813aa5ba24a71ba63a8d54e14f56021,1137,True
1,25546136,WETH_USDC,0xb4e16d0168e52d35cacd2c6185b44281ec28c9dc,0xa0b86991c6218b36c1d19d4a2e9eb0ce3606eb48,0xc02aaa39b223fe8d0a0e5c4f27ead9083c756cc2,8801659256955,4668487536307247987738,observed_sync,sync_log,25546136,0x26cc639ae1d799e3d1cbf688477db012618499fbc27fd771dbeebac8c069888c,644,True
1,25546137,USDC_USDT,0x3041cbd36888becc7bbcbc0045e3b1f144466f5f,0xa0b86991c6218b36c1d19d4a2e9eb0ce3606eb48,0xdac17f958d2ee523a2206206994597c13d831ec7,1667749502875,1665779518140,carried_forward,sync_log,25546124,0xfaf9c3f3d852c50c03cf9992edf9cb96b8bcfebf5d4b418adea4dc6f63014331,313,True
1,25546137,USDT_WETH,0x0d4a11d5eeaac28ec3f61d100daf4d40471f1852,0xc02aaa39b223fe8d0a0e5c4f27ead9083c756cc2,0xdac17f958d2ee523a2206206994597c13d831ec7,3916030819040665657643,7388423827064,carried_forward,sync_log,25546119,0x4f3599f7b95b3fcc9efe45281d8e00dee813aa5ba24a71ba63a8d54e14f56021,1137,True
1,25546137,WETH_USDC,0xb4e16d0168e52d35cacd2c6185b44281ec28c9dc,0xa0b86991c6218b36c1d19d4a2e9eb0ce3606eb48,0xc02aaa39b223fe8d0a0e5c4f27ead9083c756cc2,8801659256955,4668487536307247987738,carried_forward,sync_log,25546136,0x26cc639ae1d799e3d1cbf688477db012618499fbc27fd771dbeebac8c069888c,644,True
1,25546138,USDC_USDT,0x3041cbd36888becc7bbcbc0045e3b1f144466f5f,0xa0b86991c6218b36c1d19d4a2e9eb0ce3606eb48,0xdac17f958d2ee523a2206206994597c13d831ec7,1667749502875,1665779518140,carried_forward,sync_log,25546124,0xfaf9c3f3d852c50c03cf9992edf9cb96b8bcfebf5d4b418adea4dc6f63014331,313,True
1,25546138,USDT_WETH,0x0d4a11d5eeaac28ec3f61d100daf4d40471f1852,0xc02aaa39b223fe8d0a0e5c4f27ead9083c756cc2,0xdac17f958d2ee523a2206206994597c13d831ec7,3916030819040665657643,7388423827064,carried_forward,sync_log,25546119,0x4f3599f7b95b3fcc9efe45281d8e00dee813aa5ba24a71ba63a8d54e14f56021,1137,True
1,25546138,WETH_USDC,0xb4e16d0168e52d35cacd2c6185b44281ec28c9dc,0xa0b86991c6218b36c1d19d4a2e9eb0ce3606eb48,0xc02aaa39b223fe8d0a0e5c4f27ead9083c756cc2,8801659256955,4668487536307247987738,carried_forward,sync_log,25546136,0x26cc639ae1d799e3d1cbf688477db012618499fbc27fd771dbeebac8c069888c,644,True
1,25546139,USDC_USDT,0x3041cbd36888becc7bbcbc0045e3b1f144466f5f,0xa0b86991c6218b36c1d19d4a2e9eb0ce3606eb48,0xdac17f958d2ee523a2206206994597c13d831ec7,1667749502875,1665779518140,carried_forward,sync_log,25546124,0xfaf9c3f3d852c50c03cf9992edf9cb96b8bcfebf5d4b418adea4dc6f63014331,313,True
1,25546139,USDT_WETH,0x0d4a11d5eeaac28ec3f61d100daf4d40471f1852,0xc02aaa39b223fe8d0a0e5c4f27ead9083c756cc2,0xdac17f958d2ee523a2206206994597c13d831ec7,3916030819040665657643,7388423827064,carried_forward,sync_log,25546119,0x4f3599f7b95b3fcc9efe45281d8e00dee813aa5ba24a71ba63a8d54e14f56021,1137,True
1,25546139,WETH_USDC,0xb4e16d0168e52d35cacd2c6185b44281ec28c9dc,0xa0b86991c6218b36c1d19d4a2e9eb0ce3606eb48,0xc02aaa39b223fe8d0a0e5c4f27ead9083c756cc2,8801659256955,4668487536307247987738,carried_forward,sync_log,25546136,0x26cc639ae1d799e3d1cbf688477db012618499fbc27fd771dbeebac8c069888c,644,True
1,25546140,USDC_USDT,0x3041cbd36888becc7bbcbc0045e3b1f144466f5f,0xa0b86991c6218b36c1d19d4a2e9eb0ce3606eb48,0xdac17f958d2ee523a2206206994597c13d831ec7,1667726966892,1665802095540,observed_sync,sync_log,25546140,0x7642ec2bbe04947a07d975dbb729ffc8ae596620734a716d3e6a56c32193664c,182,True
1,25546140,USDT_WETH,0x0d4a11d5eeaac28ec3f61d100daf4d40471f1852,0xc02aaa39b223fe8d0a0e5c4f27ead9083c756cc2,0xdac17f958d2ee523a2206206994597c13d831ec7,3916030819040665657643,7388423827064,carried_forward,sync_log,25546119,0x4f3599f7b95b3fcc9efe45281d8e00dee813aa5ba24a71ba63a8d54e14f56021,1137,True
1,25546140,WETH_USDC,0xb4e16d0168e52d35cacd2c6185b44281ec28c9dc,0xa0b86991c6218b36c1d19d4a2e9eb0ce3606eb48,0xc02aaa39b223fe8d0a0e5c4f27ead9083c756cc2,8801659256955,4668487536307247987738,carried_forward,sync_log,25546136,0x26cc639ae1d799e3d1cbf688477db012618499fbc27fd771dbeebac8c069888c,644,True
1,25546141,USDC_USDT,0x3041cbd36888becc7bbcbc0045e3b1f144466f5f,0xa0b86991c6218b36c1d19d4a2e9eb0ce3606eb48,0xdac17f958d2ee523a2206206994597c13d831ec7,1667726966892,1665802095540,carried_forward,sync_log,25546140,0x7642ec2bbe04947a07d975dbb729ffc8ae596620734a716d3e6a56c32193664c,182,True
1,25546141,USDT_WETH,0x0d4a11d5eeaac28ec3f61d100daf4d40471f1852,0xc02aaa39b223fe8d0a0e5c4f27ead9083c756cc2,0xdac17f958d2ee523a2206206994597c13d831ec7,3916030819040665657643,7388423827064,carried_forward,sync_log,25546119,0x4f3599f7b95b3fcc9efe45281d8e00dee813aa5ba24a71ba63a8d54e14f56021,1137,True
1,25546141,WETH_USDC,0xb4e16d0168e52d35cacd2c6185b44281ec28c9dc,0xa0b86991c6218b36c1d19d4a2e9eb0ce3606eb48,0xc02aaa39b223fe8d0a0e5c4f27ead9083c756cc2,8801659256955,4668487536307247987738,carried_forward,sync_log,25546136,0x26cc639ae1d799e3d1cbf688477db012618499fbc27fd771dbeebac8c069888c,644,True
1,25546142,USDC_USDT,0x3041cbd36888becc7bbcbc0045e3b1f144466f5f,0xa0b86991c6218b36c1d19d4a2e9eb0ce3606eb48,0xdac17f958d2ee523a2206206994597c13d831ec7,1667701440143,1665827669940,observed_sync,sync_log,25546142,0x5077548fe8622ce43bf011be17c721881ecec3da8eb2166942b6fd4124e54263,131,True
1,25546142,USDT_WETH,0x0d4a11d5eeaac28ec3f61d100daf4d40471f1852,0xc02aaa39b223fe8d0a0e5c4f27ead9083c756cc2,0xdac17f958d2ee523a2206206994597c13d831ec7,3916030819040665657643,7388423827064,carried_forward,sync_log,25546119,0x4f3599f7b95b3fcc9efe45281d8e00dee813aa5ba24a71ba63a8d54e14f56021,1137,True
1,25546142,WETH_USDC,0xb4e16d0168e52d35cacd2c6185b44281ec28c9dc,0xa0b86991c6218b36c1d19d4a2e9eb0ce3606eb48,0xc02aaa39b223fe8d0a0e5c4f27ead9083c756cc2,8801659256955,4668487536307247987738,carried_forward,sync_log,25546136,0x26cc639ae1d799e3d1cbf688477db012618499fbc27fd771dbeebac8c069888c,644,True
1,25546143,USDC_USDT,0x3041cbd36888becc7bbcbc0045e3b1f144466f5f,0xa0b86991c6218b36c1d19d4a2e9eb0ce3606eb48,0xdac17f958d2ee523a2206206994597c13d831ec7,1667701440143,1665827669940,carried_forward,sync_log,25546142,0x5077548fe8622ce43bf011be17c721881ecec3da8eb2166942b6fd4124e54263,131,True
1,25546143,USDT_WETH,0x0d4a11d5eeaac28ec3f61d100daf4d40471f1852,0xc02aaa39b223fe8d0a0e5c4f27ead9083c756cc2,0xdac17f958d2ee523a2206206994597c13d831ec7,3916030819040665657643,7388423827064,carried_forward,sync_log,25546119,0x4f3599f7b95b3fcc9efe45281d8e00dee813aa5ba24a71ba63a8d54e14f56021,1137,True
1,25546143,WETH_USDC,0xb4e16d0168e52d35cacd2c6185b44281ec28c9dc,0xa0b86991c6218b36c1d19d4a2e9eb0ce3606eb48,0xc02aaa39b223fe8d0a0e5c4f27ead9083c756cc2,8801659256955,4668487536307247987738,carried_forward,sync_log,25546136,0x26cc639ae1d799e3d1cbf688477db012618499fbc27fd771dbeebac8c069888c,644,True
1,25546144,USDC_USDT,0x3041cbd36888becc7bbcbc0045e3b1f144466f5f,0xa0b86991c6218b36c1d19d4a2e9eb0ce3606eb48,0xdac17f958d2ee523a2206206994597c13d831ec7,1667701440143,1665827669940,carried_forward,sync_log,25546142,0x5077548fe8622ce43bf011be17c721881ecec3da8eb2166942b6fd4124e54263,131,True
1,25546144,USDT_WETH,0x0d4a11d5eeaac28ec3f61d100daf4d40471f1852,0xc02aaa39b223fe8d0a0e5c4f27ead9083c756cc2,0xdac17f958d2ee523a2206206994597c13d831ec7,3916030819040665657643,7388423827064,carried_forward,sync_log,25546119,0x4f3599f7b95b3fcc9efe45281d8e00dee813aa5ba24a71ba63a8d54e14f56021,1137,True
1,25546144,WETH_USDC,0xb4e16d0168e52d35cacd2c6185b44281ec28c9dc,0xa0b86991c6218b36c1d19d4a2e9eb0ce3606eb48,0xc02aaa39b223fe8d0a0e5c4f27ead9083c756cc2,8801659256955,4668487536307247987738,carried_forward,sync_log,25546136,0x26cc639ae1d799e3d1cbf688477db012618499fbc27fd771dbeebac8c069888c,644,True
1,25546145,USDC_USDT,0x3041cbd36888becc7bbcbc0045e3b1f144466f5f,0xa0b86991c6218b36c1d19d4a2e9eb0ce3606eb48,0xdac17f958d2ee523a2206206994597c13d831ec7,1667701440143,1665827669940,carried_forward,sync_log,25546142,0x5077548fe8622ce43bf011be17c721881ecec3da8eb2166942b6fd4124e54263,131,True
1,25546145,USDT_WETH,0x0d4a11d5eeaac28ec3f61d100daf4d40471f1852,0xc02aaa39b223fe8d0a0e5c4f27ead9083c756cc2,0xdac17f958d2ee523a2206206994597c13d831ec7,3916030819040665657643,7388423827064,carried_forward,sync_log,25546119,0x4f3599f7b95b3fcc9efe45281d8e00dee813aa5ba24a71ba63a8d54e14f56021,1137,True
1,25546145,WETH_USDC,0xb4e16d0168e52d35cacd2c6185b44281ec28c9dc,0xa0b86991c6218b36c1d19d4a2e9eb0ce3606eb48,0xc02aaa39b223fe8d0a0e5c4f27ead9083c756cc2,8801659256955,4668487536307247987738,carried_forward,sync_log,25546136,0x26cc639ae1d799e3d1cbf688477db012618499fbc27fd771dbeebac8c069888c,644,True
1,25546146,USDC_USDT,0x3041cbd36888becc7bbcbc0045e3b1f144466f5f,0xa0b86991c6218b36c1d19d4a2e9eb0ce3606eb48,0xdac17f958d2ee523a2206206994597c13d831ec7,1667701440143,1665827669940,carried_forward,sync_log,25546142,0x5077548fe8622ce43bf011be17c721881ecec3da8eb2166942b6fd4124e54263,131,True
1,25546146,USDT_WETH,0x0d4a11d5eeaac28ec3f61d100daf4d40471f1852,0xc02aaa39b223fe8d0a0e5c4f27ead9083c756cc2,0xdac17f958d2ee523a2206206994597c13d831ec7,3916030819040665657643,7388423827064,carried_forward,sync_log,25546119,0x4f3599f7b95b3fcc9efe45281d8e00dee813aa5ba24a71ba63a8d54e14f56021,1137,True
1,25546146,WETH_USDC,0xb4e16d0168e52d35cacd2c6185b44281ec28c9dc,0xa0b86991c6218b36c1d19d4a2e9eb0ce3606eb48,0xc02aaa39b223fe8d0a0e5c4f27ead9083c756cc2,8801659256955,4668487536307247987738,carried_forward,sync_log,25546136,0x26cc639ae1d799e3d1cbf688477db012618499fbc27fd771dbeebac8c069888c,644,True
1,25546147,USDC_USDT,0x3041cbd36888becc7bbcbc0045e3b1f144466f5f,0xa0b86991c6218b36c1d19d4a2e9eb0ce3606eb48,0xdac17f958d2ee523a2206206994597c13d831ec7,1667701440143,1665827669940,carried_forward,sync_log,25546142,0x5077548fe8622ce43bf011be17c721881ecec3da8eb2166942b6fd4124e54263,131,True
1,25546147,USDT_WETH,0x0d4a11d5eeaac28ec3f61d100daf4d40471f1852,0xc02aaa39b223fe8d0a0e5c4f27ead9083c756cc2,0xdac17f958d2ee523a2206206994597c13d831ec7,3916030819040665657643,7388423827064,carried_forward,sync_log,25546119,0x4f3599f7b95b3fcc9efe45281d8e00dee813aa5ba24a71ba63a8d54e14f56021,1137,True
1,25546147,WETH_USDC,0xb4e16d0168e52d35cacd2c6185b44281ec28c9dc,0xa0b86991c6218b36c1d19d4a2e9eb0ce3606eb48,0xc02aaa39b223fe8d0a0e5c4f27ead9083c756cc2,8801659256955,4668487536307247987738,carried_forward,sync_log,25546136,0x26cc639ae1d799e3d1cbf688477db012618499fbc27fd771dbeebac8c069888c,644,True
1,25546148,USDC_USDT,0x3041cbd36888becc7bbcbc0045e3b1f144466f5f,0xa0b86991c6218b36c1d19d4a2e9eb0ce3606eb48,0xdac17f958d2ee523a2206206994597c13d831ec7,1667701440143,1665827669940,carried_forward,sync_log,25546142,0x5077548fe8622ce43bf011be17c721881ecec3da8eb2166942b6fd4124e54263,131,True
1,25546148,USDT_WETH,0x0d4a11d5eeaac28ec3f61d100daf4d40471f1852,0xc02aaa39b223fe8d0a0e5c4f27ead9083c756cc2,0xdac17f958d2ee523a2206206994597c13d831ec7,3916030819040665657643,7388423827064,carried_forward,sync_log,25546119,0x4f3599f7b95b3fcc9efe45281d8e00dee813aa5ba24a71ba63a8d54e14f56021,1137,True
1,25546148,WETH_USDC,0xb4e16d0168e52d35cacd2c6185b44281ec28c9dc,0xa0b86991c6218b36c1d19d4a2e9eb0ce3606eb48,0xc02aaa39b223fe8d0a0e5c4f27ead9083c756cc2,8801659256955,4668487536307247987738,carried_forward,sync_log,25546136,0x26cc639ae1d799e3d1cbf688477db012618499fbc27fd771dbeebac8c069888c,644,True
1,25546149,USDC_USDT,0x3041cbd36888becc7bbcbc0045e3b1f144466f5f,0xa0b86991c6218b36c1d19d4a2e9eb0ce3606eb48,0xdac17f958d2ee523a2206206994597c13d831ec7,1667701440143,1665827669940,carried_forward,sync_log,25546142,0x5077548fe8622ce43bf011be17c721881ecec3da8eb2166942b6fd4124e54263,131,True
1,25546149,USDT_WETH,0x0d4a11d5eeaac28ec3f61d100daf4d40471f1852,0xc02aaa39b223fe8d0a0e5c4f27ead9083c756cc2,0xdac17f958d2ee523a2206206994597c13d831ec7,3916030819040665657643,7388423827064,carried_forward,sync_log,25546119,0x4f3599f7b95b3fcc9efe45281d8e00dee813aa5ba24a71ba63a8d54e14f56021,1137,True
1,25546149,WETH_USDC,0xb4e16d0168e52d35cacd2c6185b44281ec28c9dc,0xa0b86991c6218b36c1d19d4a2e9eb0ce3606eb48,0xc02aaa39b223fe8d0a0e5c4f27ead9083c756cc2,8801659256955,4668487536307247987738,carried_forward,sync_log,25546136,0x26cc639ae1d799e3d1cbf688477db012618499fbc27fd771dbeebac8c069888c,644,True
1,25546150,USDC_USDT,0x3041cbd36888becc7bbcbc0045e3b1f144466f5f,0xa0b86991c6218b36c1d19d4a2e9eb0ce3606eb48,0xdac17f958d2ee523a2206206994597c13d831ec7,1667701440143,1665827669940,carried_forward,sync_log,25546142,0x5077548fe8622ce43bf011be17c721881ecec3da8eb2166942b6fd4124e54263,131,True
1,25546150,USDT_WETH,0x0d4a11d5eeaac28ec3f61d100daf4d40471f1852,0xc02aaa39b223fe8d0a0e5c4f27ead9083c756cc2,0xdac17f958d2ee523a2206206994597c13d831ec7,3916030819040665657643,7388423827064,carried_forward,sync_log,25546119,0x4f3599f7b95b3fcc9efe45281d8e00dee813aa5ba24a71ba63a8d54e14f56021,1137,True
1,25546150,WETH_USDC,0xb4e16d0168e52d35cacd2c6185b44281ec28c9dc,0xa0b86991c6218b36c1d19d4a2e9eb0ce3606eb48,0xc02aaa39b223fe8d0a0e5c4f27ead9083c756cc2,8801659256955,4668487536307247987738,carried_forward,sync_log,25546136,0x26cc639ae1d799e3d1cbf688477db012618499fbc27fd771dbeebac8c069888c,644,True
1,25546151,USDC_USDT,0x3041cbd36888becc7bbcbc0045e3b1f144466f5f,0xa0b86991c6218b36c1d19d4a2e9eb0ce3606eb48,0xdac17f958d2ee523a2206206994597c13d831ec7,1667701440143,1665827669940,carried_forward,sync_log,25546142,0x5077548fe8622ce43bf011be17c721881ecec3da8eb2166942b6fd4124e54263,131,True
1,25546151,USDT_WETH,0x0d4a11d5eeaac28ec3f61d100daf4d40471f1852,0xc02aaa39b223fe8d0a0e5c4f27ead9083c756cc2,0xdac17f958d2ee523a2206206994597c13d831ec7,3916030819040665657643,7388423827064,carried_forward,sync_log,25546119,0x4f3599f7b95b3fcc9efe45281d8e00dee813aa5ba24a71ba63a8d54e14f56021,1137,True
1,25546151,WETH_USDC,0xb4e16d0168e52d35cacd2c6185b44281ec28c9dc,0xa0b86991c6218b36c1d19d4a2e9eb0ce3606eb48,0xc02aaa39b223fe8d0a0e5c4f27ead9083c756cc2,8801659256955,4668487536307247987738,carried_forward,sync_log,25546136,0x26cc639ae1d799e3d1cbf688477db012618499fbc27fd771dbeebac8c069888c,644,True
1,25546152,USDC_USDT,0x3041cbd36888becc7bbcbc0045e3b1f144466f5f,0xa0b86991c6218b36c1d19d4a2e9eb0ce3606eb48,0xdac17f958d2ee523a2206206994597c13d831ec7,1667701440143,1665827669940,carried_forward,sync_log,25546142,0x5077548fe8622ce43bf011be17c721881ecec3da8eb2166942b6fd4124e54263,131,True
1,25546152,USDT_WETH,0x0d4a11d5eeaac28ec3f61d100daf4d40471f1852,0xc02aaa39b223fe8d0a0e5c4f27ead9083c756cc2,0xdac17f958d2ee523a2206206994597c13d831ec7,3916030819040665657643,7388423827064,carried_forward,sync_log,25546119,0x4f3599f7b95b3fcc9efe45281d8e00dee813aa5ba24a71ba63a8d54e14f56021,1137,True
1,25546152,WETH_USDC,0xb4e16d0168e52d35cacd2c6185b44281ec28c9dc,0xa0b86991c6218b36c1d19d4a2e9eb0ce3606eb48,0xc02aaa39b223fe8d0a0e5c4f27ead9083c756cc2,8801659256955,4668487536307247987738,carried_forward,sync_log,25546136,0x26cc639ae1d799e3d1cbf688477db012618499fbc27fd771dbeebac8c069888c,644,True
1,25546153,USDC_USDT,0x3041cbd36888becc7bbcbc0045e3b1f144466f5f,0xa0b86991c6218b36c1d19d4a2e9eb0ce3606eb48,0xdac17f958d2ee523a2206206994597c13d831ec7,1667701440143,1665827669940,carried_forward,sync_log,25546142,0x5077548fe8622ce43bf011be17c721881ecec3da8eb2166942b6fd4124e54263,131,True
1,25546153,USDT_WETH,0x0d4a11d5eeaac28ec3f61d100daf4d40471f1852,0xc02aaa39b223fe8d0a0e5c4f27ead9083c756cc2,0xdac17f958d2ee523a2206206994597c13d831ec7,3916030819040665657643,7388423827064,carried_forward,sync_log,25546119,0x4f3599f7b95b3fcc9efe45281d8e00dee813aa5ba24a71ba63a8d54e14f56021,1137,True
1,25546153,WETH_USDC,0xb4e16d0168e52d35cacd2c6185b44281ec28c9dc,0xa0b86991c6218b36c1d19d4a2e9eb0ce3606eb48,0xc02aaa39b223fe8d0a0e5c4f27ead9083c756cc2,8801659256955,4668487536307247987738,carried_forward,sync_log,25546136,0x26cc639ae1d799e3d1cbf688477db012618499fbc27fd771dbeebac8c069888c,644,True
1,25546154,USDC_USDT,0x3041cbd36888becc7bbcbc0045e3b1f144466f5f,0xa0b86991c6218b36c1d19d4a2e9eb0ce3606eb48,0xdac17f958d2ee523a2206206994597c13d831ec7,1667701440143,1665827669940,carried_forward,sync_log,25546142,0x5077548fe8622ce43bf011be17c721881ecec3da8eb2166942b6fd4124e54263,131,True
1,25546154,USDT_WETH,0x0d4a11d5eeaac28ec3f61d100daf4d40471f1852,0xc02aaa39b223fe8d0a0e5c4f27ead9083c756cc2,0xdac17f958d2ee523a2206206994597c13d831ec7,3916056590938023323768,7388375349097,observed_sync,sync_log,25546154,0x679b329395633447c8caabbacea673111d68db72e4dd8d0d339a367929f1abcd,16,True
1,25546154,WETH_USDC,0xb4e16d0168e52d35cacd2c6185b44281ec28c9dc,0xa0b86991c6218b36c1d19d4a2e9eb0ce3606eb48,0xc02aaa39b223fe8d0a0e5c4f27ead9083c756cc2,8801659256955,4668487536307247987738,carried_forward,sync_log,25546136,0x26cc639ae1d799e3d1cbf688477db012618499fbc27fd771dbeebac8c069888c,644,True
1,25546155,USDC_USDT,0x3041cbd36888becc7bbcbc0045e3b1f144466f5f,0xa0b86991c6218b36c1d19d4a2e9eb0ce3606eb48,0xdac17f958d2ee523a2206206994597c13d831ec7,1667701440143,1665827669940,carried_forward,sync_log,25546142,0x5077548fe8622ce43bf011be17c721881ecec3da8eb2166942b6fd4124e54263,131,True
1,25546155,USDT_WETH,0x0d4a11d5eeaac28ec3f61d100daf4d40471f1852,0xc02aaa39b223fe8d0a0e5c4f27ead9083c756cc2,0xdac17f958d2ee523a2206206994597c13d831ec7,3916056590938023323768,7388375349097,carried_forward,sync_log,25546154,0x679b329395633447c8caabbacea673111d68db72e4dd8d0d339a367929f1abcd,16,True
1,25546155,WETH_USDC,0xb4e16d0168e52d35cacd2c6185b44281ec28c9dc,0xa0b86991c6218b36c1d19d4a2e9eb0ce3606eb48,0xc02aaa39b223fe8d0a0e5c4f27ead9083c756cc2,8801659256955,4668487536307247987738,carried_forward,sync_log,25546136,0x26cc639ae1d799e3d1cbf688477db012618499fbc27fd771dbeebac8c069888c,644,True
1,25546156,USDC_USDT,0x3041cbd36888becc7bbcbc0045e3b1f144466f5f,0xa0b86991c6218b36c1d19d4a2e9eb0ce3606eb48,0xdac17f958d2ee523a2206206994597c13d831ec7,1667701440143,1665827669940,carried_forward,sync_log,25546142,0x5077548fe8622ce43bf011be17c721881ecec3da8eb2166942b6fd4124e54263,131,True
1,25546156,USDT_WETH,0x0d4a11d5eeaac28ec3f61d100daf4d40471f1852,0xc02aaa39b223fe8d0a0e5c4f27ead9083c756cc2,0xdac17f958d2ee523a2206206994597c13d831ec7,3916056590938023323768,7388375349097,carried_forward,sync_log,25546154,0x679b329395633447c8caabbacea673111d68db72e4dd8d0d339a367929f1abcd,16,True
1,25546156,WETH_USDC,0xb4e16d0168e52d35cacd2c6185b44281ec28c9dc,0xa0b86991c6218b36c1d19d4a2e9eb0ce3606eb48,0xc02aaa39b223fe8d0a0e5c4f27ead9083c756cc2,8801659256955,4668487536307247987738,carried_forward,sync_log,25546136,0x26cc639ae1d799e3d1cbf688477db012618499fbc27fd771dbeebac8c069888c,644,True
1,25546157,USDC_USDT,0x3041cbd36888becc7bbcbc0045e3b1f144466f5f,0xa0b86991c6218b36c1d19d4a2e9eb0ce3606eb48,0xdac17f958d2ee523a2206206994597c13d831ec7,1667701440143,1665827669940,carried_forward,sync_log,25546142,0x5077548fe8622ce43bf011be17c721881ecec3da8eb2166942b6fd4124e54263,131,True
1,25546157,USDT_WETH,0x0d4a11d5eeaac28ec3f61d100daf4d40471f1852,0xc02aaa39b223fe8d0a0e5c4f27ead9083c756cc2,0xdac17f958d2ee523a2206206994597c13d831ec7,3916056590938023323768,7388375349097,carried_forward,sync_log,25546154,0x679b329395633447c8caabbacea673111d68db72e4dd8d0d339a367929f1abcd,16,True
1,25546157,WETH_USDC,0xb4e16d0168e52d35cacd2c6185b44281ec28c9dc,0xa0b86991c6218b36c1d19d4a2e9eb0ce3606eb48,0xc02aaa39b223fe8d0a0e5c4f27ead9083c756cc2,8801659256955,4668487536307247987738,carried_forward,sync_log,25546136,0x26cc639ae1d799e3d1cbf688477db012618499fbc27fd771dbeebac8c069888c,644,True
1,25546158,USDC_USDT,0x3041cbd36888becc7bbcbc0045e3b1f144466f5f,0xa0b86991c6218b36c1d19d4a2e9eb0ce3606eb48,0xdac17f958d2ee523a2206206994597c13d831ec7,1667675515340,1665853643940,observed_sync,sync_log,25546158,0xdd1f92678300a570dbfb8aa7189100ec22f5eadc2322e2c8a4f9996bd3f4d790,138,True
1,25546158,USDT_WETH,0x0d4a11d5eeaac28ec3f61d100daf4d40471f1852,0xc02aaa39b223fe8d0a0e5c4f27ead9083c756cc2,0xdac17f958d2ee523a2206206994597c13d831ec7,3916056590938023323768,7388375349097,carried_forward,sync_log,25546154,0x679b329395633447c8caabbacea673111d68db72e4dd8d0d339a367929f1abcd,16,True
1,25546158,WETH_USDC,0xb4e16d0168e52d35cacd2c6185b44281ec28c9dc,0xa0b86991c6218b36c1d19d4a2e9eb0ce3606eb48,0xc02aaa39b223fe8d0a0e5c4f27ead9083c756cc2,8801659256955,4668487536307247987738,carried_forward,sync_log,25546136,0x26cc639ae1d799e3d1cbf688477db012618499fbc27fd771dbeebac8c069888c,644,True
1,25546159,USDC_USDT,0x3041cbd36888becc7bbcbc0045e3b1f144466f5f,0xa0b86991c6218b36c1d19d4a2e9eb0ce3606eb48,0xdac17f958d2ee523a2206206994597c13d831ec7,1667675515340,1665853643940,carried_forward,sync_log,25546158,0xdd1f92678300a570dbfb8aa7189100ec22f5eadc2322e2c8a4f9996bd3f4d790,138,True
1,25546159,USDT_WETH,0x0d4a11d5eeaac28ec3f61d100daf4d40471f1852,0xc02aaa39b223fe8d0a0e5c4f27ead9083c756cc2,0xdac17f958d2ee523a2206206994597c13d831ec7,3916056590938023323768,7388375349097,carried_forward,sync_log,25546154,0x679b329395633447c8caabbacea673111d68db72e4dd8d0d339a367929f1abcd,16,True
1,25546159,WETH_USDC,0xb4e16d0168e52d35cacd2c6185b44281ec28c9dc,0xa0b86991c6218b36c1d19d4a2e9eb0ce3606eb48,0xc02aaa39b223fe8d0a0e5c4f27ead9083c756cc2,8801659256955,4668487536307247987738,carried_forward,sync_log,25546136,0x26cc639ae1d799e3d1cbf688477db012618499fbc27fd771dbeebac8c069888c,644,True
1,25546160,USDC_USDT,0x3041cbd36888becc7bbcbc0045e3b1f144466f5f,0xa0b86991c6218b36c1d19d4a2e9eb0ce3606eb48,0xdac17f958d2ee523a2206206994597c13d831ec7,1667675515340,1665853643940,carried_forward,sync_log,25546158,0xdd1f92678300a570dbfb8aa7189100ec22f5eadc2322e2c8a4f9996bd3f4d790,138,True
1,25546160,USDT_WETH,0x0d4a11d5eeaac28ec3f61d100daf4d40471f1852,0xc02aaa39b223fe8d0a0e5c4f27ead9083c756cc2,0xdac17f958d2ee523a2206206994597c13d831ec7,3916056590938023323768,7388375349097,carried_forward,sync_log,25546154,0x679b329395633447c8caabbacea673111d68db72e4dd8d0d339a367929f1abcd,16,True
1,25546160,WETH_USDC,0xb4e16d0168e52d35cacd2c6185b44281ec28c9dc,0xa0b86991c6218b36c1d19d4a2e9eb0ce3606eb48,0xc02aaa39b223fe8d0a0e5c4f27ead9083c756cc2,8801659256955,4668487536307247987738,carried_forward,sync_log,25546136,0x26cc639ae1d799e3d1cbf688477db012618499fbc27fd771dbeebac8c069888c,644,True
1,25546161,USDC_USDT,0x3041cbd36888becc7bbcbc0045e3b1f144466f5f,0xa0b86991c6218b36c1d19d4a2e9eb0ce3606eb48,0xdac17f958d2ee523a2206206994597c13d831ec7,1667675515340,1665853643940,carried_forward,sync_log,25546158,0xdd1f92678300a570dbfb8aa7189100ec22f5eadc2322e2c8a4f9996bd3f4d790,138,True
1,25546161,USDT_WETH,0x0d4a11d5eeaac28ec3f61d100daf4d40471f1852,0xc02aaa39b223fe8d0a0e5c4f27ead9083c756cc2,0xdac17f958d2ee523a2206206994597c13d831ec7,3916056590938023323768,7388375349097,carried_forward,sync_log,25546154,0x679b329395633447c8caabbacea673111d68db72e4dd8d0d339a367929f1abcd,16,True
1,25546161,WETH_USDC,0xb4e16d0168e52d35cacd2c6185b44281ec28c9dc,0xa0b86991c6218b36c1d19d4a2e9eb0ce3606eb48,0xc02aaa39b223fe8d0a0e5c4f27ead9083c756cc2,8801659256955,4668487536307247987738,carried_forward,sync_log,25546136,0x26cc639ae1d799e3d1cbf688477db012618499fbc27fd771dbeebac8c069888c,644,True
1,25546162,USDC_USDT,0x3041cbd36888becc7bbcbc0045e3b1f144466f5f,0xa0b86991c6218b36c1d19d4a2e9eb0ce3606eb48,0xdac17f958d2ee523a2206206994597c13d831ec7,1667675515340,1665853643940,carried_forward,sync_log,25546158,0xdd1f92678300a570dbfb8aa7189100ec22f5eadc2322e2c8a4f9996bd3f4d790,138,True
1,25546162,USDT_WETH,0x0d4a11d5eeaac28ec3f61d100daf4d40471f1852,0xc02aaa39b223fe8d0a0e5c4f27ead9083c756cc2,0xdac17f958d2ee523a2206206994597c13d831ec7,3916056590938023323768,7388375349097,carried_forward,sync_log,25546154,0x679b329395633447c8caabbacea673111d68db72e4dd8d0d339a367929f1abcd,16,True
1,25546162,WETH_USDC,0xb4e16d0168e52d35cacd2c6185b44281ec28c9dc,0xa0b86991c6218b36c1d19d4a2e9eb0ce3606eb48,0xc02aaa39b223fe8d0a0e5c4f27ead9083c756cc2,8801659256955,4668487536307247987738,carried_forward,sync_log,25546136,0x26cc639ae1d799e3d1cbf688477db012618499fbc27fd771dbeebac8c069888c,644,True
1,25546163,USDC_USDT,0x3041cbd36888becc7bbcbc0045e3b1f144466f5f,0xa0b86991c6218b36c1d19d4a2e9eb0ce3606eb48,0xdac17f958d2ee523a2206206994597c13d831ec7,1667675515340,1665853643940,carried_forward,sync_log,25546158,0xdd1f92678300a570dbfb8aa7189100ec22f5eadc2322e2c8a4f9996bd3f4d790,138,True
1,25546163,USDT_WETH,0x0d4a11d5eeaac28ec3f61d100daf4d40471f1852,0xc02aaa39b223fe8d0a0e5c4f27ead9083c756cc2,0xdac17f958d2ee523a2206206994597c13d831ec7,3916056590938023323768,7388375349097,carried_forward,sync_log,25546154,0x679b329395633447c8caabbacea673111d68db72e4dd8d0d339a367929f1abcd,16,True
1,25546163,WETH_USDC,0xb4e16d0168e52d35cacd2c6185b44281ec28c9dc,0xa0b86991c6218b36c1d19d4a2e9eb0ce3606eb48,0xc02aaa39b223fe8d0a0e5c4f27ead9083c756cc2,8801659256955,4668487536307247987738,carried_forward,sync_log,25546136,0x26cc639ae1d799e3d1cbf688477db012618499fbc27fd771dbeebac8c069888c,644,True
1,25546164,USDC_USDT,0x3041cbd36888becc7bbcbc0045e3b1f144466f5f,0xa0b86991c6218b36c1d19d4a2e9eb0ce3606eb48,0xdac17f958d2ee523a2206206994597c13d831ec7,1667675515340,1665853643940,carried_forward,sync_log,25546158,0xdd1f92678300a570dbfb8aa7189100ec22f5eadc2322e2c8a4f9996bd3f4d790,138,True
1,25546164,USDT_WETH,0x0d4a11d5eeaac28ec3f61d100daf4d40471f1852,0xc02aaa39b223fe8d0a0e5c4f27ead9083c756cc2,0xdac17f958d2ee523a2206206994597c13d831ec7,3916056590938023323768,7388375349097,carried_forward,sync_log,25546154,0x679b329395633447c8caabbacea673111d68db72e4dd8d0d339a367929f1abcd,16,True
1,25546164,WETH_USDC,0xb4e16d0168e52d35cacd2c6185b44281ec28c9dc,0xa0b86991c6218b36c1d19d4a2e9eb0ce3606eb48,0xc02aaa39b223fe8d0a0e5c4f27ead9083c756cc2,8801659256955,4668487536307247987738,carried_forward,sync_log,25546136,0x26cc639ae1d799e3d1cbf688477db012618499fbc27fd771dbeebac8c069888c,644,True
1,25546165,USDC_USDT,0x3041cbd36888becc7bbcbc0045e3b1f144466f5f,0xa0b86991c6218b36c1d19d4a2e9eb0ce3606eb48,0xdac17f958d2ee523a2206206994597c13d831ec7,1667675515340,1665853643940,carried_forward,sync_log,25546158,0xdd1f92678300a570dbfb8aa7189100ec22f5eadc2322e2c8a4f9996bd3f4d790,138,True
1,25546165,USDT_WETH,0x0d4a11d5eeaac28ec3f61d100daf4d40471f1852,0xc02aaa39b223fe8d0a0e5c4f27ead9083c756cc2,0xdac17f958d2ee523a2206206994597c13d831ec7,3916056590938023323768,7388375349097,carried_forward,sync_log,25546154,0x679b329395633447c8caabbacea673111d68db72e4dd8d0d339a367929f1abcd,16,True
1,25546165,WETH_USDC,0xb4e16d0168e52d35cacd2c6185b44281ec28c9dc,0xa0b86991c6218b36c1d19d4a2e9eb0ce3606eb48,0xc02aaa39b223fe8d0a0e5c4f27ead9083c756cc2,8801659256955,4668487536307247987738,carried_forward,sync_log,25546136,0x26cc639ae1d799e3d1cbf688477db012618499fbc27fd771dbeebac8c069888c,644,True
1,25546166,USDC_USDT,0x3041cbd36888becc7bbcbc0045e3b1f144466f5f,0xa0b86991c6218b36c1d19d4a2e9eb0ce3606eb48,0xdac17f958d2ee523a2206206994597c13d831ec7,1667675515340,1665853643940,carried_forward,sync_log,25546158,0xdd1f92678300a570dbfb8aa7189100ec22f5eadc2322e2c8a4f9996bd3f4d790,138,True
1,25546166,USDT_WETH,0x0d4a11d5eeaac28ec3f61d100daf4d40471f1852,0xc02aaa39b223fe8d0a0e5c4f27ead9083c756cc2,0xdac17f958d2ee523a2206206994597c13d831ec7,3916056590938023323768,7388375349097,carried_forward,sync_log,25546154,0x679b329395633447c8caabbacea673111d68db72e4dd8d0d339a367929f1abcd,16,True
1,25546166,WETH_USDC,0xb4e16d0168e52d35cacd2c6185b44281ec28c9dc,0xa0b86991c6218b36c1d19d4a2e9eb0ce3606eb48,0xc02aaa39b223fe8d0a0e5c4f27ead9083c756cc2,8801659256955,4668487536307247987738,carried_forward,sync_log,25546136,0x26cc639ae1d799e3d1cbf688477db012618499fbc27fd771dbeebac8c069888c,644,True
1,25546167,USDC_USDT,0x3041cbd36888becc7bbcbc0045e3b1f144466f5f,0xa0b86991c6218b36c1d19d4a2e9eb0ce3606eb48,0xdac17f958d2ee523a2206206994597c13d831ec7,1667675515340,1665853643940,carried_forward,sync_log,25546158,0xdd1f92678300a570dbfb8aa7189100ec22f5eadc2322e2c8a4f9996bd3f4d790,138,True
1,25546167,USDT_WETH,0x0d4a11d5eeaac28ec3f61d100daf4d40471f1852,0xc02aaa39b223fe8d0a0e5c4f27ead9083c756cc2,0xdac17f958d2ee523a2206206994597c13d831ec7,3916056590938023323768,7388375349097,carried_forward,sync_log,25546154,0x679b329395633447c8caabbacea673111d68db72e4dd8d0d339a367929f1abcd,16,True
1,25546167,WETH_USDC,0xb4e16d0168e52d35cacd2c6185b44281ec28c9dc,0xa0b86991c6218b36c1d19d4a2e9eb0ce3606eb48,0xc02aaa39b223fe8d0a0e5c4f27ead9083c756cc2,8801659256955,4668487536307247987738,carried_forward,sync_log,25546136,0x26cc639ae1d799e3d1cbf688477db012618499fbc27fd771dbeebac8c069888c,644,True
1,25546168,USDC_USDT,0x3041cbd36888becc7bbcbc0045e3b1f144466f5f,0xa0b86991c6218b36c1d19d4a2e9eb0ce3606eb48,0xdac17f958d2ee523a2206206994597c13d831ec7,1667675515340,1665853643940,carried_forward,sync_log,25546158,0xdd1f92678300a570dbfb8aa7189100ec22f5eadc2322e2c8a4f9996bd3f4d790,138,True
1,25546168,USDT_WETH,0x0d4a11d5eeaac28ec3f61d100daf4d40471f1852,0xc02aaa39b223fe8d0a0e5c4f27ead9083c756cc2,0xdac17f958d2ee523a2206206994597c13d831ec7,3916056590938023323768,7388375349097,carried_forward,sync_log,25546154,0x679b329395633447c8caabbacea673111d68db72e4dd8d0d339a367929f1abcd,16,True
1,25546168,WETH_USDC,0xb4e16d0168e52d35cacd2c6185b44281ec28c9dc,0xa0b86991c6218b36c1d19d4a2e9eb0ce3606eb48,0xc02aaa39b223fe8d0a0e5c4f27ead9083c756cc2,8801659256955,4668487536307247987738,carried_forward,sync_log,25546136,0x26cc639ae1d799e3d1cbf688477db012618499fbc27fd771dbeebac8c069888c,644,True
1,25546169,USDC_USDT,0x3041cbd36888becc7bbcbc0045e3b1f144466f5f,0xa0b86991c6218b36c1d19d4a2e9eb0ce3606eb48,0xdac17f958d2ee523a2206206994597c13d831ec7,1667675515340,1665853643940,carried_forward,sync_log,25546158,0xdd1f92678300a570dbfb8aa7189100ec22f5eadc2322e2c8a4f9996bd3f4d790,138,True
1,25546169,USDT_WETH,0x0d4a11d5eeaac28ec3f61d100daf4d40471f1852,0xc02aaa39b223fe8d0a0e5c4f27ead9083c756cc2,0xdac17f958d2ee523a2206206994597c13d831ec7,3916056590938023323768,7388375349097,carried_forward,sync_log,25546154,0x679b329395633447c8caabbacea673111d68db72e4dd8d0d339a367929f1abcd,16,True
1,25546169,WETH_USDC,0xb4e16d0168e52d35cacd2c6185b44281ec28c9dc,0xa0b86991c6218b36c1d19d4a2e9eb0ce3606eb48,0xc02aaa39b223fe8d0a0e5c4f27ead9083c756cc2,8801659256955,4668487536307247987738,carried_forward,sync_log,25546136,0x26cc639ae1d799e3d1cbf688477db012618499fbc27fd771dbeebac8c069888c,644,True
1,25546170,USDC_USDT,0x3041cbd36888becc7bbcbc0045e3b1f144466f5f,0xa0b86991c6218b36c1d19d4a2e9eb0ce3606eb48,0xdac17f958d2ee523a2206206994597c13d831ec7,1667675515340,1665853643940,carried_forward,sync_log,25546158,0xdd1f92678300a570dbfb8aa7189100ec22f5eadc2322e2c8a4f9996bd3f4d790,138,True
1,25546170,USDT_WETH,0x0d4a11d5eeaac28ec3f61d100daf4d40471f1852,0xc02aaa39b223fe8d0a0e5c4f27ead9083c756cc2,0xdac17f958d2ee523a2206206994597c13d831ec7,3916056590938023323768,7388375349097,carried_forward,sync_log,25546154,0x679b329395633447c8caabbacea673111d68db72e4dd8d0d339a367929f1abcd,16,True
1,25546170,WETH_USDC,0xb4e16d0168e52d35cacd2c6185b44281ec28c9dc,0xa0b86991c6218b36c1d19d4a2e9eb0ce3606eb48,0xc02aaa39b223fe8d0a0e5c4f27ead9083c756cc2,8801659256955,4668487536307247987738,carried_forward,sync_log,25546136,0x26cc639ae1d799e3d1cbf688477db012618499fbc27fd771dbeebac8c069888c,644,True
1,25546171,USDC_USDT,0x3041cbd36888becc7bbcbc0045e3b1f144466f5f,0xa0b86991c6218b36c1d19d4a2e9eb0ce3606eb48,0xdac17f958d2ee523a2206206994597c13d831ec7,1667675515340,1665853643940,carried_forward,sync_log,25546158,0xdd1f92678300a570dbfb8aa7189100ec22f5eadc2322e2c8a4f9996bd3f4d790,138,True
1,25546171,USDT_WETH,0x0d4a11d5eeaac28ec3f61d100daf4d40471f1852,0xc02aaa39b223fe8d0a0e5c4f27ead9083c756cc2,0xdac17f958d2ee523a2206206994597c13d831ec7,3916056590938023323768,7388375349097,carried_forward,sync_log,25546154,0x679b329395633447c8caabbacea673111d68db72e4dd8d0d339a367929f1abcd,16,True
1,25546171,WETH_USDC,0xb4e16d0168e52d35cacd2c6185b44281ec28c9dc,0xa0b86991c6218b36c1d19d4a2e9eb0ce3606eb48,0xc02aaa39b223fe8d0a0e5c4f27ead9083c756cc2,8801651665857,4668491574820489356933,observed_sync,sync_log,25546171,0xdc54527514da77d6eb56504c20da1981a9e2111fe4317bda4da445f013fc754e,683,True
1,25546172,USDC_USDT,0x3041cbd36888becc7bbcbc0045e3b1f144466f5f,0xa0b86991c6218b36c1d19d4a2e9eb0ce3606eb48,0xdac17f958d2ee523a2206206994597c13d831ec7,1667675515340,1665853643940,carried_forward,sync_log,25546158,0xdd1f92678300a570dbfb8aa7189100ec22f5eadc2322e2c8a4f9996bd3f4d790,138,True
1,25546172,USDT_WETH,0x0d4a11d5eeaac28ec3f61d100daf4d40471f1852,0xc02aaa39b223fe8d0a0e5c4f27ead9083c756cc2,0xdac17f958d2ee523a2206206994597c13d831ec7,3916056590938023323768,7388375349097,carried_forward,sync_log,25546154,0x679b329395633447c8caabbacea673111d68db72e4dd8d0d339a367929f1abcd,16,True
1,25546172,WETH_USDC,0xb4e16d0168e52d35cacd2c6185b44281ec28c9dc,0xa0b86991c6218b36c1d19d4a2e9eb0ce3606eb48,0xc02aaa39b223fe8d0a0e5c4f27ead9083c756cc2,8801651665857,4668491574820489356933,carried_forward,sync_log,25546171,0xdc54527514da77d6eb56504c20da1981a9e2111fe4317bda4da445f013fc754e,683,True
1,25546173,USDC_USDT,0x3041cbd36888becc7bbcbc0045e3b1f144466f5f,0xa0b86991c6218b36c1d19d4a2e9eb0ce3606eb48,0xdac17f958d2ee523a2206206994597c13d831ec7,1667675515340,1665853643940,carried_forward,sync_log,25546158,0xdd1f92678300a570dbfb8aa7189100ec22f5eadc2322e2c8a4f9996bd3f4d790,138,True
1,25546173,USDT_WETH,0x0d4a11d5eeaac28ec3f61d100daf4d40471f1852,0xc02aaa39b223fe8d0a0e5c4f27ead9083c756cc2,0xdac17f958d2ee523a2206206994597c13d831ec7,3916056590938023323768,7388375349097,carried_forward,sync_log,25546154,0x679b329395633447c8caabbacea673111d68db72e4dd8d0d339a367929f1abcd,16,True
1,25546173,WETH_USDC,0xb4e16d0168e52d35cacd2c6185b44281ec28c9dc,0xa0b86991c6218b36c1d19d4a2e9eb0ce3606eb48,0xc02aaa39b223fe8d0a0e5c4f27ead9083c756cc2,8801651665857,4668491574820489356933,carried_forward,sync_log,25546171,0xdc54527514da77d6eb56504c20da1981a9e2111fe4317bda4da445f013fc754e,683,True
1,25546174,USDC_USDT,0x3041cbd36888becc7bbcbc0045e3b1f144466f5f,0xa0b86991c6218b36c1d19d4a2e9eb0ce3606eb48,0xdac17f958d2ee523a2206206994597c13d831ec7,1667675515340,1665853643940,carried_forward,sync_log,25546158,0xdd1f92678300a570dbfb8aa7189100ec22f5eadc2322e2c8a4f9996bd3f4d790,138,True
1,25546174,USDT_WETH,0x0d4a11d5eeaac28ec3f61d100daf4d40471f1852,0xc02aaa39b223fe8d0a0e5c4f27ead9083c756cc2,0xdac17f958d2ee523a2206206994597c13d831ec7,3916056590938023323768,7388375349097,carried_forward,sync_log,25546154,0x679b329395633447c8caabbacea673111d68db72e4dd8d0d339a367929f1abcd,16,True
1,25546174,WETH_USDC,0xb4e16d0168e52d35cacd2c6185b44281ec28c9dc,0xa0b86991c6218b36c1d19d4a2e9eb0ce3606eb48,0xc02aaa39b223fe8d0a0e5c4f27ead9083c756cc2,8801636849935,4668499457006296565369,observed_sync,sync_log,25546174,0xfb507cedef59d7047dcbbb2217a01a88b16736f64b3f1a9899e82aecdf4ad098,109,True
1,25546175,USDC_USDT,0x3041cbd36888becc7bbcbc0045e3b1f144466f5f,0xa0b86991c6218b36c1d19d4a2e9eb0ce3606eb48,0xdac17f958d2ee523a2206206994597c13d831ec7,1667675515340,1665853643940,carried_forward,sync_log,25546158,0xdd1f92678300a570dbfb8aa7189100ec22f5eadc2322e2c8a4f9996bd3f4d790,138,True
1,25546175,USDT_WETH,0x0d4a11d5eeaac28ec3f61d100daf4d40471f1852,0xc02aaa39b223fe8d0a0e5c4f27ead9083c756cc2,0xdac17f958d2ee523a2206206994597c13d831ec7,3916056590938023323768,7388375349097,carried_forward,sync_log,25546154,0x679b329395633447c8caabbacea673111d68db72e4dd8d0d339a367929f1abcd,16,True
1,25546175,WETH_USDC,0xb4e16d0168e52d35cacd2c6185b44281ec28c9dc,0xa0b86991c6218b36c1d19d4a2e9eb0ce3606eb48,0xc02aaa39b223fe8d0a0e5c4f27ead9083c756cc2,8801636849935,4668499457006296565369,carried_forward,sync_log,25546174,0xfb507cedef59d7047dcbbb2217a01a88b16736f64b3f1a9899e82aecdf4ad098,109,True
1,25546176,USDC_USDT,0x3041cbd36888becc7bbcbc0045e3b1f144466f5f,0xa0b86991c6218b36c1d19d4a2e9eb0ce3606eb48,0xdac17f958d2ee523a2206206994597c13d831ec7,1667675515340,1665853643940,carried_forward,sync_log,25546158,0xdd1f92678300a570dbfb8aa7189100ec22f5eadc2322e2c8a4f9996bd3f4d790,138,True
1,25546176,USDT_WETH,0x0d4a11d5eeaac28ec3f61d100daf4d40471f1852,0xc02aaa39b223fe8d0a0e5c4f27ead9083c756cc2,0xdac17f958d2ee523a2206206994597c13d831ec7,3916056590938023323768,7388375349097,carried_forward,sync_log,25546154,0x679b329395633447c8caabbacea673111d68db72e4dd8d0d339a367929f1abcd,16,True
1,25546176,WETH_USDC,0xb4e16d0168e52d35cacd2c6185b44281ec28c9dc,0xa0b86991c6218b36c1d19d4a2e9eb0ce3606eb48,0xc02aaa39b223fe8d0a0e5c4f27ead9083c756cc2,8801636849935,4668499457006296565369,carried_forward,sync_log,25546174,0xfb507cedef59d7047dcbbb2217a01a88b16736f64b3f1a9899e82aecdf4ad098,109,True
1,25546177,USDC_USDT,0x3041cbd36888becc7bbcbc0045e3b1f144466f5f,0xa0b86991c6218b36c1d19d4a2e9eb0ce3606eb48,0xdac17f958d2ee523a2206206994597c13d831ec7,1667675515340,1665853643940,carried_forward,sync_log,25546158,0xdd1f92678300a570dbfb8aa7189100ec22f5eadc2322e2c8a4f9996bd3f4d790,138,True
1,25546177,USDT_WETH,0x0d4a11d5eeaac28ec3f61d100daf4d40471f1852,0xc02aaa39b223fe8d0a0e5c4f27ead9083c756cc2,0xdac17f958d2ee523a2206206994597c13d831ec7,3916056590938023323768,7388375349097,carried_forward,sync_log,25546154,0x679b329395633447c8caabbacea673111d68db72e4dd8d0d339a367929f1abcd,16,True
1,25546177,WETH_USDC,0xb4e16d0168e52d35cacd2c6185b44281ec28c9dc,0xa0b86991c6218b36c1d19d4a2e9eb0ce3606eb48,0xc02aaa39b223fe8d0a0e5c4f27ead9083c756cc2,8801277149911,4668691155943046719971,observed_sync,sync_log,25546177,0x9ae84a9479caaf8c3e24cc630b9c76bdad82e49b7c002edb7bdf94ba2aa42c67,553,True
1,25546178,USDC_USDT,0x3041cbd36888becc7bbcbc0045e3b1f144466f5f,0xa0b86991c6218b36c1d19d4a2e9eb0ce3606eb48,0xdac17f958d2ee523a2206206994597c13d831ec7,1667675515340,1665853643940,carried_forward,sync_log,25546158,0xdd1f92678300a570dbfb8aa7189100ec22f5eadc2322e2c8a4f9996bd3f4d790,138,True
1,25546178,USDT_WETH,0x0d4a11d5eeaac28ec3f61d100daf4d40471f1852,0xc02aaa39b223fe8d0a0e5c4f27ead9083c756cc2,0xdac17f958d2ee523a2206206994597c13d831ec7,3916056590938023323768,7388375349097,carried_forward,sync_log,25546154,0x679b329395633447c8caabbacea673111d68db72e4dd8d0d339a367929f1abcd,16,True
1,25546178,WETH_USDC,0xb4e16d0168e52d35cacd2c6185b44281ec28c9dc,0xa0b86991c6218b36c1d19d4a2e9eb0ce3606eb48,0xc02aaa39b223fe8d0a0e5c4f27ead9083c756cc2,8801277149911,4668691155943046719971,carried_forward,sync_log,25546177,0x9ae84a9479caaf8c3e24cc630b9c76bdad82e49b7c002edb7bdf94ba2aa42c67,553,True
1,25546179,USDC_USDT,0x3041cbd36888becc7bbcbc0045e3b1f144466f5f,0xa0b86991c6218b36c1d19d4a2e9eb0ce3606eb48,0xdac17f958d2ee523a2206206994597c13d831ec7,1667675515340,1665853643940,carried_forward,sync_log,25546158,0xdd1f92678300a570dbfb8aa7189100ec22f5eadc2322e2c8a4f9996bd3f4d790,138,True
1,25546179,USDT_WETH,0x0d4a11d5eeaac28ec3f61d100daf4d40471f1852,0xc02aaa39b223fe8d0a0e5c4f27ead9083c756cc2,0xdac17f958d2ee523a2206206994597c13d831ec7,3916056590938023323768,7388375349097,carried_forward,sync_log,25546154,0x679b329395633447c8caabbacea673111d68db72e4dd8d0d339a367929f1abcd,16,True
1,25546179,WETH_USDC,0xb4e16d0168e52d35cacd2c6185b44281ec28c9dc,0xa0b86991c6218b36c1d19d4a2e9eb0ce3606eb48,0xc02aaa39b223fe8d0a0e5c4f27ead9083c756cc2,8801274966772,4668692321000257929490,observed_sync,sync_log,25546179,0xf2606c6622fef3d9c8bd026ccd334626d6a3ab658f2b2da1489f7b28c47e0160,162,True
1,25546180,USDC_USDT,0x3041cbd36888becc7bbcbc0045e3b1f144466f5f,0xa0b86991c6218b36c1d19d4a2e9eb0ce3606eb48,0xdac17f958d2ee523a2206206994597c13d831ec7,1667675515340,1665853643940,carried_forward,sync_log,25546158,0xdd1f92678300a570dbfb8aa7189100ec22f5eadc2322e2c8a4f9996bd3f4d790,138,True
1,25546180,USDT_WETH,0x0d4a11d5eeaac28ec3f61d100daf4d40471f1852,0xc02aaa39b223fe8d0a0e5c4f27ead9083c756cc2,0xdac17f958d2ee523a2206206994597c13d831ec7,3916056590938023323768,7388375349097,carried_forward,sync_log,25546154,0x679b329395633447c8caabbacea673111d68db72e4dd8d0d339a367929f1abcd,16,True
1,25546180,WETH_USDC,0xb4e16d0168e52d35cacd2c6185b44281ec28c9dc,0xa0b86991c6218b36c1d19d4a2e9eb0ce3606eb48,0xc02aaa39b223fe8d0a0e5c4f27ead9083c756cc2,8801274966772,4668692321000257929490,carried_forward,sync_log,25546179,0xf2606c6622fef3d9c8bd026ccd334626d6a3ab658f2b2da1489f7b28c47e0160,162,True
1,25546181,USDC_USDT,0x3041cbd36888becc7bbcbc0045e3b1f144466f5f,0xa0b86991c6218b36c1d19d4a2e9eb0ce3606eb48,0xdac17f958d2ee523a2206206994597c13d831ec7,1667675515340,1665853643940,carried_forward,sync_log,25546158,0xdd1f92678300a570dbfb8aa7189100ec22f5eadc2322e2c8a4f9996bd3f4d790,138,True
1,25546181,USDT_WETH,0x0d4a11d5eeaac28ec3f61d100daf4d40471f1852,0xc02aaa39b223fe8d0a0e5c4f27ead9083c756cc2,0xdac17f958d2ee523a2206206994597c13d831ec7,3916056590938023323768,7388375349097,carried_forward,sync_log,25546154,0x679b329395633447c8caabbacea673111d68db72e4dd8d0d339a367929f1abcd,16,True
1,25546181,WETH_USDC,0xb4e16d0168e52d35cacd2c6185b44281ec28c9dc,0xa0b86991c6218b36c1d19d4a2e9eb0ce3606eb48,0xc02aaa39b223fe8d0a0e5c4f27ead9083c756cc2,8801274966772,4668692321000257929490,carried_forward,sync_log,25546179,0xf2606c6622fef3d9c8bd026ccd334626d6a3ab658f2b2da1489f7b28c47e0160,162,True
1,25546182,USDC_USDT,0x3041cbd36888becc7bbcbc0045e3b1f144466f5f,0xa0b86991c6218b36c1d19d4a2e9eb0ce3606eb48,0xdac17f958d2ee523a2206206994597c13d831ec7,1667675515340,1665853643940,carried_forward,sync_log,25546158,0xdd1f92678300a570dbfb8aa7189100ec22f5eadc2322e2c8a4f9996bd3f4d790,138,True
1,25546182,USDT_WETH,0x0d4a11d5eeaac28ec3f61d100daf4d40471f1852,0xc02aaa39b223fe8d0a0e5c4f27ead9083c756cc2,0xdac17f958d2ee523a2206206994597c13d831ec7,3916056590938023323768,7388375349097,carried_forward,sync_log,25546154,0x679b329395633447c8caabbacea673111d68db72e4dd8d0d339a367929f1abcd,16,True
1,25546182,WETH_USDC,0xb4e16d0168e52d35cacd2c6185b44281ec28c9dc,0xa0b86991c6218b36c1d19d4a2e9eb0ce3606eb48,0xc02aaa39b223fe8d0a0e5c4f27ead9083c756cc2,8801274966772,4668692321000257929490,carried_forward,sync_log,25546179,0xf2606c6622fef3d9c8bd026ccd334626d6a3ab658f2b2da1489f7b28c47e0160,162,True
1,25546183,USDC_USDT,0x3041cbd36888becc7bbcbc0045e3b1f144466f5f,0xa0b86991c6218b36c1d19d4a2e9eb0ce3606eb48,0xdac17f958d2ee523a2206206994597c13d831ec7,1667675515340,1665853643940,carried_forward,sync_log,25546158,0xdd1f92678300a570dbfb8aa7189100ec22f5eadc2322e2c8a4f9996bd3f4d790,138,True
1,25546183,USDT_WETH,0x0d4a11d5eeaac28ec3f61d100daf4d40471f1852,0xc02aaa39b223fe8d0a0e5c4f27ead9083c756cc2,0xdac17f958d2ee523a2206206994597c13d831ec7,3916056590938023323768,7388375349097,carried_forward,sync_log,25546154,0x679b329395633447c8caabbacea673111d68db72e4dd8d0d339a367929f1abcd,16,True
1,25546183,WETH_USDC,0xb4e16d0168e52d35cacd2c6185b44281ec28c9dc,0xa0b86991c6218b36c1d19d4a2e9eb0ce3606eb48,0xc02aaa39b223fe8d0a0e5c4f27ead9083c756cc2,8801274966772,4668692321000257929490,carried_forward,sync_log,25546179,0xf2606c6622fef3d9c8bd026ccd334626d6a3ab658f2b2da1489f7b28c47e0160,162,True
1,25546184,USDC_USDT,0x3041cbd36888becc7bbcbc0045e3b1f144466f5f,0xa0b86991c6218b36c1d19d4a2e9eb0ce3606eb48,0xdac17f958d2ee523a2206206994597c13d831ec7,1667675515340,1665853643940,carried_forward,sync_log,25546158,0xdd1f92678300a570dbfb8aa7189100ec22f5eadc2322e2c8a4f9996bd3f4d790,138,True
1,25546184,USDT_WETH,0x0d4a11d5eeaac28ec3f61d100daf4d40471f1852,0xc02aaa39b223fe8d0a0e5c4f27ead9083c756cc2,0xdac17f958d2ee523a2206206994597c13d831ec7,3916056590938023323768,7388375349097,carried_forward,sync_log,25546154,0x679b329395633447c8caabbacea673111d68db72e4dd8d0d339a367929f1abcd,16,True
1,25546184,WETH_USDC,0xb4e16d0168e52d35cacd2c6185b44281ec28c9dc,0xa0b86991c6218b36c1d19d4a2e9eb0ce3606eb48,0xc02aaa39b223fe8d0a0e5c4f27ead9083c756cc2,8801274966772,4668692321000257929490,carried_forward,sync_log,25546179,0xf2606c6622fef3d9c8bd026ccd334626d6a3ab658f2b2da1489f7b28c47e0160,162,True
1,25546185,USDC_USDT,0x3041cbd36888becc7bbcbc0045e3b1f144466f5f,0xa0b86991c6218b36c1d19d4a2e9eb0ce3606eb48,0xdac17f958d2ee523a2206206994597c13d831ec7,1667675515340,1665853643940,carried_forward,sync_log,25546158,0xdd1f92678300a570dbfb8aa7189100ec22f5eadc2322e2c8a4f9996bd3f4d790,138,True
1,25546185,USDT_WETH,0x0d4a11d5eeaac28ec3f61d100daf4d40471f1852,0xc02aaa39b223fe8d0a0e5c4f27ead9083c756cc2,0xdac17f958d2ee523a2206206994597c13d831ec7,3916056590938023323768,7388375349097,carried_forward,sync_log,25546154,0x679b329395633447c8caabbacea673111d68db72e4dd8d0d339a367929f1abcd,16,True
1,25546185,WETH_USDC,0xb4e16d0168e52d35cacd2c6185b44281ec28c9dc,0xa0b86991c6218b36c1d19d4a2e9eb0ce3606eb48,0xc02aaa39b223fe8d0a0e5c4f27ead9083c756cc2,8801274966772,4668692321000257929490,carried_forward,sync_log,25546179,0xf2606c6622fef3d9c8bd026ccd334626d6a3ab658f2b2da1489f7b28c47e0160,162,True
1,25546186,USDC_USDT,0x3041cbd36888becc7bbcbc0045e3b1f144466f5f,0xa0b86991c6218b36c1d19d4a2e9eb0ce3606eb48,0xdac17f958d2ee523a2206206994597c13d831ec7,1667675515340,1665853643940,carried_forward,sync_log,25546158,0xdd1f92678300a570dbfb8aa7189100ec22f5eadc2322e2c8a4f9996bd3f4d790,138,True
1,25546186,USDT_WETH,0x0d4a11d5eeaac28ec3f61d100daf4d40471f1852,0xc02aaa39b223fe8d0a0e5c4f27ead9083c756cc2,0xdac17f958d2ee523a2206206994597c13d831ec7,3916056590938023323768,7388375349097,carried_forward,sync_log,25546154,0x679b329395633447c8caabbacea673111d68db72e4dd8d0d339a367929f1abcd,16,True
1,25546186,WETH_USDC,0xb4e16d0168e52d35cacd2c6185b44281ec28c9dc,0xa0b86991c6218b36c1d19d4a2e9eb0ce3606eb48,0xc02aaa39b223fe8d0a0e5c4f27ead9083c756cc2,8801274966772,4668692321000257929490,carried_forward,sync_log,25546179,0xf2606c6622fef3d9c8bd026ccd334626d6a3ab658f2b2da1489f7b28c47e0160,162,True
1,25546187,USDC_USDT,0x3041cbd36888becc7bbcbc0045e3b1f144466f5f,0xa0b86991c6218b36c1d19d4a2e9eb0ce3606eb48,0xdac17f958d2ee523a2206206994597c13d831ec7,1667675515340,1665853643940,carried_forward,sync_log,25546158,0xdd1f92678300a570dbfb8aa7189100ec22f5eadc2322e2c8a4f9996bd3f4d790,138,True
1,25546187,USDT_WETH,0x0d4a11d5eeaac28ec3f61d100daf4d40471f1852,0xc02aaa39b223fe8d0a0e5c4f27ead9083c756cc2,0xdac17f958d2ee523a2206206994597c13d831ec7,3916056590938023323768,7388375349097,carried_forward,sync_log,25546154,0x679b329395633447c8caabbacea673111d68db72e4dd8d0d339a367929f1abcd,16,True
1,25546187,WETH_USDC,0xb4e16d0168e52d35cacd2c6185b44281ec28c9dc,0xa0b86991c6218b36c1d19d4a2e9eb0ce3606eb48,0xc02aaa39b223fe8d0a0e5c4f27ead9083c756cc2,8801274966772,4668692321000257929490,carried_forward,sync_log,25546179,0xf2606c6622fef3d9c8bd026ccd334626d6a3ab658f2b2da1489f7b28c47e0160,162,True
1,25546188,USDC_USDT,0x3041cbd36888becc7bbcbc0045e3b1f144466f5f,0xa0b86991c6218b36c1d19d4a2e9eb0ce3606eb48,0xdac17f958d2ee523a2206206994597c13d831ec7,1667673506153,1665855656974,observed_sync,sync_log,25546188,0xfedb472171aad76375efb6b7096beda453f5062241a301cbf831b2f2356c5367,216,True
1,25546188,USDT_WETH,0x0d4a11d5eeaac28ec3f61d100daf4d40471f1852,0xc02aaa39b223fe8d0a0e5c4f27ead9083c756cc2,0xdac17f958d2ee523a2206206994597c13d831ec7,3916056590938023323768,7388375349097,carried_forward,sync_log,25546154,0x679b329395633447c8caabbacea673111d68db72e4dd8d0d339a367929f1abcd,16,True
1,25546188,WETH_USDC,0xb4e16d0168e52d35cacd2c6185b44281ec28c9dc,0xa0b86991c6218b36c1d19d4a2e9eb0ce3606eb48,0xc02aaa39b223fe8d0a0e5c4f27ead9083c756cc2,8801274966772,4668692321000257929490,carried_forward,sync_log,25546179,0xf2606c6622fef3d9c8bd026ccd334626d6a3ab658f2b2da1489f7b28c47e0160,162,True
1,25546189,USDC_USDT,0x3041cbd36888becc7bbcbc0045e3b1f144466f5f,0xa0b86991c6218b36c1d19d4a2e9eb0ce3606eb48,0xdac17f958d2ee523a2206206994597c13d831ec7,1667673506153,1665855656974,carried_forward,sync_log,25546188,0xfedb472171aad76375efb6b7096beda453f5062241a301cbf831b2f2356c5367,216,True
1,25546189,USDT_WETH,0x0d4a11d5eeaac28ec3f61d100daf4d40471f1852,0xc02aaa39b223fe8d0a0e5c4f27ead9083c756cc2,0xdac17f958d2ee523a2206206994597c13d831ec7,3916056590938023323768,7388375349097,carried_forward,sync_log,25546154,0x679b329395633447c8caabbacea673111d68db72e4dd8d0d339a367929f1abcd,16,True
1,25546189,WETH_USDC,0xb4e16d0168e52d35cacd2c6185b44281ec28c9dc,0xa0b86991c6218b36c1d19d4a2e9eb0ce3606eb48,0xc02aaa39b223fe8d0a0e5c4f27ead9083c756cc2,8801274966772,4668692321000257929490,carried_forward,sync_log,25546179,0xf2606c6622fef3d9c8bd026ccd334626d6a3ab658f2b2da1489f7b28c47e0160,162,True
1,25546190,USDC_USDT,0x3041cbd36888becc7bbcbc0045e3b1f144466f5f,0xa0b86991c6218b36c1d19d4a2e9eb0ce3606eb48,0xdac17f958d2ee523a2206206994597c13d831ec7,1667673506153,1665855656974,carried_forward,sync_log,25546188,0xfedb472171aad76375efb6b7096beda453f5062241a301cbf831b2f2356c5367,216,True
1,25546190,USDT_WETH,0x0d4a11d5eeaac28ec3f61d100daf4d40471f1852,0xc02aaa39b223fe8d0a0e5c4f27ead9083c756cc2,0xdac17f958d2ee523a2206206994597c13d831ec7,3916056590938023323768,7388375349097,carried_forward,sync_log,25546154,0x679b329395633447c8caabbacea673111d68db72e4dd8d0d339a367929f1abcd,16,True
1,25546190,WETH_USDC,0xb4e16d0168e52d35cacd2c6185b44281ec28c9dc,0xa0b86991c6218b36c1d19d4a2e9eb0ce3606eb48,0xc02aaa39b223fe8d0a0e5c4f27ead9083c756cc2,8801274966772,4668692321000257929490,carried_forward,sync_log,25546179,0xf2606c6622fef3d9c8bd026ccd334626d6a3ab658f2b2da1489f7b28c47e0160,162,True
1,25546191,USDC_USDT,0x3041cbd36888becc7bbcbc0045e3b1f144466f5f,0xa0b86991c6218b36c1d19d4a2e9eb0ce3606eb48,0xdac17f958d2ee523a2206206994597c13d831ec7,1667673506153,1665855656974,carried_forward,sync_log,25546188,0xfedb472171aad76375efb6b7096beda453f5062241a301cbf831b2f2356c5367,216,True
1,25546191,USDT_WETH,0x0d4a11d5eeaac28ec3f61d100daf4d40471f1852,0xc02aaa39b223fe8d0a0e5c4f27ead9083c756cc2,0xdac17f958d2ee523a2206206994597c13d831ec7,3916056590938023323768,7388375349097,carried_forward,sync_log,25546154,0x679b329395633447c8caabbacea673111d68db72e4dd8d0d339a367929f1abcd,16,True
1,25546191,WETH_USDC,0xb4e16d0168e52d35cacd2c6185b44281ec28c9dc,0xa0b86991c6218b36c1d19d4a2e9eb0ce3606eb48,0xc02aaa39b223fe8d0a0e5c4f27ead9083c756cc2,8801274966772,4668692321000257929490,carried_forward,sync_log,25546179,0xf2606c6622fef3d9c8bd026ccd334626d6a3ab658f2b2da1489f7b28c47e0160,162,True
1,25546192,USDC_USDT,0x3041cbd36888becc7bbcbc0045e3b1f144466f5f,0xa0b86991c6218b36c1d19d4a2e9eb0ce3606eb48,0xdac17f958d2ee523a2206206994597c13d831ec7,1667673506153,1665855656974,carried_forward,sync_log,25546188,0xfedb472171aad76375efb6b7096beda453f5062241a301cbf831b2f2356c5367,216,True
1,25546192,USDT_WETH,0x0d4a11d5eeaac28ec3f61d100daf4d40471f1852,0xc02aaa39b223fe8d0a0e5c4f27ead9083c756cc2,0xdac17f958d2ee523a2206206994597c13d831ec7,3916056590938023323768,7388375349097,carried_forward,sync_log,25546154,0x679b329395633447c8caabbacea673111d68db72e4dd8d0d339a367929f1abcd,16,True
1,25546192,WETH_USDC,0xb4e16d0168e52d35cacd2c6185b44281ec28c9dc,0xa0b86991c6218b36c1d19d4a2e9eb0ce3606eb48,0xc02aaa39b223fe8d0a0e5c4f27ead9083c756cc2,8801274966772,4668692321000257929490,carried_forward,sync_log,25546179,0xf2606c6622fef3d9c8bd026ccd334626d6a3ab658f2b2da1489f7b28c47e0160,162,True
1,25546193,USDC_USDT,0x3041cbd36888becc7bbcbc0045e3b1f144466f5f,0xa0b86991c6218b36c1d19d4a2e9eb0ce3606eb48,0xdac17f958d2ee523a2206206994597c13d831ec7,1667673506153,1665855656974,carried_forward,sync_log,25546188,0xfedb472171aad76375efb6b7096beda453f5062241a301cbf831b2f2356c5367,216,True
1,25546193,USDT_WETH,0x0d4a11d5eeaac28ec3f61d100daf4d40471f1852,0xc02aaa39b223fe8d0a0e5c4f27ead9083c756cc2,0xdac17f958d2ee523a2206206994597c13d831ec7,3916056590938023323768,7388375349097,carried_forward,sync_log,25546154,0x679b329395633447c8caabbacea673111d68db72e4dd8d0d339a367929f1abcd,16,True
1,25546193,WETH_USDC,0xb4e16d0168e52d35cacd2c6185b44281ec28c9dc,0xa0b86991c6218b36c1d19d4a2e9eb0ce3606eb48,0xc02aaa39b223fe8d0a0e5c4f27ead9083c756cc2,8801274966772,4668692321000257929490,carried_forward,sync_log,25546179,0xf2606c6622fef3d9c8bd026ccd334626d6a3ab658f2b2da1489f7b28c47e0160,162,True
1,25546194,USDC_USDT,0x3041cbd36888becc7bbcbc0045e3b1f144466f5f,0xa0b86991c6218b36c1d19d4a2e9eb0ce3606eb48,0xdac17f958d2ee523a2206206994597c13d831ec7,1667673506153,1665855656974,carried_forward,sync_log,25546188,0xfedb472171aad76375efb6b7096beda453f5062241a301cbf831b2f2356c5367,216,True
1,25546194,USDT_WETH,0x0d4a11d5eeaac28ec3f61d100daf4d40471f1852,0xc02aaa39b223fe8d0a0e5c4f27ead9083c756cc2,0xdac17f958d2ee523a2206206994597c13d831ec7,3916056590938023323768,7388375349097,carried_forward,sync_log,25546154,0x679b329395633447c8caabbacea673111d68db72e4dd8d0d339a367929f1abcd,16,True
1,25546194,WETH_USDC,0xb4e16d0168e52d35cacd2c6185b44281ec28c9dc,0xa0b86991c6218b36c1d19d4a2e9eb0ce3606eb48,0xc02aaa39b223fe8d0a0e5c4f27ead9083c756cc2,8801274966772,4668692321000257929490,carried_forward,sync_log,25546179,0xf2606c6622fef3d9c8bd026ccd334626d6a3ab658f2b2da1489f7b28c47e0160,162,True
1,25546195,USDC_USDT,0x3041cbd36888becc7bbcbc0045e3b1f144466f5f,0xa0b86991c6218b36c1d19d4a2e9eb0ce3606eb48,0xdac17f958d2ee523a2206206994597c13d831ec7,1667673506153,1665855656974,carried_forward,sync_log,25546188,0xfedb472171aad76375efb6b7096beda453f5062241a301cbf831b2f2356c5367,216,True
1,25546195,USDT_WETH,0x0d4a11d5eeaac28ec3f61d100daf4d40471f1852,0xc02aaa39b223fe8d0a0e5c4f27ead9083c756cc2,0xdac17f958d2ee523a2206206994597c13d831ec7,3916056590938023323768,7388375349097,carried_forward,sync_log,25546154,0x679b329395633447c8caabbacea673111d68db72e4dd8d0d339a367929f1abcd,16,True
1,25546195,WETH_USDC,0xb4e16d0168e52d35cacd2c6185b44281ec28c9dc,0xa0b86991c6218b36c1d19d4a2e9eb0ce3606eb48,0xc02aaa39b223fe8d0a0e5c4f27ead9083c756cc2,8801274966772,4668692321000257929490,carried_forward,sync_log,25546179,0xf2606c6622fef3d9c8bd026ccd334626d6a3ab658f2b2da1489f7b28c47e0160,162,True
1,25546196,USDC_USDT,0x3041cbd36888becc7bbcbc0045e3b1f144466f5f,0xa0b86991c6218b36c1d19d4a2e9eb0ce3606eb48,0xdac17f958d2ee523a2206206994597c13d831ec7,1667673506153,1665855656974,carried_forward,sync_log,25546188,0xfedb472171aad76375efb6b7096beda453f5062241a301cbf831b2f2356c5367,216,True
1,25546196,USDT_WETH,0x0d4a11d5eeaac28ec3f61d100daf4d40471f1852,0xc02aaa39b223fe8d0a0e5c4f27ead9083c756cc2,0xdac17f958d2ee523a2206206994597c13d831ec7,3916056590938023323768,7388375349097,carried_forward,sync_log,25546154,0x679b329395633447c8caabbacea673111d68db72e4dd8d0d339a367929f1abcd,16,True
1,25546196,WETH_USDC,0xb4e16d0168e52d35cacd2c6185b44281ec28c9dc,0xa0b86991c6218b36c1d19d4a2e9eb0ce3606eb48,0xc02aaa39b223fe8d0a0e5c4f27ead9083c756cc2,8801274966772,4668692321000257929490,carried_forward,sync_log,25546179,0xf2606c6622fef3d9c8bd026ccd334626d6a3ab658f2b2da1489f7b28c47e0160,162,True
1,25546197,USDC_USDT,0x3041cbd36888becc7bbcbc0045e3b1f144466f5f,0xa0b86991c6218b36c1d19d4a2e9eb0ce3606eb48,0xdac17f958d2ee523a2206206994597c13d831ec7,1667673506153,1665855656974,carried_forward,sync_log,25546188,0xfedb472171aad76375efb6b7096beda453f5062241a301cbf831b2f2356c5367,216,True
1,25546197,USDT_WETH,0x0d4a11d5eeaac28ec3f61d100daf4d40471f1852,0xc02aaa39b223fe8d0a0e5c4f27ead9083c756cc2,0xdac17f958d2ee523a2206206994597c13d831ec7,3916056590938023323768,7388375349097,carried_forward,sync_log,25546154,0x679b329395633447c8caabbacea673111d68db72e4dd8d0d339a367929f1abcd,16,True
1,25546197,WETH_USDC,0xb4e16d0168e52d35cacd2c6185b44281ec28c9dc,0xa0b86991c6218b36c1d19d4a2e9eb0ce3606eb48,0xc02aaa39b223fe8d0a0e5c4f27ead9083c756cc2,8801274966772,4668692321000257929490,carried_forward,sync_log,25546179,0xf2606c6622fef3d9c8bd026ccd334626d6a3ab658f2b2da1489f7b28c47e0160,162,True
1,25546198,USDC_USDT,0x3041cbd36888becc7bbcbc0045e3b1f144466f5f,0xa0b86991c6218b36c1d19d4a2e9eb0ce3606eb48,0xdac17f958d2ee523a2206206994597c13d831ec7,1667673506153,1665855656974,carried_forward,sync_log,25546188,0xfedb472171aad76375efb6b7096beda453f5062241a301cbf831b2f2356c5367,216,True
1,25546198,USDT_WETH,0x0d4a11d5eeaac28ec3f61d100daf4d40471f1852,0xc02aaa39b223fe8d0a0e5c4f27ead9083c756cc2,0xdac17f958d2ee523a2206206994597c13d831ec7,3916056590938023323768,7388375349097,carried_forward,sync_log,25546154,0x679b329395633447c8caabbacea673111d68db72e4dd8d0d339a367929f1abcd,16,True
1,25546198,WETH_USDC,0xb4e16d0168e52d35cacd2c6185b44281ec28c9dc,0xa0b86991c6218b36c1d19d4a2e9eb0ce3606eb48,0xc02aaa39b223fe8d0a0e5c4f27ead9083c756cc2,8801274966772,4668692321000257929490,carried_forward,sync_log,25546179,0xf2606c6622fef3d9c8bd026ccd334626d6a3ab658f2b2da1489f7b28c47e0160,162,True
1,25546199,USDC_USDT,0x3041cbd36888becc7bbcbc0045e3b1f144466f5f,0xa0b86991c6218b36c1d19d4a2e9eb0ce3606eb48,0xdac17f958d2ee523a2206206994597c13d831ec7,1667673506153,1665855656974,carried_forward,sync_log,25546188,0xfedb472171aad76375efb6b7096beda453f5062241a301cbf831b2f2356c5367,216,True
1,25546199,USDT_WETH,0x0d4a11d5eeaac28ec3f61d100daf4d40471f1852,0xc02aaa39b223fe8d0a0e5c4f27ead9083c756cc2,0xdac17f958d2ee523a2206206994597c13d831ec7,3916056590938023323768,7388375349097,carried_forward,sync_log,25546154,0x679b329395633447c8caabbacea673111d68db72e4dd8d0d339a367929f1abcd,16,True
1,25546199,WETH_USDC,0xb4e16d0168e52d35cacd2c6185b44281ec28c9dc,0xa0b86991c6218b36c1d19d4a2e9eb0ce3606eb48,0xc02aaa39b223fe8d0a0e5c4f27ead9083c756cc2,8801274966772,4668692321000257929490,carried_forward,sync_log,25546179,0xf2606c6622fef3d9c8bd026ccd334626d6a3ab658f2b2da1489f7b28c47e0160,162,True
1,25546200,USDC_USDT,0x3041cbd36888becc7bbcbc0045e3b1f144466f5f,0xa0b86991c6218b36c1d19d4a2e9eb0ce3606eb48,0xdac17f958d2ee523a2206206994597c13d831ec7,1667673506153,1665855656974,carried_forward,sync_log,25546188,0xfedb472171aad76375efb6b7096beda453f5062241a301cbf831b2f2356c5367,216,True
1,25546200,USDT_WETH,0x0d4a11d5eeaac28ec3f61d100daf4d40471f1852,0xc02aaa39b223fe8d0a0e5c4f27ead9083c756cc2,0xdac17f958d2ee523a2206206994597c13d831ec7,3916056590938023323768,7388375349097,carried_forward,sync_log,25546154,0x679b329395633447c8caabbacea673111d68db72e4dd8d0d339a367929f1abcd,16,True
1,25546200,WETH_USDC,0xb4e16d0168e52d35cacd2c6185b44281ec28c9dc,0xa0b86991c6218b36c1d19d4a2e9eb0ce3606eb48,0xc02aaa39b223fe8d0a0e5c4f27ead9083c756cc2,8801274966772,4668692321000257929490,carried_forward,sync_log,25546179,0xf2606c6622fef3d9c8bd026ccd334626d6a3ab658f2b2da1489f7b28c47e0160,162,True
1,25546201,USDC_USDT,0x3041cbd36888becc7bbcbc0045e3b1f144466f5f,0xa0b86991c6218b36c1d19d4a2e9eb0ce3606eb48,0xdac17f958d2ee523a2206206994597c13d831ec7,1667673506153,1665855656974,carried_forward,sync_log,25546188,0xfedb472171aad76375efb6b7096beda453f5062241a301cbf831b2f2356c5367,216,True
1,25546201,USDT_WETH,0x0d4a11d5eeaac28ec3f61d100daf4d40471f1852,0xc02aaa39b223fe8d0a0e5c4f27ead9083c756cc2,0xdac17f958d2ee523a2206206994597c13d831ec7,3916056590938023323768,7388375349097,carried_forward,sync_log,25546154,0x679b329395633447c8caabbacea673111d68db72e4dd8d0d339a367929f1abcd,16,True
1,25546201,WETH_USDC,0xb4e16d0168e52d35cacd2c6185b44281ec28c9dc,0xa0b86991c6218b36c1d19d4a2e9eb0ce3606eb48,0xc02aaa39b223fe8d0a0e5c4f27ead9083c756cc2,8801274966772,4668692321000257929490,carried_forward,sync_log,25546179,0xf2606c6622fef3d9c8bd026ccd334626d6a3ab658f2b2da1489f7b28c47e0160,162,True
1,25546202,USDC_USDT,0x3041cbd36888becc7bbcbc0045e3b1f144466f5f,0xa0b86991c6218b36c1d19d4a2e9eb0ce3606eb48,0xdac17f958d2ee523a2206206994597c13d831ec7,1667673506153,1665855656974,carried_forward,sync_log,25546188,0xfedb472171aad76375efb6b7096beda453f5062241a301cbf831b2f2356c5367,216,True
1,25546202,USDT_WETH,0x0d4a11d5eeaac28ec3f61d100daf4d40471f1852,0xc02aaa39b223fe8d0a0e5c4f27ead9083c756cc2,0xdac17f958d2ee523a2206206994597c13d831ec7,3915947200788585743461,7388375349097,observed_sync,sync_log,25546202,0x2d97b8348744c8764e16314fc95f6dcb284c75b5b1761861dde86c9820004993,1096,True
1,25546202,WETH_USDC,0xb4e16d0168e52d35cacd2c6185b44281ec28c9dc,0xa0b86991c6218b36c1d19d4a2e9eb0ce3606eb48,0xc02aaa39b223fe8d0a0e5c4f27ead9083c756cc2,8801274966772,4668692321000257929490,carried_forward,sync_log,25546179,0xf2606c6622fef3d9c8bd026ccd334626d6a3ab658f2b2da1489f7b28c47e0160,162,True
1,25546203,USDC_USDT,0x3041cbd36888becc7bbcbc0045e3b1f144466f5f,0xa0b86991c6218b36c1d19d4a2e9eb0ce3606eb48,0xdac17f958d2ee523a2206206994597c13d831ec7,1667673506153,1665855656974,carried_forward,sync_log,25546188,0xfedb472171aad76375efb6b7096beda453f5062241a301cbf831b2f2356c5367,216,True
1,25546203,USDT_WETH,0x0d4a11d5eeaac28ec3f61d100daf4d40471f1852,0xc02aaa39b223fe8d0a0e5c4f27ead9083c756cc2,0xdac17f958d2ee523a2206206994597c13d831ec7,3915947200788585743461,7388375349097,carried_forward,sync_log,25546202,0x2d97b8348744c8764e16314fc95f6dcb284c75b5b1761861dde86c9820004993,1096,True
1,25546203,WETH_USDC,0xb4e16d0168e52d35cacd2c6185b44281ec28c9dc,0xa0b86991c6218b36c1d19d4a2e9eb0ce3606eb48,0xc02aaa39b223fe8d0a0e5c4f27ead9083c756cc2,8801274966772,4668692321000257929490,carried_forward,sync_log,25546179,0xf2606c6622fef3d9c8bd026ccd334626d6a3ab658f2b2da1489f7b28c47e0160,162,True
1,25546204,USDC_USDT,0x3041cbd36888becc7bbcbc0045e3b1f144466f5f,0xa0b86991c6218b36c1d19d4a2e9eb0ce3606eb48,0xdac17f958d2ee523a2206206994597c13d831ec7,1667673506153,1665855656974,carried_forward,sync_log,25546188,0xfedb472171aad76375efb6b7096beda453f5062241a301cbf831b2f2356c5367,216,True
1,25546204,USDT_WETH,0x0d4a11d5eeaac28ec3f61d100daf4d40471f1852,0xc02aaa39b223fe8d0a0e5c4f27ead9083c756cc2,0xdac17f958d2ee523a2206206994597c13d831ec7,3915947200788585743461,7388375349097,carried_forward,sync_log,25546202,0x2d97b8348744c8764e16314fc95f6dcb284c75b5b1761861dde86c9820004993,1096,True
1,25546204,WETH_USDC,0xb4e16d0168e52d35cacd2c6185b44281ec28c9dc,0xa0b86991c6218b36c1d19d4a2e9eb0ce3606eb48,0xc02aaa39b223fe8d0a0e5c4f27ead9083c756cc2,8801265470797,4668697373363439652946,observed_sync,sync_log,25546204,0xe8de687d30b400b0003a06e69317800bd56f1425d54de03dab8f1855fcc35f9f,205,True
1,25546205,USDC_USDT,0x3041cbd36888becc7bbcbc0045e3b1f144466f5f,0xa0b86991c6218b36c1d19d4a2e9eb0ce3606eb48,0xdac17f958d2ee523a2206206994597c13d831ec7,1667673506153,1665855656974,carried_forward,sync_log,25546188,0xfedb472171aad76375efb6b7096beda453f5062241a301cbf831b2f2356c5367,216,True
1,25546205,USDT_WETH,0x0d4a11d5eeaac28ec3f61d100daf4d40471f1852,0xc02aaa39b223fe8d0a0e5c4f27ead9083c756cc2,0xdac17f958d2ee523a2206206994597c13d831ec7,3915947200788585743461,7388375349097,carried_forward,sync_log,25546202,0x2d97b8348744c8764e16314fc95f6dcb284c75b5b1761861dde86c9820004993,1096,True
1,25546205,WETH_USDC,0xb4e16d0168e52d35cacd2c6185b44281ec28c9dc,0xa0b86991c6218b36c1d19d4a2e9eb0ce3606eb48,0xc02aaa39b223fe8d0a0e5c4f27ead9083c756cc2,8801255346831,4668702759863439652946,observed_sync,sync_log,25546205,0x57fee6917c54810a5a696f3625dc626ecf4c7cdc97f695ad56e82d45670093b3,4,True
1,25546206,USDC_USDT,0x3041cbd36888becc7bbcbc0045e3b1f144466f5f,0xa0b86991c6218b36c1d19d4a2e9eb0ce3606eb48,0xdac17f958d2ee523a2206206994597c13d831ec7,1667673506153,1665855656974,carried_forward,sync_log,25546188,0xfedb472171aad76375efb6b7096beda453f5062241a301cbf831b2f2356c5367,216,True
1,25546206,USDT_WETH,0x0d4a11d5eeaac28ec3f61d100daf4d40471f1852,0xc02aaa39b223fe8d0a0e5c4f27ead9083c756cc2,0xdac17f958d2ee523a2206206994597c13d831ec7,3915947200788585743461,7388375349097,carried_forward,sync_log,25546202,0x2d97b8348744c8764e16314fc95f6dcb284c75b5b1761861dde86c9820004993,1096,True
1,25546206,WETH_USDC,0xb4e16d0168e52d35cacd2c6185b44281ec28c9dc,0xa0b86991c6218b36c1d19d4a2e9eb0ce3606eb48,0xc02aaa39b223fe8d0a0e5c4f27ead9083c756cc2,8801255346831,4668702759863439652946,carried_forward,sync_log,25546205,0x57fee6917c54810a5a696f3625dc626ecf4c7cdc97f695ad56e82d45670093b3,4,True
1,25546207,USDC_USDT,0x3041cbd36888becc7bbcbc0045e3b1f144466f5f,0xa0b86991c6218b36c1d19d4a2e9eb0ce3606eb48,0xdac17f958d2ee523a2206206994597c13d831ec7,1667673506153,1665855656974,carried_forward,sync_log,25546188,0xfedb472171aad76375efb6b7096beda453f5062241a301cbf831b2f2356c5367,216,True
1,25546207,USDT_WETH,0x0d4a11d5eeaac28ec3f61d100daf4d40471f1852,0xc02aaa39b223fe8d0a0e5c4f27ead9083c756cc2,0xdac17f958d2ee523a2206206994597c13d831ec7,3915947200788585743461,7388375349097,carried_forward,sync_log,25546202,0x2d97b8348744c8764e16314fc95f6dcb284c75b5b1761861dde86c9820004993,1096,True
1,25546207,WETH_USDC,0xb4e16d0168e52d35cacd2c6185b44281ec28c9dc,0xa0b86991c6218b36c1d19d4a2e9eb0ce3606eb48,0xc02aaa39b223fe8d0a0e5c4f27ead9083c756cc2,8801255346831,4668702759863439652946,carried_forward,sync_log,25546205,0x57fee6917c54810a5a696f3625dc626ecf4c7cdc97f695ad56e82d45670093b3,4,True
1,25546208,USDC_USDT,0x3041cbd36888becc7bbcbc0045e3b1f144466f5f,0xa0b86991c6218b36c1d19d4a2e9eb0ce3606eb48,0xdac17f958d2ee523a2206206994597c13d831ec7,1667673506153,1665855656974,carried_forward,sync_log,25546188,0xfedb472171aad76375efb6b7096beda453f5062241a301cbf831b2f2356c5367,216,True
1,25546208,USDT_WETH,0x0d4a11d5eeaac28ec3f61d100daf4d40471f1852,0xc02aaa39b223fe8d0a0e5c4f27ead9083c756cc2,0xdac17f958d2ee523a2206206994597c13d831ec7,3915947200788585743461,7388375349097,carried_forward,sync_log,25546202,0x2d97b8348744c8764e16314fc95f6dcb284c75b5b1761861dde86c9820004993,1096,True
1,25546208,WETH_USDC,0xb4e16d0168e52d35cacd2c6185b44281ec28c9dc,0xa0b86991c6218b36c1d19d4a2e9eb0ce3606eb48,0xc02aaa39b223fe8d0a0e5c4f27ead9083c756cc2,8801255346831,4668702759863439652946,carried_forward,sync_log,25546205,0x57fee6917c54810a5a696f3625dc626ecf4c7cdc97f695ad56e82d45670093b3,4,True
1,25546209,USDC_USDT,0x3041cbd36888becc7bbcbc0045e3b1f144466f5f,0xa0b86991c6218b36c1d19d4a2e9eb0ce3606eb48,0xdac17f958d2ee523a2206206994597c13d831ec7,1667673506153,1665855656974,carried_forward,sync_log,25546188,0xfedb472171aad76375efb6b7096beda453f5062241a301cbf831b2f2356c5367,216,True
1,25546209,USDT_WETH,0x0d4a11d5eeaac28ec3f61d100daf4d40471f1852,0xc02aaa39b223fe8d0a0e5c4f27ead9083c756cc2,0xdac17f958d2ee523a2206206994597c13d831ec7,3915947200788585743461,7388375349097,carried_forward,sync_log,25546202,0x2d97b8348744c8764e16314fc95f6dcb284c75b5b1761861dde86c9820004993,1096,True
1,25546209,WETH_USDC,0xb4e16d0168e52d35cacd2c6185b44281ec28c9dc,0xa0b86991c6218b36c1d19d4a2e9eb0ce3606eb48,0xc02aaa39b223fe8d0a0e5c4f27ead9083c756cc2,8801255346831,4668702759863439652946,carried_forward,sync_log,25546205,0x57fee6917c54810a5a696f3625dc626ecf4c7cdc97f695ad56e82d45670093b3,4,True
1,25546210,USDC_USDT,0x3041cbd36888becc7bbcbc0045e3b1f144466f5f,0xa0b86991c6218b36c1d19d4a2e9eb0ce3606eb48,0xdac17f958d2ee523a2206206994597c13d831ec7,1667673506153,1665855656974,carried_forward,sync_log,25546188,0xfedb472171aad76375efb6b7096beda453f5062241a301cbf831b2f2356c5367,216,True
1,25546210,USDT_WETH,0x0d4a11d5eeaac28ec3f61d100daf4d40471f1852,0xc02aaa39b223fe8d0a0e5c4f27ead9083c756cc2,0xdac17f958d2ee523a2206206994597c13d831ec7,3915947200788585743461,7388375349097,carried_forward,sync_log,25546202,0x2d97b8348744c8764e16314fc95f6dcb284c75b5b1761861dde86c9820004993,1096,True
1,25546210,WETH_USDC,0xb4e16d0168e52d35cacd2c6185b44281ec28c9dc,0xa0b86991c6218b36c1d19d4a2e9eb0ce3606eb48,0xc02aaa39b223fe8d0a0e5c4f27ead9083c756cc2,8801255346831,4668702759863439652946,carried_forward,sync_log,25546205,0x57fee6917c54810a5a696f3625dc626ecf4c7cdc97f695ad56e82d45670093b3,4,True
1,25546211,USDC_USDT,0x3041cbd36888becc7bbcbc0045e3b1f144466f5f,0xa0b86991c6218b36c1d19d4a2e9eb0ce3606eb48,0xdac17f958d2ee523a2206206994597c13d831ec7,1667673506153,1665855656974,carried_forward,sync_log,25546188,0xfedb472171aad76375efb6b7096beda453f5062241a301cbf831b2f2356c5367,216,True
1,25546211,USDT_WETH,0x0d4a11d5eeaac28ec3f61d100daf4d40471f1852,0xc02aaa39b223fe8d0a0e5c4f27ead9083c756cc2,0xdac17f958d2ee523a2206206994597c13d831ec7,3915947200788585743461,7388375349097,carried_forward,sync_log,25546202,0x2d97b8348744c8764e16314fc95f6dcb284c75b5b1761861dde86c9820004993,1096,True
1,25546211,WETH_USDC,0xb4e16d0168e52d35cacd2c6185b44281ec28c9dc,0xa0b86991c6218b36c1d19d4a2e9eb0ce3606eb48,0xc02aaa39b223fe8d0a0e5c4f27ead9083c756cc2,8801255346831,4668702759863439652946,carried_forward,sync_log,25546205,0x57fee6917c54810a5a696f3625dc626ecf4c7cdc97f695ad56e82d45670093b3,4,True
1,25546212,USDC_USDT,0x3041cbd36888becc7bbcbc0045e3b1f144466f5f,0xa0b86991c6218b36c1d19d4a2e9eb0ce3606eb48,0xdac17f958d2ee523a2206206994597c13d831ec7,1667662937068,1665866246374,observed_sync,sync_log,25546212,0x3b591f351ddcb2e511204b2cd26954a7476732278358912c05ec9944ece032ef,235,True
1,25546212,USDT_WETH,0x0d4a11d5eeaac28ec3f61d100daf4d40471f1852,0xc02aaa39b223fe8d0a0e5c4f27ead9083c756cc2,0xdac17f958d2ee523a2206206994597c13d831ec7,3915947200788585743461,7388375349097,carried_forward,sync_log,25546202,0x2d97b8348744c8764e16314fc95f6dcb284c75b5b1761861dde86c9820004993,1096,True
1,25546212,WETH_USDC,0xb4e16d0168e52d35cacd2c6185b44281ec28c9dc,0xa0b86991c6218b36c1d19d4a2e9eb0ce3606eb48,0xc02aaa39b223fe8d0a0e5c4f27ead9083c756cc2,8801255346831,4668702759863439652946,carried_forward,sync_log,25546205,0x57fee6917c54810a5a696f3625dc626ecf4c7cdc97f695ad56e82d45670093b3,4,True
1,25546213,USDC_USDT,0x3041cbd36888becc7bbcbc0045e3b1f144466f5f,0xa0b86991c6218b36c1d19d4a2e9eb0ce3606eb48,0xdac17f958d2ee523a2206206994597c13d831ec7,1667662937068,1665866246374,carried_forward,sync_log,25546212,0x3b591f351ddcb2e511204b2cd26954a7476732278358912c05ec9944ece032ef,235,True
1,25546213,USDT_WETH,0x0d4a11d5eeaac28ec3f61d100daf4d40471f1852,0xc02aaa39b223fe8d0a0e5c4f27ead9083c756cc2,0xdac17f958d2ee523a2206206994597c13d831ec7,3915947200788585743461,7388375349097,carried_forward,sync_log,25546202,0x2d97b8348744c8764e16314fc95f6dcb284c75b5b1761861dde86c9820004993,1096,True
1,25546213,WETH_USDC,0xb4e16d0168e52d35cacd2c6185b44281ec28c9dc,0xa0b86991c6218b36c1d19d4a2e9eb0ce3606eb48,0xc02aaa39b223fe8d0a0e5c4f27ead9083c756cc2,8801255346831,4668702759863439652946,carried_forward,sync_log,25546205,0x57fee6917c54810a5a696f3625dc626ecf4c7cdc97f695ad56e82d45670093b3,4,True
1,25546214,USDC_USDT,0x3041cbd36888becc7bbcbc0045e3b1f144466f5f,0xa0b86991c6218b36c1d19d4a2e9eb0ce3606eb48,0xdac17f958d2ee523a2206206994597c13d831ec7,1667662937068,1665866246374,carried_forward,sync_log,25546212,0x3b591f351ddcb2e511204b2cd26954a7476732278358912c05ec9944ece032ef,235,True
1,25546214,USDT_WETH,0x0d4a11d5eeaac28ec3f61d100daf4d40471f1852,0xc02aaa39b223fe8d0a0e5c4f27ead9083c756cc2,0xdac17f958d2ee523a2206206994597c13d831ec7,3915947200788585743461,7388375349097,carried_forward,sync_log,25546202,0x2d97b8348744c8764e16314fc95f6dcb284c75b5b1761861dde86c9820004993,1096,True
1,25546214,WETH_USDC,0xb4e16d0168e52d35cacd2c6185b44281ec28c9dc,0xa0b86991c6218b36c1d19d4a2e9eb0ce3606eb48,0xc02aaa39b223fe8d0a0e5c4f27ead9083c756cc2,8801255346831,4668702759863439652946,carried_forward,sync_log,25546205,0x57fee6917c54810a5a696f3625dc626ecf4c7cdc97f695ad56e82d45670093b3,4,True
1,25546215,USDC_USDT,0x3041cbd36888becc7bbcbc0045e3b1f144466f5f,0xa0b86991c6218b36c1d19d4a2e9eb0ce3606eb48,0xdac17f958d2ee523a2206206994597c13d831ec7,1667662937068,1665866246374,carried_forward,sync_log,25546212,0x3b591f351ddcb2e511204b2cd26954a7476732278358912c05ec9944ece032ef,235,True
1,25546215,USDT_WETH,0x0d4a11d5eeaac28ec3f61d100daf4d40471f1852,0xc02aaa39b223fe8d0a0e5c4f27ead9083c756cc2,0xdac17f958d2ee523a2206206994597c13d831ec7,3915947200788585743461,7388375349097,carried_forward,sync_log,25546202,0x2d97b8348744c8764e16314fc95f6dcb284c75b5b1761861dde86c9820004993,1096,True
1,25546215,WETH_USDC,0xb4e16d0168e52d35cacd2c6185b44281ec28c9dc,0xa0b86991c6218b36c1d19d4a2e9eb0ce3606eb48,0xc02aaa39b223fe8d0a0e5c4f27ead9083c756cc2,8801255346831,4668702759863439652946,carried_forward,sync_log,25546205,0x57fee6917c54810a5a696f3625dc626ecf4c7cdc97f695ad56e82d45670093b3,4,True
1,25546216,USDC_USDT,0x3041cbd36888becc7bbcbc0045e3b1f144466f5f,0xa0b86991c6218b36c1d19d4a2e9eb0ce3606eb48,0xdac17f958d2ee523a2206206994597c13d831ec7,1667662937068,1665866246374,carried_forward,sync_log,25546212,0x3b591f351ddcb2e511204b2cd26954a7476732278358912c05ec9944ece032ef,235,True
1,25546216,USDT_WETH,0x0d4a11d5eeaac28ec3f61d100daf4d40471f1852,0xc02aaa39b223fe8d0a0e5c4f27ead9083c756cc2,0xdac17f958d2ee523a2206206994597c13d831ec7,3915947200788585743461,7388375349097,carried_forward,sync_log,25546202,0x2d97b8348744c8764e16314fc95f6dcb284c75b5b1761861dde86c9820004993,1096,True
1,25546216,WETH_USDC,0xb4e16d0168e52d35cacd2c6185b44281ec28c9dc,0xa0b86991c6218b36c1d19d4a2e9eb0ce3606eb48,0xc02aaa39b223fe8d0a0e5c4f27ead9083c756cc2,8801255346831,4668702759863439652946,carried_forward,sync_log,25546205,0x57fee6917c54810a5a696f3625dc626ecf4c7cdc97f695ad56e82d45670093b3,4,True
1,25546217,USDC_USDT,0x3041cbd36888becc7bbcbc0045e3b1f144466f5f,0xa0b86991c6218b36c1d19d4a2e9eb0ce3606eb48,0xdac17f958d2ee523a2206206994597c13d831ec7,1667662937068,1665866246374,carried_forward,sync_log,25546212,0x3b591f351ddcb2e511204b2cd26954a7476732278358912c05ec9944ece032ef,235,True
1,25546217,USDT_WETH,0x0d4a11d5eeaac28ec3f61d100daf4d40471f1852,0xc02aaa39b223fe8d0a0e5c4f27ead9083c756cc2,0xdac17f958d2ee523a2206206994597c13d831ec7,3915947200788585743461,7388375349097,carried_forward,sync_log,25546202,0x2d97b8348744c8764e16314fc95f6dcb284c75b5b1761861dde86c9820004993,1096,True
1,25546217,WETH_USDC,0xb4e16d0168e52d35cacd2c6185b44281ec28c9dc,0xa0b86991c6218b36c1d19d4a2e9eb0ce3606eb48,0xc02aaa39b223fe8d0a0e5c4f27ead9083c756cc2,8801255346831,4668702759863439652946,carried_forward,sync_log,25546205,0x57fee6917c54810a5a696f3625dc626ecf4c7cdc97f695ad56e82d45670093b3,4,True
1,25546218,USDC_USDT,0x3041cbd36888becc7bbcbc0045e3b1f144466f5f,0xa0b86991c6218b36c1d19d4a2e9eb0ce3606eb48,0xdac17f958d2ee523a2206206994597c13d831ec7,1667662937068,1665866246374,carried_forward,sync_log,25546212,0x3b591f351ddcb2e511204b2cd26954a7476732278358912c05ec9944ece032ef,235,True
1,25546218,USDT_WETH,0x0d4a11d5eeaac28ec3f61d100daf4d40471f1852,0xc02aaa39b223fe8d0a0e5c4f27ead9083c756cc2,0xdac17f958d2ee523a2206206994597c13d831ec7,3917539821052685868389,7385380717131,observed_sync,sync_log,25546218,0x28c96631927a324617b102d6af40b64561f7bf989ec8d40bf0315151701975c7,217,True
1,25546218,WETH_USDC,0xb4e16d0168e52d35cacd2c6185b44281ec28c9dc,0xa0b86991c6218b36c1d19d4a2e9eb0ce3606eb48,0xc02aaa39b223fe8d0a0e5c4f27ead9083c756cc2,8798507325835,4670165317472579588178,observed_sync,sync_log,25546218,0xd0addb94b41630d1a347ca08139ba016c044e06b868f08558f51cceba4904ea5,122,True
1,25546219,USDC_USDT,0x3041cbd36888becc7bbcbc0045e3b1f144466f5f,0xa0b86991c6218b36c1d19d4a2e9eb0ce3606eb48,0xdac17f958d2ee523a2206206994597c13d831ec7,1667662937068,1665866246374,carried_forward,sync_log,25546212,0x3b591f351ddcb2e511204b2cd26954a7476732278358912c05ec9944ece032ef,235,True
1,25546219,USDT_WETH,0x0d4a11d5eeaac28ec3f61d100daf4d40471f1852,0xc02aaa39b223fe8d0a0e5c4f27ead9083c756cc2,0xdac17f958d2ee523a2206206994597c13d831ec7,3917539821052685868389,7385380717131,carried_forward,sync_log,25546218,0x28c96631927a324617b102d6af40b64561f7bf989ec8d40bf0315151701975c7,217,True
1,25546219,WETH_USDC,0xb4e16d0168e52d35cacd2c6185b44281ec28c9dc,0xa0b86991c6218b36c1d19d4a2e9eb0ce3606eb48,0xc02aaa39b223fe8d0a0e5c4f27ead9083c756cc2,8798507325835,4670165317472579588178,carried_forward,sync_log,25546218,0xd0addb94b41630d1a347ca08139ba016c044e06b868f08558f51cceba4904ea5,122,True
1,25546220,USDC_USDT,0x3041cbd36888becc7bbcbc0045e3b1f144466f5f,0xa0b86991c6218b36c1d19d4a2e9eb0ce3606eb48,0xdac17f958d2ee523a2206206994597c13d831ec7,1667662937068,1665866246374,carried_forward,sync_log,25546212,0x3b591f351ddcb2e511204b2cd26954a7476732278358912c05ec9944ece032ef,235,True
1,25546220,USDT_WETH,0x0d4a11d5eeaac28ec3f61d100daf4d40471f1852,0xc02aaa39b223fe8d0a0e5c4f27ead9083c756cc2,0xdac17f958d2ee523a2206206994597c13d831ec7,3917539821052685868389,7385380717131,carried_forward,sync_log,25546218,0x28c96631927a324617b102d6af40b64561f7bf989ec8d40bf0315151701975c7,217,True
1,25546220,WETH_USDC,0xb4e16d0168e52d35cacd2c6185b44281ec28c9dc,0xa0b86991c6218b36c1d19d4a2e9eb0ce3606eb48,0xc02aaa39b223fe8d0a0e5c4f27ead9083c756cc2,8798507325835,4670165317472579588178,carried_forward,sync_log,25546218,0xd0addb94b41630d1a347ca08139ba016c044e06b868f08558f51cceba4904ea5,122,True
1,25546221,USDC_USDT,0x3041cbd36888becc7bbcbc0045e3b1f144466f5f,0xa0b86991c6218b36c1d19d4a2e9eb0ce3606eb48,0xdac17f958d2ee523a2206206994597c13d831ec7,1667637412282,1665891820774,observed_sync,sync_log,25546221,0x18468b3a54a5d0ae8286d9416b588e28b802cf133f5286a9496d166fbd18c1f0,210,True
1,25546221,USDT_WETH,0x0d4a11d5eeaac28ec3f61d100daf4d40471f1852,0xc02aaa39b223fe8d0a0e5c4f27ead9083c756cc2,0xdac17f958d2ee523a2206206994597c13d831ec7,3917539821052685868389,7385380717131,carried_forward,sync_log,25546218,0x28c96631927a324617b102d6af40b64561f7bf989ec8d40bf0315151701975c7,217,True
1,25546221,WETH_USDC,0xb4e16d0168e52d35cacd2c6185b44281ec28c9dc,0xa0b86991c6218b36c1d19d4a2e9eb0ce3606eb48,0xc02aaa39b223fe8d0a0e5c4f27ead9083c756cc2,8798507325835,4670165317472579588178,carried_forward,sync_log,25546218,0xd0addb94b41630d1a347ca08139ba016c044e06b868f08558f51cceba4904ea5,122,True
1,25546222,USDC_USDT,0x3041cbd36888becc7bbcbc0045e3b1f144466f5f,0xa0b86991c6218b36c1d19d4a2e9eb0ce3606eb48,0xdac17f958d2ee523a2206206994597c13d831ec7,1667637412282,1665891820774,carried_forward,sync_log,25546221,0x18468b3a54a5d0ae8286d9416b588e28b802cf133f5286a9496d166fbd18c1f0,210,True
1,25546222,USDT_WETH,0x0d4a11d5eeaac28ec3f61d100daf4d40471f1852,0xc02aaa39b223fe8d0a0e5c4f27ead9083c756cc2,0xdac17f958d2ee523a2206206994597c13d831ec7,3917539821052685868389,7385380717131,carried_forward,sync_log,25546218,0x28c96631927a324617b102d6af40b64561f7bf989ec8d40bf0315151701975c7,217,True
1,25546222,WETH_USDC,0xb4e16d0168e52d35cacd2c6185b44281ec28c9dc,0xa0b86991c6218b36c1d19d4a2e9eb0ce3606eb48,0xc02aaa39b223fe8d0a0e5c4f27ead9083c756cc2,8798507325835,4670165317472579588178,carried_forward,sync_log,25546218,0xd0addb94b41630d1a347ca08139ba016c044e06b868f08558f51cceba4904ea5,122,True
1,25546223,USDC_USDT,0x3041cbd36888becc7bbcbc0045e3b1f144466f5f,0xa0b86991c6218b36c1d19d4a2e9eb0ce3606eb48,0xdac17f958d2ee523a2206206994597c13d831ec7,1667637412282,1665891820774,carried_forward,sync_log,25546221,0x18468b3a54a5d0ae8286d9416b588e28b802cf133f5286a9496d166fbd18c1f0,210,True
1,25546223,USDT_WETH,0x0d4a11d5eeaac28ec3f61d100daf4d40471f1852,0xc02aaa39b223fe8d0a0e5c4f27ead9083c756cc2,0xdac17f958d2ee523a2206206994597c13d831ec7,3917539821052685868389,7385380717131,carried_forward,sync_log,25546218,0x28c96631927a324617b102d6af40b64561f7bf989ec8d40bf0315151701975c7,217,True
1,25546223,WETH_USDC,0xb4e16d0168e52d35cacd2c6185b44281ec28c9dc,0xa0b86991c6218b36c1d19d4a2e9eb0ce3606eb48,0xc02aaa39b223fe8d0a0e5c4f27ead9083c756cc2,8798507325835,4670165317472579588178,carried_forward,sync_log,25546218,0xd0addb94b41630d1a347ca08139ba016c044e06b868f08558f51cceba4904ea5,122,True
1,25546224,USDC_USDT,0x3041cbd36888becc7bbcbc0045e3b1f144466f5f,0xa0b86991c6218b36c1d19d4a2e9eb0ce3606eb48,0xdac17f958d2ee523a2206206994597c13d831ec7,1667637412282,1665891820774,carried_forward,sync_log,25546221,0x18468b3a54a5d0ae8286d9416b588e28b802cf133f5286a9496d166fbd18c1f0,210,True
1,25546224,USDT_WETH,0x0d4a11d5eeaac28ec3f61d100daf4d40471f1852,0xc02aaa39b223fe8d0a0e5c4f27ead9083c756cc2,0xdac17f958d2ee523a2206206994597c13d831ec7,3917539821052685868389,7385380717131,carried_forward,sync_log,25546218,0x28c96631927a324617b102d6af40b64561f7bf989ec8d40bf0315151701975c7,217,True
1,25546224,WETH_USDC,0xb4e16d0168e52d35cacd2c6185b44281ec28c9dc,0xa0b86991c6218b36c1d19d4a2e9eb0ce3606eb48,0xc02aaa39b223fe8d0a0e5c4f27ead9083c756cc2,8798507325835,4670165317472579588178,carried_forward,sync_log,25546218,0xd0addb94b41630d1a347ca08139ba016c044e06b868f08558f51cceba4904ea5,122,True
1,25546225,USDC_USDT,0x3041cbd36888becc7bbcbc0045e3b1f144466f5f,0xa0b86991c6218b36c1d19d4a2e9eb0ce3606eb48,0xdac17f958d2ee523a2206206994597c13d831ec7,1667637412282,1665891820774,carried_forward,sync_log,25546221,0x18468b3a54a5d0ae8286d9416b588e28b802cf133f5286a9496d166fbd18c1f0,210,True
1,25546225,USDT_WETH,0x0d4a11d5eeaac28ec3f61d100daf4d40471f1852,0xc02aaa39b223fe8d0a0e5c4f27ead9083c756cc2,0xdac17f958d2ee523a2206206994597c13d831ec7,3917539821052685868389,7385380717131,carried_forward,sync_log,25546218,0x28c96631927a324617b102d6af40b64561f7bf989ec8d40bf0315151701975c7,217,True
1,25546225,WETH_USDC,0xb4e16d0168e52d35cacd2c6185b44281ec28c9dc,0xa0b86991c6218b36c1d19d4a2e9eb0ce3606eb48,0xc02aaa39b223fe8d0a0e5c4f27ead9083c756cc2,8798507325835,4670165317472579588178,carried_forward,sync_log,25546218,0xd0addb94b41630d1a347ca08139ba016c044e06b868f08558f51cceba4904ea5,122,True
1,25546226,USDC_USDT,0x3041cbd36888becc7bbcbc0045e3b1f144466f5f,0xa0b86991c6218b36c1d19d4a2e9eb0ce3606eb48,0xdac17f958d2ee523a2206206994597c13d831ec7,1667637412282,1665891820774,carried_forward,sync_log,25546221,0x18468b3a54a5d0ae8286d9416b588e28b802cf133f5286a9496d166fbd18c1f0,210,True
1,25546226,USDT_WETH,0x0d4a11d5eeaac28ec3f61d100daf4d40471f1852,0xc02aaa39b223fe8d0a0e5c4f27ead9083c756cc2,0xdac17f958d2ee523a2206206994597c13d831ec7,3917539821052685868389,7385380717131,carried_forward,sync_log,25546218,0x28c96631927a324617b102d6af40b64561f7bf989ec8d40bf0315151701975c7,217,True
1,25546226,WETH_USDC,0xb4e16d0168e52d35cacd2c6185b44281ec28c9dc,0xa0b86991c6218b36c1d19d4a2e9eb0ce3606eb48,0xc02aaa39b223fe8d0a0e5c4f27ead9083c756cc2,8798507325835,4670165317472579588178,carried_forward,sync_log,25546218,0xd0addb94b41630d1a347ca08139ba016c044e06b868f08558f51cceba4904ea5,122,True
1,25546227,USDC_USDT,0x3041cbd36888becc7bbcbc0045e3b1f144466f5f,0xa0b86991c6218b36c1d19d4a2e9eb0ce3606eb48,0xdac17f958d2ee523a2206206994597c13d831ec7,1667637412282,1665891820774,carried_forward,sync_log,25546221,0x18468b3a54a5d0ae8286d9416b588e28b802cf133f5286a9496d166fbd18c1f0,210,True
1,25546227,USDT_WETH,0x0d4a11d5eeaac28ec3f61d100daf4d40471f1852,0xc02aaa39b223fe8d0a0e5c4f27ead9083c756cc2,0xdac17f958d2ee523a2206206994597c13d831ec7,3917539821052685868389,7385380717131,carried_forward,sync_log,25546218,0x28c96631927a324617b102d6af40b64561f7bf989ec8d40bf0315151701975c7,217,True
1,25546227,WETH_USDC,0xb4e16d0168e52d35cacd2c6185b44281ec28c9dc,0xa0b86991c6218b36c1d19d4a2e9eb0ce3606eb48,0xc02aaa39b223fe8d0a0e5c4f27ead9083c756cc2,8798507325835,4670165317472579588178,carried_forward,sync_log,25546218,0xd0addb94b41630d1a347ca08139ba016c044e06b868f08558f51cceba4904ea5,122,True
1,25546228,USDC_USDT,0x3041cbd36888becc7bbcbc0045e3b1f144466f5f,0xa0b86991c6218b36c1d19d4a2e9eb0ce3606eb48,0xdac17f958d2ee523a2206206994597c13d831ec7,1667637412282,1665891820774,carried_forward,sync_log,25546221,0x18468b3a54a5d0ae8286d9416b588e28b802cf133f5286a9496d166fbd18c1f0,210,True
1,25546228,USDT_WETH,0x0d4a11d5eeaac28ec3f61d100daf4d40471f1852,0xc02aaa39b223fe8d0a0e5c4f27ead9083c756cc2,0xdac17f958d2ee523a2206206994597c13d831ec7,3917539821052685868389,7385380717131,carried_forward,sync_log,25546218,0x28c96631927a324617b102d6af40b64561f7bf989ec8d40bf0315151701975c7,217,True
1,25546228,WETH_USDC,0xb4e16d0168e52d35cacd2c6185b44281ec28c9dc,0xa0b86991c6218b36c1d19d4a2e9eb0ce3606eb48,0xc02aaa39b223fe8d0a0e5c4f27ead9083c756cc2,8798507325835,4670165317472579588178,carried_forward,sync_log,25546218,0xd0addb94b41630d1a347ca08139ba016c044e06b868f08558f51cceba4904ea5,122,True
1,25546229,USDC_USDT,0x3041cbd36888becc7bbcbc0045e3b1f144466f5f,0xa0b86991c6218b36c1d19d4a2e9eb0ce3606eb48,0xdac17f958d2ee523a2206206994597c13d831ec7,1667637412282,1665891820774,carried_forward,sync_log,25546221,0x18468b3a54a5d0ae8286d9416b588e28b802cf133f5286a9496d166fbd18c1f0,210,True
1,25546229,USDT_WETH,0x0d4a11d5eeaac28ec3f61d100daf4d40471f1852,0xc02aaa39b223fe8d0a0e5c4f27ead9083c756cc2,0xdac17f958d2ee523a2206206994597c13d831ec7,3917539821052685868389,7385380717131,carried_forward,sync_log,25546218,0x28c96631927a324617b102d6af40b64561f7bf989ec8d40bf0315151701975c7,217,True
1,25546229,WETH_USDC,0xb4e16d0168e52d35cacd2c6185b44281ec28c9dc,0xa0b86991c6218b36c1d19d4a2e9eb0ce3606eb48,0xc02aaa39b223fe8d0a0e5c4f27ead9083c756cc2,8798507325835,4670165317472579588178,carried_forward,sync_log,25546218,0xd0addb94b41630d1a347ca08139ba016c044e06b868f08558f51cceba4904ea5,122,True
1,25546230,USDC_USDT,0x3041cbd36888becc7bbcbc0045e3b1f144466f5f,0xa0b86991c6218b36c1d19d4a2e9eb0ce3606eb48,0xdac17f958d2ee523a2206206994597c13d831ec7,1667637412282,1665891820774,carried_forward,sync_log,25546221,0x18468b3a54a5d0ae8286d9416b588e28b802cf133f5286a9496d166fbd18c1f0,210,True
1,25546230,USDT_WETH,0x0d4a11d5eeaac28ec3f61d100daf4d40471f1852,0xc02aaa39b223fe8d0a0e5c4f27ead9083c756cc2,0xdac17f958d2ee523a2206206994597c13d831ec7,3917539821052685868389,7385380717131,carried_forward,sync_log,25546218,0x28c96631927a324617b102d6af40b64561f7bf989ec8d40bf0315151701975c7,217,True
1,25546230,WETH_USDC,0xb4e16d0168e52d35cacd2c6185b44281ec28c9dc,0xa0b86991c6218b36c1d19d4a2e9eb0ce3606eb48,0xc02aaa39b223fe8d0a0e5c4f27ead9083c756cc2,8798507325835,4670165317472579588178,carried_forward,sync_log,25546218,0xd0addb94b41630d1a347ca08139ba016c044e06b868f08558f51cceba4904ea5,122,True
1,25546231,USDC_USDT,0x3041cbd36888becc7bbcbc0045e3b1f144466f5f,0xa0b86991c6218b36c1d19d4a2e9eb0ce3606eb48,0xdac17f958d2ee523a2206206994597c13d831ec7,1667637412282,1665891820774,carried_forward,sync_log,25546221,0x18468b3a54a5d0ae8286d9416b588e28b802cf133f5286a9496d166fbd18c1f0,210,True
1,25546231,USDT_WETH,0x0d4a11d5eeaac28ec3f61d100daf4d40471f1852,0xc02aaa39b223fe8d0a0e5c4f27ead9083c756cc2,0xdac17f958d2ee523a2206206994597c13d831ec7,3917539821052685868389,7385380717131,carried_forward,sync_log,25546218,0x28c96631927a324617b102d6af40b64561f7bf989ec8d40bf0315151701975c7,217,True
1,25546231,WETH_USDC,0xb4e16d0168e52d35cacd2c6185b44281ec28c9dc,0xa0b86991c6218b36c1d19d4a2e9eb0ce3606eb48,0xc02aaa39b223fe8d0a0e5c4f27ead9083c756cc2,8798507325835,4670165317472579588178,carried_forward,sync_log,25546218,0xd0addb94b41630d1a347ca08139ba016c044e06b868f08558f51cceba4904ea5,122,True
1,25546232,USDC_USDT,0x3041cbd36888becc7bbcbc0045e3b1f144466f5f,0xa0b86991c6218b36c1d19d4a2e9eb0ce3606eb48,0xdac17f958d2ee523a2206206994597c13d831ec7,1667637412282,1665891820774,carried_forward,sync_log,25546221,0x18468b3a54a5d0ae8286d9416b588e28b802cf133f5286a9496d166fbd18c1f0,210,True
1,25546232,USDT_WETH,0x0d4a11d5eeaac28ec3f61d100daf4d40471f1852,0xc02aaa39b223fe8d0a0e5c4f27ead9083c756cc2,0xdac17f958d2ee523a2206206994597c13d831ec7,3917539821052685868389,7385380717131,carried_forward,sync_log,25546218,0x28c96631927a324617b102d6af40b64561f7bf989ec8d40bf0315151701975c7,217,True
1,25546232,WETH_USDC,0xb4e16d0168e52d35cacd2c6185b44281ec28c9dc,0xa0b86991c6218b36c1d19d4a2e9eb0ce3606eb48,0xc02aaa39b223fe8d0a0e5c4f27ead9083c756cc2,8798507325835,4670165317472579588178,carried_forward,sync_log,25546218,0xd0addb94b41630d1a347ca08139ba016c044e06b868f08558f51cceba4904ea5,122,True
1,25546233,USDC_USDT,0x3041cbd36888becc7bbcbc0045e3b1f144466f5f,0xa0b86991c6218b36c1d19d4a2e9eb0ce3606eb48,0xdac17f958d2ee523a2206206994597c13d831ec7,1667637412282,1665891820774,carried_forward,sync_log,25546221,0x18468b3a54a5d0ae8286d9416b588e28b802cf133f5286a9496d166fbd18c1f0,210,True
1,25546233,USDT_WETH,0x0d4a11d5eeaac28ec3f61d100daf4d40471f1852,0xc02aaa39b223fe8d0a0e5c4f27ead9083c756cc2,0xdac17f958d2ee523a2206206994597c13d831ec7,3917539821052685868389,7385380717131,carried_forward,sync_log,25546218,0x28c96631927a324617b102d6af40b64561f7bf989ec8d40bf0315151701975c7,217,True
1,25546233,WETH_USDC,0xb4e16d0168e52d35cacd2c6185b44281ec28c9dc,0xa0b86991c6218b36c1d19d4a2e9eb0ce3606eb48,0xc02aaa39b223fe8d0a0e5c4f27ead9083c756cc2,8798507325835,4670165317472579588178,carried_forward,sync_log,25546218,0xd0addb94b41630d1a347ca08139ba016c044e06b868f08558f51cceba4904ea5,122,True
1,25546234,USDC_USDT,0x3041cbd36888becc7bbcbc0045e3b1f144466f5f,0xa0b86991c6218b36c1d19d4a2e9eb0ce3606eb48,0xdac17f958d2ee523a2206206994597c13d831ec7,1667637412282,1665891820774,carried_forward,sync_log,25546221,0x18468b3a54a5d0ae8286d9416b588e28b802cf133f5286a9496d166fbd18c1f0,210,True
1,25546234,USDT_WETH,0x0d4a11d5eeaac28ec3f61d100daf4d40471f1852,0xc02aaa39b223fe8d0a0e5c4f27ead9083c756cc2,0xdac17f958d2ee523a2206206994597c13d831ec7,3917539821052685868389,7385380717131,carried_forward,sync_log,25546218,0x28c96631927a324617b102d6af40b64561f7bf989ec8d40bf0315151701975c7,217,True
1,25546234,WETH_USDC,0xb4e16d0168e52d35cacd2c6185b44281ec28c9dc,0xa0b86991c6218b36c1d19d4a2e9eb0ce3606eb48,0xc02aaa39b223fe8d0a0e5c4f27ead9083c756cc2,8798507325835,4670165317472579588178,carried_forward,sync_log,25546218,0xd0addb94b41630d1a347ca08139ba016c044e06b868f08558f51cceba4904ea5,122,True
1,25546235,USDC_USDT,0x3041cbd36888becc7bbcbc0045e3b1f144466f5f,0xa0b86991c6218b36c1d19d4a2e9eb0ce3606eb48,0xdac17f958d2ee523a2206206994597c13d831ec7,1667637412282,1665891820774,carried_forward,sync_log,25546221,0x18468b3a54a5d0ae8286d9416b588e28b802cf133f5286a9496d166fbd18c1f0,210,True
1,25546235,USDT_WETH,0x0d4a11d5eeaac28ec3f61d100daf4d40471f1852,0xc02aaa39b223fe8d0a0e5c4f27ead9083c756cc2,0xdac17f958d2ee523a2206206994597c13d831ec7,3917539821052685868389,7385380717131,carried_forward,sync_log,25546218,0x28c96631927a324617b102d6af40b64561f7bf989ec8d40bf0315151701975c7,217,True
1,25546235,WETH_USDC,0xb4e16d0168e52d35cacd2c6185b44281ec28c9dc,0xa0b86991c6218b36c1d19d4a2e9eb0ce3606eb48,0xc02aaa39b223fe8d0a0e5c4f27ead9083c756cc2,8798507325835,4670165317472579588178,carried_forward,sync_log,25546218,0xd0addb94b41630d1a347ca08139ba016c044e06b868f08558f51cceba4904ea5,122,True
1,25546236,USDC_USDT,0x3041cbd36888becc7bbcbc0045e3b1f144466f5f,0xa0b86991c6218b36c1d19d4a2e9eb0ce3606eb48,0xdac17f958d2ee523a2206206994597c13d831ec7,1667637412282,1665891820774,carried_forward,sync_log,25546221,0x18468b3a54a5d0ae8286d9416b588e28b802cf133f5286a9496d166fbd18c1f0,210,True
1,25546236,USDT_WETH,0x0d4a11d5eeaac28ec3f61d100daf4d40471f1852,0xc02aaa39b223fe8d0a0e5c4f27ead9083c756cc2,0xdac17f958d2ee523a2206206994597c13d831ec7,3917539821052685868389,7385380717131,carried_forward,sync_log,25546218,0x28c96631927a324617b102d6af40b64561f7bf989ec8d40bf0315151701975c7,217,True
1,25546236,WETH_USDC,0xb4e16d0168e52d35cacd2c6185b44281ec28c9dc,0xa0b86991c6218b36c1d19d4a2e9eb0ce3606eb48,0xc02aaa39b223fe8d0a0e5c4f27ead9083c756cc2,8798507325835,4670165317472579588178,carried_forward,sync_log,25546218,0xd0addb94b41630d1a347ca08139ba016c044e06b868f08558f51cceba4904ea5,122,True
1,25546237,USDC_USDT,0x3041cbd36888becc7bbcbc0045e3b1f144466f5f,0xa0b86991c6218b36c1d19d4a2e9eb0ce3606eb48,0xdac17f958d2ee523a2206206994597c13d831ec7,1667637412282,1665891820774,carried_forward,sync_log,25546221,0x18468b3a54a5d0ae8286d9416b588e28b802cf133f5286a9496d166fbd18c1f0,210,True
1,25546237,USDT_WETH,0x0d4a11d5eeaac28ec3f61d100daf4d40471f1852,0xc02aaa39b223fe8d0a0e5c4f27ead9083c756cc2,0xdac17f958d2ee523a2206206994597c13d831ec7,3917539821052685868389,7385380717131,carried_forward,sync_log,25546218,0x28c96631927a324617b102d6af40b64561f7bf989ec8d40bf0315151701975c7,217,True
1,25546237,WETH_USDC,0xb4e16d0168e52d35cacd2c6185b44281ec28c9dc,0xa0b86991c6218b36c1d19d4a2e9eb0ce3606eb48,0xc02aaa39b223fe8d0a0e5c4f27ead9083c756cc2,8798507325835,4670165317472579588178,carried_forward,sync_log,25546218,0xd0addb94b41630d1a347ca08139ba016c044e06b868f08558f51cceba4904ea5,122,True
1,25546238,USDC_USDT,0x3041cbd36888becc7bbcbc0045e3b1f144466f5f,0xa0b86991c6218b36c1d19d4a2e9eb0ce3606eb48,0xdac17f958d2ee523a2206206994597c13d831ec7,1667637412282,1665891820774,carried_forward,sync_log,25546221,0x18468b3a54a5d0ae8286d9416b588e28b802cf133f5286a9496d166fbd18c1f0,210,True
1,25546238,USDT_WETH,0x0d4a11d5eeaac28ec3f61d100daf4d40471f1852,0xc02aaa39b223fe8d0a0e5c4f27ead9083c756cc2,0xdac17f958d2ee523a2206206994597c13d831ec7,3917539821052685868389,7385380717131,carried_forward,sync_log,25546218,0x28c96631927a324617b102d6af40b64561f7bf989ec8d40bf0315151701975c7,217,True
1,25546238,WETH_USDC,0xb4e16d0168e52d35cacd2c6185b44281ec28c9dc,0xa0b86991c6218b36c1d19d4a2e9eb0ce3606eb48,0xc02aaa39b223fe8d0a0e5c4f27ead9083c756cc2,8798507325835,4670165317472579588178,carried_forward,sync_log,25546218,0xd0addb94b41630d1a347ca08139ba016c044e06b868f08558f51cceba4904ea5,122,True
1,25546239,USDC_USDT,0x3041cbd36888becc7bbcbc0045e3b1f144466f5f,0xa0b86991c6218b36c1d19d4a2e9eb0ce3606eb48,0xdac17f958d2ee523a2206206994597c13d831ec7,1667637412282,1665891820774,carried_forward,sync_log,25546221,0x18468b3a54a5d0ae8286d9416b588e28b802cf133f5286a9496d166fbd18c1f0,210,True
1,25546239,USDT_WETH,0x0d4a11d5eeaac28ec3f61d100daf4d40471f1852,0xc02aaa39b223fe8d0a0e5c4f27ead9083c756cc2,0xdac17f958d2ee523a2206206994597c13d831ec7,3917539821052685868389,7385380717131,carried_forward,sync_log,25546218,0x28c96631927a324617b102d6af40b64561f7bf989ec8d40bf0315151701975c7,217,True
1,25546239,WETH_USDC,0xb4e16d0168e52d35cacd2c6185b44281ec28c9dc,0xa0b86991c6218b36c1d19d4a2e9eb0ce3606eb48,0xc02aaa39b223fe8d0a0e5c4f27ead9083c756cc2,8798464556468,4670188087472579588178,observed_sync,sync_log,25546239,0xa58fc42bba58eb3f9f325a78f9d320fad0ddb262551e512adbe76fc02e649e21,156,True
1,25546240,USDC_USDT,0x3041cbd36888becc7bbcbc0045e3b1f144466f5f,0xa0b86991c6218b36c1d19d4a2e9eb0ce3606eb48,0xdac17f958d2ee523a2206206994597c13d831ec7,1667637412282,1665891820774,carried_forward,sync_log,25546221,0x18468b3a54a5d0ae8286d9416b588e28b802cf133f5286a9496d166fbd18c1f0,210,True
1,25546240,USDT_WETH,0x0d4a11d5eeaac28ec3f61d100daf4d40471f1852,0xc02aaa39b223fe8d0a0e5c4f27ead9083c756cc2,0xdac17f958d2ee523a2206206994597c13d831ec7,3917539821052685868389,7385380717131,carried_forward,sync_log,25546218,0x28c96631927a324617b102d6af40b64561f7bf989ec8d40bf0315151701975c7,217,True
1,25546240,WETH_USDC,0xb4e16d0168e52d35cacd2c6185b44281ec28c9dc,0xa0b86991c6218b36c1d19d4a2e9eb0ce3606eb48,0xc02aaa39b223fe8d0a0e5c4f27ead9083c756cc2,8798464556468,4670188087472579588178,carried_forward,sync_log,25546239,0xa58fc42bba58eb3f9f325a78f9d320fad0ddb262551e512adbe76fc02e649e21,156,True
1,25546241,USDC_USDT,0x3041cbd36888becc7bbcbc0045e3b1f144466f5f,0xa0b86991c6218b36c1d19d4a2e9eb0ce3606eb48,0xdac17f958d2ee523a2206206994597c13d831ec7,1667637412282,1665891820774,carried_forward,sync_log,25546221,0x18468b3a54a5d0ae8286d9416b588e28b802cf133f5286a9496d166fbd18c1f0,210,True
1,25546241,USDT_WETH,0x0d4a11d5eeaac28ec3f61d100daf4d40471f1852,0xc02aaa39b223fe8d0a0e5c4f27ead9083c756cc2,0xdac17f958d2ee523a2206206994597c13d831ec7,3917539821052685868389,7385380717131,carried_forward,sync_log,25546218,0x28c96631927a324617b102d6af40b64561f7bf989ec8d40bf0315151701975c7,217,True
1,25546241,WETH_USDC,0xb4e16d0168e52d35cacd2c6185b44281ec28c9dc,0xa0b86991c6218b36c1d19d4a2e9eb0ce3606eb48,0xc02aaa39b223fe8d0a0e5c4f27ead9083c756cc2,8798464556468,4670188087472579588178,carried_forward,sync_log,25546239,0xa58fc42bba58eb3f9f325a78f9d320fad0ddb262551e512adbe76fc02e649e21,156,True
1,25546242,USDC_USDT,0x3041cbd36888becc7bbcbc0045e3b1f144466f5f,0xa0b86991c6218b36c1d19d4a2e9eb0ce3606eb48,0xdac17f958d2ee523a2206206994597c13d831ec7,1667637412282,1665891820774,carried_forward,sync_log,25546221,0x18468b3a54a5d0ae8286d9416b588e28b802cf133f5286a9496d166fbd18c1f0,210,True
1,25546242,USDT_WETH,0x0d4a11d5eeaac28ec3f61d100daf4d40471f1852,0xc02aaa39b223fe8d0a0e5c4f27ead9083c756cc2,0xdac17f958d2ee523a2206206994597c13d831ec7,3917539821052685868389,7385380717131,carried_forward,sync_log,25546218,0x28c96631927a324617b102d6af40b64561f7bf989ec8d40bf0315151701975c7,217,True
1,25546242,WETH_USDC,0xb4e16d0168e52d35cacd2c6185b44281ec28c9dc,0xa0b86991c6218b36c1d19d4a2e9eb0ce3606eb48,0xc02aaa39b223fe8d0a0e5c4f27ead9083c756cc2,8798464556468,4670188087472579588178,carried_forward,sync_log,25546239,0xa58fc42bba58eb3f9f325a78f9d320fad0ddb262551e512adbe76fc02e649e21,156,True
1,25546243,USDC_USDT,0x3041cbd36888becc7bbcbc0045e3b1f144466f5f,0xa0b86991c6218b36c1d19d4a2e9eb0ce3606eb48,0xdac17f958d2ee523a2206206994597c13d831ec7,1667637412282,1665891820774,carried_forward,sync_log,25546221,0x18468b3a54a5d0ae8286d9416b588e28b802cf133f5286a9496d166fbd18c1f0,210,True
1,25546243,USDT_WETH,0x0d4a11d5eeaac28ec3f61d100daf4d40471f1852,0xc02aaa39b223fe8d0a0e5c4f27ead9083c756cc2,0xdac17f958d2ee523a2206206994597c13d831ec7,3917539821052685868389,7385380717131,carried_forward,sync_log,25546218,0x28c96631927a324617b102d6af40b64561f7bf989ec8d40bf0315151701975c7,217,True
1,25546243,WETH_USDC,0xb4e16d0168e52d35cacd2c6185b44281ec28c9dc,0xa0b86991c6218b36c1d19d4a2e9eb0ce3606eb48,0xc02aaa39b223fe8d0a0e5c4f27ead9083c756cc2,8798464556468,4670188087472579588178,carried_forward,sync_log,25546239,0xa58fc42bba58eb3f9f325a78f9d320fad0ddb262551e512adbe76fc02e649e21,156,True
1,25546244,USDC_USDT,0x3041cbd36888becc7bbcbc0045e3b1f144466f5f,0xa0b86991c6218b36c1d19d4a2e9eb0ce3606eb48,0xdac17f958d2ee523a2206206994597c13d831ec7,1667637412282,1665891820774,carried_forward,sync_log,25546221,0x18468b3a54a5d0ae8286d9416b588e28b802cf133f5286a9496d166fbd18c1f0,210,True
1,25546244,USDT_WETH,0x0d4a11d5eeaac28ec3f61d100daf4d40471f1852,0xc02aaa39b223fe8d0a0e5c4f27ead9083c756cc2,0xdac17f958d2ee523a2206206994597c13d831ec7,3917539821052685868389,7385380717131,carried_forward,sync_log,25546218,0x28c96631927a324617b102d6af40b64561f7bf989ec8d40bf0315151701975c7,217,True
1,25546244,WETH_USDC,0xb4e16d0168e52d35cacd2c6185b44281ec28c9dc,0xa0b86991c6218b36c1d19d4a2e9eb0ce3606eb48,0xc02aaa39b223fe8d0a0e5c4f27ead9083c756cc2,8798464556468,4670188087472579588178,carried_forward,sync_log,25546239,0xa58fc42bba58eb3f9f325a78f9d320fad0ddb262551e512adbe76fc02e649e21,156,True
1,25546245,USDC_USDT,0x3041cbd36888becc7bbcbc0045e3b1f144466f5f,0xa0b86991c6218b36c1d19d4a2e9eb0ce3606eb48,0xdac17f958d2ee523a2206206994597c13d831ec7,1667637412282,1665891820774,carried_forward,sync_log,25546221,0x18468b3a54a5d0ae8286d9416b588e28b802cf133f5286a9496d166fbd18c1f0,210,True
1,25546245,USDT_WETH,0x0d4a11d5eeaac28ec3f61d100daf4d40471f1852,0xc02aaa39b223fe8d0a0e5c4f27ead9083c756cc2,0xdac17f958d2ee523a2206206994597c13d831ec7,3917539821052685868389,7385380717131,carried_forward,sync_log,25546218,0x28c96631927a324617b102d6af40b64561f7bf989ec8d40bf0315151701975c7,217,True
1,25546245,WETH_USDC,0xb4e16d0168e52d35cacd2c6185b44281ec28c9dc,0xa0b86991c6218b36c1d19d4a2e9eb0ce3606eb48,0xc02aaa39b223fe8d0a0e5c4f27ead9083c756cc2,8798464556468,4670188087472579588178,carried_forward,sync_log,25546239,0xa58fc42bba58eb3f9f325a78f9d320fad0ddb262551e512adbe76fc02e649e21,156,True
1,25546246,USDC_USDT,0x3041cbd36888becc7bbcbc0045e3b1f144466f5f,0xa0b86991c6218b36c1d19d4a2e9eb0ce3606eb48,0xdac17f958d2ee523a2206206994597c13d831ec7,1667637412282,1665891820774,carried_forward,sync_log,25546221,0x18468b3a54a5d0ae8286d9416b588e28b802cf133f5286a9496d166fbd18c1f0,210,True
1,25546246,USDT_WETH,0x0d4a11d5eeaac28ec3f61d100daf4d40471f1852,0xc02aaa39b223fe8d0a0e5c4f27ead9083c756cc2,0xdac17f958d2ee523a2206206994597c13d831ec7,3917539821052685868389,7385380717131,carried_forward,sync_log,25546218,0x28c96631927a324617b102d6af40b64561f7bf989ec8d40bf0315151701975c7,217,True
1,25546246,WETH_USDC,0xb4e16d0168e52d35cacd2c6185b44281ec28c9dc,0xa0b86991c6218b36c1d19d4a2e9eb0ce3606eb48,0xc02aaa39b223fe8d0a0e5c4f27ead9083c756cc2,8798464556468,4670188087472579588178,carried_forward,sync_log,25546239,0xa58fc42bba58eb3f9f325a78f9d320fad0ddb262551e512adbe76fc02e649e21,156,True
1,25546247,USDC_USDT,0x3041cbd36888becc7bbcbc0045e3b1f144466f5f,0xa0b86991c6218b36c1d19d4a2e9eb0ce3606eb48,0xdac17f958d2ee523a2206206994597c13d831ec7,1667637412282,1665891820774,carried_forward,sync_log,25546221,0x18468b3a54a5d0ae8286d9416b588e28b802cf133f5286a9496d166fbd18c1f0,210,True
1,25546247,USDT_WETH,0x0d4a11d5eeaac28ec3f61d100daf4d40471f1852,0xc02aaa39b223fe8d0a0e5c4f27ead9083c756cc2,0xdac17f958d2ee523a2206206994597c13d831ec7,3917539821052685868389,7385380717131,carried_forward,sync_log,25546218,0x28c96631927a324617b102d6af40b64561f7bf989ec8d40bf0315151701975c7,217,True
1,25546247,WETH_USDC,0xb4e16d0168e52d35cacd2c6185b44281ec28c9dc,0xa0b86991c6218b36c1d19d4a2e9eb0ce3606eb48,0xc02aaa39b223fe8d0a0e5c4f27ead9083c756cc2,8798464556468,4670188087472579588178,carried_forward,sync_log,25546239,0xa58fc42bba58eb3f9f325a78f9d320fad0ddb262551e512adbe76fc02e649e21,156,True
1,25546248,USDC_USDT,0x3041cbd36888becc7bbcbc0045e3b1f144466f5f,0xa0b86991c6218b36c1d19d4a2e9eb0ce3606eb48,0xdac17f958d2ee523a2206206994597c13d831ec7,1667637412282,1665891820774,carried_forward,sync_log,25546221,0x18468b3a54a5d0ae8286d9416b588e28b802cf133f5286a9496d166fbd18c1f0,210,True
1,25546248,USDT_WETH,0x0d4a11d5eeaac28ec3f61d100daf4d40471f1852,0xc02aaa39b223fe8d0a0e5c4f27ead9083c756cc2,0xdac17f958d2ee523a2206206994597c13d831ec7,3917539821052685868389,7385380717131,carried_forward,sync_log,25546218,0x28c96631927a324617b102d6af40b64561f7bf989ec8d40bf0315151701975c7,217,True
1,25546248,WETH_USDC,0xb4e16d0168e52d35cacd2c6185b44281ec28c9dc,0xa0b86991c6218b36c1d19d4a2e9eb0ce3606eb48,0xc02aaa39b223fe8d0a0e5c4f27ead9083c756cc2,8798464556468,4670188087472579588178,carried_forward,sync_log,25546239,0xa58fc42bba58eb3f9f325a78f9d320fad0ddb262551e512adbe76fc02e649e21,156,True
1,25546249,USDC_USDT,0x3041cbd36888becc7bbcbc0045e3b1f144466f5f,0xa0b86991c6218b36c1d19d4a2e9eb0ce3606eb48,0xdac17f958d2ee523a2206206994597c13d831ec7,1667637412282,1665891820774,carried_forward,sync_log,25546221,0x18468b3a54a5d0ae8286d9416b588e28b802cf133f5286a9496d166fbd18c1f0,210,True
1,25546249,USDT_WETH,0x0d4a11d5eeaac28ec3f61d100daf4d40471f1852,0xc02aaa39b223fe8d0a0e5c4f27ead9083c756cc2,0xdac17f958d2ee523a2206206994597c13d831ec7,3917539821052685868389,7385380717131,carried_forward,sync_log,25546218,0x28c96631927a324617b102d6af40b64561f7bf989ec8d40bf0315151701975c7,217,True
1,25546249,WETH_USDC,0xb4e16d0168e52d35cacd2c6185b44281ec28c9dc,0xa0b86991c6218b36c1d19d4a2e9eb0ce3606eb48,0xc02aaa39b223fe8d0a0e5c4f27ead9083c756cc2,8798464556468,4670188087472579588178,carried_forward,sync_log,25546239,0xa58fc42bba58eb3f9f325a78f9d320fad0ddb262551e512adbe76fc02e649e21,156,True
1,25546250,USDC_USDT,0x3041cbd36888becc7bbcbc0045e3b1f144466f5f,0xa0b86991c6218b36c1d19d4a2e9eb0ce3606eb48,0xdac17f958d2ee523a2206206994597c13d831ec7,1667637412282,1665891820774,carried_forward,sync_log,25546221,0x18468b3a54a5d0ae8286d9416b588e28b802cf133f5286a9496d166fbd18c1f0,210,True
1,25546250,USDT_WETH,0x0d4a11d5eeaac28ec3f61d100daf4d40471f1852,0xc02aaa39b223fe8d0a0e5c4f27ead9083c756cc2,0xdac17f958d2ee523a2206206994597c13d831ec7,3917539821052685868389,7385380717131,carried_forward,sync_log,25546218,0x28c96631927a324617b102d6af40b64561f7bf989ec8d40bf0315151701975c7,217,True
1,25546250,WETH_USDC,0xb4e16d0168e52d35cacd2c6185b44281ec28c9dc,0xa0b86991c6218b36c1d19d4a2e9eb0ce3606eb48,0xc02aaa39b223fe8d0a0e5c4f27ead9083c756cc2,8798464556468,4670188087472579588178,carried_forward,sync_log,25546239,0xa58fc42bba58eb3f9f325a78f9d320fad0ddb262551e512adbe76fc02e649e21,156,True
1,25546251,USDC_USDT,0x3041cbd36888becc7bbcbc0045e3b1f144466f5f,0xa0b86991c6218b36c1d19d4a2e9eb0ce3606eb48,0xdac17f958d2ee523a2206206994597c13d831ec7,1667637412282,1665891820774,carried_forward,sync_log,25546221,0x18468b3a54a5d0ae8286d9416b588e28b802cf133f5286a9496d166fbd18c1f0,210,True
1,25546251,USDT_WETH,0x0d4a11d5eeaac28ec3f61d100daf4d40471f1852,0xc02aaa39b223fe8d0a0e5c4f27ead9083c756cc2,0xdac17f958d2ee523a2206206994597c13d831ec7,3917539821052685868389,7385380717131,carried_forward,sync_log,25546218,0x28c96631927a324617b102d6af40b64561f7bf989ec8d40bf0315151701975c7,217,True
1,25546251,WETH_USDC,0xb4e16d0168e52d35cacd2c6185b44281ec28c9dc,0xa0b86991c6218b36c1d19d4a2e9eb0ce3606eb48,0xc02aaa39b223fe8d0a0e5c4f27ead9083c756cc2,8798464556468,4670188087472579588178,carried_forward,sync_log,25546239,0xa58fc42bba58eb3f9f325a78f9d320fad0ddb262551e512adbe76fc02e649e21,156,True
1,25546252,USDC_USDT,0x3041cbd36888becc7bbcbc0045e3b1f144466f5f,0xa0b86991c6218b36c1d19d4a2e9eb0ce3606eb48,0xdac17f958d2ee523a2206206994597c13d831ec7,1667637412282,1665891820774,carried_forward,sync_log,25546221,0x18468b3a54a5d0ae8286d9416b588e28b802cf133f5286a9496d166fbd18c1f0,210,True
1,25546252,USDT_WETH,0x0d4a11d5eeaac28ec3f61d100daf4d40471f1852,0xc02aaa39b223fe8d0a0e5c4f27ead9083c756cc2,0xdac17f958d2ee523a2206206994597c13d831ec7,3917539821052685868389,7385380717131,carried_forward,sync_log,25546218,0x28c96631927a324617b102d6af40b64561f7bf989ec8d40bf0315151701975c7,217,True
1,25546252,WETH_USDC,0xb4e16d0168e52d35cacd2c6185b44281ec28c9dc,0xa0b86991c6218b36c1d19d4a2e9eb0ce3606eb48,0xc02aaa39b223fe8d0a0e5c4f27ead9083c756cc2,8798464556468,4670188087472579588178,carried_forward,sync_log,25546239,0xa58fc42bba58eb3f9f325a78f9d320fad0ddb262551e512adbe76fc02e649e21,156,True
1,25546253,USDC_USDT,0x3041cbd36888becc7bbcbc0045e3b1f144466f5f,0xa0b86991c6218b36c1d19d4a2e9eb0ce3606eb48,0xdac17f958d2ee523a2206206994597c13d831ec7,1667637412282,1665891820774,carried_forward,sync_log,25546221,0x18468b3a54a5d0ae8286d9416b588e28b802cf133f5286a9496d166fbd18c1f0,210,True
1,25546253,USDT_WETH,0x0d4a11d5eeaac28ec3f61d100daf4d40471f1852,0xc02aaa39b223fe8d0a0e5c4f27ead9083c756cc2,0xdac17f958d2ee523a2206206994597c13d831ec7,3917539821052685868389,7385380717131,carried_forward,sync_log,25546218,0x28c96631927a324617b102d6af40b64561f7bf989ec8d40bf0315151701975c7,217,True
1,25546253,WETH_USDC,0xb4e16d0168e52d35cacd2c6185b44281ec28c9dc,0xa0b86991c6218b36c1d19d4a2e9eb0ce3606eb48,0xc02aaa39b223fe8d0a0e5c4f27ead9083c756cc2,8798464556468,4670188087472579588178,carried_forward,sync_log,25546239,0xa58fc42bba58eb3f9f325a78f9d320fad0ddb262551e512adbe76fc02e649e21,156,True
1,25546254,USDC_USDT,0x3041cbd36888becc7bbcbc0045e3b1f144466f5f,0xa0b86991c6218b36c1d19d4a2e9eb0ce3606eb48,0xdac17f958d2ee523a2206206994597c13d831ec7,1667637412282,1665891820774,carried_forward,sync_log,25546221,0x18468b3a54a5d0ae8286d9416b588e28b802cf133f5286a9496d166fbd18c1f0,210,True
1,25546254,USDT_WETH,0x0d4a11d5eeaac28ec3f61d100daf4d40471f1852,0xc02aaa39b223fe8d0a0e5c4f27ead9083c756cc2,0xdac17f958d2ee523a2206206994597c13d831ec7,3917539821052685868389,7385380717131,carried_forward,sync_log,25546218,0x28c96631927a324617b102d6af40b64561f7bf989ec8d40bf0315151701975c7,217,True
1,25546254,WETH_USDC,0xb4e16d0168e52d35cacd2c6185b44281ec28c9dc,0xa0b86991c6218b36c1d19d4a2e9eb0ce3606eb48,0xc02aaa39b223fe8d0a0e5c4f27ead9083c756cc2,8798464556468,4670188087472579588178,carried_forward,sync_log,25546239,0xa58fc42bba58eb3f9f325a78f9d320fad0ddb262551e512adbe76fc02e649e21,156,True
1,25546255,USDC_USDT,0x3041cbd36888becc7bbcbc0045e3b1f144466f5f,0xa0b86991c6218b36c1d19d4a2e9eb0ce3606eb48,0xdac17f958d2ee523a2206206994597c13d831ec7,1667637412282,1665891820774,carried_forward,sync_log,25546221,0x18468b3a54a5d0ae8286d9416b588e28b802cf133f5286a9496d166fbd18c1f0,210,True
1,25546255,USDT_WETH,0x0d4a11d5eeaac28ec3f61d100daf4d40471f1852,0xc02aaa39b223fe8d0a0e5c4f27ead9083c756cc2,0xdac17f958d2ee523a2206206994597c13d831ec7,3917539821052685868389,7385380717131,carried_forward,sync_log,25546218,0x28c96631927a324617b102d6af40b64561f7bf989ec8d40bf0315151701975c7,217,True
1,25546255,WETH_USDC,0xb4e16d0168e52d35cacd2c6185b44281ec28c9dc,0xa0b86991c6218b36c1d19d4a2e9eb0ce3606eb48,0xc02aaa39b223fe8d0a0e5c4f27ead9083c756cc2,8798464556468,4670188087472579588178,carried_forward,sync_log,25546239,0xa58fc42bba58eb3f9f325a78f9d320fad0ddb262551e512adbe76fc02e649e21,156,True
1,25546256,USDC_USDT,0x3041cbd36888becc7bbcbc0045e3b1f144466f5f,0xa0b86991c6218b36c1d19d4a2e9eb0ce3606eb48,0xdac17f958d2ee523a2206206994597c13d831ec7,1667637412282,1665891820774,carried_forward,sync_log,25546221,0x18468b3a54a5d0ae8286d9416b588e28b802cf133f5286a9496d166fbd18c1f0,210,True
1,25546256,USDT_WETH,0x0d4a11d5eeaac28ec3f61d100daf4d40471f1852,0xc02aaa39b223fe8d0a0e5c4f27ead9083c756cc2,0xdac17f958d2ee523a2206206994597c13d831ec7,3917539821052685868389,7385380717131,carried_forward,sync_log,25546218,0x28c96631927a324617b102d6af40b64561f7bf989ec8d40bf0315151701975c7,217,True
1,25546256,WETH_USDC,0xb4e16d0168e52d35cacd2c6185b44281ec28c9dc,0xa0b86991c6218b36c1d19d4a2e9eb0ce3606eb48,0xc02aaa39b223fe8d0a0e5c4f27ead9083c756cc2,8798464556468,4670188087472579588178,carried_forward,sync_log,25546239,0xa58fc42bba58eb3f9f325a78f9d320fad0ddb262551e512adbe76fc02e649e21,156,True
1,25546257,USDC_USDT,0x3041cbd36888becc7bbcbc0045e3b1f144466f5f,0xa0b86991c6218b36c1d19d4a2e9eb0ce3606eb48,0xdac17f958d2ee523a2206206994597c13d831ec7,1667637412282,1665891820774,carried_forward,sync_log,25546221,0x18468b3a54a5d0ae8286d9416b588e28b802cf133f5286a9496d166fbd18c1f0,210,True
1,25546257,USDT_WETH,0x0d4a11d5eeaac28ec3f61d100daf4d40471f1852,0xc02aaa39b223fe8d0a0e5c4f27ead9083c756cc2,0xdac17f958d2ee523a2206206994597c13d831ec7,3917539821052685868389,7385380717131,carried_forward,sync_log,25546218,0x28c96631927a324617b102d6af40b64561f7bf989ec8d40bf0315151701975c7,217,True
1,25546257,WETH_USDC,0xb4e16d0168e52d35cacd2c6185b44281ec28c9dc,0xa0b86991c6218b36c1d19d4a2e9eb0ce3606eb48,0xc02aaa39b223fe8d0a0e5c4f27ead9083c756cc2,8798464556468,4670188087472579588178,carried_forward,sync_log,25546239,0xa58fc42bba58eb3f9f325a78f9d320fad0ddb262551e512adbe76fc02e649e21,156,True
1,25546258,USDC_USDT,0x3041cbd36888becc7bbcbc0045e3b1f144466f5f,0xa0b86991c6218b36c1d19d4a2e9eb0ce3606eb48,0xdac17f958d2ee523a2206206994597c13d831ec7,1667637412282,1665891820774,carried_forward,sync_log,25546221,0x18468b3a54a5d0ae8286d9416b588e28b802cf133f5286a9496d166fbd18c1f0,210,True
1,25546258,USDT_WETH,0x0d4a11d5eeaac28ec3f61d100daf4d40471f1852,0xc02aaa39b223fe8d0a0e5c4f27ead9083c756cc2,0xdac17f958d2ee523a2206206994597c13d831ec7,3917539821052685868389,7385380717131,carried_forward,sync_log,25546218,0x28c96631927a324617b102d6af40b64561f7bf989ec8d40bf0315151701975c7,217,True
1,25546258,WETH_USDC,0xb4e16d0168e52d35cacd2c6185b44281ec28c9dc,0xa0b86991c6218b36c1d19d4a2e9eb0ce3606eb48,0xc02aaa39b223fe8d0a0e5c4f27ead9083c756cc2,8798464556468,4670188087472579588178,carried_forward,sync_log,25546239,0xa58fc42bba58eb3f9f325a78f9d320fad0ddb262551e512adbe76fc02e649e21,156,True
1,25546259,USDC_USDT,0x3041cbd36888becc7bbcbc0045e3b1f144466f5f,0xa0b86991c6218b36c1d19d4a2e9eb0ce3606eb48,0xdac17f958d2ee523a2206206994597c13d831ec7,1667637412282,1665891820774,carried_forward,sync_log,25546221,0x18468b3a54a5d0ae8286d9416b588e28b802cf133f5286a9496d166fbd18c1f0,210,True
1,25546259,USDT_WETH,0x0d4a11d5eeaac28ec3f61d100daf4d40471f1852,0xc02aaa39b223fe8d0a0e5c4f27ead9083c756cc2,0xdac17f958d2ee523a2206206994597c13d831ec7,3917539821052685868389,7385380717131,carried_forward,sync_log,25546218,0x28c96631927a324617b102d6af40b64561f7bf989ec8d40bf0315151701975c7,217,True
1,25546259,WETH_USDC,0xb4e16d0168e52d35cacd2c6185b44281ec28c9dc,0xa0b86991c6218b36c1d19d4a2e9eb0ce3606eb48,0xc02aaa39b223fe8d0a0e5c4f27ead9083c756cc2,8798464556468,4670188087472579588178,carried_forward,sync_log,25546239,0xa58fc42bba58eb3f9f325a78f9d320fad0ddb262551e512adbe76fc02e649e21,156,True
1,25546260,USDC_USDT,0x3041cbd36888becc7bbcbc0045e3b1f144466f5f,0xa0b86991c6218b36c1d19d4a2e9eb0ce3606eb48,0xdac17f958d2ee523a2206206994597c13d831ec7,1667637412282,1665891820774,carried_forward,sync_log,25546221,0x18468b3a54a5d0ae8286d9416b588e28b802cf133f5286a9496d166fbd18c1f0,210,True
1,25546260,USDT_WETH,0x0d4a11d5eeaac28ec3f61d100daf4d40471f1852,0xc02aaa39b223fe8d0a0e5c4f27ead9083c756cc2,0xdac17f958d2ee523a2206206994597c13d831ec7,3917539821052685868389,7385380717131,carried_forward,sync_log,25546218,0x28c96631927a324617b102d6af40b64561f7bf989ec8d40bf0315151701975c7,217,True
1,25546260,WETH_USDC,0xb4e16d0168e52d35cacd2c6185b44281ec28c9dc,0xa0b86991c6218b36c1d19d4a2e9eb0ce3606eb48,0xc02aaa39b223fe8d0a0e5c4f27ead9083c756cc2,8798464556468,4670188087472579588178,carried_forward,sync_log,25546239,0xa58fc42bba58eb3f9f325a78f9d320fad0ddb262551e512adbe76fc02e649e21,156,True
1,25546261,USDC_USDT,0x3041cbd36888becc7bbcbc0045e3b1f144466f5f,0xa0b86991c6218b36c1d19d4a2e9eb0ce3606eb48,0xdac17f958d2ee523a2206206994597c13d831ec7,1667637412282,1665891820774,carried_forward,sync_log,25546221,0x18468b3a54a5d0ae8286d9416b588e28b802cf133f5286a9496d166fbd18c1f0,210,True
1,25546261,USDT_WETH,0x0d4a11d5eeaac28ec3f61d100daf4d40471f1852,0xc02aaa39b223fe8d0a0e5c4f27ead9083c756cc2,0xdac17f958d2ee523a2206206994597c13d831ec7,3917539821052685868389,7385380717131,carried_forward,sync_log,25546218,0x28c96631927a324617b102d6af40b64561f7bf989ec8d40bf0315151701975c7,217,True
1,25546261,WETH_USDC,0xb4e16d0168e52d35cacd2c6185b44281ec28c9dc,0xa0b86991c6218b36c1d19d4a2e9eb0ce3606eb48,0xc02aaa39b223fe8d0a0e5c4f27ead9083c756cc2,8798464556468,4670188087472579588178,carried_forward,sync_log,25546239,0xa58fc42bba58eb3f9f325a78f9d320fad0ddb262551e512adbe76fc02e649e21,156,True
1,25546262,USDC_USDT,0x3041cbd36888becc7bbcbc0045e3b1f144466f5f,0xa0b86991c6218b36c1d19d4a2e9eb0ce3606eb48,0xdac17f958d2ee523a2206206994597c13d831ec7,1667637412282,1665891820774,carried_forward,sync_log,25546221,0x18468b3a54a5d0ae8286d9416b588e28b802cf133f5286a9496d166fbd18c1f0,210,True
1,25546262,USDT_WETH,0x0d4a11d5eeaac28ec3f61d100daf4d40471f1852,0xc02aaa39b223fe8d0a0e5c4f27ead9083c756cc2,0xdac17f958d2ee523a2206206994597c13d831ec7,3917539821052685868389,7385380717131,carried_forward,sync_log,25546218,0x28c96631927a324617b102d6af40b64561f7bf989ec8d40bf0315151701975c7,217,True
1,25546262,WETH_USDC,0xb4e16d0168e52d35cacd2c6185b44281ec28c9dc,0xa0b86991c6218b36c1d19d4a2e9eb0ce3606eb48,0xc02aaa39b223fe8d0a0e5c4f27ead9083c756cc2,8798464556468,4670188087472579588178,carried_forward,sync_log,25546239,0xa58fc42bba58eb3f9f325a78f9d320fad0ddb262551e512adbe76fc02e649e21,156,True
1,25546263,USDC_USDT,0x3041cbd36888becc7bbcbc0045e3b1f144466f5f,0xa0b86991c6218b36c1d19d4a2e9eb0ce3606eb48,0xdac17f958d2ee523a2206206994597c13d831ec7,1667637412282,1665891820774,carried_forward,sync_log,25546221,0x18468b3a54a5d0ae8286d9416b588e28b802cf133f5286a9496d166fbd18c1f0,210,True
1,25546263,USDT_WETH,0x0d4a11d5eeaac28ec3f61d100daf4d40471f1852,0xc02aaa39b223fe8d0a0e5c4f27ead9083c756cc2,0xdac17f958d2ee523a2206206994597c13d831ec7,3917539821052685868389,7385380717131,carried_forward,sync_log,25546218,0x28c96631927a324617b102d6af40b64561f7bf989ec8d40bf0315151701975c7,217,True
1,25546263,WETH_USDC,0xb4e16d0168e52d35cacd2c6185b44281ec28c9dc,0xa0b86991c6218b36c1d19d4a2e9eb0ce3606eb48,0xc02aaa39b223fe8d0a0e5c4f27ead9083c756cc2,8798464556468,4670188087472579588178,carried_forward,sync_log,25546239,0xa58fc42bba58eb3f9f325a78f9d320fad0ddb262551e512adbe76fc02e649e21,156,True
1,25546264,USDC_USDT,0x3041cbd36888becc7bbcbc0045e3b1f144466f5f,0xa0b86991c6218b36c1d19d4a2e9eb0ce3606eb48,0xdac17f958d2ee523a2206206994597c13d831ec7,1667637412282,1665891820774,carried_forward,sync_log,25546221,0x18468b3a54a5d0ae8286d9416b588e28b802cf133f5286a9496d166fbd18c1f0,210,True
1,25546264,USDT_WETH,0x0d4a11d5eeaac28ec3f61d100daf4d40471f1852,0xc02aaa39b223fe8d0a0e5c4f27ead9083c756cc2,0xdac17f958d2ee523a2206206994597c13d831ec7,3917539821052685868389,7385380717131,carried_forward,sync_log,25546218,0x28c96631927a324617b102d6af40b64561f7bf989ec8d40bf0315151701975c7,217,True
1,25546264,WETH_USDC,0xb4e16d0168e52d35cacd2c6185b44281ec28c9dc,0xa0b86991c6218b36c1d19d4a2e9eb0ce3606eb48,0xc02aaa39b223fe8d0a0e5c4f27ead9083c756cc2,8798464556468,4670188087472579588178,carried_forward,sync_log,25546239,0xa58fc42bba58eb3f9f325a78f9d320fad0ddb262551e512adbe76fc02e649e21,156,True
1,25546265,USDC_USDT,0x3041cbd36888becc7bbcbc0045e3b1f144466f5f,0xa0b86991c6218b36c1d19d4a2e9eb0ce3606eb48,0xdac17f958d2ee523a2206206994597c13d831ec7,1667637412282,1665891820774,carried_forward,sync_log,25546221,0x18468b3a54a5d0ae8286d9416b588e28b802cf133f5286a9496d166fbd18c1f0,210,True
1,25546265,USDT_WETH,0x0d4a11d5eeaac28ec3f61d100daf4d40471f1852,0xc02aaa39b223fe8d0a0e5c4f27ead9083c756cc2,0xdac17f958d2ee523a2206206994597c13d831ec7,3917539821052685868389,7385380717131,carried_forward,sync_log,25546218,0x28c96631927a324617b102d6af40b64561f7bf989ec8d40bf0315151701975c7,217,True
1,25546265,WETH_USDC,0xb4e16d0168e52d35cacd2c6185b44281ec28c9dc,0xa0b86991c6218b36c1d19d4a2e9eb0ce3606eb48,0xc02aaa39b223fe8d0a0e5c4f27ead9083c756cc2,8798464556468,4670188087472579588178,carried_forward,sync_log,25546239,0xa58fc42bba58eb3f9f325a78f9d320fad0ddb262551e512adbe76fc02e649e21,156,True
1,25546266,USDC_USDT,0x3041cbd36888becc7bbcbc0045e3b1f144466f5f,0xa0b86991c6218b36c1d19d4a2e9eb0ce3606eb48,0xdac17f958d2ee523a2206206994597c13d831ec7,1667637412282,1665891820774,carried_forward,sync_log,25546221,0x18468b3a54a5d0ae8286d9416b588e28b802cf133f5286a9496d166fbd18c1f0,210,True
1,25546266,USDT_WETH,0x0d4a11d5eeaac28ec3f61d100daf4d40471f1852,0xc02aaa39b223fe8d0a0e5c4f27ead9083c756cc2,0xdac17f958d2ee523a2206206994597c13d831ec7,3917539821052685868389,7385380717131,carried_forward,sync_log,25546218,0x28c96631927a324617b102d6af40b64561f7bf989ec8d40bf0315151701975c7,217,True
1,25546266,WETH_USDC,0xb4e16d0168e52d35cacd2c6185b44281ec28c9dc,0xa0b86991c6218b36c1d19d4a2e9eb0ce3606eb48,0xc02aaa39b223fe8d0a0e5c4f27ead9083c756cc2,8798464556468,4670188087472579588178,carried_forward,sync_log,25546239,0xa58fc42bba58eb3f9f325a78f9d320fad0ddb262551e512adbe76fc02e649e21,156,True
1,25546267,USDC_USDT,0x3041cbd36888becc7bbcbc0045e3b1f144466f5f,0xa0b86991c6218b36c1d19d4a2e9eb0ce3606eb48,0xdac17f958d2ee523a2206206994597c13d831ec7,1667637412282,1665891820774,carried_forward,sync_log,25546221,0x18468b3a54a5d0ae8286d9416b588e28b802cf133f5286a9496d166fbd18c1f0,210,True
1,25546267,USDT_WETH,0x0d4a11d5eeaac28ec3f61d100daf4d40471f1852,0xc02aaa39b223fe8d0a0e5c4f27ead9083c756cc2,0xdac17f958d2ee523a2206206994597c13d831ec7,3917539821052685868389,7385380717131,carried_forward,sync_log,25546218,0x28c96631927a324617b102d6af40b64561f7bf989ec8d40bf0315151701975c7,217,True
1,25546267,WETH_USDC,0xb4e16d0168e52d35cacd2c6185b44281ec28c9dc,0xa0b86991c6218b36c1d19d4a2e9eb0ce3606eb48,0xc02aaa39b223fe8d0a0e5c4f27ead9083c756cc2,8798464556468,4670188087472579588178,carried_forward,sync_log,25546239,0xa58fc42bba58eb3f9f325a78f9d320fad0ddb262551e512adbe76fc02e649e21,156,True
1,25546268,USDC_USDT,0x3041cbd36888becc7bbcbc0045e3b1f144466f5f,0xa0b86991c6218b36c1d19d4a2e9eb0ce3606eb48,0xdac17f958d2ee523a2206206994597c13d831ec7,1667637412282,1665891820774,carried_forward,sync_log,25546221,0x18468b3a54a5d0ae8286d9416b588e28b802cf133f5286a9496d166fbd18c1f0,210,True
1,25546268,USDT_WETH,0x0d4a11d5eeaac28ec3f61d100daf4d40471f1852,0xc02aaa39b223fe8d0a0e5c4f27ead9083c756cc2,0xdac17f958d2ee523a2206206994597c13d831ec7,3917539821052685868389,7385380717131,carried_forward,sync_log,25546218,0x28c96631927a324617b102d6af40b64561f7bf989ec8d40bf0315151701975c7,217,True
1,25546268,WETH_USDC,0xb4e16d0168e52d35cacd2c6185b44281ec28c9dc,0xa0b86991c6218b36c1d19d4a2e9eb0ce3606eb48,0xc02aaa39b223fe8d0a0e5c4f27ead9083c756cc2,8798464556468,4670188087472579588178,carried_forward,sync_log,25546239,0xa58fc42bba58eb3f9f325a78f9d320fad0ddb262551e512adbe76fc02e649e21,156,True
1,25546269,USDC_USDT,0x3041cbd36888becc7bbcbc0045e3b1f144466f5f,0xa0b86991c6218b36c1d19d4a2e9eb0ce3606eb48,0xdac17f958d2ee523a2206206994597c13d831ec7,1667637412282,1665891820774,carried_forward,sync_log,25546221,0x18468b3a54a5d0ae8286d9416b588e28b802cf133f5286a9496d166fbd18c1f0,210,True
1,25546269,USDT_WETH,0x0d4a11d5eeaac28ec3f61d100daf4d40471f1852,0xc02aaa39b223fe8d0a0e5c4f27ead9083c756cc2,0xdac17f958d2ee523a2206206994597c13d831ec7,3917539821052685868389,7385380717131,carried_forward,sync_log,25546218,0x28c96631927a324617b102d6af40b64561f7bf989ec8d40bf0315151701975c7,217,True
1,25546269,WETH_USDC,0xb4e16d0168e52d35cacd2c6185b44281ec28c9dc,0xa0b86991c6218b36c1d19d4a2e9eb0ce3606eb48,0xc02aaa39b223fe8d0a0e5c4f27ead9083c756cc2,8798464556468,4670188087472579588178,carried_forward,sync_log,25546239,0xa58fc42bba58eb3f9f325a78f9d320fad0ddb262551e512adbe76fc02e649e21,156,True
1,25546270,USDC_USDT,0x3041cbd36888becc7bbcbc0045e3b1f144466f5f,0xa0b86991c6218b36c1d19d4a2e9eb0ce3606eb48,0xdac17f958d2ee523a2206206994597c13d831ec7,1667637412282,1665891820774,carried_forward,sync_log,25546221,0x18468b3a54a5d0ae8286d9416b588e28b802cf133f5286a9496d166fbd18c1f0,210,True
1,25546270,USDT_WETH,0x0d4a11d5eeaac28ec3f61d100daf4d40471f1852,0xc02aaa39b223fe8d0a0e5c4f27ead9083c756cc2,0xdac17f958d2ee523a2206206994597c13d831ec7,3917539821052685868389,7385380717131,carried_forward,sync_log,25546218,0x28c96631927a324617b102d6af40b64561f7bf989ec8d40bf0315151701975c7,217,True
1,25546270,WETH_USDC,0xb4e16d0168e52d35cacd2c6185b44281ec28c9dc,0xa0b86991c6218b36c1d19d4a2e9eb0ce3606eb48,0xc02aaa39b223fe8d0a0e5c4f27ead9083c756cc2,8798464556468,4670188087472579588178,carried_forward,sync_log,25546239,0xa58fc42bba58eb3f9f325a78f9d320fad0ddb262551e512adbe76fc02e649e21,156,True
1,25546271,USDC_USDT,0x3041cbd36888becc7bbcbc0045e3b1f144466f5f,0xa0b86991c6218b36c1d19d4a2e9eb0ce3606eb48,0xdac17f958d2ee523a2206206994597c13d831ec7,1667637412282,1665891820774,carried_forward,sync_log,25546221,0x18468b3a54a5d0ae8286d9416b588e28b802cf133f5286a9496d166fbd18c1f0,210,True
1,25546271,USDT_WETH,0x0d4a11d5eeaac28ec3f61d100daf4d40471f1852,0xc02aaa39b223fe8d0a0e5c4f27ead9083c756cc2,0xdac17f958d2ee523a2206206994597c13d831ec7,3917539821052685868389,7385380717131,carried_forward,sync_log,25546218,0x28c96631927a324617b102d6af40b64561f7bf989ec8d40bf0315151701975c7,217,True
1,25546271,WETH_USDC,0xb4e16d0168e52d35cacd2c6185b44281ec28c9dc,0xa0b86991c6218b36c1d19d4a2e9eb0ce3606eb48,0xc02aaa39b223fe8d0a0e5c4f27ead9083c756cc2,8798464556468,4670188087472579588178,carried_forward,sync_log,25546239,0xa58fc42bba58eb3f9f325a78f9d320fad0ddb262551e512adbe76fc02e649e21,156,True
1,25546272,USDC_USDT,0x3041cbd36888becc7bbcbc0045e3b1f144466f5f,0xa0b86991c6218b36c1d19d4a2e9eb0ce3606eb48,0xdac17f958d2ee523a2206206994597c13d831ec7,1667637412282,1665891820774,carried_forward,sync_log,25546221,0x18468b3a54a5d0ae8286d9416b588e28b802cf133f5286a9496d166fbd18c1f0,210,True
1,25546272,USDT_WETH,0x0d4a11d5eeaac28ec3f61d100daf4d40471f1852,0xc02aaa39b223fe8d0a0e5c4f27ead9083c756cc2,0xdac17f958d2ee523a2206206994597c13d831ec7,3917539821052685868389,7385380717131,carried_forward,sync_log,25546218,0x28c96631927a324617b102d6af40b64561f7bf989ec8d40bf0315151701975c7,217,True
1,25546272,WETH_USDC,0xb4e16d0168e52d35cacd2c6185b44281ec28c9dc,0xa0b86991c6218b36c1d19d4a2e9eb0ce3606eb48,0xc02aaa39b223fe8d0a0e5c4f27ead9083c756cc2,8798464556468,4670188087472579588178,carried_forward,sync_log,25546239,0xa58fc42bba58eb3f9f325a78f9d320fad0ddb262551e512adbe76fc02e649e21,156,True
1,25546273,USDC_USDT,0x3041cbd36888becc7bbcbc0045e3b1f144466f5f,0xa0b86991c6218b36c1d19d4a2e9eb0ce3606eb48,0xdac17f958d2ee523a2206206994597c13d831ec7,1667637412282,1665891820774,carried_forward,sync_log,25546221,0x18468b3a54a5d0ae8286d9416b588e28b802cf133f5286a9496d166fbd18c1f0,210,True
1,25546273,USDT_WETH,0x0d4a11d5eeaac28ec3f61d100daf4d40471f1852,0xc02aaa39b223fe8d0a0e5c4f27ead9083c756cc2,0xdac17f958d2ee523a2206206994597c13d831ec7,3917539821052685868389,7385380717131,carried_forward,sync_log,25546218,0x28c96631927a324617b102d6af40b64561f7bf989ec8d40bf0315151701975c7,217,True
1,25546273,WETH_USDC,0xb4e16d0168e52d35cacd2c6185b44281ec28c9dc,0xa0b86991c6218b36c1d19d4a2e9eb0ce3606eb48,0xc02aaa39b223fe8d0a0e5c4f27ead9083c756cc2,8798464556468,4670188087472579588178,carried_forward,sync_log,25546239,0xa58fc42bba58eb3f9f325a78f9d320fad0ddb262551e512adbe76fc02e649e21,156,True
1,25546274,USDC_USDT,0x3041cbd36888becc7bbcbc0045e3b1f144466f5f,0xa0b86991c6218b36c1d19d4a2e9eb0ce3606eb48,0xdac17f958d2ee523a2206206994597c13d831ec7,1667637412282,1665891820774,carried_forward,sync_log,25546221,0x18468b3a54a5d0ae8286d9416b588e28b802cf133f5286a9496d166fbd18c1f0,210,True
1,25546274,USDT_WETH,0x0d4a11d5eeaac28ec3f61d100daf4d40471f1852,0xc02aaa39b223fe8d0a0e5c4f27ead9083c756cc2,0xdac17f958d2ee523a2206206994597c13d831ec7,3917539821052685868389,7385380717131,carried_forward,sync_log,25546218,0x28c96631927a324617b102d6af40b64561f7bf989ec8d40bf0315151701975c7,217,True
1,25546274,WETH_USDC,0xb4e16d0168e52d35cacd2c6185b44281ec28c9dc,0xa0b86991c6218b36c1d19d4a2e9eb0ce3606eb48,0xc02aaa39b223fe8d0a0e5c4f27ead9083c756cc2,8798464556468,4670188087472579588178,carried_forward,sync_log,25546239,0xa58fc42bba58eb3f9f325a78f9d320fad0ddb262551e512adbe76fc02e649e21,156,True
1,25546275,USDC_USDT,0x3041cbd36888becc7bbcbc0045e3b1f144466f5f,0xa0b86991c6218b36c1d19d4a2e9eb0ce3606eb48,0xdac17f958d2ee523a2206206994597c13d831ec7,1667637412282,1665891820774,carried_forward,sync_log,25546221,0x18468b3a54a5d0ae8286d9416b588e28b802cf133f5286a9496d166fbd18c1f0,210,True
1,25546275,USDT_WETH,0x0d4a11d5eeaac28ec3f61d100daf4d40471f1852,0xc02aaa39b223fe8d0a0e5c4f27ead9083c756cc2,0xdac17f958d2ee523a2206206994597c13d831ec7,3917539821052685868389,7385380717131,carried_forward,sync_log,25546218,0x28c96631927a324617b102d6af40b64561f7bf989ec8d40bf0315151701975c7,217,True
1,25546275,WETH_USDC,0xb4e16d0168e52d35cacd2c6185b44281ec28c9dc,0xa0b86991c6218b36c1d19d4a2e9eb0ce3606eb48,0xc02aaa39b223fe8d0a0e5c4f27ead9083c756cc2,8798464556468,4670188087472579588178,carried_forward,sync_log,25546239,0xa58fc42bba58eb3f9f325a78f9d320fad0ddb262551e512adbe76fc02e649e21,156,True
1,25546276,USDC_USDT,0x3041cbd36888becc7bbcbc0045e3b1f144466f5f,0xa0b86991c6218b36c1d19d4a2e9eb0ce3606eb48,0xdac17f958d2ee523a2206206994597c13d831ec7,1667637412282,1665891820774,carried_forward,sync_log,25546221,0x18468b3a54a5d0ae8286d9416b588e28b802cf133f5286a9496d166fbd18c1f0,210,True
1,25546276,USDT_WETH,0x0d4a11d5eeaac28ec3f61d100daf4d40471f1852,0xc02aaa39b223fe8d0a0e5c4f27ead9083c756cc2,0xdac17f958d2ee523a2206206994597c13d831ec7,3917539821052685868389,7385380717131,carried_forward,sync_log,25546218,0x28c96631927a324617b102d6af40b64561f7bf989ec8d40bf0315151701975c7,217,True
1,25546276,WETH_USDC,0xb4e16d0168e52d35cacd2c6185b44281ec28c9dc,0xa0b86991c6218b36c1d19d4a2e9eb0ce3606eb48,0xc02aaa39b223fe8d0a0e5c4f27ead9083c756cc2,8798464556468,4670188087472579588178,carried_forward,sync_log,25546239,0xa58fc42bba58eb3f9f325a78f9d320fad0ddb262551e512adbe76fc02e649e21,156,True
1,25546277,USDC_USDT,0x3041cbd36888becc7bbcbc0045e3b1f144466f5f,0xa0b86991c6218b36c1d19d4a2e9eb0ce3606eb48,0xdac17f958d2ee523a2206206994597c13d831ec7,1667637412282,1665891820774,carried_forward,sync_log,25546221,0x18468b3a54a5d0ae8286d9416b588e28b802cf133f5286a9496d166fbd18c1f0,210,True
1,25546277,USDT_WETH,0x0d4a11d5eeaac28ec3f61d100daf4d40471f1852,0xc02aaa39b223fe8d0a0e5c4f27ead9083c756cc2,0xdac17f958d2ee523a2206206994597c13d831ec7,3917539821052685868389,7385380717131,carried_forward,sync_log,25546218,0x28c96631927a324617b102d6af40b64561f7bf989ec8d40bf0315151701975c7,217,True
1,25546277,WETH_USDC,0xb4e16d0168e52d35cacd2c6185b44281ec28c9dc,0xa0b86991c6218b36c1d19d4a2e9eb0ce3606eb48,0xc02aaa39b223fe8d0a0e5c4f27ead9083c756cc2,8798464556468,4670188087472579588178,carried_forward,sync_log,25546239,0xa58fc42bba58eb3f9f325a78f9d320fad0ddb262551e512adbe76fc02e649e21,156,True
1,25546278,USDC_USDT,0x3041cbd36888becc7bbcbc0045e3b1f144466f5f,0xa0b86991c6218b36c1d19d4a2e9eb0ce3606eb48,0xdac17f958d2ee523a2206206994597c13d831ec7,1667637412282,1665891820774,carried_forward,sync_log,25546221,0x18468b3a54a5d0ae8286d9416b588e28b802cf133f5286a9496d166fbd18c1f0,210,True
1,25546278,USDT_WETH,0x0d4a11d5eeaac28ec3f61d100daf4d40471f1852,0xc02aaa39b223fe8d0a0e5c4f27ead9083c756cc2,0xdac17f958d2ee523a2206206994597c13d831ec7,3917539821052685868389,7385380717131,carried_forward,sync_log,25546218,0x28c96631927a324617b102d6af40b64561f7bf989ec8d40bf0315151701975c7,217,True
1,25546278,WETH_USDC,0xb4e16d0168e52d35cacd2c6185b44281ec28c9dc,0xa0b86991c6218b36c1d19d4a2e9eb0ce3606eb48,0xc02aaa39b223fe8d0a0e5c4f27ead9083c756cc2,8798464556468,4670188087472579588178,carried_forward,sync_log,25546239,0xa58fc42bba58eb3f9f325a78f9d320fad0ddb262551e512adbe76fc02e649e21,156,True
1,25546279,USDC_USDT,0x3041cbd36888becc7bbcbc0045e3b1f144466f5f,0xa0b86991c6218b36c1d19d4a2e9eb0ce3606eb48,0xdac17f958d2ee523a2206206994597c13d831ec7,1667637412282,1665891820774,carried_forward,sync_log,25546221,0x18468b3a54a5d0ae8286d9416b588e28b802cf133f5286a9496d166fbd18c1f0,210,True
1,25546279,USDT_WETH,0x0d4a11d5eeaac28ec3f61d100daf4d40471f1852,0xc02aaa39b223fe8d0a0e5c4f27ead9083c756cc2,0xdac17f958d2ee523a2206206994597c13d831ec7,3917539821052685868389,7385380717131,carried_forward,sync_log,25546218,0x28c96631927a324617b102d6af40b64561f7bf989ec8d40bf0315151701975c7,217,True
1,25546279,WETH_USDC,0xb4e16d0168e52d35cacd2c6185b44281ec28c9dc,0xa0b86991c6218b36c1d19d4a2e9eb0ce3606eb48,0xc02aaa39b223fe8d0a0e5c4f27ead9083c756cc2,8798464556468,4670188087472579588178,carried_forward,sync_log,25546239,0xa58fc42bba58eb3f9f325a78f9d320fad0ddb262551e512adbe76fc02e649e21,156,True
1,25546280,USDC_USDT,0x3041cbd36888becc7bbcbc0045e3b1f144466f5f,0xa0b86991c6218b36c1d19d4a2e9eb0ce3606eb48,0xdac17f958d2ee523a2206206994597c13d831ec7,1667637412282,1665891820774,carried_forward,sync_log,25546221,0x18468b3a54a5d0ae8286d9416b588e28b802cf133f5286a9496d166fbd18c1f0,210,True
1,25546280,USDT_WETH,0x0d4a11d5eeaac28ec3f61d100daf4d40471f1852,0xc02aaa39b223fe8d0a0e5c4f27ead9083c756cc2,0xdac17f958d2ee523a2206206994597c13d831ec7,3917539821052685868389,7385380717131,carried_forward,sync_log,25546218,0x28c96631927a324617b102d6af40b64561f7bf989ec8d40bf0315151701975c7,217,True
1,25546280,WETH_USDC,0xb4e16d0168e52d35cacd2c6185b44281ec28c9dc,0xa0b86991c6218b36c1d19d4a2e9eb0ce3606eb48,0xc02aaa39b223fe8d0a0e5c4f27ead9083c756cc2,8798459736069,4670190653821090245627,observed_sync,sync_log,25546280,0xb69a06ffd6f2da9ed0bba47fdd9d1480074633b92f0db76225f4c27487b31ed7,189,True
1,25546281,USDC_USDT,0x3041cbd36888becc7bbcbc0045e3b1f144466f5f,0xa0b86991c6218b36c1d19d4a2e9eb0ce3606eb48,0xdac17f958d2ee523a2206206994597c13d831ec7,1667637412282,1665891820774,carried_forward,sync_log,25546221,0x18468b3a54a5d0ae8286d9416b588e28b802cf133f5286a9496d166fbd18c1f0,210,True
1,25546281,USDT_WETH,0x0d4a11d5eeaac28ec3f61d100daf4d40471f1852,0xc02aaa39b223fe8d0a0e5c4f27ead9083c756cc2,0xdac17f958d2ee523a2206206994597c13d831ec7,3917539821052685868389,7385380717131,carried_forward,sync_log,25546218,0x28c96631927a324617b102d6af40b64561f7bf989ec8d40bf0315151701975c7,217,True
1,25546281,WETH_USDC,0xb4e16d0168e52d35cacd2c6185b44281ec28c9dc,0xa0b86991c6218b36c1d19d4a2e9eb0ce3606eb48,0xc02aaa39b223fe8d0a0e5c4f27ead9083c756cc2,8798459736069,4670190653821090245627,carried_forward,sync_log,25546280,0xb69a06ffd6f2da9ed0bba47fdd9d1480074633b92f0db76225f4c27487b31ed7,189,True
1,25546282,USDC_USDT,0x3041cbd36888becc7bbcbc0045e3b1f144466f5f,0xa0b86991c6218b36c1d19d4a2e9eb0ce3606eb48,0xdac17f958d2ee523a2206206994597c13d831ec7,1667138539216,1666391820774,observed_sync,sync_log,25546282,0x0743e11e70facd40c5d14ebf5d5beab41bfea1ec63515b59f265c332f733786c,289,True
1,25546282,USDT_WETH,0x0d4a11d5eeaac28ec3f61d100daf4d40471f1852,0xc02aaa39b223fe8d0a0e5c4f27ead9083c756cc2,0xdac17f958d2ee523a2206206994597c13d831ec7,3917539821052685868389,7385380717131,carried_forward,sync_log,25546218,0x28c96631927a324617b102d6af40b64561f7bf989ec8d40bf0315151701975c7,217,True
1,25546282,WETH_USDC,0xb4e16d0168e52d35cacd2c6185b44281ec28c9dc,0xa0b86991c6218b36c1d19d4a2e9eb0ce3606eb48,0xc02aaa39b223fe8d0a0e5c4f27ead9083c756cc2,8798459736069,4670190653821090245627,carried_forward,sync_log,25546280,0xb69a06ffd6f2da9ed0bba47fdd9d1480074633b92f0db76225f4c27487b31ed7,189,True
1,25546283,USDC_USDT,0x3041cbd36888becc7bbcbc0045e3b1f144466f5f,0xa0b86991c6218b36c1d19d4a2e9eb0ce3606eb48,0xdac17f958d2ee523a2206206994597c13d831ec7,1667138539216,1666391820774,carried_forward,sync_log,25546282,0x0743e11e70facd40c5d14ebf5d5beab41bfea1ec63515b59f265c332f733786c,289,True
1,25546283,USDT_WETH,0x0d4a11d5eeaac28ec3f61d100daf4d40471f1852,0xc02aaa39b223fe8d0a0e5c4f27ead9083c756cc2,0xdac17f958d2ee523a2206206994597c13d831ec7,3917539821052685868389,7385380717131,carried_forward,sync_log,25546218,0x28c96631927a324617b102d6af40b64561f7bf989ec8d40bf0315151701975c7,217,True
1,25546283,WETH_USDC,0xb4e16d0168e52d35cacd2c6185b44281ec28c9dc,0xa0b86991c6218b36c1d19d4a2e9eb0ce3606eb48,0xc02aaa39b223fe8d0a0e5c4f27ead9083c756cc2,8798459736069,4670190653821090245627,carried_forward,sync_log,25546280,0xb69a06ffd6f2da9ed0bba47fdd9d1480074633b92f0db76225f4c27487b31ed7,189,True
1,25546284,USDC_USDT,0x3041cbd36888becc7bbcbc0045e3b1f144466f5f,0xa0b86991c6218b36c1d19d4a2e9eb0ce3606eb48,0xdac17f958d2ee523a2206206994597c13d831ec7,1667138539216,1666391820774,carried_forward,sync_log,25546282,0x0743e11e70facd40c5d14ebf5d5beab41bfea1ec63515b59f265c332f733786c,289,True
1,25546284,USDT_WETH,0x0d4a11d5eeaac28ec3f61d100daf4d40471f1852,0xc02aaa39b223fe8d0a0e5c4f27ead9083c756cc2,0xdac17f958d2ee523a2206206994597c13d831ec7,3917539821052685868389,7385380717131,carried_forward,sync_log,25546218,0x28c96631927a324617b102d6af40b64561f7bf989ec8d40bf0315151701975c7,217,True
1,25546284,WETH_USDC,0xb4e16d0168e52d35cacd2c6185b44281ec28c9dc,0xa0b86991c6218b36c1d19d4a2e9eb0ce3606eb48,0xc02aaa39b223fe8d0a0e5c4f27ead9083c756cc2,8798459736069,4670190653821090245627,carried_forward,sync_log,25546280,0xb69a06ffd6f2da9ed0bba47fdd9d1480074633b92f0db76225f4c27487b31ed7,189,True
1,25546285,USDC_USDT,0x3041cbd36888becc7bbcbc0045e3b1f144466f5f,0xa0b86991c6218b36c1d19d4a2e9eb0ce3606eb48,0xdac17f958d2ee523a2206206994597c13d831ec7,1667138539216,1666391820774,carried_forward,sync_log,25546282,0x0743e11e70facd40c5d14ebf5d5beab41bfea1ec63515b59f265c332f733786c,289,True
1,25546285,USDT_WETH,0x0d4a11d5eeaac28ec3f61d100daf4d40471f1852,0xc02aaa39b223fe8d0a0e5c4f27ead9083c756cc2,0xdac17f958d2ee523a2206206994597c13d831ec7,3917539821052685868389,7385380717131,carried_forward,sync_log,25546218,0x28c96631927a324617b102d6af40b64561f7bf989ec8d40bf0315151701975c7,217,True
1,25546285,WETH_USDC,0xb4e16d0168e52d35cacd2c6185b44281ec28c9dc,0xa0b86991c6218b36c1d19d4a2e9eb0ce3606eb48,0xc02aaa39b223fe8d0a0e5c4f27ead9083c756cc2,8798459736069,4670190653821090245627,carried_forward,sync_log,25546280,0xb69a06ffd6f2da9ed0bba47fdd9d1480074633b92f0db76225f4c27487b31ed7,189,True
1,25546286,USDC_USDT,0x3041cbd36888becc7bbcbc0045e3b1f144466f5f,0xa0b86991c6218b36c1d19d4a2e9eb0ce3606eb48,0xdac17f958d2ee523a2206206994597c13d831ec7,1667138539216,1666391820774,carried_forward,sync_log,25546282,0x0743e11e70facd40c5d14ebf5d5beab41bfea1ec63515b59f265c332f733786c,289,True
1,25546286,USDT_WETH,0x0d4a11d5eeaac28ec3f61d100daf4d40471f1852,0xc02aaa39b223fe8d0a0e5c4f27ead9083c756cc2,0xdac17f958d2ee523a2206206994597c13d831ec7,3917539821052685868389,7385380717131,carried_forward,sync_log,25546218,0x28c96631927a324617b102d6af40b64561f7bf989ec8d40bf0315151701975c7,217,True
1,25546286,WETH_USDC,0xb4e16d0168e52d35cacd2c6185b44281ec28c9dc,0xa0b86991c6218b36c1d19d4a2e9eb0ce3606eb48,0xc02aaa39b223fe8d0a0e5c4f27ead9083c756cc2,8798459736069,4670190653821090245627,carried_forward,sync_log,25546280,0xb69a06ffd6f2da9ed0bba47fdd9d1480074633b92f0db76225f4c27487b31ed7,189,True
1,25546287,USDC_USDT,0x3041cbd36888becc7bbcbc0045e3b1f144466f5f,0xa0b86991c6218b36c1d19d4a2e9eb0ce3606eb48,0xdac17f958d2ee523a2206206994597c13d831ec7,1667138539216,1666391820774,carried_forward,sync_log,25546282,0x0743e11e70facd40c5d14ebf5d5beab41bfea1ec63515b59f265c332f733786c,289,True
1,25546287,USDT_WETH,0x0d4a11d5eeaac28ec3f61d100daf4d40471f1852,0xc02aaa39b223fe8d0a0e5c4f27ead9083c756cc2,0xdac17f958d2ee523a2206206994597c13d831ec7,3917539821052685868389,7385380717131,carried_forward,sync_log,25546218,0x28c96631927a324617b102d6af40b64561f7bf989ec8d40bf0315151701975c7,217,True
1,25546287,WETH_USDC,0xb4e16d0168e52d35cacd2c6185b44281ec28c9dc,0xa0b86991c6218b36c1d19d4a2e9eb0ce3606eb48,0xc02aaa39b223fe8d0a0e5c4f27ead9083c756cc2,8798459736069,4670190653821090245627,carried_forward,sync_log,25546280,0xb69a06ffd6f2da9ed0bba47fdd9d1480074633b92f0db76225f4c27487b31ed7,189,True
1,25546288,USDC_USDT,0x3041cbd36888becc7bbcbc0045e3b1f144466f5f,0xa0b86991c6218b36c1d19d4a2e9eb0ce3606eb48,0xdac17f958d2ee523a2206206994597c13d831ec7,1667138539216,1666391820774,carried_forward,sync_log,25546282,0x0743e11e70facd40c5d14ebf5d5beab41bfea1ec63515b59f265c332f733786c,289,True
1,25546288,USDT_WETH,0x0d4a11d5eeaac28ec3f61d100daf4d40471f1852,0xc02aaa39b223fe8d0a0e5c4f27ead9083c756cc2,0xdac17f958d2ee523a2206206994597c13d831ec7,3917539821052685868389,7385380717131,carried_forward,sync_log,25546218,0x28c96631927a324617b102d6af40b64561f7bf989ec8d40bf0315151701975c7,217,True
1,25546288,WETH_USDC,0xb4e16d0168e52d35cacd2c6185b44281ec28c9dc,0xa0b86991c6218b36c1d19d4a2e9eb0ce3606eb48,0xc02aaa39b223fe8d0a0e5c4f27ead9083c756cc2,8798459736069,4670190653821090245627,carried_forward,sync_log,25546280,0xb69a06ffd6f2da9ed0bba47fdd9d1480074633b92f0db76225f4c27487b31ed7,189,True
1,25546289,USDC_USDT,0x3041cbd36888becc7bbcbc0045e3b1f144466f5f,0xa0b86991c6218b36c1d19d4a2e9eb0ce3606eb48,0xdac17f958d2ee523a2206206994597c13d831ec7,1667138539216,1666391820774,carried_forward,sync_log,25546282,0x0743e11e70facd40c5d14ebf5d5beab41bfea1ec63515b59f265c332f733786c,289,True
1,25546289,USDT_WETH,0x0d4a11d5eeaac28ec3f61d100daf4d40471f1852,0xc02aaa39b223fe8d0a0e5c4f27ead9083c756cc2,0xdac17f958d2ee523a2206206994597c13d831ec7,3917539821052685868389,7385380717131,carried_forward,sync_log,25546218,0x28c96631927a324617b102d6af40b64561f7bf989ec8d40bf0315151701975c7,217,True
1,25546289,WETH_USDC,0xb4e16d0168e52d35cacd2c6185b44281ec28c9dc,0xa0b86991c6218b36c1d19d4a2e9eb0ce3606eb48,0xc02aaa39b223fe8d0a0e5c4f27ead9083c756cc2,8798459736069,4670190653821090245627,carried_forward,sync_log,25546280,0xb69a06ffd6f2da9ed0bba47fdd9d1480074633b92f0db76225f4c27487b31ed7,189,True
1,25546290,USDC_USDT,0x3041cbd36888becc7bbcbc0045e3b1f144466f5f,0xa0b86991c6218b36c1d19d4a2e9eb0ce3606eb48,0xdac17f958d2ee523a2206206994597c13d831ec7,1667138539216,1666391820774,carried_forward,sync_log,25546282,0x0743e11e70facd40c5d14ebf5d5beab41bfea1ec63515b59f265c332f733786c,289,True
1,25546290,USDT_WETH,0x0d4a11d5eeaac28ec3f61d100daf4d40471f1852,0xc02aaa39b223fe8d0a0e5c4f27ead9083c756cc2,0xdac17f958d2ee523a2206206994597c13d831ec7,3917539821052685868389,7385380717131,carried_forward,sync_log,25546218,0x28c96631927a324617b102d6af40b64561f7bf989ec8d40bf0315151701975c7,217,True
1,25546290,WETH_USDC,0xb4e16d0168e52d35cacd2c6185b44281ec28c9dc,0xa0b86991c6218b36c1d19d4a2e9eb0ce3606eb48,0xc02aaa39b223fe8d0a0e5c4f27ead9083c756cc2,8798459736069,4670190653821090245627,carried_forward,sync_log,25546280,0xb69a06ffd6f2da9ed0bba47fdd9d1480074633b92f0db76225f4c27487b31ed7,189,True
1,25546291,USDC_USDT,0x3041cbd36888becc7bbcbc0045e3b1f144466f5f,0xa0b86991c6218b36c1d19d4a2e9eb0ce3606eb48,0xdac17f958d2ee523a2206206994597c13d831ec7,1667138539216,1666391820774,carried_forward,sync_log,25546282,0x0743e11e70facd40c5d14ebf5d5beab41bfea1ec63515b59f265c332f733786c,289,True
1,25546291,USDT_WETH,0x0d4a11d5eeaac28ec3f61d100daf4d40471f1852,0xc02aaa39b223fe8d0a0e5c4f27ead9083c756cc2,0xdac17f958d2ee523a2206206994597c13d831ec7,3917613103695356381034,7385242981073,observed_sync,sync_log,25546291,0x787aae892208aee4bc37f6af8f59713a078bfd34078b016fb4d31f9dc88835a9,571,True
1,25546291,WETH_USDC,0xb4e16d0168e52d35cacd2c6185b44281ec28c9dc,0xa0b86991c6218b36c1d19d4a2e9eb0ce3606eb48,0xc02aaa39b223fe8d0a0e5c4f27ead9083c756cc2,8798459736069,4670190653821090245627,carried_forward,sync_log,25546280,0xb69a06ffd6f2da9ed0bba47fdd9d1480074633b92f0db76225f4c27487b31ed7,189,True
1,25546292,USDC_USDT,0x3041cbd36888becc7bbcbc0045e3b1f144466f5f,0xa0b86991c6218b36c1d19d4a2e9eb0ce3606eb48,0xdac17f958d2ee523a2206206994597c13d831ec7,1667118640391,1666411770774,observed_sync,sync_log,25546292,0xb37e100c6e4311afcb8d898ed7c1046cd2ab59972f2f22eb8c4f8f8bd174a548,235,True
1,25546292,USDT_WETH,0x0d4a11d5eeaac28ec3f61d100daf4d40471f1852,0xc02aaa39b223fe8d0a0e5c4f27ead9083c756cc2,0xdac17f958d2ee523a2206206994597c13d831ec7,3917613103695356381034,7385242981073,carried_forward,sync_log,25546291,0x787aae892208aee4bc37f6af8f59713a078bfd34078b016fb4d31f9dc88835a9,571,True
1,25546292,WETH_USDC,0xb4e16d0168e52d35cacd2c6185b44281ec28c9dc,0xa0b86991c6218b36c1d19d4a2e9eb0ce3606eb48,0xc02aaa39b223fe8d0a0e5c4f27ead9083c756cc2,8798459736069,4670190653821090245627,carried_forward,sync_log,25546280,0xb69a06ffd6f2da9ed0bba47fdd9d1480074633b92f0db76225f4c27487b31ed7,189,True
1,25546293,USDC_USDT,0x3041cbd36888becc7bbcbc0045e3b1f144466f5f,0xa0b86991c6218b36c1d19d4a2e9eb0ce3606eb48,0xdac17f958d2ee523a2206206994597c13d831ec7,1667118640391,1666411770774,carried_forward,sync_log,25546292,0xb37e100c6e4311afcb8d898ed7c1046cd2ab59972f2f22eb8c4f8f8bd174a548,235,True
1,25546293,USDT_WETH,0x0d4a11d5eeaac28ec3f61d100daf4d40471f1852,0xc02aaa39b223fe8d0a0e5c4f27ead9083c756cc2,0xdac17f958d2ee523a2206206994597c13d831ec7,3917613103695356381034,7385242981073,carried_forward,sync_log,25546291,0x787aae892208aee4bc37f6af8f59713a078bfd34078b016fb4d31f9dc88835a9,571,True
1,25546293,WETH_USDC,0xb4e16d0168e52d35cacd2c6185b44281ec28c9dc,0xa0b86991c6218b36c1d19d4a2e9eb0ce3606eb48,0xc02aaa39b223fe8d0a0e5c4f27ead9083c756cc2,8798459736069,4670190653821090245627,carried_forward,sync_log,25546280,0xb69a06ffd6f2da9ed0bba47fdd9d1480074633b92f0db76225f4c27487b31ed7,189,True
1,25546294,USDC_USDT,0x3041cbd36888becc7bbcbc0045e3b1f144466f5f,0xa0b86991c6218b36c1d19d4a2e9eb0ce3606eb48,0xdac17f958d2ee523a2206206994597c13d831ec7,1667118640391,1666411770774,carried_forward,sync_log,25546292,0xb37e100c6e4311afcb8d898ed7c1046cd2ab59972f2f22eb8c4f8f8bd174a548,235,True
1,25546294,USDT_WETH,0x0d4a11d5eeaac28ec3f61d100daf4d40471f1852,0xc02aaa39b223fe8d0a0e5c4f27ead9083c756cc2,0xdac17f958d2ee523a2206206994597c13d831ec7,3917613103695356381034,7385242981073,carried_forward,sync_log,25546291,0x787aae892208aee4bc37f6af8f59713a078bfd34078b016fb4d31f9dc88835a9,571,True
1,25546294,WETH_USDC,0xb4e16d0168e52d35cacd2c6185b44281ec28c9dc,0xa0b86991c6218b36c1d19d4a2e9eb0ce3606eb48,0xc02aaa39b223fe8d0a0e5c4f27ead9083c756cc2,8798459736069,4670190653821090245627,carried_forward,sync_log,25546280,0xb69a06ffd6f2da9ed0bba47fdd9d1480074633b92f0db76225f4c27487b31ed7,189,True
1,25546295,USDC_USDT,0x3041cbd36888becc7bbcbc0045e3b1f144466f5f,0xa0b86991c6218b36c1d19d4a2e9eb0ce3606eb48,0xdac17f958d2ee523a2206206994597c13d831ec7,1667118640391,1666411770774,carried_forward,sync_log,25546292,0xb37e100c6e4311afcb8d898ed7c1046cd2ab59972f2f22eb8c4f8f8bd174a548,235,True
1,25546295,USDT_WETH,0x0d4a11d5eeaac28ec3f61d100daf4d40471f1852,0xc02aaa39b223fe8d0a0e5c4f27ead9083c756cc2,0xdac17f958d2ee523a2206206994597c13d831ec7,3918532652089258107114,7383515113300,observed_sync,sync_log,25546295,0x9b7b0f4ea9a006b28b3bb575309411b40ce8e3ec054805e47f061755657fba1e,121,True
1,25546295,WETH_USDC,0xb4e16d0168e52d35cacd2c6185b44281ec28c9dc,0xa0b86991c6218b36c1d19d4a2e9eb0ce3606eb48,0xc02aaa39b223fe8d0a0e5c4f27ead9083c756cc2,8796391646786,4671291952319614200571,observed_sync,sync_log,25546295,0xcbc46ae3f046ac1d2e6b42b05ee9584fe16221bca198565eec995471fc1ee371,110,True
1,25546296,USDC_USDT,0x3041cbd36888becc7bbcbc0045e3b1f144466f5f,0xa0b86991c6218b36c1d19d4a2e9eb0ce3606eb48,0xdac17f958d2ee523a2206206994597c13d831ec7,1667118640391,1666411770774,carried_forward,sync_log,25546292,0xb37e100c6e4311afcb8d898ed7c1046cd2ab59972f2f22eb8c4f8f8bd174a548,235,True
1,25546296,USDT_WETH,0x0d4a11d5eeaac28ec3f61d100daf4d40471f1852,0xc02aaa39b223fe8d0a0e5c4f27ead9083c756cc2,0xdac17f958d2ee523a2206206994597c13d831ec7,3918532652089258107114,7383515113300,carried_forward,sync_log,25546295,0x9b7b0f4ea9a006b28b3bb575309411b40ce8e3ec054805e47f061755657fba1e,121,True
1,25546296,WETH_USDC,0xb4e16d0168e52d35cacd2c6185b44281ec28c9dc,0xa0b86991c6218b36c1d19d4a2e9eb0ce3606eb48,0xc02aaa39b223fe8d0a0e5c4f27ead9083c756cc2,8796391646786,4671291952319614200571,carried_forward,sync_log,25546295,0xcbc46ae3f046ac1d2e6b42b05ee9584fe16221bca198565eec995471fc1ee371,110,True
1,25546297,USDC_USDT,0x3041cbd36888becc7bbcbc0045e3b1f144466f5f,0xa0b86991c6218b36c1d19d4a2e9eb0ce3606eb48,0xdac17f958d2ee523a2206206994597c13d831ec7,1667118640391,1666411770774,carried_forward,sync_log,25546292,0xb37e100c6e4311afcb8d898ed7c1046cd2ab59972f2f22eb8c4f8f8bd174a548,235,True
1,25546297,USDT_WETH,0x0d4a11d5eeaac28ec3f61d100daf4d40471f1852,0xc02aaa39b223fe8d0a0e5c4f27ead9083c756cc2,0xdac17f958d2ee523a2206206994597c13d831ec7,3919494372152457734890,7381708869335,observed_sync,sync_log,25546297,0xc30029c3044a53c1cf6ae6801ebe3f99e5b69565ab3a90fd1afb24f167f410bd,72,True
1,25546297,WETH_USDC,0xb4e16d0168e52d35cacd2c6185b44281ec28c9dc,0xa0b86991c6218b36c1d19d4a2e9eb0ce3606eb48,0xc02aaa39b223fe8d0a0e5c4f27ead9083c756cc2,8794184313996,4672467973036965019387,observed_sync,sync_log,25546297,0x1c8a35fb16c366610fbe4db7f20f282d5ca61489d753918b0f334a4492b78d90,57,True
1,25546298,USDC_USDT,0x3041cbd36888becc7bbcbc0045e3b1f144466f5f,0xa0b86991c6218b36c1d19d4a2e9eb0ce3606eb48,0xdac17f958d2ee523a2206206994597c13d831ec7,1667118640391,1666411770774,carried_forward,sync_log,25546292,0xb37e100c6e4311afcb8d898ed7c1046cd2ab59972f2f22eb8c4f8f8bd174a548,235,True
1,25546298,USDT_WETH,0x0d4a11d5eeaac28ec3f61d100daf4d40471f1852,0xc02aaa39b223fe8d0a0e5c4f27ead9083c756cc2,0xdac17f958d2ee523a2206206994597c13d831ec7,3919567012556156825472,7381572476283,observed_sync,sync_log,25546298,0x10625f5d5b845d405d9c6dc4f2cf721593b6ce8239fed695ce2f3f880b6f6dc0,199,True
1,25546298,WETH_USDC,0xb4e16d0168e52d35cacd2c6185b44281ec28c9dc,0xa0b86991c6218b36c1d19d4a2e9eb0ce3606eb48,0xc02aaa39b223fe8d0a0e5c4f27ead9083c756cc2,8794184313996,4672467973036965019387,carried_forward,sync_log,25546297,0x1c8a35fb16c366610fbe4db7f20f282d5ca61489d753918b0f334a4492b78d90,57,True
1,25546299,USDC_USDT,0x3041cbd36888becc7bbcbc0045e3b1f144466f5f,0xa0b86991c6218b36c1d19d4a2e9eb0ce3606eb48,0xdac17f958d2ee523a2206206994597c13d831ec7,1667118640391,1666411770774,carried_forward,sync_log,25546292,0xb37e100c6e4311afcb8d898ed7c1046cd2ab59972f2f22eb8c4f8f8bd174a548,235,True
1,25546299,USDT_WETH,0x0d4a11d5eeaac28ec3f61d100daf4d40471f1852,0xc02aaa39b223fe8d0a0e5c4f27ead9083c756cc2,0xdac17f958d2ee523a2206206994597c13d831ec7,3919567012556156825472,7381572476283,carried_forward,sync_log,25546298,0x10625f5d5b845d405d9c6dc4f2cf721593b6ce8239fed695ce2f3f880b6f6dc0,199,True
1,25546299,WETH_USDC,0xb4e16d0168e52d35cacd2c6185b44281ec28c9dc,0xa0b86991c6218b36c1d19d4a2e9eb0ce3606eb48,0xc02aaa39b223fe8d0a0e5c4f27ead9083c756cc2,8794184313996,4672467973036965019387,carried_forward,sync_log,25546297,0x1c8a35fb16c366610fbe4db7f20f282d5ca61489d753918b0f334a4492b78d90,57,True
1,25546300,USDC_USDT,0x3041cbd36888becc7bbcbc0045e3b1f144466f5f,0xa0b86991c6218b36c1d19d4a2e9eb0ce3606eb48,0xdac17f958d2ee523a2206206994597c13d831ec7,1667118640391,1666411770774,carried_forward,sync_log,25546292,0xb37e100c6e4311afcb8d898ed7c1046cd2ab59972f2f22eb8c4f8f8bd174a548,235,True
1,25546300,USDT_WETH,0x0d4a11d5eeaac28ec3f61d100daf4d40471f1852,0xc02aaa39b223fe8d0a0e5c4f27ead9083c756cc2,0xdac17f958d2ee523a2206206994597c13d831ec7,3919567012556156825472,7381572476283,carried_forward,sync_log,25546298,0x10625f5d5b845d405d9c6dc4f2cf721593b6ce8239fed695ce2f3f880b6f6dc0,199,True
1,25546300,WETH_USDC,0xb4e16d0168e52d35cacd2c6185b44281ec28c9dc,0xa0b86991c6218b36c1d19d4a2e9eb0ce3606eb48,0xc02aaa39b223fe8d0a0e5c4f27ead9083c756cc2,8794184313996,4672467973036965019387,carried_forward,sync_log,25546297,0x1c8a35fb16c366610fbe4db7f20f282d5ca61489d753918b0f334a4492b78d90,57,True
1,25546301,USDC_USDT,0x3041cbd36888becc7bbcbc0045e3b1f144466f5f,0xa0b86991c6218b36c1d19d4a2e9eb0ce3606eb48,0xdac17f958d2ee523a2206206994597c13d831ec7,1667118640391,1666411770774,carried_forward,sync_log,25546292,0xb37e100c6e4311afcb8d898ed7c1046cd2ab59972f2f22eb8c4f8f8bd174a548,235,True
1,25546301,USDT_WETH,0x0d4a11d5eeaac28ec3f61d100daf4d40471f1852,0xc02aaa39b223fe8d0a0e5c4f27ead9083c756cc2,0xdac17f958d2ee523a2206206994597c13d831ec7,3919567012556156825472,7381572476283,carried_forward,sync_log,25546298,0x10625f5d5b845d405d9c6dc4f2cf721593b6ce8239fed695ce2f3f880b6f6dc0,199,True
1,25546301,WETH_USDC,0xb4e16d0168e52d35cacd2c6185b44281ec28c9dc,0xa0b86991c6218b36c1d19d4a2e9eb0ce3606eb48,0xc02aaa39b223fe8d0a0e5c4f27ead9083c756cc2,8794184313996,4672467973036965019387,carried_forward,sync_log,25546297,0x1c8a35fb16c366610fbe4db7f20f282d5ca61489d753918b0f334a4492b78d90,57,True
1,25546302,USDC_USDT,0x3041cbd36888becc7bbcbc0045e3b1f144466f5f,0xa0b86991c6218b36c1d19d4a2e9eb0ce3606eb48,0xdac17f958d2ee523a2206206994597c13d831ec7,1667118640391,1666411770774,carried_forward,sync_log,25546292,0xb37e100c6e4311afcb8d898ed7c1046cd2ab59972f2f22eb8c4f8f8bd174a548,235,True
1,25546302,USDT_WETH,0x0d4a11d5eeaac28ec3f61d100daf4d40471f1852,0xc02aaa39b223fe8d0a0e5c4f27ead9083c756cc2,0xdac17f958d2ee523a2206206994597c13d831ec7,3919567012556156825472,7381572476283,carried_forward,sync_log,25546298,0x10625f5d5b845d405d9c6dc4f2cf721593b6ce8239fed695ce2f3f880b6f6dc0,199,True
1,25546302,WETH_USDC,0xb4e16d0168e52d35cacd2c6185b44281ec28c9dc,0xa0b86991c6218b36c1d19d4a2e9eb0ce3606eb48,0xc02aaa39b223fe8d0a0e5c4f27ead9083c756cc2,8794184313996,4672467973036965019387,carried_forward,sync_log,25546297,0x1c8a35fb16c366610fbe4db7f20f282d5ca61489d753918b0f334a4492b78d90,57,True
1,25546303,USDC_USDT,0x3041cbd36888becc7bbcbc0045e3b1f144466f5f,0xa0b86991c6218b36c1d19d4a2e9eb0ce3606eb48,0xdac17f958d2ee523a2206206994597c13d831ec7,1667118640391,1666411770774,carried_forward,sync_log,25546292,0xb37e100c6e4311afcb8d898ed7c1046cd2ab59972f2f22eb8c4f8f8bd174a548,235,True
1,25546303,USDT_WETH,0x0d4a11d5eeaac28ec3f61d100daf4d40471f1852,0xc02aaa39b223fe8d0a0e5c4f27ead9083c756cc2,0xdac17f958d2ee523a2206206994597c13d831ec7,3919567012556156825472,7381572476283,carried_forward,sync_log,25546298,0x10625f5d5b845d405d9c6dc4f2cf721593b6ce8239fed695ce2f3f880b6f6dc0,199,True
1,25546303,WETH_USDC,0xb4e16d0168e52d35cacd2c6185b44281ec28c9dc,0xa0b86991c6218b36c1d19d4a2e9eb0ce3606eb48,0xc02aaa39b223fe8d0a0e5c4f27ead9083c756cc2,8794184313996,4672467973036965019387,carried_forward,sync_log,25546297,0x1c8a35fb16c366610fbe4db7f20f282d5ca61489d753918b0f334a4492b78d90,57,True
1,25546304,USDC_USDT,0x3041cbd36888becc7bbcbc0045e3b1f144466f5f,0xa0b86991c6218b36c1d19d4a2e9eb0ce3606eb48,0xdac17f958d2ee523a2206206994597c13d831ec7,1667118640391,1666411770774,carried_forward,sync_log,25546292,0xb37e100c6e4311afcb8d898ed7c1046cd2ab59972f2f22eb8c4f8f8bd174a548,235,True
1,25546304,USDT_WETH,0x0d4a11d5eeaac28ec3f61d100daf4d40471f1852,0xc02aaa39b223fe8d0a0e5c4f27ead9083c756cc2,0xdac17f958d2ee523a2206206994597c13d831ec7,3919639019130935162390,7381437278320,observed_sync,sync_log,25546304,0xd4e738e3f9a205ccd874053953cd1b2b94d4bdcf33a0906c83a7893e191124c6,178,True
1,25546304,WETH_USDC,0xb4e16d0168e52d35cacd2c6185b44281ec28c9dc,0xa0b86991c6218b36c1d19d4a2e9eb0ce3606eb48,0xc02aaa39b223fe8d0a0e5c4f27ead9083c756cc2,8794184313996,4672467973036965019387,carried_forward,sync_log,25546297,0x1c8a35fb16c366610fbe4db7f20f282d5ca61489d753918b0f334a4492b78d90,57,True
1,25546305,USDC_USDT,0x3041cbd36888becc7bbcbc0045e3b1f144466f5f,0xa0b86991c6218b36c1d19d4a2e9eb0ce3606eb48,0xdac17f958d2ee523a2206206994597c13d831ec7,1667118640391,1666411770774,carried_forward,sync_log,25546292,0xb37e100c6e4311afcb8d898ed7c1046cd2ab59972f2f22eb8c4f8f8bd174a548,235,True
1,25546305,USDT_WETH,0x0d4a11d5eeaac28ec3f61d100daf4d40471f1852,0xc02aaa39b223fe8d0a0e5c4f27ead9083c756cc2,0xdac17f958d2ee523a2206206994597c13d831ec7,3919639019130935162390,7381437278320,carried_forward,sync_log,25546304,0xd4e738e3f9a205ccd874053953cd1b2b94d4bdcf33a0906c83a7893e191124c6,178,True
1,25546305,WETH_USDC,0xb4e16d0168e52d35cacd2c6185b44281ec28c9dc,0xa0b86991c6218b36c1d19d4a2e9eb0ce3606eb48,0xc02aaa39b223fe8d0a0e5c4f27ead9083c756cc2,8794188267071,4672465879017147715386,observed_sync,sync_log,25546305,0x8c3d356145638b6da77f0b621ec50d39da28e0655d46fdd990e95fff54c872b4,253,True
1,25546306,USDC_USDT,0x3041cbd36888becc7bbcbc0045e3b1f144466f5f,0xa0b86991c6218b36c1d19d4a2e9eb0ce3606eb48,0xdac17f958d2ee523a2206206994597c13d831ec7,1667118640391,1666411770774,carried_forward,sync_log,25546292,0xb37e100c6e4311afcb8d898ed7c1046cd2ab59972f2f22eb8c4f8f8bd174a548,235,True
1,25546306,USDT_WETH,0x0d4a11d5eeaac28ec3f61d100daf4d40471f1852,0xc02aaa39b223fe8d0a0e5c4f27ead9083c756cc2,0xdac17f958d2ee523a2206206994597c13d831ec7,3919639019130935162390,7381437278320,carried_forward,sync_log,25546304,0xd4e738e3f9a205ccd874053953cd1b2b94d4bdcf33a0906c83a7893e191124c6,178,True
1,25546306,WETH_USDC,0xb4e16d0168e52d35cacd2c6185b44281ec28c9dc,0xa0b86991c6218b36c1d19d4a2e9eb0ce3606eb48,0xc02aaa39b223fe8d0a0e5c4f27ead9083c756cc2,8794188267071,4672465879017147715386,carried_forward,sync_log,25546305,0x8c3d356145638b6da77f0b621ec50d39da28e0655d46fdd990e95fff54c872b4,253,True
1,25546307,USDC_USDT,0x3041cbd36888becc7bbcbc0045e3b1f144466f5f,0xa0b86991c6218b36c1d19d4a2e9eb0ce3606eb48,0xdac17f958d2ee523a2206206994597c13d831ec7,1667118640391,1666411770774,carried_forward,sync_log,25546292,0xb37e100c6e4311afcb8d898ed7c1046cd2ab59972f2f22eb8c4f8f8bd174a548,235,True
1,25546307,USDT_WETH,0x0d4a11d5eeaac28ec3f61d100daf4d40471f1852,0xc02aaa39b223fe8d0a0e5c4f27ead9083c756cc2,0xdac17f958d2ee523a2206206994597c13d831ec7,3919639019130935162390,7381437278320,carried_forward,sync_log,25546304,0xd4e738e3f9a205ccd874053953cd1b2b94d4bdcf33a0906c83a7893e191124c6,178,True
1,25546307,WETH_USDC,0xb4e16d0168e52d35cacd2c6185b44281ec28c9dc,0xa0b86991c6218b36c1d19d4a2e9eb0ce3606eb48,0xc02aaa39b223fe8d0a0e5c4f27ead9083c756cc2,8794188267071,4672465879017147715386,carried_forward,sync_log,25546305,0x8c3d356145638b6da77f0b621ec50d39da28e0655d46fdd990e95fff54c872b4,253,True
1,25546308,USDC_USDT,0x3041cbd36888becc7bbcbc0045e3b1f144466f5f,0xa0b86991c6218b36c1d19d4a2e9eb0ce3606eb48,0xdac17f958d2ee523a2206206994597c13d831ec7,1667118640391,1666411770774,carried_forward,sync_log,25546292,0xb37e100c6e4311afcb8d898ed7c1046cd2ab59972f2f22eb8c4f8f8bd174a548,235,True
1,25546308,USDT_WETH,0x0d4a11d5eeaac28ec3f61d100daf4d40471f1852,0xc02aaa39b223fe8d0a0e5c4f27ead9083c756cc2,0xdac17f958d2ee523a2206206994597c13d831ec7,3919639019130935162390,7381437278320,carried_forward,sync_log,25546304,0xd4e738e3f9a205ccd874053953cd1b2b94d4bdcf33a0906c83a7893e191124c6,178,True
1,25546308,WETH_USDC,0xb4e16d0168e52d35cacd2c6185b44281ec28c9dc,0xa0b86991c6218b36c1d19d4a2e9eb0ce3606eb48,0xc02aaa39b223fe8d0a0e5c4f27ead9083c756cc2,8794188267071,4672465879017147715386,carried_forward,sync_log,25546305,0x8c3d356145638b6da77f0b621ec50d39da28e0655d46fdd990e95fff54c872b4,253,True
1,25546309,USDC_USDT,0x3041cbd36888becc7bbcbc0045e3b1f144466f5f,0xa0b86991c6218b36c1d19d4a2e9eb0ce3606eb48,0xdac17f958d2ee523a2206206994597c13d831ec7,1667118640391,1666411770774,carried_forward,sync_log,25546292,0xb37e100c6e4311afcb8d898ed7c1046cd2ab59972f2f22eb8c4f8f8bd174a548,235,True
1,25546309,USDT_WETH,0x0d4a11d5eeaac28ec3f61d100daf4d40471f1852,0xc02aaa39b223fe8d0a0e5c4f27ead9083c756cc2,0xdac17f958d2ee523a2206206994597c13d831ec7,3919639019130935162390,7381437278320,carried_forward,sync_log,25546304,0xd4e738e3f9a205ccd874053953cd1b2b94d4bdcf33a0906c83a7893e191124c6,178,True
1,25546309,WETH_USDC,0xb4e16d0168e52d35cacd2c6185b44281ec28c9dc,0xa0b86991c6218b36c1d19d4a2e9eb0ce3606eb48,0xc02aaa39b223fe8d0a0e5c4f27ead9083c756cc2,8794067941539,4672530002773786598299,observed_sync,sync_log,25546309,0x79ae27f0956f9a02611cdab586ffc2a26f27d20b26ab7b9bb97f68b32008ad27,415,True
1,25546310,USDC_USDT,0x3041cbd36888becc7bbcbc0045e3b1f144466f5f,0xa0b86991c6218b36c1d19d4a2e9eb0ce3606eb48,0xdac17f958d2ee523a2206206994597c13d831ec7,1667118640391,1666411770774,carried_forward,sync_log,25546292,0xb37e100c6e4311afcb8d898ed7c1046cd2ab59972f2f22eb8c4f8f8bd174a548,235,True
1,25546310,USDT_WETH,0x0d4a11d5eeaac28ec3f61d100daf4d40471f1852,0xc02aaa39b223fe8d0a0e5c4f27ead9083c756cc2,0xdac17f958d2ee523a2206206994597c13d831ec7,3919639019130935162390,7381437278320,carried_forward,sync_log,25546304,0xd4e738e3f9a205ccd874053953cd1b2b94d4bdcf33a0906c83a7893e191124c6,178,True
1,25546310,WETH_USDC,0xb4e16d0168e52d35cacd2c6185b44281ec28c9dc,0xa0b86991c6218b36c1d19d4a2e9eb0ce3606eb48,0xc02aaa39b223fe8d0a0e5c4f27ead9083c756cc2,8794067941539,4672530002773786598299,carried_forward,sync_log,25546309,0x79ae27f0956f9a02611cdab586ffc2a26f27d20b26ab7b9bb97f68b32008ad27,415,True
1,25546311,USDC_USDT,0x3041cbd36888becc7bbcbc0045e3b1f144466f5f,0xa0b86991c6218b36c1d19d4a2e9eb0ce3606eb48,0xdac17f958d2ee523a2206206994597c13d831ec7,1667118640391,1666411770774,carried_forward,sync_log,25546292,0xb37e100c6e4311afcb8d898ed7c1046cd2ab59972f2f22eb8c4f8f8bd174a548,235,True
1,25546311,USDT_WETH,0x0d4a11d5eeaac28ec3f61d100daf4d40471f1852,0xc02aaa39b223fe8d0a0e5c4f27ead9083c756cc2,0xdac17f958d2ee523a2206206994597c13d831ec7,3919639019130935162390,7381437278320,carried_forward,sync_log,25546304,0xd4e738e3f9a205ccd874053953cd1b2b94d4bdcf33a0906c83a7893e191124c6,178,True
1,25546311,WETH_USDC,0xb4e16d0168e52d35cacd2c6185b44281ec28c9dc,0xa0b86991c6218b36c1d19d4a2e9eb0ce3606eb48,0xc02aaa39b223fe8d0a0e5c4f27ead9083c756cc2,8794067941539,4672530002773786598299,carried_forward,sync_log,25546309,0x79ae27f0956f9a02611cdab586ffc2a26f27d20b26ab7b9bb97f68b32008ad27,415,True
1,25546312,USDC_USDT,0x3041cbd36888becc7bbcbc0045e3b1f144466f5f,0xa0b86991c6218b36c1d19d4a2e9eb0ce3606eb48,0xdac17f958d2ee523a2206206994597c13d831ec7,1667118640391,1666411770774,carried_forward,sync_log,25546292,0xb37e100c6e4311afcb8d898ed7c1046cd2ab59972f2f22eb8c4f8f8bd174a548,235,True
1,25546312,USDT_WETH,0x0d4a11d5eeaac28ec3f61d100daf4d40471f1852,0xc02aaa39b223fe8d0a0e5c4f27ead9083c756cc2,0xdac17f958d2ee523a2206206994597c13d831ec7,3920677253682345658390,7379488466101,observed_sync,sync_log,25546312,0x076e8e45ece8a6315582908d571416064957f326116399a78b00c615922b0210,649,True
1,25546312,WETH_USDC,0xb4e16d0168e52d35cacd2c6185b44281ec28c9dc,0xa0b86991c6218b36c1d19d4a2e9eb0ce3606eb48,0xc02aaa39b223fe8d0a0e5c4f27ead9083c756cc2,8793137329660,4673026002773786598299,observed_sync,sync_log,25546312,0x99851ea6cf62cf07fb78bbdb417d20f21b601a66a698576789aa6b686ed3ba42,230,True
1,25546313,USDC_USDT,0x3041cbd36888becc7bbcbc0045e3b1f144466f5f,0xa0b86991c6218b36c1d19d4a2e9eb0ce3606eb48,0xdac17f958d2ee523a2206206994597c13d831ec7,1667118640391,1666411770774,carried_forward,sync_log,25546292,0xb37e100c6e4311afcb8d898ed7c1046cd2ab59972f2f22eb8c4f8f8bd174a548,235,True
1,25546313,USDT_WETH,0x0d4a11d5eeaac28ec3f61d100daf4d40471f1852,0xc02aaa39b223fe8d0a0e5c4f27ead9083c756cc2,0xdac17f958d2ee523a2206206994597c13d831ec7,3920677253682345658390,7379488466101,carried_forward,sync_log,25546312,0x076e8e45ece8a6315582908d571416064957f326116399a78b00c615922b0210,649,True
1,25546313,WETH_USDC,0xb4e16d0168e52d35cacd2c6185b44281ec28c9dc,0xa0b86991c6218b36c1d19d4a2e9eb0ce3606eb48,0xc02aaa39b223fe8d0a0e5c4f27ead9083c756cc2,8790977184769,4674177727706683540551,observed_sync,sync_log,25546313,0x639d2588eb17522c2976059856b1303c1fbe5dcc36c06ee828e14ba74ae3b4b8,234,True
1,25546314,USDC_USDT,0x3041cbd36888becc7bbcbc0045e3b1f144466f5f,0xa0b86991c6218b36c1d19d4a2e9eb0ce3606eb48,0xdac17f958d2ee523a2206206994597c13d831ec7,1667118640391,1666411770774,carried_forward,sync_log,25546292,0xb37e100c6e4311afcb8d898ed7c1046cd2ab59972f2f22eb8c4f8f8bd174a548,235,True
1,25546314,USDT_WETH,0x0d4a11d5eeaac28ec3f61d100daf4d40471f1852,0xc02aaa39b223fe8d0a0e5c4f27ead9083c756cc2,0xdac17f958d2ee523a2206206994597c13d831ec7,3920677253682345658390,7379488466101,carried_forward,sync_log,25546312,0x076e8e45ece8a6315582908d571416064957f326116399a78b00c615922b0210,649,True
1,25546314,WETH_USDC,0xb4e16d0168e52d35cacd2c6185b44281ec28c9dc,0xa0b86991c6218b36c1d19d4a2e9eb0ce3606eb48,0xc02aaa39b223fe8d0a0e5c4f27ead9083c756cc2,8790977184769,4674177727706683540551,carried_forward,sync_log,25546313,0x639d2588eb17522c2976059856b1303c1fbe5dcc36c06ee828e14ba74ae3b4b8,234,True
1,25546315,USDC_USDT,0x3041cbd36888becc7bbcbc0045e3b1f144466f5f,0xa0b86991c6218b36c1d19d4a2e9eb0ce3606eb48,0xdac17f958d2ee523a2206206994597c13d831ec7,1667118640391,1666411770774,carried_forward,sync_log,25546292,0xb37e100c6e4311afcb8d898ed7c1046cd2ab59972f2f22eb8c4f8f8bd174a548,235,True
1,25546315,USDT_WETH,0x0d4a11d5eeaac28ec3f61d100daf4d40471f1852,0xc02aaa39b223fe8d0a0e5c4f27ead9083c756cc2,0xdac17f958d2ee523a2206206994597c13d831ec7,3920677253682345658390,7379488466101,carried_forward,sync_log,25546312,0x076e8e45ece8a6315582908d571416064957f326116399a78b00c615922b0210,649,True
1,25546315,WETH_USDC,0xb4e16d0168e52d35cacd2c6185b44281ec28c9dc,0xa0b86991c6218b36c1d19d4a2e9eb0ce3606eb48,0xc02aaa39b223fe8d0a0e5c4f27ead9083c756cc2,8790977184769,4674177727706683540551,carried_forward,sync_log,25546313,0x639d2588eb17522c2976059856b1303c1fbe5dcc36c06ee828e14ba74ae3b4b8,234,True
1,25546316,USDC_USDT,0x3041cbd36888becc7bbcbc0045e3b1f144466f5f,0xa0b86991c6218b36c1d19d4a2e9eb0ce3606eb48,0xdac17f958d2ee523a2206206994597c13d831ec7,1667118640391,1666411770774,carried_forward,sync_log,25546292,0xb37e100c6e4311afcb8d898ed7c1046cd2ab59972f2f22eb8c4f8f8bd174a548,235,True
1,25546316,USDT_WETH,0x0d4a11d5eeaac28ec3f61d100daf4d40471f1852,0xc02aaa39b223fe8d0a0e5c4f27ead9083c756cc2,0xdac17f958d2ee523a2206206994597c13d831ec7,3920677253682345658390,7379488466101,carried_forward,sync_log,25546312,0x076e8e45ece8a6315582908d571416064957f326116399a78b00c615922b0210,649,True
1,25546316,WETH_USDC,0xb4e16d0168e52d35cacd2c6185b44281ec28c9dc,0xa0b86991c6218b36c1d19d4a2e9eb0ce3606eb48,0xc02aaa39b223fe8d0a0e5c4f27ead9083c756cc2,8790857369763,4674241626115776239011,observed_sync,sync_log,25546316,0x66f4ceb7345130743fff3917e810c9e94da51fdb43d5dd459b95de7ebfbf8b86,209,True
1,25546317,USDC_USDT,0x3041cbd36888becc7bbcbc0045e3b1f144466f5f,0xa0b86991c6218b36c1d19d4a2e9eb0ce3606eb48,0xdac17f958d2ee523a2206206994597c13d831ec7,1667118640391,1666411770774,carried_forward,sync_log,25546292,0xb37e100c6e4311afcb8d898ed7c1046cd2ab59972f2f22eb8c4f8f8bd174a548,235,True
1,25546317,USDT_WETH,0x0d4a11d5eeaac28ec3f61d100daf4d40471f1852,0xc02aaa39b223fe8d0a0e5c4f27ead9083c756cc2,0xdac17f958d2ee523a2206206994597c13d831ec7,3920677253682345658390,7379488466101,carried_forward,sync_log,25546312,0x076e8e45ece8a6315582908d571416064957f326116399a78b00c615922b0210,649,True
1,25546317,WETH_USDC,0xb4e16d0168e52d35cacd2c6185b44281ec28c9dc,0xa0b86991c6218b36c1d19d4a2e9eb0ce3606eb48,0xc02aaa39b223fe8d0a0e5c4f27ead9083c756cc2,8790857369763,4674241626115776239011,carried_forward,sync_log,25546316,0x66f4ceb7345130743fff3917e810c9e94da51fdb43d5dd459b95de7ebfbf8b86,209,True
1,25546318,USDC_USDT,0x3041cbd36888becc7bbcbc0045e3b1f144466f5f,0xa0b86991c6218b36c1d19d4a2e9eb0ce3606eb48,0xdac17f958d2ee523a2206206994597c13d831ec7,1667118640391,1666411770774,carried_forward,sync_log,25546292,0xb37e100c6e4311afcb8d898ed7c1046cd2ab59972f2f22eb8c4f8f8bd174a548,235,True
1,25546318,USDT_WETH,0x0d4a11d5eeaac28ec3f61d100daf4d40471f1852,0xc02aaa39b223fe8d0a0e5c4f27ead9083c756cc2,0xdac17f958d2ee523a2206206994597c13d831ec7,3920677253682345658390,7379488466101,carried_forward,sync_log,25546312,0x076e8e45ece8a6315582908d571416064957f326116399a78b00c615922b0210,649,True
1,25546318,WETH_USDC,0xb4e16d0168e52d35cacd2c6185b44281ec28c9dc,0xa0b86991c6218b36c1d19d4a2e9eb0ce3606eb48,0xc02aaa39b223fe8d0a0e5c4f27ead9083c756cc2,8790857369763,4674241626115776239011,carried_forward,sync_log,25546316,0x66f4ceb7345130743fff3917e810c9e94da51fdb43d5dd459b95de7ebfbf8b86,209,True
1,25546319,USDC_USDT,0x3041cbd36888becc7bbcbc0045e3b1f144466f5f,0xa0b86991c6218b36c1d19d4a2e9eb0ce3606eb48,0xdac17f958d2ee523a2206206994597c13d831ec7,1667118640391,1666411770774,carried_forward,sync_log,25546292,0xb37e100c6e4311afcb8d898ed7c1046cd2ab59972f2f22eb8c4f8f8bd174a548,235,True
1,25546319,USDT_WETH,0x0d4a11d5eeaac28ec3f61d100daf4d40471f1852,0xc02aaa39b223fe8d0a0e5c4f27ead9083c756cc2,0xdac17f958d2ee523a2206206994597c13d831ec7,3920677253682345658390,7379488466101,carried_forward,sync_log,25546312,0x076e8e45ece8a6315582908d571416064957f326116399a78b00c615922b0210,649,True
1,25546319,WETH_USDC,0xb4e16d0168e52d35cacd2c6185b44281ec28c9dc,0xa0b86991c6218b36c1d19d4a2e9eb0ce3606eb48,0xc02aaa39b223fe8d0a0e5c4f27ead9083c756cc2,8790857369763,4674241626115776239011,carried_forward,sync_log,25546316,0x66f4ceb7345130743fff3917e810c9e94da51fdb43d5dd459b95de7ebfbf8b86,209,True
1,25546320,USDC_USDT,0x3041cbd36888becc7bbcbc0045e3b1f144466f5f,0xa0b86991c6218b36c1d19d4a2e9eb0ce3606eb48,0xdac17f958d2ee523a2206206994597c13d831ec7,1667118640391,1666411770774,carried_forward,sync_log,25546292,0xb37e100c6e4311afcb8d898ed7c1046cd2ab59972f2f22eb8c4f8f8bd174a548,235,True
1,25546320,USDT_WETH,0x0d4a11d5eeaac28ec3f61d100daf4d40471f1852,0xc02aaa39b223fe8d0a0e5c4f27ead9083c756cc2,0xdac17f958d2ee523a2206206994597c13d831ec7,3920677253682345658390,7379488466101,carried_forward,sync_log,25546312,0x076e8e45ece8a6315582908d571416064957f326116399a78b00c615922b0210,649,True
1,25546320,WETH_USDC,0xb4e16d0168e52d35cacd2c6185b44281ec28c9dc,0xa0b86991c6218b36c1d19d4a2e9eb0ce3606eb48,0xc02aaa39b223fe8d0a0e5c4f27ead9083c756cc2,8790857369763,4674241626115776239011,carried_forward,sync_log,25546316,0x66f4ceb7345130743fff3917e810c9e94da51fdb43d5dd459b95de7ebfbf8b86,209,True
1,25546321,USDC_USDT,0x3041cbd36888becc7bbcbc0045e3b1f144466f5f,0xa0b86991c6218b36c1d19d4a2e9eb0ce3606eb48,0xdac17f958d2ee523a2206206994597c13d831ec7,1667118640391,1666411770774,carried_forward,sync_log,25546292,0xb37e100c6e4311afcb8d898ed7c1046cd2ab59972f2f22eb8c4f8f8bd174a548,235,True
1,25546321,USDT_WETH,0x0d4a11d5eeaac28ec3f61d100daf4d40471f1852,0xc02aaa39b223fe8d0a0e5c4f27ead9083c756cc2,0xdac17f958d2ee523a2206206994597c13d831ec7,3920677253682345658390,7379488466101,carried_forward,sync_log,25546312,0x076e8e45ece8a6315582908d571416064957f326116399a78b00c615922b0210,649,True
1,25546321,WETH_USDC,0xb4e16d0168e52d35cacd2c6185b44281ec28c9dc,0xa0b86991c6218b36c1d19d4a2e9eb0ce3606eb48,0xc02aaa39b223fe8d0a0e5c4f27ead9083c756cc2,8790850818964,4674245119765991196639,observed_sync,sync_log,25546321,0xd60f3dcc0771f4081ab38378c6d61cbbdd154d4a3579660583e4c1ff85d9168a,61,True
1,25546322,USDC_USDT,0x3041cbd36888becc7bbcbc0045e3b1f144466f5f,0xa0b86991c6218b36c1d19d4a2e9eb0ce3606eb48,0xdac17f958d2ee523a2206206994597c13d831ec7,1667118640391,1666411770774,carried_forward,sync_log,25546292,0xb37e100c6e4311afcb8d898ed7c1046cd2ab59972f2f22eb8c4f8f8bd174a548,235,True
1,25546322,USDT_WETH,0x0d4a11d5eeaac28ec3f61d100daf4d40471f1852,0xc02aaa39b223fe8d0a0e5c4f27ead9083c756cc2,0xdac17f958d2ee523a2206206994597c13d831ec7,3920677253682345658390,7379488466101,carried_forward,sync_log,25546312,0x076e8e45ece8a6315582908d571416064957f326116399a78b00c615922b0210,649,True
1,25546322,WETH_USDC,0xb4e16d0168e52d35cacd2c6185b44281ec28c9dc,0xa0b86991c6218b36c1d19d4a2e9eb0ce3606eb48,0xc02aaa39b223fe8d0a0e5c4f27ead9083c756cc2,8790850818964,4674245119765991196639,carried_forward,sync_log,25546321,0xd60f3dcc0771f4081ab38378c6d61cbbdd154d4a3579660583e4c1ff85d9168a,61,True
1,25546323,USDC_USDT,0x3041cbd36888becc7bbcbc0045e3b1f144466f5f,0xa0b86991c6218b36c1d19d4a2e9eb0ce3606eb48,0xdac17f958d2ee523a2206206994597c13d831ec7,1667118640391,1666411770774,carried_forward,sync_log,25546292,0xb37e100c6e4311afcb8d898ed7c1046cd2ab59972f2f22eb8c4f8f8bd174a548,235,True
1,25546323,USDT_WETH,0x0d4a11d5eeaac28ec3f61d100daf4d40471f1852,0xc02aaa39b223fe8d0a0e5c4f27ead9083c756cc2,0xdac17f958d2ee523a2206206994597c13d831ec7,3920677253682345658390,7379488466101,carried_forward,sync_log,25546312,0x076e8e45ece8a6315582908d571416064957f326116399a78b00c615922b0210,649,True
1,25546323,WETH_USDC,0xb4e16d0168e52d35cacd2c6185b44281ec28c9dc,0xa0b86991c6218b36c1d19d4a2e9eb0ce3606eb48,0xc02aaa39b223fe8d0a0e5c4f27ead9083c756cc2,8790850818964,4674245119765991196639,carried_forward,sync_log,25546321,0xd60f3dcc0771f4081ab38378c6d61cbbdd154d4a3579660583e4c1ff85d9168a,61,True
1,25546324,USDC_USDT,0x3041cbd36888becc7bbcbc0045e3b1f144466f5f,0xa0b86991c6218b36c1d19d4a2e9eb0ce3606eb48,0xdac17f958d2ee523a2206206994597c13d831ec7,1667118640391,1666411770774,carried_forward,sync_log,25546292,0xb37e100c6e4311afcb8d898ed7c1046cd2ab59972f2f22eb8c4f8f8bd174a548,235,True
1,25546324,USDT_WETH,0x0d4a11d5eeaac28ec3f61d100daf4d40471f1852,0xc02aaa39b223fe8d0a0e5c4f27ead9083c756cc2,0xdac17f958d2ee523a2206206994597c13d831ec7,3920677253682345658390,7379488466101,carried_forward,sync_log,25546312,0x076e8e45ece8a6315582908d571416064957f326116399a78b00c615922b0210,649,True
1,25546324,WETH_USDC,0xb4e16d0168e52d35cacd2c6185b44281ec28c9dc,0xa0b86991c6218b36c1d19d4a2e9eb0ce3606eb48,0xc02aaa39b223fe8d0a0e5c4f27ead9083c756cc2,8790850818964,4674245119765991196639,carried_forward,sync_log,25546321,0xd60f3dcc0771f4081ab38378c6d61cbbdd154d4a3579660583e4c1ff85d9168a,61,True
1,25546325,USDC_USDT,0x3041cbd36888becc7bbcbc0045e3b1f144466f5f,0xa0b86991c6218b36c1d19d4a2e9eb0ce3606eb48,0xdac17f958d2ee523a2206206994597c13d831ec7,1667118640391,1666411770774,carried_forward,sync_log,25546292,0xb37e100c6e4311afcb8d898ed7c1046cd2ab59972f2f22eb8c4f8f8bd174a548,235,True
1,25546325,USDT_WETH,0x0d4a11d5eeaac28ec3f61d100daf4d40471f1852,0xc02aaa39b223fe8d0a0e5c4f27ead9083c756cc2,0xdac17f958d2ee523a2206206994597c13d831ec7,3920677253682345658390,7379488466101,carried_forward,sync_log,25546312,0x076e8e45ece8a6315582908d571416064957f326116399a78b00c615922b0210,649,True
1,25546325,WETH_USDC,0xb4e16d0168e52d35cacd2c6185b44281ec28c9dc,0xa0b86991c6218b36c1d19d4a2e9eb0ce3606eb48,0xc02aaa39b223fe8d0a0e5c4f27ead9083c756cc2,8790850818964,4674245119765991196639,carried_forward,sync_log,25546321,0xd60f3dcc0771f4081ab38378c6d61cbbdd154d4a3579660583e4c1ff85d9168a,61,True
1,25546326,USDC_USDT,0x3041cbd36888becc7bbcbc0045e3b1f144466f5f,0xa0b86991c6218b36c1d19d4a2e9eb0ce3606eb48,0xdac17f958d2ee523a2206206994597c13d831ec7,1667118640391,1666411770774,carried_forward,sync_log,25546292,0xb37e100c6e4311afcb8d898ed7c1046cd2ab59972f2f22eb8c4f8f8bd174a548,235,True
1,25546326,USDT_WETH,0x0d4a11d5eeaac28ec3f61d100daf4d40471f1852,0xc02aaa39b223fe8d0a0e5c4f27ead9083c756cc2,0xdac17f958d2ee523a2206206994597c13d831ec7,3920677253682345658390,7379488466101,carried_forward,sync_log,25546312,0x076e8e45ece8a6315582908d571416064957f326116399a78b00c615922b0210,649,True
1,25546326,WETH_USDC,0xb4e16d0168e52d35cacd2c6185b44281ec28c9dc,0xa0b86991c6218b36c1d19d4a2e9eb0ce3606eb48,0xc02aaa39b223fe8d0a0e5c4f27ead9083c756cc2,8790850818964,4674245119765991196639,carried_forward,sync_log,25546321,0xd60f3dcc0771f4081ab38378c6d61cbbdd154d4a3579660583e4c1ff85d9168a,61,True
1,25546327,USDC_USDT,0x3041cbd36888becc7bbcbc0045e3b1f144466f5f,0xa0b86991c6218b36c1d19d4a2e9eb0ce3606eb48,0xdac17f958d2ee523a2206206994597c13d831ec7,1667118640391,1666411770774,carried_forward,sync_log,25546292,0xb37e100c6e4311afcb8d898ed7c1046cd2ab59972f2f22eb8c4f8f8bd174a548,235,True
1,25546327,USDT_WETH,0x0d4a11d5eeaac28ec3f61d100daf4d40471f1852,0xc02aaa39b223fe8d0a0e5c4f27ead9083c756cc2,0xdac17f958d2ee523a2206206994597c13d831ec7,3920677253682345658390,7379488466101,carried_forward,sync_log,25546312,0x076e8e45ece8a6315582908d571416064957f326116399a78b00c615922b0210,649,True
1,25546327,WETH_USDC,0xb4e16d0168e52d35cacd2c6185b44281ec28c9dc,0xa0b86991c6218b36c1d19d4a2e9eb0ce3606eb48,0xc02aaa39b223fe8d0a0e5c4f27ead9083c756cc2,8790850818964,4674245119765991196639,carried_forward,sync_log,25546321,0xd60f3dcc0771f4081ab38378c6d61cbbdd154d4a3579660583e4c1ff85d9168a,61,True
1,25546328,USDC_USDT,0x3041cbd36888becc7bbcbc0045e3b1f144466f5f,0xa0b86991c6218b36c1d19d4a2e9eb0ce3606eb48,0xdac17f958d2ee523a2206206994597c13d831ec7,1667118640391,1666411770774,carried_forward,sync_log,25546292,0xb37e100c6e4311afcb8d898ed7c1046cd2ab59972f2f22eb8c4f8f8bd174a548,235,True
1,25546328,USDT_WETH,0x0d4a11d5eeaac28ec3f61d100daf4d40471f1852,0xc02aaa39b223fe8d0a0e5c4f27ead9083c756cc2,0xdac17f958d2ee523a2206206994597c13d831ec7,3920677253682345658390,7379488466101,carried_forward,sync_log,25546312,0x076e8e45ece8a6315582908d571416064957f326116399a78b00c615922b0210,649,True
1,25546328,WETH_USDC,0xb4e16d0168e52d35cacd2c6185b44281ec28c9dc,0xa0b86991c6218b36c1d19d4a2e9eb0ce3606eb48,0xc02aaa39b223fe8d0a0e5c4f27ead9083c756cc2,8790850818964,4674245119765991196639,carried_forward,sync_log,25546321,0xd60f3dcc0771f4081ab38378c6d61cbbdd154d4a3579660583e4c1ff85d9168a,61,True
1,25546329,USDC_USDT,0x3041cbd36888becc7bbcbc0045e3b1f144466f5f,0xa0b86991c6218b36c1d19d4a2e9eb0ce3606eb48,0xdac17f958d2ee523a2206206994597c13d831ec7,1667118640391,1666411770774,carried_forward,sync_log,25546292,0xb37e100c6e4311afcb8d898ed7c1046cd2ab59972f2f22eb8c4f8f8bd174a548,235,True
1,25546329,USDT_WETH,0x0d4a11d5eeaac28ec3f61d100daf4d40471f1852,0xc02aaa39b223fe8d0a0e5c4f27ead9083c756cc2,0xdac17f958d2ee523a2206206994597c13d831ec7,3920677253682345658390,7379488466101,carried_forward,sync_log,25546312,0x076e8e45ece8a6315582908d571416064957f326116399a78b00c615922b0210,649,True
1,25546329,WETH_USDC,0xb4e16d0168e52d35cacd2c6185b44281ec28c9dc,0xa0b86991c6218b36c1d19d4a2e9eb0ce3606eb48,0xc02aaa39b223fe8d0a0e5c4f27ead9083c756cc2,8790850818964,4674245119765991196639,carried_forward,sync_log,25546321,0xd60f3dcc0771f4081ab38378c6d61cbbdd154d4a3579660583e4c1ff85d9168a,61,True
1,25546330,USDC_USDT,0x3041cbd36888becc7bbcbc0045e3b1f144466f5f,0xa0b86991c6218b36c1d19d4a2e9eb0ce3606eb48,0xdac17f958d2ee523a2206206994597c13d831ec7,1667118640391,1666411770774,carried_forward,sync_log,25546292,0xb37e100c6e4311afcb8d898ed7c1046cd2ab59972f2f22eb8c4f8f8bd174a548,235,True
1,25546330,USDT_WETH,0x0d4a11d5eeaac28ec3f61d100daf4d40471f1852,0xc02aaa39b223fe8d0a0e5c4f27ead9083c756cc2,0xdac17f958d2ee523a2206206994597c13d831ec7,3920677253682345658390,7379488466101,carried_forward,sync_log,25546312,0x076e8e45ece8a6315582908d571416064957f326116399a78b00c615922b0210,649,True
1,25546330,WETH_USDC,0xb4e16d0168e52d35cacd2c6185b44281ec28c9dc,0xa0b86991c6218b36c1d19d4a2e9eb0ce3606eb48,0xc02aaa39b223fe8d0a0e5c4f27ead9083c756cc2,8790850818964,4674245119765991196639,carried_forward,sync_log,25546321,0xd60f3dcc0771f4081ab38378c6d61cbbdd154d4a3579660583e4c1ff85d9168a,61,True
1,25546331,USDC_USDT,0x3041cbd36888becc7bbcbc0045e3b1f144466f5f,0xa0b86991c6218b36c1d19d4a2e9eb0ce3606eb48,0xdac17f958d2ee523a2206206994597c13d831ec7,1667118640391,1666411770774,carried_forward,sync_log,25546292,0xb37e100c6e4311afcb8d898ed7c1046cd2ab59972f2f22eb8c4f8f8bd174a548,235,True
1,25546331,USDT_WETH,0x0d4a11d5eeaac28ec3f61d100daf4d40471f1852,0xc02aaa39b223fe8d0a0e5c4f27ead9083c756cc2,0xdac17f958d2ee523a2206206994597c13d831ec7,3920677253682345658390,7379488466101,carried_forward,sync_log,25546312,0x076e8e45ece8a6315582908d571416064957f326116399a78b00c615922b0210,649,True
1,25546331,WETH_USDC,0xb4e16d0168e52d35cacd2c6185b44281ec28c9dc,0xa0b86991c6218b36c1d19d4a2e9eb0ce3606eb48,0xc02aaa39b223fe8d0a0e5c4f27ead9083c756cc2,8790850818964,4674245119765991196639,carried_forward,sync_log,25546321,0xd60f3dcc0771f4081ab38378c6d61cbbdd154d4a3579660583e4c1ff85d9168a,61,True
1,25546332,USDC_USDT,0x3041cbd36888becc7bbcbc0045e3b1f144466f5f,0xa0b86991c6218b36c1d19d4a2e9eb0ce3606eb48,0xdac17f958d2ee523a2206206994597c13d831ec7,1667118640391,1666411770774,carried_forward,sync_log,25546292,0xb37e100c6e4311afcb8d898ed7c1046cd2ab59972f2f22eb8c4f8f8bd174a548,235,True
1,25546332,USDT_WETH,0x0d4a11d5eeaac28ec3f61d100daf4d40471f1852,0xc02aaa39b223fe8d0a0e5c4f27ead9083c756cc2,0xdac17f958d2ee523a2206206994597c13d831ec7,3920677253682345658390,7379488466101,carried_forward,sync_log,25546312,0x076e8e45ece8a6315582908d571416064957f326116399a78b00c615922b0210,649,True
1,25546332,WETH_USDC,0xb4e16d0168e52d35cacd2c6185b44281ec28c9dc,0xa0b86991c6218b36c1d19d4a2e9eb0ce3606eb48,0xc02aaa39b223fe8d0a0e5c4f27ead9083c756cc2,8790850818964,4674245119765991196639,carried_forward,sync_log,25546321,0xd60f3dcc0771f4081ab38378c6d61cbbdd154d4a3579660583e4c1ff85d9168a,61,True
1,25546333,USDC_USDT,0x3041cbd36888becc7bbcbc0045e3b1f144466f5f,0xa0b86991c6218b36c1d19d4a2e9eb0ce3606eb48,0xdac17f958d2ee523a2206206994597c13d831ec7,1667118640391,1666411770774,carried_forward,sync_log,25546292,0xb37e100c6e4311afcb8d898ed7c1046cd2ab59972f2f22eb8c4f8f8bd174a548,235,True
1,25546333,USDT_WETH,0x0d4a11d5eeaac28ec3f61d100daf4d40471f1852,0xc02aaa39b223fe8d0a0e5c4f27ead9083c756cc2,0xdac17f958d2ee523a2206206994597c13d831ec7,3920677253682345658390,7379488466101,carried_forward,sync_log,25546312,0x076e8e45ece8a6315582908d571416064957f326116399a78b00c615922b0210,649,True
1,25546333,WETH_USDC,0xb4e16d0168e52d35cacd2c6185b44281ec28c9dc,0xa0b86991c6218b36c1d19d4a2e9eb0ce3606eb48,0xc02aaa39b223fe8d0a0e5c4f27ead9083c756cc2,8790850818964,4674245119765991196639,carried_forward,sync_log,25546321,0xd60f3dcc0771f4081ab38378c6d61cbbdd154d4a3579660583e4c1ff85d9168a,61,True
1,25546334,USDC_USDT,0x3041cbd36888becc7bbcbc0045e3b1f144466f5f,0xa0b86991c6218b36c1d19d4a2e9eb0ce3606eb48,0xdac17f958d2ee523a2206206994597c13d831ec7,1667118640391,1666411770774,carried_forward,sync_log,25546292,0xb37e100c6e4311afcb8d898ed7c1046cd2ab59972f2f22eb8c4f8f8bd174a548,235,True
1,25546334,USDT_WETH,0x0d4a11d5eeaac28ec3f61d100daf4d40471f1852,0xc02aaa39b223fe8d0a0e5c4f27ead9083c756cc2,0xdac17f958d2ee523a2206206994597c13d831ec7,3920682071260738883385,7379479425682,observed_sync,sync_log,25546334,0x8a5a71aed60d8ffaa6cf6c1ed693180b13c962245dd4fce289667637a6e809fc,637,True
1,25546334,WETH_USDC,0xb4e16d0168e52d35cacd2c6185b44281ec28c9dc,0xa0b86991c6218b36c1d19d4a2e9eb0ce3606eb48,0xc02aaa39b223fe8d0a0e5c4f27ead9083c756cc2,8790850818964,4674245119765991196639,carried_forward,sync_log,25546321,0xd60f3dcc0771f4081ab38378c6d61cbbdd154d4a3579660583e4c1ff85d9168a,61,True
1,25546335,USDC_USDT,0x3041cbd36888becc7bbcbc0045e3b1f144466f5f,0xa0b86991c6218b36c1d19d4a2e9eb0ce3606eb48,0xdac17f958d2ee523a2206206994597c13d831ec7,1667118640391,1666411770774,carried_forward,sync_log,25546292,0xb37e100c6e4311afcb8d898ed7c1046cd2ab59972f2f22eb8c4f8f8bd174a548,235,True
1,25546335,USDT_WETH,0x0d4a11d5eeaac28ec3f61d100daf4d40471f1852,0xc02aaa39b223fe8d0a0e5c4f27ead9083c756cc2,0xdac17f958d2ee523a2206206994597c13d831ec7,3920682071260738883385,7379479425682,carried_forward,sync_log,25546334,0x8a5a71aed60d8ffaa6cf6c1ed693180b13c962245dd4fce289667637a6e809fc,637,True
1,25546335,WETH_USDC,0xb4e16d0168e52d35cacd2c6185b44281ec28c9dc,0xa0b86991c6218b36c1d19d4a2e9eb0ce3606eb48,0xc02aaa39b223fe8d0a0e5c4f27ead9083c756cc2,8790850818964,4674245119765991196639,carried_forward,sync_log,25546321,0xd60f3dcc0771f4081ab38378c6d61cbbdd154d4a3579660583e4c1ff85d9168a,61,True
1,25546336,USDC_USDT,0x3041cbd36888becc7bbcbc0045e3b1f144466f5f,0xa0b86991c6218b36c1d19d4a2e9eb0ce3606eb48,0xdac17f958d2ee523a2206206994597c13d831ec7,1667118640391,1666411770774,carried_forward,sync_log,25546292,0xb37e100c6e4311afcb8d898ed7c1046cd2ab59972f2f22eb8c4f8f8bd174a548,235,True
1,25546336,USDT_WETH,0x0d4a11d5eeaac28ec3f61d100daf4d40471f1852,0xc02aaa39b223fe8d0a0e5c4f27ead9083c756cc2,0xdac17f958d2ee523a2206206994597c13d831ec7,3920682071260738883385,7379479425682,carried_forward,sync_log,25546334,0x8a5a71aed60d8ffaa6cf6c1ed693180b13c962245dd4fce289667637a6e809fc,637,True
1,25546336,WETH_USDC,0xb4e16d0168e52d35cacd2c6185b44281ec28c9dc,0xa0b86991c6218b36c1d19d4a2e9eb0ce3606eb48,0xc02aaa39b223fe8d0a0e5c4f27ead9083c756cc2,8790850818964,4674245119765991196639,carried_forward,sync_log,25546321,0xd60f3dcc0771f4081ab38378c6d61cbbdd154d4a3579660583e4c1ff85d9168a,61,True
1,25546337,USDC_USDT,0x3041cbd36888becc7bbcbc0045e3b1f144466f5f,0xa0b86991c6218b36c1d19d4a2e9eb0ce3606eb48,0xdac17f958d2ee523a2206206994597c13d831ec7,1667118640391,1666411770774,carried_forward,sync_log,25546292,0xb37e100c6e4311afcb8d898ed7c1046cd2ab59972f2f22eb8c4f8f8bd174a548,235,True
1,25546337,USDT_WETH,0x0d4a11d5eeaac28ec3f61d100daf4d40471f1852,0xc02aaa39b223fe8d0a0e5c4f27ead9083c756cc2,0xdac17f958d2ee523a2206206994597c13d831ec7,3920682071260738883385,7379479425682,carried_forward,sync_log,25546334,0x8a5a71aed60d8ffaa6cf6c1ed693180b13c962245dd4fce289667637a6e809fc,637,True
1,25546337,WETH_USDC,0xb4e16d0168e52d35cacd2c6185b44281ec28c9dc,0xa0b86991c6218b36c1d19d4a2e9eb0ce3606eb48,0xc02aaa39b223fe8d0a0e5c4f27ead9083c756cc2,8790850818964,4674245119765991196639,carried_forward,sync_log,25546321,0xd60f3dcc0771f4081ab38378c6d61cbbdd154d4a3579660583e4c1ff85d9168a,61,True
1,25546338,USDC_USDT,0x3041cbd36888becc7bbcbc0045e3b1f144466f5f,0xa0b86991c6218b36c1d19d4a2e9eb0ce3606eb48,0xdac17f958d2ee523a2206206994597c13d831ec7,1667118640391,1666411770774,carried_forward,sync_log,25546292,0xb37e100c6e4311afcb8d898ed7c1046cd2ab59972f2f22eb8c4f8f8bd174a548,235,True
1,25546338,USDT_WETH,0x0d4a11d5eeaac28ec3f61d100daf4d40471f1852,0xc02aaa39b223fe8d0a0e5c4f27ead9083c756cc2,0xdac17f958d2ee523a2206206994597c13d831ec7,3920682071260738883385,7379479425682,carried_forward,sync_log,25546334,0x8a5a71aed60d8ffaa6cf6c1ed693180b13c962245dd4fce289667637a6e809fc,637,True
1,25546338,WETH_USDC,0xb4e16d0168e52d35cacd2c6185b44281ec28c9dc,0xa0b86991c6218b36c1d19d4a2e9eb0ce3606eb48,0xc02aaa39b223fe8d0a0e5c4f27ead9083c756cc2,8790850818964,4674245119765991196639,carried_forward,sync_log,25546321,0xd60f3dcc0771f4081ab38378c6d61cbbdd154d4a3579660583e4c1ff85d9168a,61,True
1,25546339,USDC_USDT,0x3041cbd36888becc7bbcbc0045e3b1f144466f5f,0xa0b86991c6218b36c1d19d4a2e9eb0ce3606eb48,0xdac17f958d2ee523a2206206994597c13d831ec7,1667118640391,1666411770774,carried_forward,sync_log,25546292,0xb37e100c6e4311afcb8d898ed7c1046cd2ab59972f2f22eb8c4f8f8bd174a548,235,True
1,25546339,USDT_WETH,0x0d4a11d5eeaac28ec3f61d100daf4d40471f1852,0xc02aaa39b223fe8d0a0e5c4f27ead9083c756cc2,0xdac17f958d2ee523a2206206994597c13d831ec7,3920682071260738883385,7379479425682,carried_forward,sync_log,25546334,0x8a5a71aed60d8ffaa6cf6c1ed693180b13c962245dd4fce289667637a6e809fc,637,True
1,25546339,WETH_USDC,0xb4e16d0168e52d35cacd2c6185b44281ec28c9dc,0xa0b86991c6218b36c1d19d4a2e9eb0ce3606eb48,0xc02aaa39b223fe8d0a0e5c4f27ead9083c756cc2,8790833916665,4674254134066485343884,observed_sync,sync_log,25546339,0xed1edccb99eb24f354fd7c992e43c6b7ed1f5c5a5721e5ec26e9506133d689da,519,True
1,25546340,USDC_USDT,0x3041cbd36888becc7bbcbc0045e3b1f144466f5f,0xa0b86991c6218b36c1d19d4a2e9eb0ce3606eb48,0xdac17f958d2ee523a2206206994597c13d831ec7,1667118640391,1666411770774,carried_forward,sync_log,25546292,0xb37e100c6e4311afcb8d898ed7c1046cd2ab59972f2f22eb8c4f8f8bd174a548,235,True
1,25546340,USDT_WETH,0x0d4a11d5eeaac28ec3f61d100daf4d40471f1852,0xc02aaa39b223fe8d0a0e5c4f27ead9083c756cc2,0xdac17f958d2ee523a2206206994597c13d831ec7,3920682071260738883385,7379479425682,carried_forward,sync_log,25546334,0x8a5a71aed60d8ffaa6cf6c1ed693180b13c962245dd4fce289667637a6e809fc,637,True
1,25546340,WETH_USDC,0xb4e16d0168e52d35cacd2c6185b44281ec28c9dc,0xa0b86991c6218b36c1d19d4a2e9eb0ce3606eb48,0xc02aaa39b223fe8d0a0e5c4f27ead9083c756cc2,8790833916665,4674254134066485343884,carried_forward,sync_log,25546339,0xed1edccb99eb24f354fd7c992e43c6b7ed1f5c5a5721e5ec26e9506133d689da,519,True
1,25546341,USDC_USDT,0x3041cbd36888becc7bbcbc0045e3b1f144466f5f,0xa0b86991c6218b36c1d19d4a2e9eb0ce3606eb48,0xdac17f958d2ee523a2206206994597c13d831ec7,1667118640391,1666411770774,carried_forward,sync_log,25546292,0xb37e100c6e4311afcb8d898ed7c1046cd2ab59972f2f22eb8c4f8f8bd174a548,235,True
1,25546341,USDT_WETH,0x0d4a11d5eeaac28ec3f61d100daf4d40471f1852,0xc02aaa39b223fe8d0a0e5c4f27ead9083c756cc2,0xdac17f958d2ee523a2206206994597c13d831ec7,3920682071260738883385,7379479425682,carried_forward,sync_log,25546334,0x8a5a71aed60d8ffaa6cf6c1ed693180b13c962245dd4fce289667637a6e809fc,637,True
1,25546341,WETH_USDC,0xb4e16d0168e52d35cacd2c6185b44281ec28c9dc,0xa0b86991c6218b36c1d19d4a2e9eb0ce3606eb48,0xc02aaa39b223fe8d0a0e5c4f27ead9083c756cc2,8790833916665,4674254134066485343884,carried_forward,sync_log,25546339,0xed1edccb99eb24f354fd7c992e43c6b7ed1f5c5a5721e5ec26e9506133d689da,519,True
1,25546342,USDC_USDT,0x3041cbd36888becc7bbcbc0045e3b1f144466f5f,0xa0b86991c6218b36c1d19d4a2e9eb0ce3606eb48,0xdac17f958d2ee523a2206206994597c13d831ec7,1667118640391,1666411770774,carried_forward,sync_log,25546292,0xb37e100c6e4311afcb8d898ed7c1046cd2ab59972f2f22eb8c4f8f8bd174a548,235,True
1,25546342,USDT_WETH,0x0d4a11d5eeaac28ec3f61d100daf4d40471f1852,0xc02aaa39b223fe8d0a0e5c4f27ead9083c756cc2,0xdac17f958d2ee523a2206206994597c13d831ec7,3920682071260738883385,7379479425682,carried_forward,sync_log,25546334,0x8a5a71aed60d8ffaa6cf6c1ed693180b13c962245dd4fce289667637a6e809fc,637,True
1,25546342,WETH_USDC,0xb4e16d0168e52d35cacd2c6185b44281ec28c9dc,0xa0b86991c6218b36c1d19d4a2e9eb0ce3606eb48,0xc02aaa39b223fe8d0a0e5c4f27ead9083c756cc2,8790833916665,4674254134066485343884,carried_forward,sync_log,25546339,0xed1edccb99eb24f354fd7c992e43c6b7ed1f5c5a5721e5ec26e9506133d689da,519,True
1,25546343,USDC_USDT,0x3041cbd36888becc7bbcbc0045e3b1f144466f5f,0xa0b86991c6218b36c1d19d4a2e9eb0ce3606eb48,0xdac17f958d2ee523a2206206994597c13d831ec7,1667118640391,1666411770774,carried_forward,sync_log,25546292,0xb37e100c6e4311afcb8d898ed7c1046cd2ab59972f2f22eb8c4f8f8bd174a548,235,True
1,25546343,USDT_WETH,0x0d4a11d5eeaac28ec3f61d100daf4d40471f1852,0xc02aaa39b223fe8d0a0e5c4f27ead9083c756cc2,0xdac17f958d2ee523a2206206994597c13d831ec7,3920682071260738883385,7379479425682,carried_forward,sync_log,25546334,0x8a5a71aed60d8ffaa6cf6c1ed693180b13c962245dd4fce289667637a6e809fc,637,True
1,25546343,WETH_USDC,0xb4e16d0168e52d35cacd2c6185b44281ec28c9dc,0xa0b86991c6218b36c1d19d4a2e9eb0ce3606eb48,0xc02aaa39b223fe8d0a0e5c4f27ead9083c756cc2,8790833916665,4674254134066485343884,carried_forward,sync_log,25546339,0xed1edccb99eb24f354fd7c992e43c6b7ed1f5c5a5721e5ec26e9506133d689da,519,True
1,25546344,USDC_USDT,0x3041cbd36888becc7bbcbc0045e3b1f144466f5f,0xa0b86991c6218b36c1d19d4a2e9eb0ce3606eb48,0xdac17f958d2ee523a2206206994597c13d831ec7,1667118640391,1666411770774,carried_forward,sync_log,25546292,0xb37e100c6e4311afcb8d898ed7c1046cd2ab59972f2f22eb8c4f8f8bd174a548,235,True
1,25546344,USDT_WETH,0x0d4a11d5eeaac28ec3f61d100daf4d40471f1852,0xc02aaa39b223fe8d0a0e5c4f27ead9083c756cc2,0xdac17f958d2ee523a2206206994597c13d831ec7,3920682071260738883385,7379479425682,carried_forward,sync_log,25546334,0x8a5a71aed60d8ffaa6cf6c1ed693180b13c962245dd4fce289667637a6e809fc,637,True
1,25546344,WETH_USDC,0xb4e16d0168e52d35cacd2c6185b44281ec28c9dc,0xa0b86991c6218b36c1d19d4a2e9eb0ce3606eb48,0xc02aaa39b223fe8d0a0e5c4f27ead9083c756cc2,8790833916665,4674254134066485343884,carried_forward,sync_log,25546339,0xed1edccb99eb24f354fd7c992e43c6b7ed1f5c5a5721e5ec26e9506133d689da,519,True
1,25546345,USDC_USDT,0x3041cbd36888becc7bbcbc0045e3b1f144466f5f,0xa0b86991c6218b36c1d19d4a2e9eb0ce3606eb48,0xdac17f958d2ee523a2206206994597c13d831ec7,1667118640391,1666411770774,carried_forward,sync_log,25546292,0xb37e100c6e4311afcb8d898ed7c1046cd2ab59972f2f22eb8c4f8f8bd174a548,235,True
1,25546345,USDT_WETH,0x0d4a11d5eeaac28ec3f61d100daf4d40471f1852,0xc02aaa39b223fe8d0a0e5c4f27ead9083c756cc2,0xdac17f958d2ee523a2206206994597c13d831ec7,3920682071260738883385,7379479425682,carried_forward,sync_log,25546334,0x8a5a71aed60d8ffaa6cf6c1ed693180b13c962245dd4fce289667637a6e809fc,637,True
1,25546345,WETH_USDC,0xb4e16d0168e52d35cacd2c6185b44281ec28c9dc,0xa0b86991c6218b36c1d19d4a2e9eb0ce3606eb48,0xc02aaa39b223fe8d0a0e5c4f27ead9083c756cc2,8790731225701,4674308901752450313803,observed_sync,sync_log,25546345,0x01efc5e801169d4fdf48a4068e7d132f7615caefcd3e339778f2e81665adbef7,710,True
1,25546346,USDC_USDT,0x3041cbd36888becc7bbcbc0045e3b1f144466f5f,0xa0b86991c6218b36c1d19d4a2e9eb0ce3606eb48,0xdac17f958d2ee523a2206206994597c13d831ec7,1667118640391,1666411770774,carried_forward,sync_log,25546292,0xb37e100c6e4311afcb8d898ed7c1046cd2ab59972f2f22eb8c4f8f8bd174a548,235,True
1,25546346,USDT_WETH,0x0d4a11d5eeaac28ec3f61d100daf4d40471f1852,0xc02aaa39b223fe8d0a0e5c4f27ead9083c756cc2,0xdac17f958d2ee523a2206206994597c13d831ec7,3920688330171802328928,7379467680566,observed_sync,sync_log,25546346,0x470485a9cb36c2d28ca78a4e9ab49730aa783483382cc70cc4bbd339415329b6,523,True
1,25546346,WETH_USDC,0xb4e16d0168e52d35cacd2c6185b44281ec28c9dc,0xa0b86991c6218b36c1d19d4a2e9eb0ce3606eb48,0xc02aaa39b223fe8d0a0e5c4f27ead9083c756cc2,8790731225701,4674308901752450313803,carried_forward,sync_log,25546345,0x01efc5e801169d4fdf48a4068e7d132f7615caefcd3e339778f2e81665adbef7,710,True
1,25546347,USDC_USDT,0x3041cbd36888becc7bbcbc0045e3b1f144466f5f,0xa0b86991c6218b36c1d19d4a2e9eb0ce3606eb48,0xdac17f958d2ee523a2206206994597c13d831ec7,1667118640391,1666411770774,carried_forward,sync_log,25546292,0xb37e100c6e4311afcb8d898ed7c1046cd2ab59972f2f22eb8c4f8f8bd174a548,235,True
1,25546347,USDT_WETH,0x0d4a11d5eeaac28ec3f61d100daf4d40471f1852,0xc02aaa39b223fe8d0a0e5c4f27ead9083c756cc2,0xdac17f958d2ee523a2206206994597c13d831ec7,3920688330171802328928,7379467680566,carried_forward,sync_log,25546346,0x470485a9cb36c2d28ca78a4e9ab49730aa783483382cc70cc4bbd339415329b6,523,True
1,25546347,WETH_USDC,0xb4e16d0168e52d35cacd2c6185b44281ec28c9dc,0xa0b86991c6218b36c1d19d4a2e9eb0ce3606eb48,0xc02aaa39b223fe8d0a0e5c4f27ead9083c756cc2,8790731225701,4674308901752450313803,carried_forward,sync_log,25546345,0x01efc5e801169d4fdf48a4068e7d132f7615caefcd3e339778f2e81665adbef7,710,True
1,25546348,USDC_USDT,0x3041cbd36888becc7bbcbc0045e3b1f144466f5f,0xa0b86991c6218b36c1d19d4a2e9eb0ce3606eb48,0xdac17f958d2ee523a2206206994597c13d831ec7,1667118640391,1666411770774,carried_forward,sync_log,25546292,0xb37e100c6e4311afcb8d898ed7c1046cd2ab59972f2f22eb8c4f8f8bd174a548,235,True
1,25546348,USDT_WETH,0x0d4a11d5eeaac28ec3f61d100daf4d40471f1852,0xc02aaa39b223fe8d0a0e5c4f27ead9083c756cc2,0xdac17f958d2ee523a2206206994597c13d831ec7,3920688330171802328928,7379467680566,carried_forward,sync_log,25546346,0x470485a9cb36c2d28ca78a4e9ab49730aa783483382cc70cc4bbd339415329b6,523,True
1,25546348,WETH_USDC,0xb4e16d0168e52d35cacd2c6185b44281ec28c9dc,0xa0b86991c6218b36c1d19d4a2e9eb0ce3606eb48,0xc02aaa39b223fe8d0a0e5c4f27ead9083c756cc2,8790731225701,4674308901752450313803,carried_forward,sync_log,25546345,0x01efc5e801169d4fdf48a4068e7d132f7615caefcd3e339778f2e81665adbef7,710,True
1,25546349,USDC_USDT,0x3041cbd36888becc7bbcbc0045e3b1f144466f5f,0xa0b86991c6218b36c1d19d4a2e9eb0ce3606eb48,0xdac17f958d2ee523a2206206994597c13d831ec7,1667118640391,1666411770774,carried_forward,sync_log,25546292,0xb37e100c6e4311afcb8d898ed7c1046cd2ab59972f2f22eb8c4f8f8bd174a548,235,True
1,25546349,USDT_WETH,0x0d4a11d5eeaac28ec3f61d100daf4d40471f1852,0xc02aaa39b223fe8d0a0e5c4f27ead9083c756cc2,0xdac17f958d2ee523a2206206994597c13d831ec7,3921385510609848626784,7378159627962,observed_sync,sync_log,25546349,0x92cdf4d4cd8d4e69b2c75284044981e84da9e21401b0982849719351c15f774e,564,True
1,25546349,WETH_USDC,0xb4e16d0168e52d35cacd2c6185b44281ec28c9dc,0xa0b86991c6218b36c1d19d4a2e9eb0ce3606eb48,0xc02aaa39b223fe8d0a0e5c4f27ead9083c756cc2,8790731225701,4674308901752450313803,carried_forward,sync_log,25546345,0x01efc5e801169d4fdf48a4068e7d132f7615caefcd3e339778f2e81665adbef7,710,True
1,25546350,USDC_USDT,0x3041cbd36888becc7bbcbc0045e3b1f144466f5f,0xa0b86991c6218b36c1d19d4a2e9eb0ce3606eb48,0xdac17f958d2ee523a2206206994597c13d831ec7,1667118640391,1666411770774,carried_forward,sync_log,25546292,0xb37e100c6e4311afcb8d898ed7c1046cd2ab59972f2f22eb8c4f8f8bd174a548,235,True
1,25546350,USDT_WETH,0x0d4a11d5eeaac28ec3f61d100daf4d40471f1852,0xc02aaa39b223fe8d0a0e5c4f27ead9083c756cc2,0xdac17f958d2ee523a2206206994597c13d831ec7,3921385510609848626784,7378159627962,carried_forward,sync_log,25546349,0x92cdf4d4cd8d4e69b2c75284044981e84da9e21401b0982849719351c15f774e,564,True
1,25546350,WETH_USDC,0xb4e16d0168e52d35cacd2c6185b44281ec28c9dc,0xa0b86991c6218b36c1d19d4a2e9eb0ce3606eb48,0xc02aaa39b223fe8d0a0e5c4f27ead9083c756cc2,8790731225701,4674308901752450313803,carried_forward,sync_log,25546345,0x01efc5e801169d4fdf48a4068e7d132f7615caefcd3e339778f2e81665adbef7,710,True
1,25546351,USDC_USDT,0x3041cbd36888becc7bbcbc0045e3b1f144466f5f,0xa0b86991c6218b36c1d19d4a2e9eb0ce3606eb48,0xdac17f958d2ee523a2206206994597c13d831ec7,1667118640391,1666411770774,carried_forward,sync_log,25546292,0xb37e100c6e4311afcb8d898ed7c1046cd2ab59972f2f22eb8c4f8f8bd174a548,235,True
1,25546351,USDT_WETH,0x0d4a11d5eeaac28ec3f61d100daf4d40471f1852,0xc02aaa39b223fe8d0a0e5c4f27ead9083c756cc2,0xdac17f958d2ee523a2206206994597c13d831ec7,3921385510609848626784,7378159627962,carried_forward,sync_log,25546349,0x92cdf4d4cd8d4e69b2c75284044981e84da9e21401b0982849719351c15f774e,564,True
1,25546351,WETH_USDC,0xb4e16d0168e52d35cacd2c6185b44281ec28c9dc,0xa0b86991c6218b36c1d19d4a2e9eb0ce3606eb48,0xc02aaa39b223fe8d0a0e5c4f27ead9083c756cc2,8790731225701,4674308901752450313803,carried_forward,sync_log,25546345,0x01efc5e801169d4fdf48a4068e7d132f7615caefcd3e339778f2e81665adbef7,710,True
1,25546352,USDC_USDT,0x3041cbd36888becc7bbcbc0045e3b1f144466f5f,0xa0b86991c6218b36c1d19d4a2e9eb0ce3606eb48,0xdac17f958d2ee523a2206206994597c13d831ec7,1667118640391,1666411770774,carried_forward,sync_log,25546292,0xb37e100c6e4311afcb8d898ed7c1046cd2ab59972f2f22eb8c4f8f8bd174a548,235,True
1,25546352,USDT_WETH,0x0d4a11d5eeaac28ec3f61d100daf4d40471f1852,0xc02aaa39b223fe8d0a0e5c4f27ead9083c756cc2,0xdac17f958d2ee523a2206206994597c13d831ec7,3921385510609848626784,7378159627962,carried_forward,sync_log,25546349,0x92cdf4d4cd8d4e69b2c75284044981e84da9e21401b0982849719351c15f774e,564,True
1,25546352,WETH_USDC,0xb4e16d0168e52d35cacd2c6185b44281ec28c9dc,0xa0b86991c6218b36c1d19d4a2e9eb0ce3606eb48,0xc02aaa39b223fe8d0a0e5c4f27ead9083c756cc2,8790731225701,4674308901752450313803,carried_forward,sync_log,25546345,0x01efc5e801169d4fdf48a4068e7d132f7615caefcd3e339778f2e81665adbef7,710,True
1,25546353,USDC_USDT,0x3041cbd36888becc7bbcbc0045e3b1f144466f5f,0xa0b86991c6218b36c1d19d4a2e9eb0ce3606eb48,0xdac17f958d2ee523a2206206994597c13d831ec7,1667118640391,1666411770774,carried_forward,sync_log,25546292,0xb37e100c6e4311afcb8d898ed7c1046cd2ab59972f2f22eb8c4f8f8bd174a548,235,True
1,25546353,USDT_WETH,0x0d4a11d5eeaac28ec3f61d100daf4d40471f1852,0xc02aaa39b223fe8d0a0e5c4f27ead9083c756cc2,0xdac17f958d2ee523a2206206994597c13d831ec7,3921385510609848626784,7378159627962,carried_forward,sync_log,25546349,0x92cdf4d4cd8d4e69b2c75284044981e84da9e21401b0982849719351c15f774e,564,True
1,25546353,WETH_USDC,0xb4e16d0168e52d35cacd2c6185b44281ec28c9dc,0xa0b86991c6218b36c1d19d4a2e9eb0ce3606eb48,0xc02aaa39b223fe8d0a0e5c4f27ead9083c756cc2,8790731225701,4674308901752450313803,carried_forward,sync_log,25546345,0x01efc5e801169d4fdf48a4068e7d132f7615caefcd3e339778f2e81665adbef7,710,True
1,25546354,USDC_USDT,0x3041cbd36888becc7bbcbc0045e3b1f144466f5f,0xa0b86991c6218b36c1d19d4a2e9eb0ce3606eb48,0xdac17f958d2ee523a2206206994597c13d831ec7,1667118640391,1666411770774,carried_forward,sync_log,25546292,0xb37e100c6e4311afcb8d898ed7c1046cd2ab59972f2f22eb8c4f8f8bd174a548,235,True
1,25546354,USDT_WETH,0x0d4a11d5eeaac28ec3f61d100daf4d40471f1852,0xc02aaa39b223fe8d0a0e5c4f27ead9083c756cc2,0xdac17f958d2ee523a2206206994597c13d831ec7,3921385510609848626784,7378159627962,carried_forward,sync_log,25546349,0x92cdf4d4cd8d4e69b2c75284044981e84da9e21401b0982849719351c15f774e,564,True
1,25546354,WETH_USDC,0xb4e16d0168e52d35cacd2c6185b44281ec28c9dc,0xa0b86991c6218b36c1d19d4a2e9eb0ce3606eb48,0xc02aaa39b223fe8d0a0e5c4f27ead9083c756cc2,8790731225701,4674308901752450313803,carried_forward,sync_log,25546345,0x01efc5e801169d4fdf48a4068e7d132f7615caefcd3e339778f2e81665adbef7,710,True
1,25546355,USDC_USDT,0x3041cbd36888becc7bbcbc0045e3b1f144466f5f,0xa0b86991c6218b36c1d19d4a2e9eb0ce3606eb48,0xdac17f958d2ee523a2206206994597c13d831ec7,1667118640391,1666411770774,carried_forward,sync_log,25546292,0xb37e100c6e4311afcb8d898ed7c1046cd2ab59972f2f22eb8c4f8f8bd174a548,235,True
1,25546355,USDT_WETH,0x0d4a11d5eeaac28ec3f61d100daf4d40471f1852,0xc02aaa39b223fe8d0a0e5c4f27ead9083c756cc2,0xdac17f958d2ee523a2206206994597c13d831ec7,3921385510609848626784,7378159627962,carried_forward,sync_log,25546349,0x92cdf4d4cd8d4e69b2c75284044981e84da9e21401b0982849719351c15f774e,564,True
1,25546355,WETH_USDC,0xb4e16d0168e52d35cacd2c6185b44281ec28c9dc,0xa0b86991c6218b36c1d19d4a2e9eb0ce3606eb48,0xc02aaa39b223fe8d0a0e5c4f27ead9083c756cc2,8790731225701,4674308901752450313803,carried_forward,sync_log,25546345,0x01efc5e801169d4fdf48a4068e7d132f7615caefcd3e339778f2e81665adbef7,710,True
1,25546356,USDC_USDT,0x3041cbd36888becc7bbcbc0045e3b1f144466f5f,0xa0b86991c6218b36c1d19d4a2e9eb0ce3606eb48,0xdac17f958d2ee523a2206206994597c13d831ec7,1667118640391,1666411770774,carried_forward,sync_log,25546292,0xb37e100c6e4311afcb8d898ed7c1046cd2ab59972f2f22eb8c4f8f8bd174a548,235,True
1,25546356,USDT_WETH,0x0d4a11d5eeaac28ec3f61d100daf4d40471f1852,0xc02aaa39b223fe8d0a0e5c4f27ead9083c756cc2,0xdac17f958d2ee523a2206206994597c13d831ec7,3921385510609848626784,7378159627962,carried_forward,sync_log,25546349,0x92cdf4d4cd8d4e69b2c75284044981e84da9e21401b0982849719351c15f774e,564,True
1,25546356,WETH_USDC,0xb4e16d0168e52d35cacd2c6185b44281ec28c9dc,0xa0b86991c6218b36c1d19d4a2e9eb0ce3606eb48,0xc02aaa39b223fe8d0a0e5c4f27ead9083c756cc2,8790731225701,4674308901752450313803,carried_forward,sync_log,25546345,0x01efc5e801169d4fdf48a4068e7d132f7615caefcd3e339778f2e81665adbef7,710,True
1,25546357,USDC_USDT,0x3041cbd36888becc7bbcbc0045e3b1f144466f5f,0xa0b86991c6218b36c1d19d4a2e9eb0ce3606eb48,0xdac17f958d2ee523a2206206994597c13d831ec7,1667118640391,1666411770774,carried_forward,sync_log,25546292,0xb37e100c6e4311afcb8d898ed7c1046cd2ab59972f2f22eb8c4f8f8bd174a548,235,True
1,25546357,USDT_WETH,0x0d4a11d5eeaac28ec3f61d100daf4d40471f1852,0xc02aaa39b223fe8d0a0e5c4f27ead9083c756cc2,0xdac17f958d2ee523a2206206994597c13d831ec7,3921385510609848626784,7378159627962,carried_forward,sync_log,25546349,0x92cdf4d4cd8d4e69b2c75284044981e84da9e21401b0982849719351c15f774e,564,True
1,25546357,WETH_USDC,0xb4e16d0168e52d35cacd2c6185b44281ec28c9dc,0xa0b86991c6218b36c1d19d4a2e9eb0ce3606eb48,0xc02aaa39b223fe8d0a0e5c4f27ead9083c756cc2,8790731225701,4674308901752450313803,carried_forward,sync_log,25546345,0x01efc5e801169d4fdf48a4068e7d132f7615caefcd3e339778f2e81665adbef7,710,True
1,25546358,USDC_USDT,0x3041cbd36888becc7bbcbc0045e3b1f144466f5f,0xa0b86991c6218b36c1d19d4a2e9eb0ce3606eb48,0xdac17f958d2ee523a2206206994597c13d831ec7,1667118640391,1666411770774,carried_forward,sync_log,25546292,0xb37e100c6e4311afcb8d898ed7c1046cd2ab59972f2f22eb8c4f8f8bd174a548,235,True
1,25546358,USDT_WETH,0x0d4a11d5eeaac28ec3f61d100daf4d40471f1852,0xc02aaa39b223fe8d0a0e5c4f27ead9083c756cc2,0xdac17f958d2ee523a2206206994597c13d831ec7,3921385510609848626784,7378159627962,carried_forward,sync_log,25546349,0x92cdf4d4cd8d4e69b2c75284044981e84da9e21401b0982849719351c15f774e,564,True
1,25546358,WETH_USDC,0xb4e16d0168e52d35cacd2c6185b44281ec28c9dc,0xa0b86991c6218b36c1d19d4a2e9eb0ce3606eb48,0xc02aaa39b223fe8d0a0e5c4f27ead9083c756cc2,8790731225701,4674308901752450313803,carried_forward,sync_log,25546345,0x01efc5e801169d4fdf48a4068e7d132f7615caefcd3e339778f2e81665adbef7,710,True
1,25546359,USDC_USDT,0x3041cbd36888becc7bbcbc0045e3b1f144466f5f,0xa0b86991c6218b36c1d19d4a2e9eb0ce3606eb48,0xdac17f958d2ee523a2206206994597c13d831ec7,1667118640391,1666411770774,carried_forward,sync_log,25546292,0xb37e100c6e4311afcb8d898ed7c1046cd2ab59972f2f22eb8c4f8f8bd174a548,235,True
1,25546359,USDT_WETH,0x0d4a11d5eeaac28ec3f61d100daf4d40471f1852,0xc02aaa39b223fe8d0a0e5c4f27ead9083c756cc2,0xdac17f958d2ee523a2206206994597c13d831ec7,3921385510609848626784,7378159627962,carried_forward,sync_log,25546349,0x92cdf4d4cd8d4e69b2c75284044981e84da9e21401b0982849719351c15f774e,564,True
1,25546359,WETH_USDC,0xb4e16d0168e52d35cacd2c6185b44281ec28c9dc,0xa0b86991c6218b36c1d19d4a2e9eb0ce3606eb48,0xc02aaa39b223fe8d0a0e5c4f27ead9083c756cc2,8790732308904,4674308327507259639298,observed_sync,sync_log,25546359,0xc22a287625bb9a68dbe2d498d0e922ee8e42207c227838f71da58da9a2e267f8,663,True
1,25546360,USDC_USDT,0x3041cbd36888becc7bbcbc0045e3b1f144466f5f,0xa0b86991c6218b36c1d19d4a2e9eb0ce3606eb48,0xdac17f958d2ee523a2206206994597c13d831ec7,1667118640391,1666411770774,carried_forward,sync_log,25546292,0xb37e100c6e4311afcb8d898ed7c1046cd2ab59972f2f22eb8c4f8f8bd174a548,235,True
1,25546360,USDT_WETH,0x0d4a11d5eeaac28ec3f61d100daf4d40471f1852,0xc02aaa39b223fe8d0a0e5c4f27ead9083c756cc2,0xdac17f958d2ee523a2206206994597c13d831ec7,3921385510609848626784,7378159627962,carried_forward,sync_log,25546349,0x92cdf4d4cd8d4e69b2c75284044981e84da9e21401b0982849719351c15f774e,564,True
1,25546360,WETH_USDC,0xb4e16d0168e52d35cacd2c6185b44281ec28c9dc,0xa0b86991c6218b36c1d19d4a2e9eb0ce3606eb48,0xc02aaa39b223fe8d0a0e5c4f27ead9083c756cc2,8790732308904,4674308327507259639298,carried_forward,sync_log,25546359,0xc22a287625bb9a68dbe2d498d0e922ee8e42207c227838f71da58da9a2e267f8,663,True
1,25546361,USDC_USDT,0x3041cbd36888becc7bbcbc0045e3b1f144466f5f,0xa0b86991c6218b36c1d19d4a2e9eb0ce3606eb48,0xdac17f958d2ee523a2206206994597c13d831ec7,1667118640391,1666411770774,carried_forward,sync_log,25546292,0xb37e100c6e4311afcb8d898ed7c1046cd2ab59972f2f22eb8c4f8f8bd174a548,235,True
1,25546361,USDT_WETH,0x0d4a11d5eeaac28ec3f61d100daf4d40471f1852,0xc02aaa39b223fe8d0a0e5c4f27ead9083c756cc2,0xdac17f958d2ee523a2206206994597c13d831ec7,3921385510609848626784,7378159627962,carried_forward,sync_log,25546349,0x92cdf4d4cd8d4e69b2c75284044981e84da9e21401b0982849719351c15f774e,564,True
1,25546361,WETH_USDC,0xb4e16d0168e52d35cacd2c6185b44281ec28c9dc,0xa0b86991c6218b36c1d19d4a2e9eb0ce3606eb48,0xc02aaa39b223fe8d0a0e5c4f27ead9083c756cc2,8790612656496,4674372142760774251495,observed_sync,sync_log,25546361,0xe0ad3b5bec8029825f66762ccdf5e1b8e29b3406314b7ee93a6f6090a3a24825,432,True
1,25546362,USDC_USDT,0x3041cbd36888becc7bbcbc0045e3b1f144466f5f,0xa0b86991c6218b36c1d19d4a2e9eb0ce3606eb48,0xdac17f958d2ee523a2206206994597c13d831ec7,1667118640391,1666411770774,carried_forward,sync_log,25546292,0xb37e100c6e4311afcb8d898ed7c1046cd2ab59972f2f22eb8c4f8f8bd174a548,235,True
1,25546362,USDT_WETH,0x0d4a11d5eeaac28ec3f61d100daf4d40471f1852,0xc02aaa39b223fe8d0a0e5c4f27ead9083c756cc2,0xdac17f958d2ee523a2206206994597c13d831ec7,3921385510609848626784,7378159627962,carried_forward,sync_log,25546349,0x92cdf4d4cd8d4e69b2c75284044981e84da9e21401b0982849719351c15f774e,564,True
1,25546362,WETH_USDC,0xb4e16d0168e52d35cacd2c6185b44281ec28c9dc,0xa0b86991c6218b36c1d19d4a2e9eb0ce3606eb48,0xc02aaa39b223fe8d0a0e5c4f27ead9083c756cc2,8790510174300,4674426801860009042681,observed_sync,sync_log,25546362,0xd26065c36314179020769e00cdcbb705ca61886321d19c6f5f470b4356fa8b7d,122,True
1,25546363,USDC_USDT,0x3041cbd36888becc7bbcbc0045e3b1f144466f5f,0xa0b86991c6218b36c1d19d4a2e9eb0ce3606eb48,0xdac17f958d2ee523a2206206994597c13d831ec7,1667118640391,1666411770774,carried_forward,sync_log,25546292,0xb37e100c6e4311afcb8d898ed7c1046cd2ab59972f2f22eb8c4f8f8bd174a548,235,True
1,25546363,USDT_WETH,0x0d4a11d5eeaac28ec3f61d100daf4d40471f1852,0xc02aaa39b223fe8d0a0e5c4f27ead9083c756cc2,0xdac17f958d2ee523a2206206994597c13d831ec7,3921385510609848626784,7378159627962,carried_forward,sync_log,25546349,0x92cdf4d4cd8d4e69b2c75284044981e84da9e21401b0982849719351c15f774e,564,True
1,25546363,WETH_USDC,0xb4e16d0168e52d35cacd2c6185b44281ec28c9dc,0xa0b86991c6218b36c1d19d4a2e9eb0ce3606eb48,0xc02aaa39b223fe8d0a0e5c4f27ead9083c756cc2,8790510174300,4674426801860009042681,carried_forward,sync_log,25546362,0xd26065c36314179020769e00cdcbb705ca61886321d19c6f5f470b4356fa8b7d,122,True
1,25546364,USDC_USDT,0x3041cbd36888becc7bbcbc0045e3b1f144466f5f,0xa0b86991c6218b36c1d19d4a2e9eb0ce3606eb48,0xdac17f958d2ee523a2206206994597c13d831ec7,1667118640391,1666411770774,carried_forward,sync_log,25546292,0xb37e100c6e4311afcb8d898ed7c1046cd2ab59972f2f22eb8c4f8f8bd174a548,235,True
1,25546364,USDT_WETH,0x0d4a11d5eeaac28ec3f61d100daf4d40471f1852,0xc02aaa39b223fe8d0a0e5c4f27ead9083c756cc2,0xdac17f958d2ee523a2206206994597c13d831ec7,3921385510609848626784,7378159627962,carried_forward,sync_log,25546349,0x92cdf4d4cd8d4e69b2c75284044981e84da9e21401b0982849719351c15f774e,564,True
1,25546364,WETH_USDC,0xb4e16d0168e52d35cacd2c6185b44281ec28c9dc,0xa0b86991c6218b36c1d19d4a2e9eb0ce3606eb48,0xc02aaa39b223fe8d0a0e5c4f27ead9083c756cc2,8790510174300,4674426801860009042681,carried_forward,sync_log,25546362,0xd26065c36314179020769e00cdcbb705ca61886321d19c6f5f470b4356fa8b7d,122,True
1,25546365,USDC_USDT,0x3041cbd36888becc7bbcbc0045e3b1f144466f5f,0xa0b86991c6218b36c1d19d4a2e9eb0ce3606eb48,0xdac17f958d2ee523a2206206994597c13d831ec7,1667118640391,1666411770774,carried_forward,sync_log,25546292,0xb37e100c6e4311afcb8d898ed7c1046cd2ab59972f2f22eb8c4f8f8bd174a548,235,True
1,25546365,USDT_WETH,0x0d4a11d5eeaac28ec3f61d100daf4d40471f1852,0xc02aaa39b223fe8d0a0e5c4f27ead9083c756cc2,0xdac17f958d2ee523a2206206994597c13d831ec7,3921378092148041055242,7378173627962,observed_sync,sync_log,25546365,0x31284c733bcf6f04a9f4dfd9c960a7e20677735df3e132815b6879807df69b15,221,True
1,25546365,WETH_USDC,0xb4e16d0168e52d35cacd2c6185b44281ec28c9dc,0xa0b86991c6218b36c1d19d4a2e9eb0ce3606eb48,0xc02aaa39b223fe8d0a0e5c4f27ead9083c756cc2,8790510174300,4674426801860009042681,carried_forward,sync_log,25546362,0xd26065c36314179020769e00cdcbb705ca61886321d19c6f5f470b4356fa8b7d,122,True
1,25546366,USDC_USDT,0x3041cbd36888becc7bbcbc0045e3b1f144466f5f,0xa0b86991c6218b36c1d19d4a2e9eb0ce3606eb48,0xdac17f958d2ee523a2206206994597c13d831ec7,1667118640391,1666411770774,carried_forward,sync_log,25546292,0xb37e100c6e4311afcb8d898ed7c1046cd2ab59972f2f22eb8c4f8f8bd174a548,235,True
1,25546366,USDT_WETH,0x0d4a11d5eeaac28ec3f61d100daf4d40471f1852,0xc02aaa39b223fe8d0a0e5c4f27ead9083c756cc2,0xdac17f958d2ee523a2206206994597c13d831ec7,3921378092148041055242,7378173627962,carried_forward,sync_log,25546365,0x31284c733bcf6f04a9f4dfd9c960a7e20677735df3e132815b6879807df69b15,221,True
1,25546366,WETH_USDC,0xb4e16d0168e52d35cacd2c6185b44281ec28c9dc,0xa0b86991c6218b36c1d19d4a2e9eb0ce3606eb48,0xc02aaa39b223fe8d0a0e5c4f27ead9083c756cc2,8790510174300,4674426801860009042681,carried_forward,sync_log,25546362,0xd26065c36314179020769e00cdcbb705ca61886321d19c6f5f470b4356fa8b7d,122,True
1,25546367,USDC_USDT,0x3041cbd36888becc7bbcbc0045e3b1f144466f5f,0xa0b86991c6218b36c1d19d4a2e9eb0ce3606eb48,0xdac17f958d2ee523a2206206994597c13d831ec7,1667118640391,1666411770774,carried_forward,sync_log,25546292,0xb37e100c6e4311afcb8d898ed7c1046cd2ab59972f2f22eb8c4f8f8bd174a548,235,True
1,25546367,USDT_WETH,0x0d4a11d5eeaac28ec3f61d100daf4d40471f1852,0xc02aaa39b223fe8d0a0e5c4f27ead9083c756cc2,0xdac17f958d2ee523a2206206994597c13d831ec7,3921378092148041055242,7378173627962,carried_forward,sync_log,25546365,0x31284c733bcf6f04a9f4dfd9c960a7e20677735df3e132815b6879807df69b15,221,True
1,25546367,WETH_USDC,0xb4e16d0168e52d35cacd2c6185b44281ec28c9dc,0xa0b86991c6218b36c1d19d4a2e9eb0ce3606eb48,0xc02aaa39b223fe8d0a0e5c4f27ead9083c756cc2,8790510174300,4674426801860009042681,carried_forward,sync_log,25546362,0xd26065c36314179020769e00cdcbb705ca61886321d19c6f5f470b4356fa8b7d,122,True
1,25546368,USDC_USDT,0x3041cbd36888becc7bbcbc0045e3b1f144466f5f,0xa0b86991c6218b36c1d19d4a2e9eb0ce3606eb48,0xdac17f958d2ee523a2206206994597c13d831ec7,1667118640391,1666411770774,carried_forward,sync_log,25546292,0xb37e100c6e4311afcb8d898ed7c1046cd2ab59972f2f22eb8c4f8f8bd174a548,235,True
1,25546368,USDT_WETH,0x0d4a11d5eeaac28ec3f61d100daf4d40471f1852,0xc02aaa39b223fe8d0a0e5c4f27ead9083c756cc2,0xdac17f958d2ee523a2206206994597c13d831ec7,3921378092148041055242,7378173627962,carried_forward,sync_log,25546365,0x31284c733bcf6f04a9f4dfd9c960a7e20677735df3e132815b6879807df69b15,221,True
1,25546368,WETH_USDC,0xb4e16d0168e52d35cacd2c6185b44281ec28c9dc,0xa0b86991c6218b36c1d19d4a2e9eb0ce3606eb48,0xc02aaa39b223fe8d0a0e5c4f27ead9083c756cc2,8790510174300,4674426801860009042681,carried_forward,sync_log,25546362,0xd26065c36314179020769e00cdcbb705ca61886321d19c6f5f470b4356fa8b7d,122,True
1,25546369,USDC_USDT,0x3041cbd36888becc7bbcbc0045e3b1f144466f5f,0xa0b86991c6218b36c1d19d4a2e9eb0ce3606eb48,0xdac17f958d2ee523a2206206994597c13d831ec7,1667118640391,1666411770774,carried_forward,sync_log,25546292,0xb37e100c6e4311afcb8d898ed7c1046cd2ab59972f2f22eb8c4f8f8bd174a548,235,True
1,25546369,USDT_WETH,0x0d4a11d5eeaac28ec3f61d100daf4d40471f1852,0xc02aaa39b223fe8d0a0e5c4f27ead9083c756cc2,0xdac17f958d2ee523a2206206994597c13d831ec7,3921378092148041055242,7378173627962,carried_forward,sync_log,25546365,0x31284c733bcf6f04a9f4dfd9c960a7e20677735df3e132815b6879807df69b15,221,True
1,25546369,WETH_USDC,0xb4e16d0168e52d35cacd2c6185b44281ec28c9dc,0xa0b86991c6218b36c1d19d4a2e9eb0ce3606eb48,0xc02aaa39b223fe8d0a0e5c4f27ead9083c756cc2,8790510174300,4674426801860009042681,carried_forward,sync_log,25546362,0xd26065c36314179020769e00cdcbb705ca61886321d19c6f5f470b4356fa8b7d,122,True
1,25546370,USDC_USDT,0x3041cbd36888becc7bbcbc0045e3b1f144466f5f,0xa0b86991c6218b36c1d19d4a2e9eb0ce3606eb48,0xdac17f958d2ee523a2206206994597c13d831ec7,1667118640391,1666411770774,carried_forward,sync_log,25546292,0xb37e100c6e4311afcb8d898ed7c1046cd2ab59972f2f22eb8c4f8f8bd174a548,235,True
1,25546370,USDT_WETH,0x0d4a11d5eeaac28ec3f61d100daf4d40471f1852,0xc02aaa39b223fe8d0a0e5c4f27ead9083c756cc2,0xdac17f958d2ee523a2206206994597c13d831ec7,3921378092148041055242,7378173627962,carried_forward,sync_log,25546365,0x31284c733bcf6f04a9f4dfd9c960a7e20677735df3e132815b6879807df69b15,221,True
1,25546370,WETH_USDC,0xb4e16d0168e52d35cacd2c6185b44281ec28c9dc,0xa0b86991c6218b36c1d19d4a2e9eb0ce3606eb48,0xc02aaa39b223fe8d0a0e5c4f27ead9083c756cc2,8790510174300,4674426801860009042681,carried_forward,sync_log,25546362,0xd26065c36314179020769e00cdcbb705ca61886321d19c6f5f470b4356fa8b7d,122,True
1,25546371,USDC_USDT,0x3041cbd36888becc7bbcbc0045e3b1f144466f5f,0xa0b86991c6218b36c1d19d4a2e9eb0ce3606eb48,0xdac17f958d2ee523a2206206994597c13d831ec7,1667118640391,1666411770774,carried_forward,sync_log,25546292,0xb37e100c6e4311afcb8d898ed7c1046cd2ab59972f2f22eb8c4f8f8bd174a548,235,True
1,25546371,USDT_WETH,0x0d4a11d5eeaac28ec3f61d100daf4d40471f1852,0xc02aaa39b223fe8d0a0e5c4f27ead9083c756cc2,0xdac17f958d2ee523a2206206994597c13d831ec7,3921378092148041055242,7378173627962,carried_forward,sync_log,25546365,0x31284c733bcf6f04a9f4dfd9c960a7e20677735df3e132815b6879807df69b15,221,True
1,25546371,WETH_USDC,0xb4e16d0168e52d35cacd2c6185b44281ec28c9dc,0xa0b86991c6218b36c1d19d4a2e9eb0ce3606eb48,0xc02aaa39b223fe8d0a0e5c4f27ead9083c756cc2,8790510174300,4674426801860009042681,carried_forward,sync_log,25546362,0xd26065c36314179020769e00cdcbb705ca61886321d19c6f5f470b4356fa8b7d,122,True
1,25546372,USDC_USDT,0x3041cbd36888becc7bbcbc0045e3b1f144466f5f,0xa0b86991c6218b36c1d19d4a2e9eb0ce3606eb48,0xdac17f958d2ee523a2206206994597c13d831ec7,1667118640391,1666411770774,carried_forward,sync_log,25546292,0xb37e100c6e4311afcb8d898ed7c1046cd2ab59972f2f22eb8c4f8f8bd174a548,235,True
1,25546372,USDT_WETH,0x0d4a11d5eeaac28ec3f61d100daf4d40471f1852,0xc02aaa39b223fe8d0a0e5c4f27ead9083c756cc2,0xdac17f958d2ee523a2206206994597c13d831ec7,3921378092148041055242,7378173627962,carried_forward,sync_log,25546365,0x31284c733bcf6f04a9f4dfd9c960a7e20677735df3e132815b6879807df69b15,221,True
1,25546372,WETH_USDC,0xb4e16d0168e52d35cacd2c6185b44281ec28c9dc,0xa0b86991c6218b36c1d19d4a2e9eb0ce3606eb48,0xc02aaa39b223fe8d0a0e5c4f27ead9083c756cc2,8790510174300,4674426801860009042681,carried_forward,sync_log,25546362,0xd26065c36314179020769e00cdcbb705ca61886321d19c6f5f470b4356fa8b7d,122,True
1,25546373,USDC_USDT,0x3041cbd36888becc7bbcbc0045e3b1f144466f5f,0xa0b86991c6218b36c1d19d4a2e9eb0ce3606eb48,0xdac17f958d2ee523a2206206994597c13d831ec7,1667118640391,1666411770774,carried_forward,sync_log,25546292,0xb37e100c6e4311afcb8d898ed7c1046cd2ab59972f2f22eb8c4f8f8bd174a548,235,True
1,25546373,USDT_WETH,0x0d4a11d5eeaac28ec3f61d100daf4d40471f1852,0xc02aaa39b223fe8d0a0e5c4f27ead9083c756cc2,0xdac17f958d2ee523a2206206994597c13d831ec7,3921382911788041055242,7378164586902,observed_sync,sync_log,25546373,0xf5bd50faec1c3b5594ff1ca885c670f943d8d126b6e1159cd553898e73ea5f72,446,True
1,25546373,WETH_USDC,0xb4e16d0168e52d35cacd2c6185b44281ec28c9dc,0xa0b86991c6218b36c1d19d4a2e9eb0ce3606eb48,0xc02aaa39b223fe8d0a0e5c4f27ead9083c756cc2,8790510174300,4674426801860009042681,carried_forward,sync_log,25546362,0xd26065c36314179020769e00cdcbb705ca61886321d19c6f5f470b4356fa8b7d,122,True
1,25546374,USDC_USDT,0x3041cbd36888becc7bbcbc0045e3b1f144466f5f,0xa0b86991c6218b36c1d19d4a2e9eb0ce3606eb48,0xdac17f958d2ee523a2206206994597c13d831ec7,1667118640391,1666411770774,carried_forward,sync_log,25546292,0xb37e100c6e4311afcb8d898ed7c1046cd2ab59972f2f22eb8c4f8f8bd174a548,235,True
1,25546374,USDT_WETH,0x0d4a11d5eeaac28ec3f61d100daf4d40471f1852,0xc02aaa39b223fe8d0a0e5c4f27ead9083c756cc2,0xdac17f958d2ee523a2206206994597c13d831ec7,3921382911788041055242,7378164586902,carried_forward,sync_log,25546373,0xf5bd50faec1c3b5594ff1ca885c670f943d8d126b6e1159cd553898e73ea5f72,446,True
1,25546374,WETH_USDC,0xb4e16d0168e52d35cacd2c6185b44281ec28c9dc,0xa0b86991c6218b36c1d19d4a2e9eb0ce3606eb48,0xc02aaa39b223fe8d0a0e5c4f27ead9083c756cc2,8790510174300,4674426801860009042681,carried_forward,sync_log,25546362,0xd26065c36314179020769e00cdcbb705ca61886321d19c6f5f470b4356fa8b7d,122,True
1,25546375,USDC_USDT,0x3041cbd36888becc7bbcbc0045e3b1f144466f5f,0xa0b86991c6218b36c1d19d4a2e9eb0ce3606eb48,0xdac17f958d2ee523a2206206994597c13d831ec7,1667118640391,1666411770774,carried_forward,sync_log,25546292,0xb37e100c6e4311afcb8d898ed7c1046cd2ab59972f2f22eb8c4f8f8bd174a548,235,True
1,25546375,USDT_WETH,0x0d4a11d5eeaac28ec3f61d100daf4d40471f1852,0xc02aaa39b223fe8d0a0e5c4f27ead9083c756cc2,0xdac17f958d2ee523a2206206994597c13d831ec7,3921382911788041055242,7378164586902,carried_forward,sync_log,25546373,0xf5bd50faec1c3b5594ff1ca885c670f943d8d126b6e1159cd553898e73ea5f72,446,True
1,25546375,WETH_USDC,0xb4e16d0168e52d35cacd2c6185b44281ec28c9dc,0xa0b86991c6218b36c1d19d4a2e9eb0ce3606eb48,0xc02aaa39b223fe8d0a0e5c4f27ead9083c756cc2,8790510174300,4674426801860009042681,carried_forward,sync_log,25546362,0xd26065c36314179020769e00cdcbb705ca61886321d19c6f5f470b4356fa8b7d,122,True
1,25546376,USDC_USDT,0x3041cbd36888becc7bbcbc0045e3b1f144466f5f,0xa0b86991c6218b36c1d19d4a2e9eb0ce3606eb48,0xdac17f958d2ee523a2206206994597c13d831ec7,1667118640391,1666411770774,carried_forward,sync_log,25546292,0xb37e100c6e4311afcb8d898ed7c1046cd2ab59972f2f22eb8c4f8f8bd174a548,235,True
1,25546376,USDT_WETH,0x0d4a11d5eeaac28ec3f61d100daf4d40471f1852,0xc02aaa39b223fe8d0a0e5c4f27ead9083c756cc2,0xdac17f958d2ee523a2206206994597c13d831ec7,3921382911788041055242,7378164586902,carried_forward,sync_log,25546373,0xf5bd50faec1c3b5594ff1ca885c670f943d8d126b6e1159cd553898e73ea5f72,446,True
1,25546376,WETH_USDC,0xb4e16d0168e52d35cacd2c6185b44281ec28c9dc,0xa0b86991c6218b36c1d19d4a2e9eb0ce3606eb48,0xc02aaa39b223fe8d0a0e5c4f27ead9083c756cc2,8790510174300,4674426801860009042681,carried_forward,sync_log,25546362,0xd26065c36314179020769e00cdcbb705ca61886321d19c6f5f470b4356fa8b7d,122,True
1,25546377,USDC_USDT,0x3041cbd36888becc7bbcbc0045e3b1f144466f5f,0xa0b86991c6218b36c1d19d4a2e9eb0ce3606eb48,0xdac17f958d2ee523a2206206994597c13d831ec7,1667118640391,1666411770774,carried_forward,sync_log,25546292,0xb37e100c6e4311afcb8d898ed7c1046cd2ab59972f2f22eb8c4f8f8bd174a548,235,True
1,25546377,USDT_WETH,0x0d4a11d5eeaac28ec3f61d100daf4d40471f1852,0xc02aaa39b223fe8d0a0e5c4f27ead9083c756cc2,0xdac17f958d2ee523a2206206994597c13d831ec7,3921382911788041055242,7378164586902,carried_forward,sync_log,25546373,0xf5bd50faec1c3b5594ff1ca885c670f943d8d126b6e1159cd553898e73ea5f72,446,True
1,25546377,WETH_USDC,0xb4e16d0168e52d35cacd2c6185b44281ec28c9dc,0xa0b86991c6218b36c1d19d4a2e9eb0ce3606eb48,0xc02aaa39b223fe8d0a0e5c4f27ead9083c756cc2,8790510174300,4674426801860009042681,carried_forward,sync_log,25546362,0xd26065c36314179020769e00cdcbb705ca61886321d19c6f5f470b4356fa8b7d,122,True
1,25546378,USDC_USDT,0x3041cbd36888becc7bbcbc0045e3b1f144466f5f,0xa0b86991c6218b36c1d19d4a2e9eb0ce3606eb48,0xdac17f958d2ee523a2206206994597c13d831ec7,1667118640391,1666411770774,carried_forward,sync_log,25546292,0xb37e100c6e4311afcb8d898ed7c1046cd2ab59972f2f22eb8c4f8f8bd174a548,235,True
1,25546378,USDT_WETH,0x0d4a11d5eeaac28ec3f61d100daf4d40471f1852,0xc02aaa39b223fe8d0a0e5c4f27ead9083c756cc2,0xdac17f958d2ee523a2206206994597c13d831ec7,3921382911788041055242,7378164586902,carried_forward,sync_log,25546373,0xf5bd50faec1c3b5594ff1ca885c670f943d8d126b6e1159cd553898e73ea5f72,446,True
1,25546378,WETH_USDC,0xb4e16d0168e52d35cacd2c6185b44281ec28c9dc,0xa0b86991c6218b36c1d19d4a2e9eb0ce3606eb48,0xc02aaa39b223fe8d0a0e5c4f27ead9083c756cc2,8790510174300,4674426801860009042681,carried_forward,sync_log,25546362,0xd26065c36314179020769e00cdcbb705ca61886321d19c6f5f470b4356fa8b7d,122,True
1,25546379,USDC_USDT,0x3041cbd36888becc7bbcbc0045e3b1f144466f5f,0xa0b86991c6218b36c1d19d4a2e9eb0ce3606eb48,0xdac17f958d2ee523a2206206994597c13d831ec7,1667118640391,1666411770774,carried_forward,sync_log,25546292,0xb37e100c6e4311afcb8d898ed7c1046cd2ab59972f2f22eb8c4f8f8bd174a548,235,True
1,25546379,USDT_WETH,0x0d4a11d5eeaac28ec3f61d100daf4d40471f1852,0xc02aaa39b223fe8d0a0e5c4f27ead9083c756cc2,0xdac17f958d2ee523a2206206994597c13d831ec7,3921382911788041055242,7378164586902,carried_forward,sync_log,25546373,0xf5bd50faec1c3b5594ff1ca885c670f943d8d126b6e1159cd553898e73ea5f72,446,True
1,25546379,WETH_USDC,0xb4e16d0168e52d35cacd2c6185b44281ec28c9dc,0xa0b86991c6218b36c1d19d4a2e9eb0ce3606eb48,0xc02aaa39b223fe8d0a0e5c4f27ead9083c756cc2,8790510174300,4674426801860009042681,carried_forward,sync_log,25546362,0xd26065c36314179020769e00cdcbb705ca61886321d19c6f5f470b4356fa8b7d,122,True
1,25546380,USDC_USDT,0x3041cbd36888becc7bbcbc0045e3b1f144466f5f,0xa0b86991c6218b36c1d19d4a2e9eb0ce3606eb48,0xdac17f958d2ee523a2206206994597c13d831ec7,1667118640391,1666411770774,carried_forward,sync_log,25546292,0xb37e100c6e4311afcb8d898ed7c1046cd2ab59972f2f22eb8c4f8f8bd174a548,235,True
1,25546380,USDT_WETH,0x0d4a11d5eeaac28ec3f61d100daf4d40471f1852,0xc02aaa39b223fe8d0a0e5c4f27ead9083c756cc2,0xdac17f958d2ee523a2206206994597c13d831ec7,3921382911788041055242,7378164586902,carried_forward,sync_log,25546373,0xf5bd50faec1c3b5594ff1ca885c670f943d8d126b6e1159cd553898e73ea5f72,446,True
1,25546380,WETH_USDC,0xb4e16d0168e52d35cacd2c6185b44281ec28c9dc,0xa0b86991c6218b36c1d19d4a2e9eb0ce3606eb48,0xc02aaa39b223fe8d0a0e5c4f27ead9083c756cc2,8790510174300,4674426801860009042681,carried_forward,sync_log,25546362,0xd26065c36314179020769e00cdcbb705ca61886321d19c6f5f470b4356fa8b7d,122,True
1,25546381,USDC_USDT,0x3041cbd36888becc7bbcbc0045e3b1f144466f5f,0xa0b86991c6218b36c1d19d4a2e9eb0ce3606eb48,0xdac17f958d2ee523a2206206994597c13d831ec7,1667118640391,1666411770774,carried_forward,sync_log,25546292,0xb37e100c6e4311afcb8d898ed7c1046cd2ab59972f2f22eb8c4f8f8bd174a548,235,True
1,25546381,USDT_WETH,0x0d4a11d5eeaac28ec3f61d100daf4d40471f1852,0xc02aaa39b223fe8d0a0e5c4f27ead9083c756cc2,0xdac17f958d2ee523a2206206994597c13d831ec7,3921382911788041055242,7378164586902,carried_forward,sync_log,25546373,0xf5bd50faec1c3b5594ff1ca885c670f943d8d126b6e1159cd553898e73ea5f72,446,True
1,25546381,WETH_USDC,0xb4e16d0168e52d35cacd2c6185b44281ec28c9dc,0xa0b86991c6218b36c1d19d4a2e9eb0ce3606eb48,0xc02aaa39b223fe8d0a0e5c4f27ead9083c756cc2,8790510174300,4674426801860009042681,carried_forward,sync_log,25546362,0xd26065c36314179020769e00cdcbb705ca61886321d19c6f5f470b4356fa8b7d,122,True
1,25546382,USDC_USDT,0x3041cbd36888becc7bbcbc0045e3b1f144466f5f,0xa0b86991c6218b36c1d19d4a2e9eb0ce3606eb48,0xdac17f958d2ee523a2206206994597c13d831ec7,1667118640391,1666411770774,carried_forward,sync_log,25546292,0xb37e100c6e4311afcb8d898ed7c1046cd2ab59972f2f22eb8c4f8f8bd174a548,235,True
1,25546382,USDT_WETH,0x0d4a11d5eeaac28ec3f61d100daf4d40471f1852,0xc02aaa39b223fe8d0a0e5c4f27ead9083c756cc2,0xdac17f958d2ee523a2206206994597c13d831ec7,3921382911788041055242,7378164586902,carried_forward,sync_log,25546373,0xf5bd50faec1c3b5594ff1ca885c670f943d8d126b6e1159cd553898e73ea5f72,446,True
1,25546382,WETH_USDC,0xb4e16d0168e52d35cacd2c6185b44281ec28c9dc,0xa0b86991c6218b36c1d19d4a2e9eb0ce3606eb48,0xc02aaa39b223fe8d0a0e5c4f27ead9083c756cc2,8790510174300,4674426801860009042681,carried_forward,sync_log,25546362,0xd26065c36314179020769e00cdcbb705ca61886321d19c6f5f470b4356fa8b7d,122,True
1,25546383,USDC_USDT,0x3041cbd36888becc7bbcbc0045e3b1f144466f5f,0xa0b86991c6218b36c1d19d4a2e9eb0ce3606eb48,0xdac17f958d2ee523a2206206994597c13d831ec7,1667118640391,1666411770774,carried_forward,sync_log,25546292,0xb37e100c6e4311afcb8d898ed7c1046cd2ab59972f2f22eb8c4f8f8bd174a548,235,True
1,25546383,USDT_WETH,0x0d4a11d5eeaac28ec3f61d100daf4d40471f1852,0xc02aaa39b223fe8d0a0e5c4f27ead9083c756cc2,0xdac17f958d2ee523a2206206994597c13d831ec7,3921382911788041055242,7378164586902,carried_forward,sync_log,25546373,0xf5bd50faec1c3b5594ff1ca885c670f943d8d126b6e1159cd553898e73ea5f72,446,True
1,25546383,WETH_USDC,0xb4e16d0168e52d35cacd2c6185b44281ec28c9dc,0xa0b86991c6218b36c1d19d4a2e9eb0ce3606eb48,0xc02aaa39b223fe8d0a0e5c4f27ead9083c756cc2,8790510174300,4674426801860009042681,carried_forward,sync_log,25546362,0xd26065c36314179020769e00cdcbb705ca61886321d19c6f5f470b4356fa8b7d,122,True
1,25546384,USDC_USDT,0x3041cbd36888becc7bbcbc0045e3b1f144466f5f,0xa0b86991c6218b36c1d19d4a2e9eb0ce3606eb48,0xdac17f958d2ee523a2206206994597c13d831ec7,1667118640391,1666411770774,carried_forward,sync_log,25546292,0xb37e100c6e4311afcb8d898ed7c1046cd2ab59972f2f22eb8c4f8f8bd174a548,235,True
1,25546384,USDT_WETH,0x0d4a11d5eeaac28ec3f61d100daf4d40471f1852,0xc02aaa39b223fe8d0a0e5c4f27ead9083c756cc2,0xdac17f958d2ee523a2206206994597c13d831ec7,3922599793317482526218,7375882578016,observed_sync,sync_log,25546384,0x4b7b3c3f3841873e570b61085a70a39d95dc14334f5c7fc0deea458b044ceab1,136,True
1,25546384,WETH_USDC,0xb4e16d0168e52d35cacd2c6185b44281ec28c9dc,0xa0b86991c6218b36c1d19d4a2e9eb0ce3606eb48,0xc02aaa39b223fe8d0a0e5c4f27ead9083c756cc2,8787087507146,4676253024780937979897,observed_sync,sync_log,25546384,0x5dd1c58db921097064bb893dd8afd3d0536a184eae18532e42bef968c3856f6c,88,True
1,25546385,USDC_USDT,0x3041cbd36888becc7bbcbc0045e3b1f144466f5f,0xa0b86991c6218b36c1d19d4a2e9eb0ce3606eb48,0xdac17f958d2ee523a2206206994597c13d831ec7,1667118640391,1666411770774,carried_forward,sync_log,25546292,0xb37e100c6e4311afcb8d898ed7c1046cd2ab59972f2f22eb8c4f8f8bd174a548,235,True
1,25546385,USDT_WETH,0x0d4a11d5eeaac28ec3f61d100daf4d40471f1852,0xc02aaa39b223fe8d0a0e5c4f27ead9083c756cc2,0xdac17f958d2ee523a2206206994597c13d831ec7,3922599793317482526218,7375882578016,carried_forward,sync_log,25546384,0x4b7b3c3f3841873e570b61085a70a39d95dc14334f5c7fc0deea458b044ceab1,136,True
1,25546385,WETH_USDC,0xb4e16d0168e52d35cacd2c6185b44281ec28c9dc,0xa0b86991c6218b36c1d19d4a2e9eb0ce3606eb48,0xc02aaa39b223fe8d0a0e5c4f27ead9083c756cc2,8787040286198,4676278230258463682349,observed_sync,sync_log,25546385,0xf8ba8ae4ef5c326d5724e875645ee1a6aadeafc1205ff0130e879e699c20490c,149,True
1,25546386,USDC_USDT,0x3041cbd36888becc7bbcbc0045e3b1f144466f5f,0xa0b86991c6218b36c1d19d4a2e9eb0ce3606eb48,0xdac17f958d2ee523a2206206994597c13d831ec7,1667118640391,1666411770774,carried_forward,sync_log,25546292,0xb37e100c6e4311afcb8d898ed7c1046cd2ab59972f2f22eb8c4f8f8bd174a548,235,True
1,25546386,USDT_WETH,0x0d4a11d5eeaac28ec3f61d100daf4d40471f1852,0xc02aaa39b223fe8d0a0e5c4f27ead9083c756cc2,0xdac17f958d2ee523a2206206994597c13d831ec7,3922599793317482526218,7375882578016,carried_forward,sync_log,25546384,0x4b7b3c3f3841873e570b61085a70a39d95dc14334f5c7fc0deea458b044ceab1,136,True
1,25546386,WETH_USDC,0xb4e16d0168e52d35cacd2c6185b44281ec28c9dc,0xa0b86991c6218b36c1d19d4a2e9eb0ce3606eb48,0xc02aaa39b223fe8d0a0e5c4f27ead9083c756cc2,8786953248755,4676324689594732075455,observed_sync,sync_log,25546386,0x92e737026539cf5f4f47972496103cd0697bfbd1fbb93d49dca141f5d29a2e4a,394,True
1,25546387,USDC_USDT,0x3041cbd36888becc7bbcbc0045e3b1f144466f5f,0xa0b86991c6218b36c1d19d4a2e9eb0ce3606eb48,0xdac17f958d2ee523a2206206994597c13d831ec7,1667118640391,1666411770774,carried_forward,sync_log,25546292,0xb37e100c6e4311afcb8d898ed7c1046cd2ab59972f2f22eb8c4f8f8bd174a548,235,True
1,25546387,USDT_WETH,0x0d4a11d5eeaac28ec3f61d100daf4d40471f1852,0xc02aaa39b223fe8d0a0e5c4f27ead9083c756cc2,0xdac17f958d2ee523a2206206994597c13d831ec7,3922599793317482526218,7375882578016,carried_forward,sync_log,25546384,0x4b7b3c3f3841873e570b61085a70a39d95dc14334f5c7fc0deea458b044ceab1,136,True
1,25546387,WETH_USDC,0xb4e16d0168e52d35cacd2c6185b44281ec28c9dc,0xa0b86991c6218b36c1d19d4a2e9eb0ce3606eb48,0xc02aaa39b223fe8d0a0e5c4f27ead9083c756cc2,8787009226108,4676294988592802257343,observed_sync,sync_log,25546387,0x3590e741e711015cdb314fc11fc8a07850ec34d4b6090ed862e01c8e1ceab81a,13,True
1,25546388,USDC_USDT,0x3041cbd36888becc7bbcbc0045e3b1f144466f5f,0xa0b86991c6218b36c1d19d4a2e9eb0ce3606eb48,0xdac17f958d2ee523a2206206994597c13d831ec7,1667118640391,1666411770774,carried_forward,sync_log,25546292,0xb37e100c6e4311afcb8d898ed7c1046cd2ab59972f2f22eb8c4f8f8bd174a548,235,True
1,25546388,USDT_WETH,0x0d4a11d5eeaac28ec3f61d100daf4d40471f1852,0xc02aaa39b223fe8d0a0e5c4f27ead9083c756cc2,0xdac17f958d2ee523a2206206994597c13d831ec7,3922599793317482526218,7375882578016,carried_forward,sync_log,25546384,0x4b7b3c3f3841873e570b61085a70a39d95dc14334f5c7fc0deea458b044ceab1,136,True
1,25546388,WETH_USDC,0xb4e16d0168e52d35cacd2c6185b44281ec28c9dc,0xa0b86991c6218b36c1d19d4a2e9eb0ce3606eb48,0xc02aaa39b223fe8d0a0e5c4f27ead9083c756cc2,8787009226108,4676294988592802257343,carried_forward,sync_log,25546387,0x3590e741e711015cdb314fc11fc8a07850ec34d4b6090ed862e01c8e1ceab81a,13,True
1,25546389,USDC_USDT,0x3041cbd36888becc7bbcbc0045e3b1f144466f5f,0xa0b86991c6218b36c1d19d4a2e9eb0ce3606eb48,0xdac17f958d2ee523a2206206994597c13d831ec7,1667118640391,1666411770774,carried_forward,sync_log,25546292,0xb37e100c6e4311afcb8d898ed7c1046cd2ab59972f2f22eb8c4f8f8bd174a548,235,True
1,25546389,USDT_WETH,0x0d4a11d5eeaac28ec3f61d100daf4d40471f1852,0xc02aaa39b223fe8d0a0e5c4f27ead9083c756cc2,0xdac17f958d2ee523a2206206994597c13d831ec7,3922599793317482526218,7375882578016,carried_forward,sync_log,25546384,0x4b7b3c3f3841873e570b61085a70a39d95dc14334f5c7fc0deea458b044ceab1,136,True
1,25546389,WETH_USDC,0xb4e16d0168e52d35cacd2c6185b44281ec28c9dc,0xa0b86991c6218b36c1d19d4a2e9eb0ce3606eb48,0xc02aaa39b223fe8d0a0e5c4f27ead9083c756cc2,8787009226108,4676294988592802257343,carried_forward,sync_log,25546387,0x3590e741e711015cdb314fc11fc8a07850ec34d4b6090ed862e01c8e1ceab81a,13,True
1,25546390,USDC_USDT,0x3041cbd36888becc7bbcbc0045e3b1f144466f5f,0xa0b86991c6218b36c1d19d4a2e9eb0ce3606eb48,0xdac17f958d2ee523a2206206994597c13d831ec7,1667118640391,1666411770774,carried_forward,sync_log,25546292,0xb37e100c6e4311afcb8d898ed7c1046cd2ab59972f2f22eb8c4f8f8bd174a548,235,True
1,25546390,USDT_WETH,0x0d4a11d5eeaac28ec3f61d100daf4d40471f1852,0xc02aaa39b223fe8d0a0e5c4f27ead9083c756cc2,0xdac17f958d2ee523a2206206994597c13d831ec7,3922599793317482526218,7375882578016,carried_forward,sync_log,25546384,0x4b7b3c3f3841873e570b61085a70a39d95dc14334f5c7fc0deea458b044ceab1,136,True
1,25546390,WETH_USDC,0xb4e16d0168e52d35cacd2c6185b44281ec28c9dc,0xa0b86991c6218b36c1d19d4a2e9eb0ce3606eb48,0xc02aaa39b223fe8d0a0e5c4f27ead9083c756cc2,8787009226108,4676294988592802257343,carried_forward,sync_log,25546387,0x3590e741e711015cdb314fc11fc8a07850ec34d4b6090ed862e01c8e1ceab81a,13,True
1,25546391,USDC_USDT,0x3041cbd36888becc7bbcbc0045e3b1f144466f5f,0xa0b86991c6218b36c1d19d4a2e9eb0ce3606eb48,0xdac17f958d2ee523a2206206994597c13d831ec7,1667118640391,1666411770774,carried_forward,sync_log,25546292,0xb37e100c6e4311afcb8d898ed7c1046cd2ab59972f2f22eb8c4f8f8bd174a548,235,True
1,25546391,USDT_WETH,0x0d4a11d5eeaac28ec3f61d100daf4d40471f1852,0xc02aaa39b223fe8d0a0e5c4f27ead9083c756cc2,0xdac17f958d2ee523a2206206994597c13d831ec7,3922599793317482526218,7375882578016,carried_forward,sync_log,25546384,0x4b7b3c3f3841873e570b61085a70a39d95dc14334f5c7fc0deea458b044ceab1,136,True
1,25546391,WETH_USDC,0xb4e16d0168e52d35cacd2c6185b44281ec28c9dc,0xa0b86991c6218b36c1d19d4a2e9eb0ce3606eb48,0xc02aaa39b223fe8d0a0e5c4f27ead9083c756cc2,8787009226108,4676294988592802257343,carried_forward,sync_log,25546387,0x3590e741e711015cdb314fc11fc8a07850ec34d4b6090ed862e01c8e1ceab81a,13,True
1,25546392,USDC_USDT,0x3041cbd36888becc7bbcbc0045e3b1f144466f5f,0xa0b86991c6218b36c1d19d4a2e9eb0ce3606eb48,0xdac17f958d2ee523a2206206994597c13d831ec7,1667118640391,1666411770774,carried_forward,sync_log,25546292,0xb37e100c6e4311afcb8d898ed7c1046cd2ab59972f2f22eb8c4f8f8bd174a548,235,True
1,25546392,USDT_WETH,0x0d4a11d5eeaac28ec3f61d100daf4d40471f1852,0xc02aaa39b223fe8d0a0e5c4f27ead9083c756cc2,0xdac17f958d2ee523a2206206994597c13d831ec7,3922599793317482526218,7375882578016,carried_forward,sync_log,25546384,0x4b7b3c3f3841873e570b61085a70a39d95dc14334f5c7fc0deea458b044ceab1,136,True
1,25546392,WETH_USDC,0xb4e16d0168e52d35cacd2c6185b44281ec28c9dc,0xa0b86991c6218b36c1d19d4a2e9eb0ce3606eb48,0xc02aaa39b223fe8d0a0e5c4f27ead9083c756cc2,8787009226108,4676294988592802257343,carried_forward,sync_log,25546387,0x3590e741e711015cdb314fc11fc8a07850ec34d4b6090ed862e01c8e1ceab81a,13,True
1,25546393,USDC_USDT,0x3041cbd36888becc7bbcbc0045e3b1f144466f5f,0xa0b86991c6218b36c1d19d4a2e9eb0ce3606eb48,0xdac17f958d2ee523a2206206994597c13d831ec7,1667118640391,1666411770774,carried_forward,sync_log,25546292,0xb37e100c6e4311afcb8d898ed7c1046cd2ab59972f2f22eb8c4f8f8bd174a548,235,True
1,25546393,USDT_WETH,0x0d4a11d5eeaac28ec3f61d100daf4d40471f1852,0xc02aaa39b223fe8d0a0e5c4f27ead9083c756cc2,0xdac17f958d2ee523a2206206994597c13d831ec7,3922599793317482526218,7375882578016,carried_forward,sync_log,25546384,0x4b7b3c3f3841873e570b61085a70a39d95dc14334f5c7fc0deea458b044ceab1,136,True
1,25546393,WETH_USDC,0xb4e16d0168e52d35cacd2c6185b44281ec28c9dc,0xa0b86991c6218b36c1d19d4a2e9eb0ce3606eb48,0xc02aaa39b223fe8d0a0e5c4f27ead9083c756cc2,8787009226108,4676294988592802257343,carried_forward,sync_log,25546387,0x3590e741e711015cdb314fc11fc8a07850ec34d4b6090ed862e01c8e1ceab81a,13,True
1,25546394,USDC_USDT,0x3041cbd36888becc7bbcbc0045e3b1f144466f5f,0xa0b86991c6218b36c1d19d4a2e9eb0ce3606eb48,0xdac17f958d2ee523a2206206994597c13d831ec7,1667118640391,1666411770774,carried_forward,sync_log,25546292,0xb37e100c6e4311afcb8d898ed7c1046cd2ab59972f2f22eb8c4f8f8bd174a548,235,True
1,25546394,USDT_WETH,0x0d4a11d5eeaac28ec3f61d100daf4d40471f1852,0xc02aaa39b223fe8d0a0e5c4f27ead9083c756cc2,0xdac17f958d2ee523a2206206994597c13d831ec7,3922599793317482526218,7375882578016,carried_forward,sync_log,25546384,0x4b7b3c3f3841873e570b61085a70a39d95dc14334f5c7fc0deea458b044ceab1,136,True
1,25546394,WETH_USDC,0xb4e16d0168e52d35cacd2c6185b44281ec28c9dc,0xa0b86991c6218b36c1d19d4a2e9eb0ce3606eb48,0xc02aaa39b223fe8d0a0e5c4f27ead9083c756cc2,8787009226108,4676294988592802257343,carried_forward,sync_log,25546387,0x3590e741e711015cdb314fc11fc8a07850ec34d4b6090ed862e01c8e1ceab81a,13,True
1,25546395,USDC_USDT,0x3041cbd36888becc7bbcbc0045e3b1f144466f5f,0xa0b86991c6218b36c1d19d4a2e9eb0ce3606eb48,0xdac17f958d2ee523a2206206994597c13d831ec7,1667118640391,1666411770774,carried_forward,sync_log,25546292,0xb37e100c6e4311afcb8d898ed7c1046cd2ab59972f2f22eb8c4f8f8bd174a548,235,True
1,25546395,USDT_WETH,0x0d4a11d5eeaac28ec3f61d100daf4d40471f1852,0xc02aaa39b223fe8d0a0e5c4f27ead9083c756cc2,0xdac17f958d2ee523a2206206994597c13d831ec7,3922599793317482526218,7375882578016,carried_forward,sync_log,25546384,0x4b7b3c3f3841873e570b61085a70a39d95dc14334f5c7fc0deea458b044ceab1,136,True
1,25546395,WETH_USDC,0xb4e16d0168e52d35cacd2c6185b44281ec28c9dc,0xa0b86991c6218b36c1d19d4a2e9eb0ce3606eb48,0xc02aaa39b223fe8d0a0e5c4f27ead9083c756cc2,8786663774804,4676479392266882817134,observed_sync,sync_log,25546395,0x3b05ce9e3ee0d33b72eceff4231bc32417c17930ff5eeb29c4146caa6e3ae4c0,621,True
1,25546396,USDC_USDT,0x3041cbd36888becc7bbcbc0045e3b1f144466f5f,0xa0b86991c6218b36c1d19d4a2e9eb0ce3606eb48,0xdac17f958d2ee523a2206206994597c13d831ec7,1667118640391,1666411770774,carried_forward,sync_log,25546292,0xb37e100c6e4311afcb8d898ed7c1046cd2ab59972f2f22eb8c4f8f8bd174a548,235,True
1,25546396,USDT_WETH,0x0d4a11d5eeaac28ec3f61d100daf4d40471f1852,0xc02aaa39b223fe8d0a0e5c4f27ead9083c756cc2,0xdac17f958d2ee523a2206206994597c13d831ec7,3922599793317482526218,7375882578016,carried_forward,sync_log,25546384,0x4b7b3c3f3841873e570b61085a70a39d95dc14334f5c7fc0deea458b044ceab1,136,True
1,25546396,WETH_USDC,0xb4e16d0168e52d35cacd2c6185b44281ec28c9dc,0xa0b86991c6218b36c1d19d4a2e9eb0ce3606eb48,0xc02aaa39b223fe8d0a0e5c4f27ead9083c756cc2,8786663774804,4676479392266882817134,carried_forward,sync_log,25546395,0x3b05ce9e3ee0d33b72eceff4231bc32417c17930ff5eeb29c4146caa6e3ae4c0,621,True
1,25546397,USDC_USDT,0x3041cbd36888becc7bbcbc0045e3b1f144466f5f,0xa0b86991c6218b36c1d19d4a2e9eb0ce3606eb48,0xdac17f958d2ee523a2206206994597c13d831ec7,1667118640391,1666411770774,carried_forward,sync_log,25546292,0xb37e100c6e4311afcb8d898ed7c1046cd2ab59972f2f22eb8c4f8f8bd174a548,235,True
1,25546397,USDT_WETH,0x0d4a11d5eeaac28ec3f61d100daf4d40471f1852,0xc02aaa39b223fe8d0a0e5c4f27ead9083c756cc2,0xdac17f958d2ee523a2206206994597c13d831ec7,3922599793317482526218,7375882578016,carried_forward,sync_log,25546384,0x4b7b3c3f3841873e570b61085a70a39d95dc14334f5c7fc0deea458b044ceab1,136,True
1,25546397,WETH_USDC,0xb4e16d0168e52d35cacd2c6185b44281ec28c9dc,0xa0b86991c6218b36c1d19d4a2e9eb0ce3606eb48,0xc02aaa39b223fe8d0a0e5c4f27ead9083c756cc2,8786663774804,4676479392266882817134,carried_forward,sync_log,25546395,0x3b05ce9e3ee0d33b72eceff4231bc32417c17930ff5eeb29c4146caa6e3ae4c0,621,True
1,25546398,USDC_USDT,0x3041cbd36888becc7bbcbc0045e3b1f144466f5f,0xa0b86991c6218b36c1d19d4a2e9eb0ce3606eb48,0xdac17f958d2ee523a2206206994597c13d831ec7,1667118640391,1666411770774,carried_forward,sync_log,25546292,0xb37e100c6e4311afcb8d898ed7c1046cd2ab59972f2f22eb8c4f8f8bd174a548,235,True
1,25546398,USDT_WETH,0x0d4a11d5eeaac28ec3f61d100daf4d40471f1852,0xc02aaa39b223fe8d0a0e5c4f27ead9083c756cc2,0xdac17f958d2ee523a2206206994597c13d831ec7,3922599793317482526218,7375882578016,carried_forward,sync_log,25546384,0x4b7b3c3f3841873e570b61085a70a39d95dc14334f5c7fc0deea458b044ceab1,136,True
1,25546398,WETH_USDC,0xb4e16d0168e52d35cacd2c6185b44281ec28c9dc,0xa0b86991c6218b36c1d19d4a2e9eb0ce3606eb48,0xc02aaa39b223fe8d0a0e5c4f27ead9083c756cc2,8786663774804,4676479392266882817134,carried_forward,sync_log,25546395,0x3b05ce9e3ee0d33b72eceff4231bc32417c17930ff5eeb29c4146caa6e3ae4c0,621,True
1,25546399,USDC_USDT,0x3041cbd36888becc7bbcbc0045e3b1f144466f5f,0xa0b86991c6218b36c1d19d4a2e9eb0ce3606eb48,0xdac17f958d2ee523a2206206994597c13d831ec7,1667118640391,1666411770774,carried_forward,sync_log,25546292,0xb37e100c6e4311afcb8d898ed7c1046cd2ab59972f2f22eb8c4f8f8bd174a548,235,True
1,25546399,USDT_WETH,0x0d4a11d5eeaac28ec3f61d100daf4d40471f1852,0xc02aaa39b223fe8d0a0e5c4f27ead9083c756cc2,0xdac17f958d2ee523a2206206994597c13d831ec7,3922599793317482526218,7375882578016,carried_forward,sync_log,25546384,0x4b7b3c3f3841873e570b61085a70a39d95dc14334f5c7fc0deea458b044ceab1,136,True
1,25546399,WETH_USDC,0xb4e16d0168e52d35cacd2c6185b44281ec28c9dc,0xa0b86991c6218b36c1d19d4a2e9eb0ce3606eb48,0xc02aaa39b223fe8d0a0e5c4f27ead9083c756cc2,8786663774804,4676479392266882817134,carried_forward,sync_log,25546395,0x3b05ce9e3ee0d33b72eceff4231bc32417c17930ff5eeb29c4146caa6e3ae4c0,621,True
1,25546400,USDC_USDT,0x3041cbd36888becc7bbcbc0045e3b1f144466f5f,0xa0b86991c6218b36c1d19d4a2e9eb0ce3606eb48,0xdac17f958d2ee523a2206206994597c13d831ec7,1667118640391,1666411770774,carried_forward,sync_log,25546292,0xb37e100c6e4311afcb8d898ed7c1046cd2ab59972f2f22eb8c4f8f8bd174a548,235,True
1,25546400,USDT_WETH,0x0d4a11d5eeaac28ec3f61d100daf4d40471f1852,0xc02aaa39b223fe8d0a0e5c4f27ead9083c756cc2,0xdac17f958d2ee523a2206206994597c13d831ec7,3922599793317482526218,7375882578016,carried_forward,sync_log,25546384,0x4b7b3c3f3841873e570b61085a70a39d95dc14334f5c7fc0deea458b044ceab1,136,True
1,25546400,WETH_USDC,0xb4e16d0168e52d35cacd2c6185b44281ec28c9dc,0xa0b86991c6218b36c1d19d4a2e9eb0ce3606eb48,0xc02aaa39b223fe8d0a0e5c4f27ead9083c756cc2,8786663774804,4676479392266882817134,carried_forward,sync_log,25546395,0x3b05ce9e3ee0d33b72eceff4231bc32417c17930ff5eeb29c4146caa6e3ae4c0,621,True
1,25546401,USDC_USDT,0x3041cbd36888becc7bbcbc0045e3b1f144466f5f,0xa0b86991c6218b36c1d19d4a2e9eb0ce3606eb48,0xdac17f958d2ee523a2206206994597c13d831ec7,1667118640391,1666411770774,carried_forward,sync_log,25546292,0xb37e100c6e4311afcb8d898ed7c1046cd2ab59972f2f22eb8c4f8f8bd174a548,235,True
1,25546401,USDT_WETH,0x0d4a11d5eeaac28ec3f61d100daf4d40471f1852,0xc02aaa39b223fe8d0a0e5c4f27ead9083c756cc2,0xdac17f958d2ee523a2206206994597c13d831ec7,3922599793317482526218,7375882578016,carried_forward,sync_log,25546384,0x4b7b3c3f3841873e570b61085a70a39d95dc14334f5c7fc0deea458b044ceab1,136,True
1,25546401,WETH_USDC,0xb4e16d0168e52d35cacd2c6185b44281ec28c9dc,0xa0b86991c6218b36c1d19d4a2e9eb0ce3606eb48,0xc02aaa39b223fe8d0a0e5c4f27ead9083c756cc2,8786663774804,4676479392266882817134,carried_forward,sync_log,25546395,0x3b05ce9e3ee0d33b72eceff4231bc32417c17930ff5eeb29c4146caa6e3ae4c0,621,True
1,25546402,USDC_USDT,0x3041cbd36888becc7bbcbc0045e3b1f144466f5f,0xa0b86991c6218b36c1d19d4a2e9eb0ce3606eb48,0xdac17f958d2ee523a2206206994597c13d831ec7,1667118640391,1666411770774,carried_forward,sync_log,25546292,0xb37e100c6e4311afcb8d898ed7c1046cd2ab59972f2f22eb8c4f8f8bd174a548,235,True
1,25546402,USDT_WETH,0x0d4a11d5eeaac28ec3f61d100daf4d40471f1852,0xc02aaa39b223fe8d0a0e5c4f27ead9083c756cc2,0xdac17f958d2ee523a2206206994597c13d831ec7,3922599793317482526218,7375882578016,carried_forward,sync_log,25546384,0x4b7b3c3f3841873e570b61085a70a39d95dc14334f5c7fc0deea458b044ceab1,136,True
1,25546402,WETH_USDC,0xb4e16d0168e52d35cacd2c6185b44281ec28c9dc,0xa0b86991c6218b36c1d19d4a2e9eb0ce3606eb48,0xc02aaa39b223fe8d0a0e5c4f27ead9083c756cc2,8786663774804,4676479392266882817134,carried_forward,sync_log,25546395,0x3b05ce9e3ee0d33b72eceff4231bc32417c17930ff5eeb29c4146caa6e3ae4c0,621,True
1,25546403,USDC_USDT,0x3041cbd36888becc7bbcbc0045e3b1f144466f5f,0xa0b86991c6218b36c1d19d4a2e9eb0ce3606eb48,0xdac17f958d2ee523a2206206994597c13d831ec7,1667118640391,1666411770774,carried_forward,sync_log,25546292,0xb37e100c6e4311afcb8d898ed7c1046cd2ab59972f2f22eb8c4f8f8bd174a548,235,True
1,25546403,USDT_WETH,0x0d4a11d5eeaac28ec3f61d100daf4d40471f1852,0xc02aaa39b223fe8d0a0e5c4f27ead9083c756cc2,0xdac17f958d2ee523a2206206994597c13d831ec7,3922599793317482526218,7375882578016,carried_forward,sync_log,25546384,0x4b7b3c3f3841873e570b61085a70a39d95dc14334f5c7fc0deea458b044ceab1,136,True
1,25546403,WETH_USDC,0xb4e16d0168e52d35cacd2c6185b44281ec28c9dc,0xa0b86991c6218b36c1d19d4a2e9eb0ce3606eb48,0xc02aaa39b223fe8d0a0e5c4f27ead9083c756cc2,8786678854236,4676471390711509686972,observed_sync,sync_log,25546403,0x4f5f72d3b65eb189475853788c250cc2a50ad7ebc3619f70aa0b4b08fdd30251,301,True
1,25546404,USDC_USDT,0x3041cbd36888becc7bbcbc0045e3b1f144466f5f,0xa0b86991c6218b36c1d19d4a2e9eb0ce3606eb48,0xdac17f958d2ee523a2206206994597c13d831ec7,1667118640391,1666411770774,carried_forward,sync_log,25546292,0xb37e100c6e4311afcb8d898ed7c1046cd2ab59972f2f22eb8c4f8f8bd174a548,235,True
1,25546404,USDT_WETH,0x0d4a11d5eeaac28ec3f61d100daf4d40471f1852,0xc02aaa39b223fe8d0a0e5c4f27ead9083c756cc2,0xdac17f958d2ee523a2206206994597c13d831ec7,3922596081789029456768,7375889578016,observed_sync,sync_log,25546404,0xe71d69225d82c43d4e71bf5e0aa9c75b4a7ea8462c257a05b17ce6560b88f0a1,207,True
1,25546404,WETH_USDC,0xb4e16d0168e52d35cacd2c6185b44281ec28c9dc,0xa0b86991c6218b36c1d19d4a2e9eb0ce3606eb48,0xc02aaa39b223fe8d0a0e5c4f27ead9083c756cc2,8786678854236,4676471390711509686972,carried_forward,sync_log,25546403,0x4f5f72d3b65eb189475853788c250cc2a50ad7ebc3619f70aa0b4b08fdd30251,301,True
1,25546405,USDC_USDT,0x3041cbd36888becc7bbcbc0045e3b1f144466f5f,0xa0b86991c6218b36c1d19d4a2e9eb0ce3606eb48,0xdac17f958d2ee523a2206206994597c13d831ec7,1667118640391,1666411770774,carried_forward,sync_log,25546292,0xb37e100c6e4311afcb8d898ed7c1046cd2ab59972f2f22eb8c4f8f8bd174a548,235,True
1,25546405,USDT_WETH,0x0d4a11d5eeaac28ec3f61d100daf4d40471f1852,0xc02aaa39b223fe8d0a0e5c4f27ead9083c756cc2,0xdac17f958d2ee523a2206206994597c13d831ec7,3922596081789029456768,7375889578016,carried_forward,sync_log,25546404,0xe71d69225d82c43d4e71bf5e0aa9c75b4a7ea8462c257a05b17ce6560b88f0a1,207,True
1,25546405,WETH_USDC,0xb4e16d0168e52d35cacd2c6185b44281ec28c9dc,0xa0b86991c6218b36c1d19d4a2e9eb0ce3606eb48,0xc02aaa39b223fe8d0a0e5c4f27ead9083c756cc2,8786678854236,4676471390711509686972,carried_forward,sync_log,25546403,0x4f5f72d3b65eb189475853788c250cc2a50ad7ebc3619f70aa0b4b08fdd30251,301,True
1,25546406,USDC_USDT,0x3041cbd36888becc7bbcbc0045e3b1f144466f5f,0xa0b86991c6218b36c1d19d4a2e9eb0ce3606eb48,0xdac17f958d2ee523a2206206994597c13d831ec7,1667118640391,1666411770774,carried_forward,sync_log,25546292,0xb37e100c6e4311afcb8d898ed7c1046cd2ab59972f2f22eb8c4f8f8bd174a548,235,True
1,25546406,USDT_WETH,0x0d4a11d5eeaac28ec3f61d100daf4d40471f1852,0xc02aaa39b223fe8d0a0e5c4f27ead9083c756cc2,0xdac17f958d2ee523a2206206994597c13d831ec7,3922596081789029456768,7375889578016,carried_forward,sync_log,25546404,0xe71d69225d82c43d4e71bf5e0aa9c75b4a7ea8462c257a05b17ce6560b88f0a1,207,True
1,25546406,WETH_USDC,0xb4e16d0168e52d35cacd2c6185b44281ec28c9dc,0xa0b86991c6218b36c1d19d4a2e9eb0ce3606eb48,0xc02aaa39b223fe8d0a0e5c4f27ead9083c756cc2,8786678854236,4676471390711509686972,carried_forward,sync_log,25546403,0x4f5f72d3b65eb189475853788c250cc2a50ad7ebc3619f70aa0b4b08fdd30251,301,True
1,25546407,USDC_USDT,0x3041cbd36888becc7bbcbc0045e3b1f144466f5f,0xa0b86991c6218b36c1d19d4a2e9eb0ce3606eb48,0xdac17f958d2ee523a2206206994597c13d831ec7,1667118640391,1666411770774,carried_forward,sync_log,25546292,0xb37e100c6e4311afcb8d898ed7c1046cd2ab59972f2f22eb8c4f8f8bd174a548,235,True
1,25546407,USDT_WETH,0x0d4a11d5eeaac28ec3f61d100daf4d40471f1852,0xc02aaa39b223fe8d0a0e5c4f27ead9083c756cc2,0xdac17f958d2ee523a2206206994597c13d831ec7,3922595925006799601089,7375889873710,observed_sync,sync_log,25546407,0x18e3986d3a6dce6d81a0c5a80c35cfc2ceaea383453420f2f3e8b2b6a591e90c,386,True
1,25546407,WETH_USDC,0xb4e16d0168e52d35cacd2c6185b44281ec28c9dc,0xa0b86991c6218b36c1d19d4a2e9eb0ce3606eb48,0xc02aaa39b223fe8d0a0e5c4f27ead9083c756cc2,8786678854236,4676471390711509686972,carried_forward,sync_log,25546403,0x4f5f72d3b65eb189475853788c250cc2a50ad7ebc3619f70aa0b4b08fdd30251,301,True
1,25546408,USDC_USDT,0x3041cbd36888becc7bbcbc0045e3b1f144466f5f,0xa0b86991c6218b36c1d19d4a2e9eb0ce3606eb48,0xdac17f958d2ee523a2206206994597c13d831ec7,1667118640391,1666411770774,carried_forward,sync_log,25546292,0xb37e100c6e4311afcb8d898ed7c1046cd2ab59972f2f22eb8c4f8f8bd174a548,235,True
1,25546408,USDT_WETH,0x0d4a11d5eeaac28ec3f61d100daf4d40471f1852,0xc02aaa39b223fe8d0a0e5c4f27ead9083c756cc2,0xdac17f958d2ee523a2206206994597c13d831ec7,3922595925006799601089,7375889873710,carried_forward,sync_log,25546407,0x18e3986d3a6dce6d81a0c5a80c35cfc2ceaea383453420f2f3e8b2b6a591e90c,386,True
1,25546408,WETH_USDC,0xb4e16d0168e52d35cacd2c6185b44281ec28c9dc,0xa0b86991c6218b36c1d19d4a2e9eb0ce3606eb48,0xc02aaa39b223fe8d0a0e5c4f27ead9083c756cc2,8786678854236,4676471390711509686972,carried_forward,sync_log,25546403,0x4f5f72d3b65eb189475853788c250cc2a50ad7ebc3619f70aa0b4b08fdd30251,301,True
1,25546409,USDC_USDT,0x3041cbd36888becc7bbcbc0045e3b1f144466f5f,0xa0b86991c6218b36c1d19d4a2e9eb0ce3606eb48,0xdac17f958d2ee523a2206206994597c13d831ec7,1667118640391,1666411770774,carried_forward,sync_log,25546292,0xb37e100c6e4311afcb8d898ed7c1046cd2ab59972f2f22eb8c4f8f8bd174a548,235,True
1,25546409,USDT_WETH,0x0d4a11d5eeaac28ec3f61d100daf4d40471f1852,0xc02aaa39b223fe8d0a0e5c4f27ead9083c756cc2,0xdac17f958d2ee523a2206206994597c13d831ec7,3922595925006799601089,7375889873710,carried_forward,sync_log,25546407,0x18e3986d3a6dce6d81a0c5a80c35cfc2ceaea383453420f2f3e8b2b6a591e90c,386,True
1,25546409,WETH_USDC,0xb4e16d0168e52d35cacd2c6185b44281ec28c9dc,0xa0b86991c6218b36c1d19d4a2e9eb0ce3606eb48,0xc02aaa39b223fe8d0a0e5c4f27ead9083c756cc2,8786678854236,4676471390711509686972,carried_forward,sync_log,25546403,0x4f5f72d3b65eb189475853788c250cc2a50ad7ebc3619f70aa0b4b08fdd30251,301,True
1,25546410,USDC_USDT,0x3041cbd36888becc7bbcbc0045e3b1f144466f5f,0xa0b86991c6218b36c1d19d4a2e9eb0ce3606eb48,0xdac17f958d2ee523a2206206994597c13d831ec7,1667118640391,1666411770774,carried_forward,sync_log,25546292,0xb37e100c6e4311afcb8d898ed7c1046cd2ab59972f2f22eb8c4f8f8bd174a548,235,True
1,25546410,USDT_WETH,0x0d4a11d5eeaac28ec3f61d100daf4d40471f1852,0xc02aaa39b223fe8d0a0e5c4f27ead9083c756cc2,0xdac17f958d2ee523a2206206994597c13d831ec7,3922595925006799601089,7375889873710,carried_forward,sync_log,25546407,0x18e3986d3a6dce6d81a0c5a80c35cfc2ceaea383453420f2f3e8b2b6a591e90c,386,True
1,25546410,WETH_USDC,0xb4e16d0168e52d35cacd2c6185b44281ec28c9dc,0xa0b86991c6218b36c1d19d4a2e9eb0ce3606eb48,0xc02aaa39b223fe8d0a0e5c4f27ead9083c756cc2,8786678854236,4676471390711509686972,carried_forward,sync_log,25546403,0x4f5f72d3b65eb189475853788c250cc2a50ad7ebc3619f70aa0b4b08fdd30251,301,True
1,25546411,USDC_USDT,0x3041cbd36888becc7bbcbc0045e3b1f144466f5f,0xa0b86991c6218b36c1d19d4a2e9eb0ce3606eb48,0xdac17f958d2ee523a2206206994597c13d831ec7,1667118640391,1666411770774,carried_forward,sync_log,25546292,0xb37e100c6e4311afcb8d898ed7c1046cd2ab59972f2f22eb8c4f8f8bd174a548,235,True
1,25546411,USDT_WETH,0x0d4a11d5eeaac28ec3f61d100daf4d40471f1852,0xc02aaa39b223fe8d0a0e5c4f27ead9083c756cc2,0xdac17f958d2ee523a2206206994597c13d831ec7,3922595925006799601089,7375889873710,carried_forward,sync_log,25546407,0x18e3986d3a6dce6d81a0c5a80c35cfc2ceaea383453420f2f3e8b2b6a591e90c,386,True
1,25546411,WETH_USDC,0xb4e16d0168e52d35cacd2c6185b44281ec28c9dc,0xa0b86991c6218b36c1d19d4a2e9eb0ce3606eb48,0xc02aaa39b223fe8d0a0e5c4f27ead9083c756cc2,8786678854236,4676471390711509686972,carried_forward,sync_log,25546403,0x4f5f72d3b65eb189475853788c250cc2a50ad7ebc3619f70aa0b4b08fdd30251,301,True
1,25546412,USDC_USDT,0x3041cbd36888becc7bbcbc0045e3b1f144466f5f,0xa0b86991c6218b36c1d19d4a2e9eb0ce3606eb48,0xdac17f958d2ee523a2206206994597c13d831ec7,1667118640391,1666411770774,carried_forward,sync_log,25546292,0xb37e100c6e4311afcb8d898ed7c1046cd2ab59972f2f22eb8c4f8f8bd174a548,235,True
1,25546412,USDT_WETH,0x0d4a11d5eeaac28ec3f61d100daf4d40471f1852,0xc02aaa39b223fe8d0a0e5c4f27ead9083c756cc2,0xdac17f958d2ee523a2206206994597c13d831ec7,3922595925006799601089,7375889873710,carried_forward,sync_log,25546407,0x18e3986d3a6dce6d81a0c5a80c35cfc2ceaea383453420f2f3e8b2b6a591e90c,386,True
1,25546412,WETH_USDC,0xb4e16d0168e52d35cacd2c6185b44281ec28c9dc,0xa0b86991c6218b36c1d19d4a2e9eb0ce3606eb48,0xc02aaa39b223fe8d0a0e5c4f27ead9083c756cc2,8786745335018,4676436114533147008602,observed_sync,sync_log,25546412,0x1878125006e4fc351b10fec279dfdb3da2c559a4b5f0d991db9a864ca8e87634,306,True
1,25546413,USDC_USDT,0x3041cbd36888becc7bbcbc0045e3b1f144466f5f,0xa0b86991c6218b36c1d19d4a2e9eb0ce3606eb48,0xdac17f958d2ee523a2206206994597c13d831ec7,1667118640391,1666411770774,carried_forward,sync_log,25546292,0xb37e100c6e4311afcb8d898ed7c1046cd2ab59972f2f22eb8c4f8f8bd174a548,235,True
1,25546413,USDT_WETH,0x0d4a11d5eeaac28ec3f61d100daf4d40471f1852,0xc02aaa39b223fe8d0a0e5c4f27ead9083c756cc2,0xdac17f958d2ee523a2206206994597c13d831ec7,3922595925006799601089,7375889873710,carried_forward,sync_log,25546407,0x18e3986d3a6dce6d81a0c5a80c35cfc2ceaea383453420f2f3e8b2b6a591e90c,386,True
1,25546413,WETH_USDC,0xb4e16d0168e52d35cacd2c6185b44281ec28c9dc,0xa0b86991c6218b36c1d19d4a2e9eb0ce3606eb48,0xc02aaa39b223fe8d0a0e5c4f27ead9083c756cc2,8786745335018,4676436114533147008602,carried_forward,sync_log,25546412,0x1878125006e4fc351b10fec279dfdb3da2c559a4b5f0d991db9a864ca8e87634,306,True
1,25546414,USDC_USDT,0x3041cbd36888becc7bbcbc0045e3b1f144466f5f,0xa0b86991c6218b36c1d19d4a2e9eb0ce3606eb48,0xdac17f958d2ee523a2206206994597c13d831ec7,1667118640391,1666411770774,carried_forward,sync_log,25546292,0xb37e100c6e4311afcb8d898ed7c1046cd2ab59972f2f22eb8c4f8f8bd174a548,235,True
1,25546414,USDT_WETH,0x0d4a11d5eeaac28ec3f61d100daf4d40471f1852,0xc02aaa39b223fe8d0a0e5c4f27ead9083c756cc2,0xdac17f958d2ee523a2206206994597c13d831ec7,3922595925006799601089,7375889873710,carried_forward,sync_log,25546407,0x18e3986d3a6dce6d81a0c5a80c35cfc2ceaea383453420f2f3e8b2b6a591e90c,386,True
1,25546414,WETH_USDC,0xb4e16d0168e52d35cacd2c6185b44281ec28c9dc,0xa0b86991c6218b36c1d19d4a2e9eb0ce3606eb48,0xc02aaa39b223fe8d0a0e5c4f27ead9083c756cc2,8786745335018,4676436114533147008602,carried_forward,sync_log,25546412,0x1878125006e4fc351b10fec279dfdb3da2c559a4b5f0d991db9a864ca8e87634,306,True
1,25546415,USDC_USDT,0x3041cbd36888becc7bbcbc0045e3b1f144466f5f,0xa0b86991c6218b36c1d19d4a2e9eb0ce3606eb48,0xdac17f958d2ee523a2206206994597c13d831ec7,1667118640391,1666411770774,carried_forward,sync_log,25546292,0xb37e100c6e4311afcb8d898ed7c1046cd2ab59972f2f22eb8c4f8f8bd174a548,235,True
1,25546415,USDT_WETH,0x0d4a11d5eeaac28ec3f61d100daf4d40471f1852,0xc02aaa39b223fe8d0a0e5c4f27ead9083c756cc2,0xdac17f958d2ee523a2206206994597c13d831ec7,3922595925006799601089,7375889873710,carried_forward,sync_log,25546407,0x18e3986d3a6dce6d81a0c5a80c35cfc2ceaea383453420f2f3e8b2b6a591e90c,386,True
1,25546415,WETH_USDC,0xb4e16d0168e52d35cacd2c6185b44281ec28c9dc,0xa0b86991c6218b36c1d19d4a2e9eb0ce3606eb48,0xc02aaa39b223fe8d0a0e5c4f27ead9083c756cc2,8786745335018,4676436114533147008602,carried_forward,sync_log,25546412,0x1878125006e4fc351b10fec279dfdb3da2c559a4b5f0d991db9a864ca8e87634,306,True
1,25546416,USDC_USDT,0x3041cbd36888becc7bbcbc0045e3b1f144466f5f,0xa0b86991c6218b36c1d19d4a2e9eb0ce3606eb48,0xdac17f958d2ee523a2206206994597c13d831ec7,1667118640391,1666411770774,carried_forward,sync_log,25546292,0xb37e100c6e4311afcb8d898ed7c1046cd2ab59972f2f22eb8c4f8f8bd174a548,235,True
1,25546416,USDT_WETH,0x0d4a11d5eeaac28ec3f61d100daf4d40471f1852,0xc02aaa39b223fe8d0a0e5c4f27ead9083c756cc2,0xdac17f958d2ee523a2206206994597c13d831ec7,3922595925006799601089,7375889873710,carried_forward,sync_log,25546407,0x18e3986d3a6dce6d81a0c5a80c35cfc2ceaea383453420f2f3e8b2b6a591e90c,386,True
1,25546416,WETH_USDC,0xb4e16d0168e52d35cacd2c6185b44281ec28c9dc,0xa0b86991c6218b36c1d19d4a2e9eb0ce3606eb48,0xc02aaa39b223fe8d0a0e5c4f27ead9083c756cc2,8786745335018,4676436114533147008602,carried_forward,sync_log,25546412,0x1878125006e4fc351b10fec279dfdb3da2c559a4b5f0d991db9a864ca8e87634,306,True
1,25546417,USDC_USDT,0x3041cbd36888becc7bbcbc0045e3b1f144466f5f,0xa0b86991c6218b36c1d19d4a2e9eb0ce3606eb48,0xdac17f958d2ee523a2206206994597c13d831ec7,1667118640391,1666411770774,carried_forward,sync_log,25546292,0xb37e100c6e4311afcb8d898ed7c1046cd2ab59972f2f22eb8c4f8f8bd174a548,235,True
1,25546417,USDT_WETH,0x0d4a11d5eeaac28ec3f61d100daf4d40471f1852,0xc02aaa39b223fe8d0a0e5c4f27ead9083c756cc2,0xdac17f958d2ee523a2206206994597c13d831ec7,3922595925006799601089,7375889873710,carried_forward,sync_log,25546407,0x18e3986d3a6dce6d81a0c5a80c35cfc2ceaea383453420f2f3e8b2b6a591e90c,386,True
1,25546417,WETH_USDC,0xb4e16d0168e52d35cacd2c6185b44281ec28c9dc,0xa0b86991c6218b36c1d19d4a2e9eb0ce3606eb48,0xc02aaa39b223fe8d0a0e5c4f27ead9083c756cc2,8786745335018,4676436114533147008602,carried_forward,sync_log,25546412,0x1878125006e4fc351b10fec279dfdb3da2c559a4b5f0d991db9a864ca8e87634,306,True
1,25546418,USDC_USDT,0x3041cbd36888becc7bbcbc0045e3b1f144466f5f,0xa0b86991c6218b36c1d19d4a2e9eb0ce3606eb48,0xdac17f958d2ee523a2206206994597c13d831ec7,1667118640391,1666411770774,carried_forward,sync_log,25546292,0xb37e100c6e4311afcb8d898ed7c1046cd2ab59972f2f22eb8c4f8f8bd174a548,235,True
1,25546418,USDT_WETH,0x0d4a11d5eeaac28ec3f61d100daf4d40471f1852,0xc02aaa39b223fe8d0a0e5c4f27ead9083c756cc2,0xdac17f958d2ee523a2206206994597c13d831ec7,3922595925006799601089,7375889873710,carried_forward,sync_log,25546407,0x18e3986d3a6dce6d81a0c5a80c35cfc2ceaea383453420f2f3e8b2b6a591e90c,386,True
1,25546418,WETH_USDC,0xb4e16d0168e52d35cacd2c6185b44281ec28c9dc,0xa0b86991c6218b36c1d19d4a2e9eb0ce3606eb48,0xc02aaa39b223fe8d0a0e5c4f27ead9083c756cc2,8786745335018,4676436114533147008602,carried_forward,sync_log,25546412,0x1878125006e4fc351b10fec279dfdb3da2c559a4b5f0d991db9a864ca8e87634,306,True
1,25546419,USDC_USDT,0x3041cbd36888becc7bbcbc0045e3b1f144466f5f,0xa0b86991c6218b36c1d19d4a2e9eb0ce3606eb48,0xdac17f958d2ee523a2206206994597c13d831ec7,1667118640391,1666411770774,carried_forward,sync_log,25546292,0xb37e100c6e4311afcb8d898ed7c1046cd2ab59972f2f22eb8c4f8f8bd174a548,235,True
1,25546419,USDT_WETH,0x0d4a11d5eeaac28ec3f61d100daf4d40471f1852,0xc02aaa39b223fe8d0a0e5c4f27ead9083c756cc2,0xdac17f958d2ee523a2206206994597c13d831ec7,3922595925006799601089,7375889873710,carried_forward,sync_log,25546407,0x18e3986d3a6dce6d81a0c5a80c35cfc2ceaea383453420f2f3e8b2b6a591e90c,386,True
1,25546419,WETH_USDC,0xb4e16d0168e52d35cacd2c6185b44281ec28c9dc,0xa0b86991c6218b36c1d19d4a2e9eb0ce3606eb48,0xc02aaa39b223fe8d0a0e5c4f27ead9083c756cc2,8786745335018,4676436114533147008602,carried_forward,sync_log,25546412,0x1878125006e4fc351b10fec279dfdb3da2c559a4b5f0d991db9a864ca8e87634,306,True
1,25546420,USDC_USDT,0x3041cbd36888becc7bbcbc0045e3b1f144466f5f,0xa0b86991c6218b36c1d19d4a2e9eb0ce3606eb48,0xdac17f958d2ee523a2206206994597c13d831ec7,1667118640391,1666411770774,carried_forward,sync_log,25546292,0xb37e100c6e4311afcb8d898ed7c1046cd2ab59972f2f22eb8c4f8f8bd174a548,235,True
1,25546420,USDT_WETH,0x0d4a11d5eeaac28ec3f61d100daf4d40471f1852,0xc02aaa39b223fe8d0a0e5c4f27ead9083c756cc2,0xdac17f958d2ee523a2206206994597c13d831ec7,3922595925006799601089,7375889873710,carried_forward,sync_log,25546407,0x18e3986d3a6dce6d81a0c5a80c35cfc2ceaea383453420f2f3e8b2b6a591e90c,386,True
1,25546420,WETH_USDC,0xb4e16d0168e52d35cacd2c6185b44281ec28c9dc,0xa0b86991c6218b36c1d19d4a2e9eb0ce3606eb48,0xc02aaa39b223fe8d0a0e5c4f27ead9083c756cc2,8786745335018,4676436114533147008602,carried_forward,sync_log,25546412,0x1878125006e4fc351b10fec279dfdb3da2c559a4b5f0d991db9a864ca8e87634,306,True
1,25546421,USDC_USDT,0x3041cbd36888becc7bbcbc0045e3b1f144466f5f,0xa0b86991c6218b36c1d19d4a2e9eb0ce3606eb48,0xdac17f958d2ee523a2206206994597c13d831ec7,1667118640391,1666411770774,carried_forward,sync_log,25546292,0xb37e100c6e4311afcb8d898ed7c1046cd2ab59972f2f22eb8c4f8f8bd174a548,235,True
1,25546421,USDT_WETH,0x0d4a11d5eeaac28ec3f61d100daf4d40471f1852,0xc02aaa39b223fe8d0a0e5c4f27ead9083c756cc2,0xdac17f958d2ee523a2206206994597c13d831ec7,3922595925006799601089,7375889873710,carried_forward,sync_log,25546407,0x18e3986d3a6dce6d81a0c5a80c35cfc2ceaea383453420f2f3e8b2b6a591e90c,386,True
1,25546421,WETH_USDC,0xb4e16d0168e52d35cacd2c6185b44281ec28c9dc,0xa0b86991c6218b36c1d19d4a2e9eb0ce3606eb48,0xc02aaa39b223fe8d0a0e5c4f27ead9083c756cc2,8786745335018,4676436114533147008602,carried_forward,sync_log,25546412,0x1878125006e4fc351b10fec279dfdb3da2c559a4b5f0d991db9a864ca8e87634,306,True
1,25546422,USDC_USDT,0x3041cbd36888becc7bbcbc0045e3b1f144466f5f,0xa0b86991c6218b36c1d19d4a2e9eb0ce3606eb48,0xdac17f958d2ee523a2206206994597c13d831ec7,1667118640391,1666411770774,carried_forward,sync_log,25546292,0xb37e100c6e4311afcb8d898ed7c1046cd2ab59972f2f22eb8c4f8f8bd174a548,235,True
1,25546422,USDT_WETH,0x0d4a11d5eeaac28ec3f61d100daf4d40471f1852,0xc02aaa39b223fe8d0a0e5c4f27ead9083c756cc2,0xdac17f958d2ee523a2206206994597c13d831ec7,3922595925006799601089,7375889873710,carried_forward,sync_log,25546407,0x18e3986d3a6dce6d81a0c5a80c35cfc2ceaea383453420f2f3e8b2b6a591e90c,386,True
1,25546422,WETH_USDC,0xb4e16d0168e52d35cacd2c6185b44281ec28c9dc,0xa0b86991c6218b36c1d19d4a2e9eb0ce3606eb48,0xc02aaa39b223fe8d0a0e5c4f27ead9083c756cc2,8786745335018,4676436114533147008602,carried_forward,sync_log,25546412,0x1878125006e4fc351b10fec279dfdb3da2c559a4b5f0d991db9a864ca8e87634,306,True
1,25546423,USDC_USDT,0x3041cbd36888becc7bbcbc0045e3b1f144466f5f,0xa0b86991c6218b36c1d19d4a2e9eb0ce3606eb48,0xdac17f958d2ee523a2206206994597c13d831ec7,1667118640391,1666411770774,carried_forward,sync_log,25546292,0xb37e100c6e4311afcb8d898ed7c1046cd2ab59972f2f22eb8c4f8f8bd174a548,235,True
1,25546423,USDT_WETH,0x0d4a11d5eeaac28ec3f61d100daf4d40471f1852,0xc02aaa39b223fe8d0a0e5c4f27ead9083c756cc2,0xdac17f958d2ee523a2206206994597c13d831ec7,3922595925006799601089,7375889873710,carried_forward,sync_log,25546407,0x18e3986d3a6dce6d81a0c5a80c35cfc2ceaea383453420f2f3e8b2b6a591e90c,386,True
1,25546423,WETH_USDC,0xb4e16d0168e52d35cacd2c6185b44281ec28c9dc,0xa0b86991c6218b36c1d19d4a2e9eb0ce3606eb48,0xc02aaa39b223fe8d0a0e5c4f27ead9083c756cc2,8786745335018,4676436114533147008602,carried_forward,sync_log,25546412,0x1878125006e4fc351b10fec279dfdb3da2c559a4b5f0d991db9a864ca8e87634,306,True
1,25546424,USDC_USDT,0x3041cbd36888becc7bbcbc0045e3b1f144466f5f,0xa0b86991c6218b36c1d19d4a2e9eb0ce3606eb48,0xdac17f958d2ee523a2206206994597c13d831ec7,1667118640391,1666411770774,carried_forward,sync_log,25546292,0xb37e100c6e4311afcb8d898ed7c1046cd2ab59972f2f22eb8c4f8f8bd174a548,235,True
1,25546424,USDT_WETH,0x0d4a11d5eeaac28ec3f61d100daf4d40471f1852,0xc02aaa39b223fe8d0a0e5c4f27ead9083c756cc2,0xdac17f958d2ee523a2206206994597c13d831ec7,3922595925006799601089,7375889873710,carried_forward,sync_log,25546407,0x18e3986d3a6dce6d81a0c5a80c35cfc2ceaea383453420f2f3e8b2b6a591e90c,386,True
1,25546424,WETH_USDC,0xb4e16d0168e52d35cacd2c6185b44281ec28c9dc,0xa0b86991c6218b36c1d19d4a2e9eb0ce3606eb48,0xc02aaa39b223fe8d0a0e5c4f27ead9083c756cc2,8786745335018,4676436114533147008602,carried_forward,sync_log,25546412,0x1878125006e4fc351b10fec279dfdb3da2c559a4b5f0d991db9a864ca8e87634,306,True
1,25546425,USDC_USDT,0x3041cbd36888becc7bbcbc0045e3b1f144466f5f,0xa0b86991c6218b36c1d19d4a2e9eb0ce3606eb48,0xdac17f958d2ee523a2206206994597c13d831ec7,1667118640391,1666411770774,carried_forward,sync_log,25546292,0xb37e100c6e4311afcb8d898ed7c1046cd2ab59972f2f22eb8c4f8f8bd174a548,235,True
1,25546425,USDT_WETH,0x0d4a11d5eeaac28ec3f61d100daf4d40471f1852,0xc02aaa39b223fe8d0a0e5c4f27ead9083c756cc2,0xdac17f958d2ee523a2206206994597c13d831ec7,3922595925006799601089,7375889873710,carried_forward,sync_log,25546407,0x18e3986d3a6dce6d81a0c5a80c35cfc2ceaea383453420f2f3e8b2b6a591e90c,386,True
1,25546425,WETH_USDC,0xb4e16d0168e52d35cacd2c6185b44281ec28c9dc,0xa0b86991c6218b36c1d19d4a2e9eb0ce3606eb48,0xc02aaa39b223fe8d0a0e5c4f27ead9083c756cc2,8786848107354,4676381582299311467029,observed_sync,sync_log,25546425,0xe99637e7e3c5eb977e4cadbf5b43ef665184038ec09d68f21fbe67ec35f76424,99,True
1,25546426,USDC_USDT,0x3041cbd36888becc7bbcbc0045e3b1f144466f5f,0xa0b86991c6218b36c1d19d4a2e9eb0ce3606eb48,0xdac17f958d2ee523a2206206994597c13d831ec7,1667118640391,1666411770774,carried_forward,sync_log,25546292,0xb37e100c6e4311afcb8d898ed7c1046cd2ab59972f2f22eb8c4f8f8bd174a548,235,True
1,25546426,USDT_WETH,0x0d4a11d5eeaac28ec3f61d100daf4d40471f1852,0xc02aaa39b223fe8d0a0e5c4f27ead9083c756cc2,0xdac17f958d2ee523a2206206994597c13d831ec7,3922595925006799601089,7375889873710,carried_forward,sync_log,25546407,0x18e3986d3a6dce6d81a0c5a80c35cfc2ceaea383453420f2f3e8b2b6a591e90c,386,True
1,25546426,WETH_USDC,0xb4e16d0168e52d35cacd2c6185b44281ec28c9dc,0xa0b86991c6218b36c1d19d4a2e9eb0ce3606eb48,0xc02aaa39b223fe8d0a0e5c4f27ead9083c756cc2,8786848107354,4676381582299311467029,carried_forward,sync_log,25546425,0xe99637e7e3c5eb977e4cadbf5b43ef665184038ec09d68f21fbe67ec35f76424,99,True
1,25546427,USDC_USDT,0x3041cbd36888becc7bbcbc0045e3b1f144466f5f,0xa0b86991c6218b36c1d19d4a2e9eb0ce3606eb48,0xdac17f958d2ee523a2206206994597c13d831ec7,1667118640391,1666411770774,carried_forward,sync_log,25546292,0xb37e100c6e4311afcb8d898ed7c1046cd2ab59972f2f22eb8c4f8f8bd174a548,235,True
1,25546427,USDT_WETH,0x0d4a11d5eeaac28ec3f61d100daf4d40471f1852,0xc02aaa39b223fe8d0a0e5c4f27ead9083c756cc2,0xdac17f958d2ee523a2206206994597c13d831ec7,3922595925006799601089,7375889873710,carried_forward,sync_log,25546407,0x18e3986d3a6dce6d81a0c5a80c35cfc2ceaea383453420f2f3e8b2b6a591e90c,386,True
1,25546427,WETH_USDC,0xb4e16d0168e52d35cacd2c6185b44281ec28c9dc,0xa0b86991c6218b36c1d19d4a2e9eb0ce3606eb48,0xc02aaa39b223fe8d0a0e5c4f27ead9083c756cc2,8786848107354,4676381582299311467029,carried_forward,sync_log,25546425,0xe99637e7e3c5eb977e4cadbf5b43ef665184038ec09d68f21fbe67ec35f76424,99,True
1,25546428,USDC_USDT,0x3041cbd36888becc7bbcbc0045e3b1f144466f5f,0xa0b86991c6218b36c1d19d4a2e9eb0ce3606eb48,0xdac17f958d2ee523a2206206994597c13d831ec7,1667118640391,1666411770774,carried_forward,sync_log,25546292,0xb37e100c6e4311afcb8d898ed7c1046cd2ab59972f2f22eb8c4f8f8bd174a548,235,True
1,25546428,USDT_WETH,0x0d4a11d5eeaac28ec3f61d100daf4d40471f1852,0xc02aaa39b223fe8d0a0e5c4f27ead9083c756cc2,0xdac17f958d2ee523a2206206994597c13d831ec7,3922595925006799601089,7375889873710,carried_forward,sync_log,25546407,0x18e3986d3a6dce6d81a0c5a80c35cfc2ceaea383453420f2f3e8b2b6a591e90c,386,True
1,25546428,WETH_USDC,0xb4e16d0168e52d35cacd2c6185b44281ec28c9dc,0xa0b86991c6218b36c1d19d4a2e9eb0ce3606eb48,0xc02aaa39b223fe8d0a0e5c4f27ead9083c756cc2,8786848107354,4676381582299311467029,carried_forward,sync_log,25546425,0xe99637e7e3c5eb977e4cadbf5b43ef665184038ec09d68f21fbe67ec35f76424,99,True
1,25546429,USDC_USDT,0x3041cbd36888becc7bbcbc0045e3b1f144466f5f,0xa0b86991c6218b36c1d19d4a2e9eb0ce3606eb48,0xdac17f958d2ee523a2206206994597c13d831ec7,1667118640391,1666411770774,carried_forward,sync_log,25546292,0xb37e100c6e4311afcb8d898ed7c1046cd2ab59972f2f22eb8c4f8f8bd174a548,235,True
1,25546429,USDT_WETH,0x0d4a11d5eeaac28ec3f61d100daf4d40471f1852,0xc02aaa39b223fe8d0a0e5c4f27ead9083c756cc2,0xdac17f958d2ee523a2206206994597c13d831ec7,3922595925006799601089,7375889873710,carried_forward,sync_log,25546407,0x18e3986d3a6dce6d81a0c5a80c35cfc2ceaea383453420f2f3e8b2b6a591e90c,386,True
1,25546429,WETH_USDC,0xb4e16d0168e52d35cacd2c6185b44281ec28c9dc,0xa0b86991c6218b36c1d19d4a2e9eb0ce3606eb48,0xc02aaa39b223fe8d0a0e5c4f27ead9083c756cc2,8786848107354,4676381582299311467029,carried_forward,sync_log,25546425,0xe99637e7e3c5eb977e4cadbf5b43ef665184038ec09d68f21fbe67ec35f76424,99,True
1,25546430,USDC_USDT,0x3041cbd36888becc7bbcbc0045e3b1f144466f5f,0xa0b86991c6218b36c1d19d4a2e9eb0ce3606eb48,0xdac17f958d2ee523a2206206994597c13d831ec7,1667118640391,1666411770774,carried_forward,sync_log,25546292,0xb37e100c6e4311afcb8d898ed7c1046cd2ab59972f2f22eb8c4f8f8bd174a548,235,True
1,25546430,USDT_WETH,0x0d4a11d5eeaac28ec3f61d100daf4d40471f1852,0xc02aaa39b223fe8d0a0e5c4f27ead9083c756cc2,0xdac17f958d2ee523a2206206994597c13d831ec7,3922595925006799601089,7375889873710,carried_forward,sync_log,25546407,0x18e3986d3a6dce6d81a0c5a80c35cfc2ceaea383453420f2f3e8b2b6a591e90c,386,True
1,25546430,WETH_USDC,0xb4e16d0168e52d35cacd2c6185b44281ec28c9dc,0xa0b86991c6218b36c1d19d4a2e9eb0ce3606eb48,0xc02aaa39b223fe8d0a0e5c4f27ead9083c756cc2,8786848107354,4676381582299311467029,carried_forward,sync_log,25546425,0xe99637e7e3c5eb977e4cadbf5b43ef665184038ec09d68f21fbe67ec35f76424,99,True
1,25546431,USDC_USDT,0x3041cbd36888becc7bbcbc0045e3b1f144466f5f,0xa0b86991c6218b36c1d19d4a2e9eb0ce3606eb48,0xdac17f958d2ee523a2206206994597c13d831ec7,1667118640391,1666411770774,carried_forward,sync_log,25546292,0xb37e100c6e4311afcb8d898ed7c1046cd2ab59972f2f22eb8c4f8f8bd174a548,235,True
1,25546431,USDT_WETH,0x0d4a11d5eeaac28ec3f61d100daf4d40471f1852,0xc02aaa39b223fe8d0a0e5c4f27ead9083c756cc2,0xdac17f958d2ee523a2206206994597c13d831ec7,3922595925006799601089,7375889873710,carried_forward,sync_log,25546407,0x18e3986d3a6dce6d81a0c5a80c35cfc2ceaea383453420f2f3e8b2b6a591e90c,386,True
1,25546431,WETH_USDC,0xb4e16d0168e52d35cacd2c6185b44281ec28c9dc,0xa0b86991c6218b36c1d19d4a2e9eb0ce3606eb48,0xc02aaa39b223fe8d0a0e5c4f27ead9083c756cc2,8786848107354,4676381582299311467029,carried_forward,sync_log,25546425,0xe99637e7e3c5eb977e4cadbf5b43ef665184038ec09d68f21fbe67ec35f76424,99,True
1,25546432,USDC_USDT,0x3041cbd36888becc7bbcbc0045e3b1f144466f5f,0xa0b86991c6218b36c1d19d4a2e9eb0ce3606eb48,0xdac17f958d2ee523a2206206994597c13d831ec7,1667118640391,1666411770774,carried_forward,sync_log,25546292,0xb37e100c6e4311afcb8d898ed7c1046cd2ab59972f2f22eb8c4f8f8bd174a548,235,True
1,25546432,USDT_WETH,0x0d4a11d5eeaac28ec3f61d100daf4d40471f1852,0xc02aaa39b223fe8d0a0e5c4f27ead9083c756cc2,0xdac17f958d2ee523a2206206994597c13d831ec7,3922595925006799601089,7375889873710,carried_forward,sync_log,25546407,0x18e3986d3a6dce6d81a0c5a80c35cfc2ceaea383453420f2f3e8b2b6a591e90c,386,True
1,25546432,WETH_USDC,0xb4e16d0168e52d35cacd2c6185b44281ec28c9dc,0xa0b86991c6218b36c1d19d4a2e9eb0ce3606eb48,0xc02aaa39b223fe8d0a0e5c4f27ead9083c756cc2,8786848107354,4676381582299311467029,carried_forward,sync_log,25546425,0xe99637e7e3c5eb977e4cadbf5b43ef665184038ec09d68f21fbe67ec35f76424,99,True
1,25546433,USDC_USDT,0x3041cbd36888becc7bbcbc0045e3b1f144466f5f,0xa0b86991c6218b36c1d19d4a2e9eb0ce3606eb48,0xdac17f958d2ee523a2206206994597c13d831ec7,1667118640391,1666411770774,carried_forward,sync_log,25546292,0xb37e100c6e4311afcb8d898ed7c1046cd2ab59972f2f22eb8c4f8f8bd174a548,235,True
1,25546433,USDT_WETH,0x0d4a11d5eeaac28ec3f61d100daf4d40471f1852,0xc02aaa39b223fe8d0a0e5c4f27ead9083c756cc2,0xdac17f958d2ee523a2206206994597c13d831ec7,3922595925006799601089,7375889873710,carried_forward,sync_log,25546407,0x18e3986d3a6dce6d81a0c5a80c35cfc2ceaea383453420f2f3e8b2b6a591e90c,386,True
1,25546433,WETH_USDC,0xb4e16d0168e52d35cacd2c6185b44281ec28c9dc,0xa0b86991c6218b36c1d19d4a2e9eb0ce3606eb48,0xc02aaa39b223fe8d0a0e5c4f27ead9083c756cc2,8786848107354,4676381582299311467029,carried_forward,sync_log,25546425,0xe99637e7e3c5eb977e4cadbf5b43ef665184038ec09d68f21fbe67ec35f76424,99,True
1,25546434,USDC_USDT,0x3041cbd36888becc7bbcbc0045e3b1f144466f5f,0xa0b86991c6218b36c1d19d4a2e9eb0ce3606eb48,0xdac17f958d2ee523a2206206994597c13d831ec7,1667118640391,1666411770774,carried_forward,sync_log,25546292,0xb37e100c6e4311afcb8d898ed7c1046cd2ab59972f2f22eb8c4f8f8bd174a548,235,True
1,25546434,USDT_WETH,0x0d4a11d5eeaac28ec3f61d100daf4d40471f1852,0xc02aaa39b223fe8d0a0e5c4f27ead9083c756cc2,0xdac17f958d2ee523a2206206994597c13d831ec7,3922595925006799601089,7375889873710,carried_forward,sync_log,25546407,0x18e3986d3a6dce6d81a0c5a80c35cfc2ceaea383453420f2f3e8b2b6a591e90c,386,True
1,25546434,WETH_USDC,0xb4e16d0168e52d35cacd2c6185b44281ec28c9dc,0xa0b86991c6218b36c1d19d4a2e9eb0ce3606eb48,0xc02aaa39b223fe8d0a0e5c4f27ead9083c756cc2,8786848107354,4676381582299311467029,carried_forward,sync_log,25546425,0xe99637e7e3c5eb977e4cadbf5b43ef665184038ec09d68f21fbe67ec35f76424,99,True
1,25546435,USDC_USDT,0x3041cbd36888becc7bbcbc0045e3b1f144466f5f,0xa0b86991c6218b36c1d19d4a2e9eb0ce3606eb48,0xdac17f958d2ee523a2206206994597c13d831ec7,1667118640391,1666411770774,carried_forward,sync_log,25546292,0xb37e100c6e4311afcb8d898ed7c1046cd2ab59972f2f22eb8c4f8f8bd174a548,235,True
1,25546435,USDT_WETH,0x0d4a11d5eeaac28ec3f61d100daf4d40471f1852,0xc02aaa39b223fe8d0a0e5c4f27ead9083c756cc2,0xdac17f958d2ee523a2206206994597c13d831ec7,3922595925006799601089,7375889873710,carried_forward,sync_log,25546407,0x18e3986d3a6dce6d81a0c5a80c35cfc2ceaea383453420f2f3e8b2b6a591e90c,386,True
1,25546435,WETH_USDC,0xb4e16d0168e52d35cacd2c6185b44281ec28c9dc,0xa0b86991c6218b36c1d19d4a2e9eb0ce3606eb48,0xc02aaa39b223fe8d0a0e5c4f27ead9083c756cc2,8786848107354,4676381582299311467029,carried_forward,sync_log,25546425,0xe99637e7e3c5eb977e4cadbf5b43ef665184038ec09d68f21fbe67ec35f76424,99,True
1,25546436,USDC_USDT,0x3041cbd36888becc7bbcbc0045e3b1f144466f5f,0xa0b86991c6218b36c1d19d4a2e9eb0ce3606eb48,0xdac17f958d2ee523a2206206994597c13d831ec7,1667118640391,1666411770774,carried_forward,sync_log,25546292,0xb37e100c6e4311afcb8d898ed7c1046cd2ab59972f2f22eb8c4f8f8bd174a548,235,True
1,25546436,USDT_WETH,0x0d4a11d5eeaac28ec3f61d100daf4d40471f1852,0xc02aaa39b223fe8d0a0e5c4f27ead9083c756cc2,0xdac17f958d2ee523a2206206994597c13d831ec7,3922622540551834256424,7375839977400,observed_sync,sync_log,25546436,0x46991b5c79821aa9feb587a86261c48e6598d1393232370120d242f30854e7d5,470,True
1,25546436,WETH_USDC,0xb4e16d0168e52d35cacd2c6185b44281ec28c9dc,0xa0b86991c6218b36c1d19d4a2e9eb0ce3606eb48,0xc02aaa39b223fe8d0a0e5c4f27ead9083c756cc2,8786848107354,4676381582299311467029,carried_forward,sync_log,25546425,0xe99637e7e3c5eb977e4cadbf5b43ef665184038ec09d68f21fbe67ec35f76424,99,True
1,25546437,USDC_USDT,0x3041cbd36888becc7bbcbc0045e3b1f144466f5f,0xa0b86991c6218b36c1d19d4a2e9eb0ce3606eb48,0xdac17f958d2ee523a2206206994597c13d831ec7,1667118640391,1666411770774,carried_forward,sync_log,25546292,0xb37e100c6e4311afcb8d898ed7c1046cd2ab59972f2f22eb8c4f8f8bd174a548,235,True
1,25546437,USDT_WETH,0x0d4a11d5eeaac28ec3f61d100daf4d40471f1852,0xc02aaa39b223fe8d0a0e5c4f27ead9083c756cc2,0xdac17f958d2ee523a2206206994597c13d831ec7,3922622540551834256424,7375839977400,carried_forward,sync_log,25546436,0x46991b5c79821aa9feb587a86261c48e6598d1393232370120d242f30854e7d5,470,True
1,25546437,WETH_USDC,0xb4e16d0168e52d35cacd2c6185b44281ec28c9dc,0xa0b86991c6218b36c1d19d4a2e9eb0ce3606eb48,0xc02aaa39b223fe8d0a0e5c4f27ead9083c756cc2,8786848107354,4676381582299311467029,carried_forward,sync_log,25546425,0xe99637e7e3c5eb977e4cadbf5b43ef665184038ec09d68f21fbe67ec35f76424,99,True
1,25546438,USDC_USDT,0x3041cbd36888becc7bbcbc0045e3b1f144466f5f,0xa0b86991c6218b36c1d19d4a2e9eb0ce3606eb48,0xdac17f958d2ee523a2206206994597c13d831ec7,1667118640391,1666411770774,carried_forward,sync_log,25546292,0xb37e100c6e4311afcb8d898ed7c1046cd2ab59972f2f22eb8c4f8f8bd174a548,235,True
1,25546438,USDT_WETH,0x0d4a11d5eeaac28ec3f61d100daf4d40471f1852,0xc02aaa39b223fe8d0a0e5c4f27ead9083c756cc2,0xdac17f958d2ee523a2206206994597c13d831ec7,3922622540551834256424,7375839977400,carried_forward,sync_log,25546436,0x46991b5c79821aa9feb587a86261c48e6598d1393232370120d242f30854e7d5,470,True
1,25546438,WETH_USDC,0xb4e16d0168e52d35cacd2c6185b44281ec28c9dc,0xa0b86991c6218b36c1d19d4a2e9eb0ce3606eb48,0xc02aaa39b223fe8d0a0e5c4f27ead9083c756cc2,8786848107354,4676381582299311467029,carried_forward,sync_log,25546425,0xe99637e7e3c5eb977e4cadbf5b43ef665184038ec09d68f21fbe67ec35f76424,99,True
1,25546439,USDC_USDT,0x3041cbd36888becc7bbcbc0045e3b1f144466f5f,0xa0b86991c6218b36c1d19d4a2e9eb0ce3606eb48,0xdac17f958d2ee523a2206206994597c13d831ec7,1667118640391,1666411770774,carried_forward,sync_log,25546292,0xb37e100c6e4311afcb8d898ed7c1046cd2ab59972f2f22eb8c4f8f8bd174a548,235,True
1,25546439,USDT_WETH,0x0d4a11d5eeaac28ec3f61d100daf4d40471f1852,0xc02aaa39b223fe8d0a0e5c4f27ead9083c756cc2,0xdac17f958d2ee523a2206206994597c13d831ec7,3922622540551834256424,7375839977400,carried_forward,sync_log,25546436,0x46991b5c79821aa9feb587a86261c48e6598d1393232370120d242f30854e7d5,470,True
1,25546439,WETH_USDC,0xb4e16d0168e52d35cacd2c6185b44281ec28c9dc,0xa0b86991c6218b36c1d19d4a2e9eb0ce3606eb48,0xc02aaa39b223fe8d0a0e5c4f27ead9083c756cc2,8786848107354,4676381582299311467029,carried_forward,sync_log,25546425,0xe99637e7e3c5eb977e4cadbf5b43ef665184038ec09d68f21fbe67ec35f76424,99,True
1,25546440,USDC_USDT,0x3041cbd36888becc7bbcbc0045e3b1f144466f5f,0xa0b86991c6218b36c1d19d4a2e9eb0ce3606eb48,0xdac17f958d2ee523a2206206994597c13d831ec7,1667118640391,1666411770774,carried_forward,sync_log,25546292,0xb37e100c6e4311afcb8d898ed7c1046cd2ab59972f2f22eb8c4f8f8bd174a548,235,True
1,25546440,USDT_WETH,0x0d4a11d5eeaac28ec3f61d100daf4d40471f1852,0xc02aaa39b223fe8d0a0e5c4f27ead9083c756cc2,0xdac17f958d2ee523a2206206994597c13d831ec7,3922609284971896581444,7375864977400,observed_sync,sync_log,25546440,0xa04da43302647faf7e5617c3f658f6b684d3aa653ea2846a990ec39ad74d9bd9,335,True
1,25546440,WETH_USDC,0xb4e16d0168e52d35cacd2c6185b44281ec28c9dc,0xa0b86991c6218b36c1d19d4a2e9eb0ce3606eb48,0xc02aaa39b223fe8d0a0e5c4f27ead9083c756cc2,8786848107354,4676381582299311467029,carried_forward,sync_log,25546425,0xe99637e7e3c5eb977e4cadbf5b43ef665184038ec09d68f21fbe67ec35f76424,99,True
1,25546441,USDC_USDT,0x3041cbd36888becc7bbcbc0045e3b1f144466f5f,0xa0b86991c6218b36c1d19d4a2e9eb0ce3606eb48,0xdac17f958d2ee523a2206206994597c13d831ec7,1667118640391,1666411770774,carried_forward,sync_log,25546292,0xb37e100c6e4311afcb8d898ed7c1046cd2ab59972f2f22eb8c4f8f8bd174a548,235,True
1,25546441,USDT_WETH,0x0d4a11d5eeaac28ec3f61d100daf4d40471f1852,0xc02aaa39b223fe8d0a0e5c4f27ead9083c756cc2,0xdac17f958d2ee523a2206206994597c13d831ec7,3922609284971896581444,7375864977400,carried_forward,sync_log,25546440,0xa04da43302647faf7e5617c3f658f6b684d3aa653ea2846a990ec39ad74d9bd9,335,True
1,25546441,WETH_USDC,0xb4e16d0168e52d35cacd2c6185b44281ec28c9dc,0xa0b86991c6218b36c1d19d4a2e9eb0ce3606eb48,0xc02aaa39b223fe8d0a0e5c4f27ead9083c756cc2,8786848107354,4676381582299311467029,carried_forward,sync_log,25546425,0xe99637e7e3c5eb977e4cadbf5b43ef665184038ec09d68f21fbe67ec35f76424,99,True
1,25546442,USDC_USDT,0x3041cbd36888becc7bbcbc0045e3b1f144466f5f,0xa0b86991c6218b36c1d19d4a2e9eb0ce3606eb48,0xdac17f958d2ee523a2206206994597c13d831ec7,1667118640391,1666411770774,carried_forward,sync_log,25546292,0xb37e100c6e4311afcb8d898ed7c1046cd2ab59972f2f22eb8c4f8f8bd174a548,235,True
1,25546442,USDT_WETH,0x0d4a11d5eeaac28ec3f61d100daf4d40471f1852,0xc02aaa39b223fe8d0a0e5c4f27ead9083c756cc2,0xdac17f958d2ee523a2206206994597c13d831ec7,3922609284971896581444,7375864977400,carried_forward,sync_log,25546440,0xa04da43302647faf7e5617c3f658f6b684d3aa653ea2846a990ec39ad74d9bd9,335,True
1,25546442,WETH_USDC,0xb4e16d0168e52d35cacd2c6185b44281ec28c9dc,0xa0b86991c6218b36c1d19d4a2e9eb0ce3606eb48,0xc02aaa39b223fe8d0a0e5c4f27ead9083c756cc2,8786848107354,4676381582299311467029,carried_forward,sync_log,25546425,0xe99637e7e3c5eb977e4cadbf5b43ef665184038ec09d68f21fbe67ec35f76424,99,True
1,25546443,USDC_USDT,0x3041cbd36888becc7bbcbc0045e3b1f144466f5f,0xa0b86991c6218b36c1d19d4a2e9eb0ce3606eb48,0xdac17f958d2ee523a2206206994597c13d831ec7,1667118640391,1666411770774,carried_forward,sync_log,25546292,0xb37e100c6e4311afcb8d898ed7c1046cd2ab59972f2f22eb8c4f8f8bd174a548,235,True
1,25546443,USDT_WETH,0x0d4a11d5eeaac28ec3f61d100daf4d40471f1852,0xc02aaa39b223fe8d0a0e5c4f27ead9083c756cc2,0xdac17f958d2ee523a2206206994597c13d831ec7,3922609284971896581444,7375864977400,carried_forward,sync_log,25546440,0xa04da43302647faf7e5617c3f658f6b684d3aa653ea2846a990ec39ad74d9bd9,335,True
1,25546443,WETH_USDC,0xb4e16d0168e52d35cacd2c6185b44281ec28c9dc,0xa0b86991c6218b36c1d19d4a2e9eb0ce3606eb48,0xc02aaa39b223fe8d0a0e5c4f27ead9083c756cc2,8786848107354,4676381582299311467029,carried_forward,sync_log,25546425,0xe99637e7e3c5eb977e4cadbf5b43ef665184038ec09d68f21fbe67ec35f76424,99,True
1,25546444,USDC_USDT,0x3041cbd36888becc7bbcbc0045e3b1f144466f5f,0xa0b86991c6218b36c1d19d4a2e9eb0ce3606eb48,0xdac17f958d2ee523a2206206994597c13d831ec7,1667118640391,1666411770774,carried_forward,sync_log,25546292,0xb37e100c6e4311afcb8d898ed7c1046cd2ab59972f2f22eb8c4f8f8bd174a548,235,True
1,25546444,USDT_WETH,0x0d4a11d5eeaac28ec3f61d100daf4d40471f1852,0xc02aaa39b223fe8d0a0e5c4f27ead9083c756cc2,0xdac17f958d2ee523a2206206994597c13d831ec7,3922609284971896581444,7375864977400,carried_forward,sync_log,25546440,0xa04da43302647faf7e5617c3f658f6b684d3aa653ea2846a990ec39ad74d9bd9,335,True
1,25546444,WETH_USDC,0xb4e16d0168e52d35cacd2c6185b44281ec28c9dc,0xa0b86991c6218b36c1d19d4a2e9eb0ce3606eb48,0xc02aaa39b223fe8d0a0e5c4f27ead9083c756cc2,8786848107354,4676381582299311467029,carried_forward,sync_log,25546425,0xe99637e7e3c5eb977e4cadbf5b43ef665184038ec09d68f21fbe67ec35f76424,99,True
1,25546445,USDC_USDT,0x3041cbd36888becc7bbcbc0045e3b1f144466f5f,0xa0b86991c6218b36c1d19d4a2e9eb0ce3606eb48,0xdac17f958d2ee523a2206206994597c13d831ec7,1667118640391,1666411770774,carried_forward,sync_log,25546292,0xb37e100c6e4311afcb8d898ed7c1046cd2ab59972f2f22eb8c4f8f8bd174a548,235,True
1,25546445,USDT_WETH,0x0d4a11d5eeaac28ec3f61d100daf4d40471f1852,0xc02aaa39b223fe8d0a0e5c4f27ead9083c756cc2,0xdac17f958d2ee523a2206206994597c13d831ec7,3922609284971896581444,7375864977400,carried_forward,sync_log,25546440,0xa04da43302647faf7e5617c3f658f6b684d3aa653ea2846a990ec39ad74d9bd9,335,True
1,25546445,WETH_USDC,0xb4e16d0168e52d35cacd2c6185b44281ec28c9dc,0xa0b86991c6218b36c1d19d4a2e9eb0ce3606eb48,0xc02aaa39b223fe8d0a0e5c4f27ead9083c756cc2,8786848107354,4676381582299311467029,carried_forward,sync_log,25546425,0xe99637e7e3c5eb977e4cadbf5b43ef665184038ec09d68f21fbe67ec35f76424,99,True
1,25546446,USDC_USDT,0x3041cbd36888becc7bbcbc0045e3b1f144466f5f,0xa0b86991c6218b36c1d19d4a2e9eb0ce3606eb48,0xdac17f958d2ee523a2206206994597c13d831ec7,1667118640391,1666411770774,carried_forward,sync_log,25546292,0xb37e100c6e4311afcb8d898ed7c1046cd2ab59972f2f22eb8c4f8f8bd174a548,235,True
1,25546446,USDT_WETH,0x0d4a11d5eeaac28ec3f61d100daf4d40471f1852,0xc02aaa39b223fe8d0a0e5c4f27ead9083c756cc2,0xdac17f958d2ee523a2206206994597c13d831ec7,3922609284971896581444,7375864977400,carried_forward,sync_log,25546440,0xa04da43302647faf7e5617c3f658f6b684d3aa653ea2846a990ec39ad74d9bd9,335,True
1,25546446,WETH_USDC,0xb4e16d0168e52d35cacd2c6185b44281ec28c9dc,0xa0b86991c6218b36c1d19d4a2e9eb0ce3606eb48,0xc02aaa39b223fe8d0a0e5c4f27ead9083c756cc2,8786771372374,4676422544081476403641,observed_sync,sync_log,25546446,0x7733d60b7f191937d2fabedeea213fb1b0b39bdc35ed2e5de3c14bfcced24947,935,True
1,25546447,USDC_USDT,0x3041cbd36888becc7bbcbc0045e3b1f144466f5f,0xa0b86991c6218b36c1d19d4a2e9eb0ce3606eb48,0xdac17f958d2ee523a2206206994597c13d831ec7,1667118640391,1666411770774,carried_forward,sync_log,25546292,0xb37e100c6e4311afcb8d898ed7c1046cd2ab59972f2f22eb8c4f8f8bd174a548,235,True
1,25546447,USDT_WETH,0x0d4a11d5eeaac28ec3f61d100daf4d40471f1852,0xc02aaa39b223fe8d0a0e5c4f27ead9083c756cc2,0xdac17f958d2ee523a2206206994597c13d831ec7,3922609284971896581444,7375864977400,carried_forward,sync_log,25546440,0xa04da43302647faf7e5617c3f658f6b684d3aa653ea2846a990ec39ad74d9bd9,335,True
1,25546447,WETH_USDC,0xb4e16d0168e52d35cacd2c6185b44281ec28c9dc,0xa0b86991c6218b36c1d19d4a2e9eb0ce3606eb48,0xc02aaa39b223fe8d0a0e5c4f27ead9083c756cc2,8786771372374,4676422544081476403641,carried_forward,sync_log,25546446,0x7733d60b7f191937d2fabedeea213fb1b0b39bdc35ed2e5de3c14bfcced24947,935,True
1,25546448,USDC_USDT,0x3041cbd36888becc7bbcbc0045e3b1f144466f5f,0xa0b86991c6218b36c1d19d4a2e9eb0ce3606eb48,0xdac17f958d2ee523a2206206994597c13d831ec7,1667118640391,1666411770774,carried_forward,sync_log,25546292,0xb37e100c6e4311afcb8d898ed7c1046cd2ab59972f2f22eb8c4f8f8bd174a548,235,True
1,25546448,USDT_WETH,0x0d4a11d5eeaac28ec3f61d100daf4d40471f1852,0xc02aaa39b223fe8d0a0e5c4f27ead9083c756cc2,0xdac17f958d2ee523a2206206994597c13d831ec7,3922609284971896581444,7375864977400,carried_forward,sync_log,25546440,0xa04da43302647faf7e5617c3f658f6b684d3aa653ea2846a990ec39ad74d9bd9,335,True
1,25546448,WETH_USDC,0xb4e16d0168e52d35cacd2c6185b44281ec28c9dc,0xa0b86991c6218b36c1d19d4a2e9eb0ce3606eb48,0xc02aaa39b223fe8d0a0e5c4f27ead9083c756cc2,8786771372374,4676422544081476403641,carried_forward,sync_log,25546446,0x7733d60b7f191937d2fabedeea213fb1b0b39bdc35ed2e5de3c14bfcced24947,935,True
1,25546449,USDC_USDT,0x3041cbd36888becc7bbcbc0045e3b1f144466f5f,0xa0b86991c6218b36c1d19d4a2e9eb0ce3606eb48,0xdac17f958d2ee523a2206206994597c13d831ec7,1667118640391,1666411770774,carried_forward,sync_log,25546292,0xb37e100c6e4311afcb8d898ed7c1046cd2ab59972f2f22eb8c4f8f8bd174a548,235,True
1,25546449,USDT_WETH,0x0d4a11d5eeaac28ec3f61d100daf4d40471f1852,0xc02aaa39b223fe8d0a0e5c4f27ead9083c756cc2,0xdac17f958d2ee523a2206206994597c13d831ec7,3922609284971896581444,7375864977400,carried_forward,sync_log,25546440,0xa04da43302647faf7e5617c3f658f6b684d3aa653ea2846a990ec39ad74d9bd9,335,True
1,25546449,WETH_USDC,0xb4e16d0168e52d35cacd2c6185b44281ec28c9dc,0xa0b86991c6218b36c1d19d4a2e9eb0ce3606eb48,0xc02aaa39b223fe8d0a0e5c4f27ead9083c756cc2,8786771372374,4676422544081476403641,carried_forward,sync_log,25546446,0x7733d60b7f191937d2fabedeea213fb1b0b39bdc35ed2e5de3c14bfcced24947,935,True
1,25546450,USDC_USDT,0x3041cbd36888becc7bbcbc0045e3b1f144466f5f,0xa0b86991c6218b36c1d19d4a2e9eb0ce3606eb48,0xdac17f958d2ee523a2206206994597c13d831ec7,1667118640391,1666411770774,carried_forward,sync_log,25546292,0xb37e100c6e4311afcb8d898ed7c1046cd2ab59972f2f22eb8c4f8f8bd174a548,235,True
1,25546450,USDT_WETH,0x0d4a11d5eeaac28ec3f61d100daf4d40471f1852,0xc02aaa39b223fe8d0a0e5c4f27ead9083c756cc2,0xdac17f958d2ee523a2206206994597c13d831ec7,3922609284971896581444,7375864977400,carried_forward,sync_log,25546440,0xa04da43302647faf7e5617c3f658f6b684d3aa653ea2846a990ec39ad74d9bd9,335,True
1,25546450,WETH_USDC,0xb4e16d0168e52d35cacd2c6185b44281ec28c9dc,0xa0b86991c6218b36c1d19d4a2e9eb0ce3606eb48,0xc02aaa39b223fe8d0a0e5c4f27ead9083c756cc2,8786771372374,4676422544081476403641,carried_forward,sync_log,25546446,0x7733d60b7f191937d2fabedeea213fb1b0b39bdc35ed2e5de3c14bfcced24947,935,True
1,25546451,USDC_USDT,0x3041cbd36888becc7bbcbc0045e3b1f144466f5f,0xa0b86991c6218b36c1d19d4a2e9eb0ce3606eb48,0xdac17f958d2ee523a2206206994597c13d831ec7,1667118640391,1666411770774,carried_forward,sync_log,25546292,0xb37e100c6e4311afcb8d898ed7c1046cd2ab59972f2f22eb8c4f8f8bd174a548,235,True
1,25546451,USDT_WETH,0x0d4a11d5eeaac28ec3f61d100daf4d40471f1852,0xc02aaa39b223fe8d0a0e5c4f27ead9083c756cc2,0xdac17f958d2ee523a2206206994597c13d831ec7,3922609284971896581444,7375864977400,carried_forward,sync_log,25546440,0xa04da43302647faf7e5617c3f658f6b684d3aa653ea2846a990ec39ad74d9bd9,335,True
1,25546451,WETH_USDC,0xb4e16d0168e52d35cacd2c6185b44281ec28c9dc,0xa0b86991c6218b36c1d19d4a2e9eb0ce3606eb48,0xc02aaa39b223fe8d0a0e5c4f27ead9083c756cc2,8786771372374,4676422544081476403641,carried_forward,sync_log,25546446,0x7733d60b7f191937d2fabedeea213fb1b0b39bdc35ed2e5de3c14bfcced24947,935,True
1,25546452,USDC_USDT,0x3041cbd36888becc7bbcbc0045e3b1f144466f5f,0xa0b86991c6218b36c1d19d4a2e9eb0ce3606eb48,0xdac17f958d2ee523a2206206994597c13d831ec7,1667118640391,1666411770774,carried_forward,sync_log,25546292,0xb37e100c6e4311afcb8d898ed7c1046cd2ab59972f2f22eb8c4f8f8bd174a548,235,True
1,25546452,USDT_WETH,0x0d4a11d5eeaac28ec3f61d100daf4d40471f1852,0xc02aaa39b223fe8d0a0e5c4f27ead9083c756cc2,0xdac17f958d2ee523a2206206994597c13d831ec7,3922609284971896581444,7375864977400,carried_forward,sync_log,25546440,0xa04da43302647faf7e5617c3f658f6b684d3aa653ea2846a990ec39ad74d9bd9,335,True
1,25546452,WETH_USDC,0xb4e16d0168e52d35cacd2c6185b44281ec28c9dc,0xa0b86991c6218b36c1d19d4a2e9eb0ce3606eb48,0xc02aaa39b223fe8d0a0e5c4f27ead9083c756cc2,8786771372374,4676422544081476403641,carried_forward,sync_log,25546446,0x7733d60b7f191937d2fabedeea213fb1b0b39bdc35ed2e5de3c14bfcced24947,935,True
1,25546453,USDC_USDT,0x3041cbd36888becc7bbcbc0045e3b1f144466f5f,0xa0b86991c6218b36c1d19d4a2e9eb0ce3606eb48,0xdac17f958d2ee523a2206206994597c13d831ec7,1667118640391,1666411770774,carried_forward,sync_log,25546292,0xb37e100c6e4311afcb8d898ed7c1046cd2ab59972f2f22eb8c4f8f8bd174a548,235,True
1,25546453,USDT_WETH,0x0d4a11d5eeaac28ec3f61d100daf4d40471f1852,0xc02aaa39b223fe8d0a0e5c4f27ead9083c756cc2,0xdac17f958d2ee523a2206206994597c13d831ec7,3922609284971896581444,7375864977400,carried_forward,sync_log,25546440,0xa04da43302647faf7e5617c3f658f6b684d3aa653ea2846a990ec39ad74d9bd9,335,True
1,25546453,WETH_USDC,0xb4e16d0168e52d35cacd2c6185b44281ec28c9dc,0xa0b86991c6218b36c1d19d4a2e9eb0ce3606eb48,0xc02aaa39b223fe8d0a0e5c4f27ead9083c756cc2,8786771372374,4676422544081476403641,carried_forward,sync_log,25546446,0x7733d60b7f191937d2fabedeea213fb1b0b39bdc35ed2e5de3c14bfcced24947,935,True
1,25546454,USDC_USDT,0x3041cbd36888becc7bbcbc0045e3b1f144466f5f,0xa0b86991c6218b36c1d19d4a2e9eb0ce3606eb48,0xdac17f958d2ee523a2206206994597c13d831ec7,1667118640391,1666411770774,carried_forward,sync_log,25546292,0xb37e100c6e4311afcb8d898ed7c1046cd2ab59972f2f22eb8c4f8f8bd174a548,235,True
1,25546454,USDT_WETH,0x0d4a11d5eeaac28ec3f61d100daf4d40471f1852,0xc02aaa39b223fe8d0a0e5c4f27ead9083c756cc2,0xdac17f958d2ee523a2206206994597c13d831ec7,3922609284971896581444,7375864977400,carried_forward,sync_log,25546440,0xa04da43302647faf7e5617c3f658f6b684d3aa653ea2846a990ec39ad74d9bd9,335,True
1,25546454,WETH_USDC,0xb4e16d0168e52d35cacd2c6185b44281ec28c9dc,0xa0b86991c6218b36c1d19d4a2e9eb0ce3606eb48,0xc02aaa39b223fe8d0a0e5c4f27ead9083c756cc2,8786771372374,4676422544081476403641,carried_forward,sync_log,25546446,0x7733d60b7f191937d2fabedeea213fb1b0b39bdc35ed2e5de3c14bfcced24947,935,True
1,25546455,USDC_USDT,0x3041cbd36888becc7bbcbc0045e3b1f144466f5f,0xa0b86991c6218b36c1d19d4a2e9eb0ce3606eb48,0xdac17f958d2ee523a2206206994597c13d831ec7,1667118640391,1666411770774,carried_forward,sync_log,25546292,0xb37e100c6e4311afcb8d898ed7c1046cd2ab59972f2f22eb8c4f8f8bd174a548,235,True
1,25546455,USDT_WETH,0x0d4a11d5eeaac28ec3f61d100daf4d40471f1852,0xc02aaa39b223fe8d0a0e5c4f27ead9083c756cc2,0xdac17f958d2ee523a2206206994597c13d831ec7,3922694596971896581444,7375705045989,observed_sync,sync_log,25546455,0x98623451a2618da8732fe25fa9ae566369360530ea11c1153baff3768c9f8029,80,True
1,25546455,WETH_USDC,0xb4e16d0168e52d35cacd2c6185b44281ec28c9dc,0xa0b86991c6218b36c1d19d4a2e9eb0ce3606eb48,0xc02aaa39b223fe8d0a0e5c4f27ead9083c756cc2,8786771372374,4676422544081476403641,carried_forward,sync_log,25546446,0x7733d60b7f191937d2fabedeea213fb1b0b39bdc35ed2e5de3c14bfcced24947,935,True
1,25546456,USDC_USDT,0x3041cbd36888becc7bbcbc0045e3b1f144466f5f,0xa0b86991c6218b36c1d19d4a2e9eb0ce3606eb48,0xdac17f958d2ee523a2206206994597c13d831ec7,1667118640391,1666411770774,carried_forward,sync_log,25546292,0xb37e100c6e4311afcb8d898ed7c1046cd2ab59972f2f22eb8c4f8f8bd174a548,235,True
1,25546456,USDT_WETH,0x0d4a11d5eeaac28ec3f61d100daf4d40471f1852,0xc02aaa39b223fe8d0a0e5c4f27ead9083c756cc2,0xdac17f958d2ee523a2206206994597c13d831ec7,3922694596971896581444,7375705045989,carried_forward,sync_log,25546455,0x98623451a2618da8732fe25fa9ae566369360530ea11c1153baff3768c9f8029,80,True
1,25546456,WETH_USDC,0xb4e16d0168e52d35cacd2c6185b44281ec28c9dc,0xa0b86991c6218b36c1d19d4a2e9eb0ce3606eb48,0xc02aaa39b223fe8d0a0e5c4f27ead9083c756cc2,8786771372374,4676422544081476403641,carried_forward,sync_log,25546446,0x7733d60b7f191937d2fabedeea213fb1b0b39bdc35ed2e5de3c14bfcced24947,935,True
1,25546457,USDC_USDT,0x3041cbd36888becc7bbcbc0045e3b1f144466f5f,0xa0b86991c6218b36c1d19d4a2e9eb0ce3606eb48,0xdac17f958d2ee523a2206206994597c13d831ec7,1667118640391,1666411770774,carried_forward,sync_log,25546292,0xb37e100c6e4311afcb8d898ed7c1046cd2ab59972f2f22eb8c4f8f8bd174a548,235,True
1,25546457,USDT_WETH,0x0d4a11d5eeaac28ec3f61d100daf4d40471f1852,0xc02aaa39b223fe8d0a0e5c4f27ead9083c756cc2,0xdac17f958d2ee523a2206206994597c13d831ec7,3922694596971896581444,7375705045989,carried_forward,sync_log,25546455,0x98623451a2618da8732fe25fa9ae566369360530ea11c1153baff3768c9f8029,80,True
1,25546457,WETH_USDC,0xb4e16d0168e52d35cacd2c6185b44281ec28c9dc,0xa0b86991c6218b36c1d19d4a2e9eb0ce3606eb48,0xc02aaa39b223fe8d0a0e5c4f27ead9083c756cc2,8786771372374,4676422544081476403641,carried_forward,sync_log,25546446,0x7733d60b7f191937d2fabedeea213fb1b0b39bdc35ed2e5de3c14bfcced24947,935,True
1,25546458,USDC_USDT,0x3041cbd36888becc7bbcbc0045e3b1f144466f5f,0xa0b86991c6218b36c1d19d4a2e9eb0ce3606eb48,0xdac17f958d2ee523a2206206994597c13d831ec7,1667118640391,1666411770774,carried_forward,sync_log,25546292,0xb37e100c6e4311afcb8d898ed7c1046cd2ab59972f2f22eb8c4f8f8bd174a548,235,True
1,25546458,USDT_WETH,0x0d4a11d5eeaac28ec3f61d100daf4d40471f1852,0xc02aaa39b223fe8d0a0e5c4f27ead9083c756cc2,0xdac17f958d2ee523a2206206994597c13d831ec7,3922694596971896581444,7375705045989,carried_forward,sync_log,25546455,0x98623451a2618da8732fe25fa9ae566369360530ea11c1153baff3768c9f8029,80,True
1,25546458,WETH_USDC,0xb4e16d0168e52d35cacd2c6185b44281ec28c9dc,0xa0b86991c6218b36c1d19d4a2e9eb0ce3606eb48,0xc02aaa39b223fe8d0a0e5c4f27ead9083c756cc2,8786771372374,4676422544081476403641,carried_forward,sync_log,25546446,0x7733d60b7f191937d2fabedeea213fb1b0b39bdc35ed2e5de3c14bfcced24947,935,True
1,25546459,USDC_USDT,0x3041cbd36888becc7bbcbc0045e3b1f144466f5f,0xa0b86991c6218b36c1d19d4a2e9eb0ce3606eb48,0xdac17f958d2ee523a2206206994597c13d831ec7,1667118640391,1666411770774,carried_forward,sync_log,25546292,0xb37e100c6e4311afcb8d898ed7c1046cd2ab59972f2f22eb8c4f8f8bd174a548,235,True
1,25546459,USDT_WETH,0x0d4a11d5eeaac28ec3f61d100daf4d40471f1852,0xc02aaa39b223fe8d0a0e5c4f27ead9083c756cc2,0xdac17f958d2ee523a2206206994597c13d831ec7,3922694596971896581444,7375705045989,carried_forward,sync_log,25546455,0x98623451a2618da8732fe25fa9ae566369360530ea11c1153baff3768c9f8029,80,True
1,25546459,WETH_USDC,0xb4e16d0168e52d35cacd2c6185b44281ec28c9dc,0xa0b86991c6218b36c1d19d4a2e9eb0ce3606eb48,0xc02aaa39b223fe8d0a0e5c4f27ead9083c756cc2,8786771372374,4676422544081476403641,carried_forward,sync_log,25546446,0x7733d60b7f191937d2fabedeea213fb1b0b39bdc35ed2e5de3c14bfcced24947,935,True
1,25546460,USDC_USDT,0x3041cbd36888becc7bbcbc0045e3b1f144466f5f,0xa0b86991c6218b36c1d19d4a2e9eb0ce3606eb48,0xdac17f958d2ee523a2206206994597c13d831ec7,1667118640391,1666411770774,carried_forward,sync_log,25546292,0xb37e100c6e4311afcb8d898ed7c1046cd2ab59972f2f22eb8c4f8f8bd174a548,235,True
1,25546460,USDT_WETH,0x0d4a11d5eeaac28ec3f61d100daf4d40471f1852,0xc02aaa39b223fe8d0a0e5c4f27ead9083c756cc2,0xdac17f958d2ee523a2206206994597c13d831ec7,3922694596971896581444,7375705045989,carried_forward,sync_log,25546455,0x98623451a2618da8732fe25fa9ae566369360530ea11c1153baff3768c9f8029,80,True
1,25546460,WETH_USDC,0xb4e16d0168e52d35cacd2c6185b44281ec28c9dc,0xa0b86991c6218b36c1d19d4a2e9eb0ce3606eb48,0xc02aaa39b223fe8d0a0e5c4f27ead9083c756cc2,8786771372374,4676422544081476403641,carried_forward,sync_log,25546446,0x7733d60b7f191937d2fabedeea213fb1b0b39bdc35ed2e5de3c14bfcced24947,935,True
1,25546461,USDC_USDT,0x3041cbd36888becc7bbcbc0045e3b1f144466f5f,0xa0b86991c6218b36c1d19d4a2e9eb0ce3606eb48,0xdac17f958d2ee523a2206206994597c13d831ec7,1667118640391,1666411770774,carried_forward,sync_log,25546292,0xb37e100c6e4311afcb8d898ed7c1046cd2ab59972f2f22eb8c4f8f8bd174a548,235,True
1,25546461,USDT_WETH,0x0d4a11d5eeaac28ec3f61d100daf4d40471f1852,0xc02aaa39b223fe8d0a0e5c4f27ead9083c756cc2,0xdac17f958d2ee523a2206206994597c13d831ec7,3922694596971896581444,7375705045989,carried_forward,sync_log,25546455,0x98623451a2618da8732fe25fa9ae566369360530ea11c1153baff3768c9f8029,80,True
1,25546461,WETH_USDC,0xb4e16d0168e52d35cacd2c6185b44281ec28c9dc,0xa0b86991c6218b36c1d19d4a2e9eb0ce3606eb48,0xc02aaa39b223fe8d0a0e5c4f27ead9083c756cc2,8786771372374,4676422544081476403641,carried_forward,sync_log,25546446,0x7733d60b7f191937d2fabedeea213fb1b0b39bdc35ed2e5de3c14bfcced24947,935,True
1,25546462,USDC_USDT,0x3041cbd36888becc7bbcbc0045e3b1f144466f5f,0xa0b86991c6218b36c1d19d4a2e9eb0ce3606eb48,0xdac17f958d2ee523a2206206994597c13d831ec7,1667118640391,1666411770774,carried_forward,sync_log,25546292,0xb37e100c6e4311afcb8d898ed7c1046cd2ab59972f2f22eb8c4f8f8bd174a548,235,True
1,25546462,USDT_WETH,0x0d4a11d5eeaac28ec3f61d100daf4d40471f1852,0xc02aaa39b223fe8d0a0e5c4f27ead9083c756cc2,0xdac17f958d2ee523a2206206994597c13d831ec7,3922694596971896581444,7375705045989,carried_forward,sync_log,25546455,0x98623451a2618da8732fe25fa9ae566369360530ea11c1153baff3768c9f8029,80,True
1,25546462,WETH_USDC,0xb4e16d0168e52d35cacd2c6185b44281ec28c9dc,0xa0b86991c6218b36c1d19d4a2e9eb0ce3606eb48,0xc02aaa39b223fe8d0a0e5c4f27ead9083c756cc2,8786771372374,4676422544081476403641,carried_forward,sync_log,25546446,0x7733d60b7f191937d2fabedeea213fb1b0b39bdc35ed2e5de3c14bfcced24947,935,True
1,25546463,USDC_USDT,0x3041cbd36888becc7bbcbc0045e3b1f144466f5f,0xa0b86991c6218b36c1d19d4a2e9eb0ce3606eb48,0xdac17f958d2ee523a2206206994597c13d831ec7,1667118640391,1666411770774,carried_forward,sync_log,25546292,0xb37e100c6e4311afcb8d898ed7c1046cd2ab59972f2f22eb8c4f8f8bd174a548,235,True
1,25546463,USDT_WETH,0x0d4a11d5eeaac28ec3f61d100daf4d40471f1852,0xc02aaa39b223fe8d0a0e5c4f27ead9083c756cc2,0xdac17f958d2ee523a2206206994597c13d831ec7,3922694596971896581444,7375705045989,carried_forward,sync_log,25546455,0x98623451a2618da8732fe25fa9ae566369360530ea11c1153baff3768c9f8029,80,True
1,25546463,WETH_USDC,0xb4e16d0168e52d35cacd2c6185b44281ec28c9dc,0xa0b86991c6218b36c1d19d4a2e9eb0ce3606eb48,0xc02aaa39b223fe8d0a0e5c4f27ead9083c756cc2,8786771372374,4676422544081476403641,carried_forward,sync_log,25546446,0x7733d60b7f191937d2fabedeea213fb1b0b39bdc35ed2e5de3c14bfcced24947,935,True
1,25546464,USDC_USDT,0x3041cbd36888becc7bbcbc0045e3b1f144466f5f,0xa0b86991c6218b36c1d19d4a2e9eb0ce3606eb48,0xdac17f958d2ee523a2206206994597c13d831ec7,1667118640391,1666411770774,carried_forward,sync_log,25546292,0xb37e100c6e4311afcb8d898ed7c1046cd2ab59972f2f22eb8c4f8f8bd174a548,235,True
1,25546464,USDT_WETH,0x0d4a11d5eeaac28ec3f61d100daf4d40471f1852,0xc02aaa39b223fe8d0a0e5c4f27ead9083c756cc2,0xdac17f958d2ee523a2206206994597c13d831ec7,3922694596971896581444,7375705045989,carried_forward,sync_log,25546455,0x98623451a2618da8732fe25fa9ae566369360530ea11c1153baff3768c9f8029,80,True
1,25546464,WETH_USDC,0xb4e16d0168e52d35cacd2c6185b44281ec28c9dc,0xa0b86991c6218b36c1d19d4a2e9eb0ce3606eb48,0xc02aaa39b223fe8d0a0e5c4f27ead9083c756cc2,8786771372374,4676422544081476403641,carried_forward,sync_log,25546446,0x7733d60b7f191937d2fabedeea213fb1b0b39bdc35ed2e5de3c14bfcced24947,935,True
1,25546465,USDC_USDT,0x3041cbd36888becc7bbcbc0045e3b1f144466f5f,0xa0b86991c6218b36c1d19d4a2e9eb0ce3606eb48,0xdac17f958d2ee523a2206206994597c13d831ec7,1667118640391,1666411770774,carried_forward,sync_log,25546292,0xb37e100c6e4311afcb8d898ed7c1046cd2ab59972f2f22eb8c4f8f8bd174a548,235,True
1,25546465,USDT_WETH,0x0d4a11d5eeaac28ec3f61d100daf4d40471f1852,0xc02aaa39b223fe8d0a0e5c4f27ead9083c756cc2,0xdac17f958d2ee523a2206206994597c13d831ec7,3922694596971896581444,7375705045989,carried_forward,sync_log,25546455,0x98623451a2618da8732fe25fa9ae566369360530ea11c1153baff3768c9f8029,80,True
1,25546465,WETH_USDC,0xb4e16d0168e52d35cacd2c6185b44281ec28c9dc,0xa0b86991c6218b36c1d19d4a2e9eb0ce3606eb48,0xc02aaa39b223fe8d0a0e5c4f27ead9083c756cc2,8786771372374,4676422544081476403641,carried_forward,sync_log,25546446,0x7733d60b7f191937d2fabedeea213fb1b0b39bdc35ed2e5de3c14bfcced24947,935,True
1,25546466,USDC_USDT,0x3041cbd36888becc7bbcbc0045e3b1f144466f5f,0xa0b86991c6218b36c1d19d4a2e9eb0ce3606eb48,0xdac17f958d2ee523a2206206994597c13d831ec7,1667118640391,1666411770774,carried_forward,sync_log,25546292,0xb37e100c6e4311afcb8d898ed7c1046cd2ab59972f2f22eb8c4f8f8bd174a548,235,True
1,25546466,USDT_WETH,0x0d4a11d5eeaac28ec3f61d100daf4d40471f1852,0xc02aaa39b223fe8d0a0e5c4f27ead9083c756cc2,0xdac17f958d2ee523a2206206994597c13d831ec7,3922694596971896581444,7375705045989,carried_forward,sync_log,25546455,0x98623451a2618da8732fe25fa9ae566369360530ea11c1153baff3768c9f8029,80,True
1,25546466,WETH_USDC,0xb4e16d0168e52d35cacd2c6185b44281ec28c9dc,0xa0b86991c6218b36c1d19d4a2e9eb0ce3606eb48,0xc02aaa39b223fe8d0a0e5c4f27ead9083c756cc2,8786771372374,4676422544081476403641,carried_forward,sync_log,25546446,0x7733d60b7f191937d2fabedeea213fb1b0b39bdc35ed2e5de3c14bfcced24947,935,True
1,25546467,USDC_USDT,0x3041cbd36888becc7bbcbc0045e3b1f144466f5f,0xa0b86991c6218b36c1d19d4a2e9eb0ce3606eb48,0xdac17f958d2ee523a2206206994597c13d831ec7,1667118640391,1666411770774,carried_forward,sync_log,25546292,0xb37e100c6e4311afcb8d898ed7c1046cd2ab59972f2f22eb8c4f8f8bd174a548,235,True
1,25546467,USDT_WETH,0x0d4a11d5eeaac28ec3f61d100daf4d40471f1852,0xc02aaa39b223fe8d0a0e5c4f27ead9083c756cc2,0xdac17f958d2ee523a2206206994597c13d831ec7,3922694596971896581444,7375705045989,carried_forward,sync_log,25546455,0x98623451a2618da8732fe25fa9ae566369360530ea11c1153baff3768c9f8029,80,True
1,25546467,WETH_USDC,0xb4e16d0168e52d35cacd2c6185b44281ec28c9dc,0xa0b86991c6218b36c1d19d4a2e9eb0ce3606eb48,0xc02aaa39b223fe8d0a0e5c4f27ead9083c756cc2,8786771372374,4676422544081476403641,carried_forward,sync_log,25546446,0x7733d60b7f191937d2fabedeea213fb1b0b39bdc35ed2e5de3c14bfcced24947,935,True
1,25546468,USDC_USDT,0x3041cbd36888becc7bbcbc0045e3b1f144466f5f,0xa0b86991c6218b36c1d19d4a2e9eb0ce3606eb48,0xdac17f958d2ee523a2206206994597c13d831ec7,1667118640391,1666411770774,carried_forward,sync_log,25546292,0xb37e100c6e4311afcb8d898ed7c1046cd2ab59972f2f22eb8c4f8f8bd174a548,235,True
1,25546468,USDT_WETH,0x0d4a11d5eeaac28ec3f61d100daf4d40471f1852,0xc02aaa39b223fe8d0a0e5c4f27ead9083c756cc2,0xdac17f958d2ee523a2206206994597c13d831ec7,3922694596971896581444,7375705045989,carried_forward,sync_log,25546455,0x98623451a2618da8732fe25fa9ae566369360530ea11c1153baff3768c9f8029,80,True
1,25546468,WETH_USDC,0xb4e16d0168e52d35cacd2c6185b44281ec28c9dc,0xa0b86991c6218b36c1d19d4a2e9eb0ce3606eb48,0xc02aaa39b223fe8d0a0e5c4f27ead9083c756cc2,8786771372374,4676422544081476403641,carried_forward,sync_log,25546446,0x7733d60b7f191937d2fabedeea213fb1b0b39bdc35ed2e5de3c14bfcced24947,935,True
1,25546469,USDC_USDT,0x3041cbd36888becc7bbcbc0045e3b1f144466f5f,0xa0b86991c6218b36c1d19d4a2e9eb0ce3606eb48,0xdac17f958d2ee523a2206206994597c13d831ec7,1667118640391,1666411770774,carried_forward,sync_log,25546292,0xb37e100c6e4311afcb8d898ed7c1046cd2ab59972f2f22eb8c4f8f8bd174a548,235,True
1,25546469,USDT_WETH,0x0d4a11d5eeaac28ec3f61d100daf4d40471f1852,0xc02aaa39b223fe8d0a0e5c4f27ead9083c756cc2,0xdac17f958d2ee523a2206206994597c13d831ec7,3922694596971896581444,7375705045989,carried_forward,sync_log,25546455,0x98623451a2618da8732fe25fa9ae566369360530ea11c1153baff3768c9f8029,80,True
1,25546469,WETH_USDC,0xb4e16d0168e52d35cacd2c6185b44281ec28c9dc,0xa0b86991c6218b36c1d19d4a2e9eb0ce3606eb48,0xc02aaa39b223fe8d0a0e5c4f27ead9083c756cc2,8786771372374,4676422544081476403641,carried_forward,sync_log,25546446,0x7733d60b7f191937d2fabedeea213fb1b0b39bdc35ed2e5de3c14bfcced24947,935,True
1,25546470,USDC_USDT,0x3041cbd36888becc7bbcbc0045e3b1f144466f5f,0xa0b86991c6218b36c1d19d4a2e9eb0ce3606eb48,0xdac17f958d2ee523a2206206994597c13d831ec7,1667118640391,1666411770774,carried_forward,sync_log,25546292,0xb37e100c6e4311afcb8d898ed7c1046cd2ab59972f2f22eb8c4f8f8bd174a548,235,True
1,25546470,USDT_WETH,0x0d4a11d5eeaac28ec3f61d100daf4d40471f1852,0xc02aaa39b223fe8d0a0e5c4f27ead9083c756cc2,0xdac17f958d2ee523a2206206994597c13d831ec7,3922694667817896581444,7375704913180,observed_sync,sync_log,25546470,0xbd1f6019b5ad6d6fe064c7a61df3786d4d23e2c054a0957c8d37c4235741071c,409,True
1,25546470,WETH_USDC,0xb4e16d0168e52d35cacd2c6185b44281ec28c9dc,0xa0b86991c6218b36c1d19d4a2e9eb0ce3606eb48,0xc02aaa39b223fe8d0a0e5c4f27ead9083c756cc2,8786771372374,4676422544081476403641,carried_forward,sync_log,25546446,0x7733d60b7f191937d2fabedeea213fb1b0b39bdc35ed2e5de3c14bfcced24947,935,True
1,25546471,USDC_USDT,0x3041cbd36888becc7bbcbc0045e3b1f144466f5f,0xa0b86991c6218b36c1d19d4a2e9eb0ce3606eb48,0xdac17f958d2ee523a2206206994597c13d831ec7,1667118640391,1666411770774,carried_forward,sync_log,25546292,0xb37e100c6e4311afcb8d898ed7c1046cd2ab59972f2f22eb8c4f8f8bd174a548,235,True
1,25546471,USDT_WETH,0x0d4a11d5eeaac28ec3f61d100daf4d40471f1852,0xc02aaa39b223fe8d0a0e5c4f27ead9083c756cc2,0xdac17f958d2ee523a2206206994597c13d831ec7,3922694667817896581444,7375704913180,carried_forward,sync_log,25546470,0xbd1f6019b5ad6d6fe064c7a61df3786d4d23e2c054a0957c8d37c4235741071c,409,True
1,25546471,WETH_USDC,0xb4e16d0168e52d35cacd2c6185b44281ec28c9dc,0xa0b86991c6218b36c1d19d4a2e9eb0ce3606eb48,0xc02aaa39b223fe8d0a0e5c4f27ead9083c756cc2,8786771362075,4676422549579751762930,observed_sync,sync_log,25546471,0x680993dd41799fff78f434f92bf0f4aa872a33e58210f25788545e07399d41a2,354,True
1,25546472,USDC_USDT,0x3041cbd36888becc7bbcbc0045e3b1f144466f5f,0xa0b86991c6218b36c1d19d4a2e9eb0ce3606eb48,0xdac17f958d2ee523a2206206994597c13d831ec7,1667118640391,1666411770774,carried_forward,sync_log,25546292,0xb37e100c6e4311afcb8d898ed7c1046cd2ab59972f2f22eb8c4f8f8bd174a548,235,True
1,25546472,USDT_WETH,0x0d4a11d5eeaac28ec3f61d100daf4d40471f1852,0xc02aaa39b223fe8d0a0e5c4f27ead9083c756cc2,0xdac17f958d2ee523a2206206994597c13d831ec7,3922719264189559476403,7375658804519,observed_sync,sync_log,25546472,0x9fffc7583dbe241896644ab9647a71ed47b03be8884a62271a47029c2da1b3ae,474,True
1,25546472,WETH_USDC,0xb4e16d0168e52d35cacd2c6185b44281ec28c9dc,0xa0b86991c6218b36c1d19d4a2e9eb0ce3606eb48,0xc02aaa39b223fe8d0a0e5c4f27ead9083c756cc2,8786771362075,4676422549579751762930,carried_forward,sync_log,25546471,0x680993dd41799fff78f434f92bf0f4aa872a33e58210f25788545e07399d41a2,354,True
1,25546473,USDC_USDT,0x3041cbd36888becc7bbcbc0045e3b1f144466f5f,0xa0b86991c6218b36c1d19d4a2e9eb0ce3606eb48,0xdac17f958d2ee523a2206206994597c13d831ec7,1667118640391,1666411770774,carried_forward,sync_log,25546292,0xb37e100c6e4311afcb8d898ed7c1046cd2ab59972f2f22eb8c4f8f8bd174a548,235,True
1,25546473,USDT_WETH,0x0d4a11d5eeaac28ec3f61d100daf4d40471f1852,0xc02aaa39b223fe8d0a0e5c4f27ead9083c756cc2,0xdac17f958d2ee523a2206206994597c13d831ec7,3922719264189559476403,7375658804519,carried_forward,sync_log,25546472,0x9fffc7583dbe241896644ab9647a71ed47b03be8884a62271a47029c2da1b3ae,474,True
1,25546473,WETH_USDC,0xb4e16d0168e52d35cacd2c6185b44281ec28c9dc,0xa0b86991c6218b36c1d19d4a2e9eb0ce3606eb48,0xc02aaa39b223fe8d0a0e5c4f27ead9083c756cc2,8786771362075,4676422549579751762930,carried_forward,sync_log,25546471,0x680993dd41799fff78f434f92bf0f4aa872a33e58210f25788545e07399d41a2,354,True
1,25546474,USDC_USDT,0x3041cbd36888becc7bbcbc0045e3b1f144466f5f,0xa0b86991c6218b36c1d19d4a2e9eb0ce3606eb48,0xdac17f958d2ee523a2206206994597c13d831ec7,1667118640391,1666411770774,carried_forward,sync_log,25546292,0xb37e100c6e4311afcb8d898ed7c1046cd2ab59972f2f22eb8c4f8f8bd174a548,235,True
1,25546474,USDT_WETH,0x0d4a11d5eeaac28ec3f61d100daf4d40471f1852,0xc02aaa39b223fe8d0a0e5c4f27ead9083c756cc2,0xdac17f958d2ee523a2206206994597c13d831ec7,3922719264189559476403,7375658804519,carried_forward,sync_log,25546472,0x9fffc7583dbe241896644ab9647a71ed47b03be8884a62271a47029c2da1b3ae,474,True
1,25546474,WETH_USDC,0xb4e16d0168e52d35cacd2c6185b44281ec28c9dc,0xa0b86991c6218b36c1d19d4a2e9eb0ce3606eb48,0xc02aaa39b223fe8d0a0e5c4f27ead9083c756cc2,8786771362075,4676422549579751762930,carried_forward,sync_log,25546471,0x680993dd41799fff78f434f92bf0f4aa872a33e58210f25788545e07399d41a2,354,True
1,25546475,USDC_USDT,0x3041cbd36888becc7bbcbc0045e3b1f144466f5f,0xa0b86991c6218b36c1d19d4a2e9eb0ce3606eb48,0xdac17f958d2ee523a2206206994597c13d831ec7,1667118640391,1666411770774,carried_forward,sync_log,25546292,0xb37e100c6e4311afcb8d898ed7c1046cd2ab59972f2f22eb8c4f8f8bd174a548,235,True
1,25546475,USDT_WETH,0x0d4a11d5eeaac28ec3f61d100daf4d40471f1852,0xc02aaa39b223fe8d0a0e5c4f27ead9083c756cc2,0xdac17f958d2ee523a2206206994597c13d831ec7,3922719264189559476403,7375658804519,carried_forward,sync_log,25546472,0x9fffc7583dbe241896644ab9647a71ed47b03be8884a62271a47029c2da1b3ae,474,True
1,25546475,WETH_USDC,0xb4e16d0168e52d35cacd2c6185b44281ec28c9dc,0xa0b86991c6218b36c1d19d4a2e9eb0ce3606eb48,0xc02aaa39b223fe8d0a0e5c4f27ead9083c756cc2,8786771362075,4676422549579751762930,carried_forward,sync_log,25546471,0x680993dd41799fff78f434f92bf0f4aa872a33e58210f25788545e07399d41a2,354,True
1,25546476,USDC_USDT,0x3041cbd36888becc7bbcbc0045e3b1f144466f5f,0xa0b86991c6218b36c1d19d4a2e9eb0ce3606eb48,0xdac17f958d2ee523a2206206994597c13d831ec7,1667118640391,1666411770774,carried_forward,sync_log,25546292,0xb37e100c6e4311afcb8d898ed7c1046cd2ab59972f2f22eb8c4f8f8bd174a548,235,True
1,25546476,USDT_WETH,0x0d4a11d5eeaac28ec3f61d100daf4d40471f1852,0xc02aaa39b223fe8d0a0e5c4f27ead9083c756cc2,0xdac17f958d2ee523a2206206994597c13d831ec7,3922719264189559476403,7375658804519,carried_forward,sync_log,25546472,0x9fffc7583dbe241896644ab9647a71ed47b03be8884a62271a47029c2da1b3ae,474,True
1,25546476,WETH_USDC,0xb4e16d0168e52d35cacd2c6185b44281ec28c9dc,0xa0b86991c6218b36c1d19d4a2e9eb0ce3606eb48,0xc02aaa39b223fe8d0a0e5c4f27ead9083c756cc2,8786771362075,4676422549579751762930,carried_forward,sync_log,25546471,0x680993dd41799fff78f434f92bf0f4aa872a33e58210f25788545e07399d41a2,354,True
1,25546477,USDC_USDT,0x3041cbd36888becc7bbcbc0045e3b1f144466f5f,0xa0b86991c6218b36c1d19d4a2e9eb0ce3606eb48,0xdac17f958d2ee523a2206206994597c13d831ec7,1667118640391,1666411770774,carried_forward,sync_log,25546292,0xb37e100c6e4311afcb8d898ed7c1046cd2ab59972f2f22eb8c4f8f8bd174a548,235,True
1,25546477,USDT_WETH,0x0d4a11d5eeaac28ec3f61d100daf4d40471f1852,0xc02aaa39b223fe8d0a0e5c4f27ead9083c756cc2,0xdac17f958d2ee523a2206206994597c13d831ec7,3922719264189559476403,7375658804519,carried_forward,sync_log,25546472,0x9fffc7583dbe241896644ab9647a71ed47b03be8884a62271a47029c2da1b3ae,474,True
1,25546477,WETH_USDC,0xb4e16d0168e52d35cacd2c6185b44281ec28c9dc,0xa0b86991c6218b36c1d19d4a2e9eb0ce3606eb48,0xc02aaa39b223fe8d0a0e5c4f27ead9083c756cc2,8786771362075,4676422549579751762930,carried_forward,sync_log,25546471,0x680993dd41799fff78f434f92bf0f4aa872a33e58210f25788545e07399d41a2,354,True
1,25546478,USDC_USDT,0x3041cbd36888becc7bbcbc0045e3b1f144466f5f,0xa0b86991c6218b36c1d19d4a2e9eb0ce3606eb48,0xdac17f958d2ee523a2206206994597c13d831ec7,1667118640391,1666411770774,carried_forward,sync_log,25546292,0xb37e100c6e4311afcb8d898ed7c1046cd2ab59972f2f22eb8c4f8f8bd174a548,235,True
1,25546478,USDT_WETH,0x0d4a11d5eeaac28ec3f61d100daf4d40471f1852,0xc02aaa39b223fe8d0a0e5c4f27ead9083c756cc2,0xdac17f958d2ee523a2206206994597c13d831ec7,3922719264189559476403,7375658804519,carried_forward,sync_log,25546472,0x9fffc7583dbe241896644ab9647a71ed47b03be8884a62271a47029c2da1b3ae,474,True
1,25546478,WETH_USDC,0xb4e16d0168e52d35cacd2c6185b44281ec28c9dc,0xa0b86991c6218b36c1d19d4a2e9eb0ce3606eb48,0xc02aaa39b223fe8d0a0e5c4f27ead9083c756cc2,8786771362075,4676422549579751762930,carried_forward,sync_log,25546471,0x680993dd41799fff78f434f92bf0f4aa872a33e58210f25788545e07399d41a2,354,True
1,25546479,USDC_USDT,0x3041cbd36888becc7bbcbc0045e3b1f144466f5f,0xa0b86991c6218b36c1d19d4a2e9eb0ce3606eb48,0xdac17f958d2ee523a2206206994597c13d831ec7,1667118640391,1666411770774,carried_forward,sync_log,25546292,0xb37e100c6e4311afcb8d898ed7c1046cd2ab59972f2f22eb8c4f8f8bd174a548,235,True
1,25546479,USDT_WETH,0x0d4a11d5eeaac28ec3f61d100daf4d40471f1852,0xc02aaa39b223fe8d0a0e5c4f27ead9083c756cc2,0xdac17f958d2ee523a2206206994597c13d831ec7,3922719264189559476403,7375658804519,carried_forward,sync_log,25546472,0x9fffc7583dbe241896644ab9647a71ed47b03be8884a62271a47029c2da1b3ae,474,True
1,25546479,WETH_USDC,0xb4e16d0168e52d35cacd2c6185b44281ec28c9dc,0xa0b86991c6218b36c1d19d4a2e9eb0ce3606eb48,0xc02aaa39b223fe8d0a0e5c4f27ead9083c756cc2,8786771362075,4676422549579751762930,carried_forward,sync_log,25546471,0x680993dd41799fff78f434f92bf0f4aa872a33e58210f25788545e07399d41a2,354,True
1,25546480,USDC_USDT,0x3041cbd36888becc7bbcbc0045e3b1f144466f5f,0xa0b86991c6218b36c1d19d4a2e9eb0ce3606eb48,0xdac17f958d2ee523a2206206994597c13d831ec7,1667118640391,1666411770774,carried_forward,sync_log,25546292,0xb37e100c6e4311afcb8d898ed7c1046cd2ab59972f2f22eb8c4f8f8bd174a548,235,True
1,25546480,USDT_WETH,0x0d4a11d5eeaac28ec3f61d100daf4d40471f1852,0xc02aaa39b223fe8d0a0e5c4f27ead9083c756cc2,0xdac17f958d2ee523a2206206994597c13d831ec7,3922719264189559476403,7375658804519,carried_forward,sync_log,25546472,0x9fffc7583dbe241896644ab9647a71ed47b03be8884a62271a47029c2da1b3ae,474,True
1,25546480,WETH_USDC,0xb4e16d0168e52d35cacd2c6185b44281ec28c9dc,0xa0b86991c6218b36c1d19d4a2e9eb0ce3606eb48,0xc02aaa39b223fe8d0a0e5c4f27ead9083c756cc2,8786771362075,4676422549579751762930,carried_forward,sync_log,25546471,0x680993dd41799fff78f434f92bf0f4aa872a33e58210f25788545e07399d41a2,354,True
1,25546481,USDC_USDT,0x3041cbd36888becc7bbcbc0045e3b1f144466f5f,0xa0b86991c6218b36c1d19d4a2e9eb0ce3606eb48,0xdac17f958d2ee523a2206206994597c13d831ec7,1667118640391,1666411770774,carried_forward,sync_log,25546292,0xb37e100c6e4311afcb8d898ed7c1046cd2ab59972f2f22eb8c4f8f8bd174a548,235,True
1,25546481,USDT_WETH,0x0d4a11d5eeaac28ec3f61d100daf4d40471f1852,0xc02aaa39b223fe8d0a0e5c4f27ead9083c756cc2,0xdac17f958d2ee523a2206206994597c13d831ec7,3922719264189559476403,7375658804519,carried_forward,sync_log,25546472,0x9fffc7583dbe241896644ab9647a71ed47b03be8884a62271a47029c2da1b3ae,474,True
1,25546481,WETH_USDC,0xb4e16d0168e52d35cacd2c6185b44281ec28c9dc,0xa0b86991c6218b36c1d19d4a2e9eb0ce3606eb48,0xc02aaa39b223fe8d0a0e5c4f27ead9083c756cc2,8786771351776,4676422555078027135128,observed_sync,sync_log,25546481,0xc1933c7f931861890dd484da48b2353ab17d866e1bbdf7016f4515301aa4d6ef,70,True
1,25546482,USDC_USDT,0x3041cbd36888becc7bbcbc0045e3b1f144466f5f,0xa0b86991c6218b36c1d19d4a2e9eb0ce3606eb48,0xdac17f958d2ee523a2206206994597c13d831ec7,1667118640391,1666411770774,carried_forward,sync_log,25546292,0xb37e100c6e4311afcb8d898ed7c1046cd2ab59972f2f22eb8c4f8f8bd174a548,235,True
1,25546482,USDT_WETH,0x0d4a11d5eeaac28ec3f61d100daf4d40471f1852,0xc02aaa39b223fe8d0a0e5c4f27ead9083c756cc2,0xdac17f958d2ee523a2206206994597c13d831ec7,3922719264189559476403,7375658804519,carried_forward,sync_log,25546472,0x9fffc7583dbe241896644ab9647a71ed47b03be8884a62271a47029c2da1b3ae,474,True
1,25546482,WETH_USDC,0xb4e16d0168e52d35cacd2c6185b44281ec28c9dc,0xa0b86991c6218b36c1d19d4a2e9eb0ce3606eb48,0xc02aaa39b223fe8d0a0e5c4f27ead9083c756cc2,8786771351776,4676422555078027135128,carried_forward,sync_log,25546481,0xc1933c7f931861890dd484da48b2353ab17d866e1bbdf7016f4515301aa4d6ef,70,True
1,25546483,USDC_USDT,0x3041cbd36888becc7bbcbc0045e3b1f144466f5f,0xa0b86991c6218b36c1d19d4a2e9eb0ce3606eb48,0xdac17f958d2ee523a2206206994597c13d831ec7,1667118640391,1666411770774,carried_forward,sync_log,25546292,0xb37e100c6e4311afcb8d898ed7c1046cd2ab59972f2f22eb8c4f8f8bd174a548,235,True
1,25546483,USDT_WETH,0x0d4a11d5eeaac28ec3f61d100daf4d40471f1852,0xc02aaa39b223fe8d0a0e5c4f27ead9083c756cc2,0xdac17f958d2ee523a2206206994597c13d831ec7,3922719264189559476403,7375658804519,carried_forward,sync_log,25546472,0x9fffc7583dbe241896644ab9647a71ed47b03be8884a62271a47029c2da1b3ae,474,True
1,25546483,WETH_USDC,0xb4e16d0168e52d35cacd2c6185b44281ec28c9dc,0xa0b86991c6218b36c1d19d4a2e9eb0ce3606eb48,0xc02aaa39b223fe8d0a0e5c4f27ead9083c756cc2,8786771351776,4676422555078027135128,carried_forward,sync_log,25546481,0xc1933c7f931861890dd484da48b2353ab17d866e1bbdf7016f4515301aa4d6ef,70,True
1,25546484,USDC_USDT,0x3041cbd36888becc7bbcbc0045e3b1f144466f5f,0xa0b86991c6218b36c1d19d4a2e9eb0ce3606eb48,0xdac17f958d2ee523a2206206994597c13d831ec7,1667118640391,1666411770774,carried_forward,sync_log,25546292,0xb37e100c6e4311afcb8d898ed7c1046cd2ab59972f2f22eb8c4f8f8bd174a548,235,True
1,25546484,USDT_WETH,0x0d4a11d5eeaac28ec3f61d100daf4d40471f1852,0xc02aaa39b223fe8d0a0e5c4f27ead9083c756cc2,0xdac17f958d2ee523a2206206994597c13d831ec7,3922719264189559476403,7375658804519,carried_forward,sync_log,25546472,0x9fffc7583dbe241896644ab9647a71ed47b03be8884a62271a47029c2da1b3ae,474,True
1,25546484,WETH_USDC,0xb4e16d0168e52d35cacd2c6185b44281ec28c9dc,0xa0b86991c6218b36c1d19d4a2e9eb0ce3606eb48,0xc02aaa39b223fe8d0a0e5c4f27ead9083c756cc2,8786771351776,4676422555078027135128,carried_forward,sync_log,25546481,0xc1933c7f931861890dd484da48b2353ab17d866e1bbdf7016f4515301aa4d6ef,70,True
1,25546485,USDC_USDT,0x3041cbd36888becc7bbcbc0045e3b1f144466f5f,0xa0b86991c6218b36c1d19d4a2e9eb0ce3606eb48,0xdac17f958d2ee523a2206206994597c13d831ec7,1667118640391,1666411770774,carried_forward,sync_log,25546292,0xb37e100c6e4311afcb8d898ed7c1046cd2ab59972f2f22eb8c4f8f8bd174a548,235,True
1,25546485,USDT_WETH,0x0d4a11d5eeaac28ec3f61d100daf4d40471f1852,0xc02aaa39b223fe8d0a0e5c4f27ead9083c756cc2,0xdac17f958d2ee523a2206206994597c13d831ec7,3922719264189559476403,7375658804519,carried_forward,sync_log,25546472,0x9fffc7583dbe241896644ab9647a71ed47b03be8884a62271a47029c2da1b3ae,474,True
1,25546485,WETH_USDC,0xb4e16d0168e52d35cacd2c6185b44281ec28c9dc,0xa0b86991c6218b36c1d19d4a2e9eb0ce3606eb48,0xc02aaa39b223fe8d0a0e5c4f27ead9083c756cc2,8786771351776,4676422555078027135128,carried_forward,sync_log,25546481,0xc1933c7f931861890dd484da48b2353ab17d866e1bbdf7016f4515301aa4d6ef,70,True
1,25546486,USDC_USDT,0x3041cbd36888becc7bbcbc0045e3b1f144466f5f,0xa0b86991c6218b36c1d19d4a2e9eb0ce3606eb48,0xdac17f958d2ee523a2206206994597c13d831ec7,1667118640391,1666411770774,carried_forward,sync_log,25546292,0xb37e100c6e4311afcb8d898ed7c1046cd2ab59972f2f22eb8c4f8f8bd174a548,235,True
1,25546486,USDT_WETH,0x0d4a11d5eeaac28ec3f61d100daf4d40471f1852,0xc02aaa39b223fe8d0a0e5c4f27ead9083c756cc2,0xdac17f958d2ee523a2206206994597c13d831ec7,3922719264189559476403,7375658804519,carried_forward,sync_log,25546472,0x9fffc7583dbe241896644ab9647a71ed47b03be8884a62271a47029c2da1b3ae,474,True
1,25546486,WETH_USDC,0xb4e16d0168e52d35cacd2c6185b44281ec28c9dc,0xa0b86991c6218b36c1d19d4a2e9eb0ce3606eb48,0xc02aaa39b223fe8d0a0e5c4f27ead9083c756cc2,8786771351776,4676422555078027135128,carried_forward,sync_log,25546481,0xc1933c7f931861890dd484da48b2353ab17d866e1bbdf7016f4515301aa4d6ef,70,True
1,25546487,USDC_USDT,0x3041cbd36888becc7bbcbc0045e3b1f144466f5f,0xa0b86991c6218b36c1d19d4a2e9eb0ce3606eb48,0xdac17f958d2ee523a2206206994597c13d831ec7,1667118640391,1666411770774,carried_forward,sync_log,25546292,0xb37e100c6e4311afcb8d898ed7c1046cd2ab59972f2f22eb8c4f8f8bd174a548,235,True
1,25546487,USDT_WETH,0x0d4a11d5eeaac28ec3f61d100daf4d40471f1852,0xc02aaa39b223fe8d0a0e5c4f27ead9083c756cc2,0xdac17f958d2ee523a2206206994597c13d831ec7,3922719264189559476403,7375658804519,carried_forward,sync_log,25546472,0x9fffc7583dbe241896644ab9647a71ed47b03be8884a62271a47029c2da1b3ae,474,True
1,25546487,WETH_USDC,0xb4e16d0168e52d35cacd2c6185b44281ec28c9dc,0xa0b86991c6218b36c1d19d4a2e9eb0ce3606eb48,0xc02aaa39b223fe8d0a0e5c4f27ead9083c756cc2,8786771351776,4676422555078027135128,carried_forward,sync_log,25546481,0xc1933c7f931861890dd484da48b2353ab17d866e1bbdf7016f4515301aa4d6ef,70,True
1,25546488,USDC_USDT,0x3041cbd36888becc7bbcbc0045e3b1f144466f5f,0xa0b86991c6218b36c1d19d4a2e9eb0ce3606eb48,0xdac17f958d2ee523a2206206994597c13d831ec7,1667118640391,1666411770774,carried_forward,sync_log,25546292,0xb37e100c6e4311afcb8d898ed7c1046cd2ab59972f2f22eb8c4f8f8bd174a548,235,True
1,25546488,USDT_WETH,0x0d4a11d5eeaac28ec3f61d100daf4d40471f1852,0xc02aaa39b223fe8d0a0e5c4f27ead9083c756cc2,0xdac17f958d2ee523a2206206994597c13d831ec7,3922719264189559476403,7375658804519,carried_forward,sync_log,25546472,0x9fffc7583dbe241896644ab9647a71ed47b03be8884a62271a47029c2da1b3ae,474,True
1,25546488,WETH_USDC,0xb4e16d0168e52d35cacd2c6185b44281ec28c9dc,0xa0b86991c6218b36c1d19d4a2e9eb0ce3606eb48,0xc02aaa39b223fe8d0a0e5c4f27ead9083c756cc2,8786771351776,4676422555078027135128,carried_forward,sync_log,25546481,0xc1933c7f931861890dd484da48b2353ab17d866e1bbdf7016f4515301aa4d6ef,70,True
1,25546489,USDC_USDT,0x3041cbd36888becc7bbcbc0045e3b1f144466f5f,0xa0b86991c6218b36c1d19d4a2e9eb0ce3606eb48,0xdac17f958d2ee523a2206206994597c13d831ec7,1667118640391,1666411770774,carried_forward,sync_log,25546292,0xb37e100c6e4311afcb8d898ed7c1046cd2ab59972f2f22eb8c4f8f8bd174a548,235,True
1,25546489,USDT_WETH,0x0d4a11d5eeaac28ec3f61d100daf4d40471f1852,0xc02aaa39b223fe8d0a0e5c4f27ead9083c756cc2,0xdac17f958d2ee523a2206206994597c13d831ec7,3922719264189559476403,7375658804519,carried_forward,sync_log,25546472,0x9fffc7583dbe241896644ab9647a71ed47b03be8884a62271a47029c2da1b3ae,474,True
1,25546489,WETH_USDC,0xb4e16d0168e52d35cacd2c6185b44281ec28c9dc,0xa0b86991c6218b36c1d19d4a2e9eb0ce3606eb48,0xc02aaa39b223fe8d0a0e5c4f27ead9083c756cc2,8786771351776,4676422555078027135128,carried_forward,sync_log,25546481,0xc1933c7f931861890dd484da48b2353ab17d866e1bbdf7016f4515301aa4d6ef,70,True
1,25546490,USDC_USDT,0x3041cbd36888becc7bbcbc0045e3b1f144466f5f,0xa0b86991c6218b36c1d19d4a2e9eb0ce3606eb48,0xdac17f958d2ee523a2206206994597c13d831ec7,1667118640391,1666411770774,carried_forward,sync_log,25546292,0xb37e100c6e4311afcb8d898ed7c1046cd2ab59972f2f22eb8c4f8f8bd174a548,235,True
1,25546490,USDT_WETH,0x0d4a11d5eeaac28ec3f61d100daf4d40471f1852,0xc02aaa39b223fe8d0a0e5c4f27ead9083c756cc2,0xdac17f958d2ee523a2206206994597c13d831ec7,3922719264189559476403,7375658804519,carried_forward,sync_log,25546472,0x9fffc7583dbe241896644ab9647a71ed47b03be8884a62271a47029c2da1b3ae,474,True
1,25546490,WETH_USDC,0xb4e16d0168e52d35cacd2c6185b44281ec28c9dc,0xa0b86991c6218b36c1d19d4a2e9eb0ce3606eb48,0xc02aaa39b223fe8d0a0e5c4f27ead9083c756cc2,8786771351776,4676422555078027135128,carried_forward,sync_log,25546481,0xc1933c7f931861890dd484da48b2353ab17d866e1bbdf7016f4515301aa4d6ef,70,True
1,25546491,USDC_USDT,0x3041cbd36888becc7bbcbc0045e3b1f144466f5f,0xa0b86991c6218b36c1d19d4a2e9eb0ce3606eb48,0xdac17f958d2ee523a2206206994597c13d831ec7,1667118640391,1666411770774,carried_forward,sync_log,25546292,0xb37e100c6e4311afcb8d898ed7c1046cd2ab59972f2f22eb8c4f8f8bd174a548,235,True
1,25546491,USDT_WETH,0x0d4a11d5eeaac28ec3f61d100daf4d40471f1852,0xc02aaa39b223fe8d0a0e5c4f27ead9083c756cc2,0xdac17f958d2ee523a2206206994597c13d831ec7,3922719264189559476403,7375658804519,carried_forward,sync_log,25546472,0x9fffc7583dbe241896644ab9647a71ed47b03be8884a62271a47029c2da1b3ae,474,True
1,25546491,WETH_USDC,0xb4e16d0168e52d35cacd2c6185b44281ec28c9dc,0xa0b86991c6218b36c1d19d4a2e9eb0ce3606eb48,0xc02aaa39b223fe8d0a0e5c4f27ead9083c756cc2,8786771351776,4676422555078027135128,carried_forward,sync_log,25546481,0xc1933c7f931861890dd484da48b2353ab17d866e1bbdf7016f4515301aa4d6ef,70,True
1,25546492,USDC_USDT,0x3041cbd36888becc7bbcbc0045e3b1f144466f5f,0xa0b86991c6218b36c1d19d4a2e9eb0ce3606eb48,0xdac17f958d2ee523a2206206994597c13d831ec7,1667118640391,1666411770774,carried_forward,sync_log,25546292,0xb37e100c6e4311afcb8d898ed7c1046cd2ab59972f2f22eb8c4f8f8bd174a548,235,True
1,25546492,USDT_WETH,0x0d4a11d5eeaac28ec3f61d100daf4d40471f1852,0xc02aaa39b223fe8d0a0e5c4f27ead9083c756cc2,0xdac17f958d2ee523a2206206994597c13d831ec7,3922719264189559476403,7375658804519,carried_forward,sync_log,25546472,0x9fffc7583dbe241896644ab9647a71ed47b03be8884a62271a47029c2da1b3ae,474,True
1,25546492,WETH_USDC,0xb4e16d0168e52d35cacd2c6185b44281ec28c9dc,0xa0b86991c6218b36c1d19d4a2e9eb0ce3606eb48,0xc02aaa39b223fe8d0a0e5c4f27ead9083c756cc2,8786771351776,4676422555078027135128,carried_forward,sync_log,25546481,0xc1933c7f931861890dd484da48b2353ab17d866e1bbdf7016f4515301aa4d6ef,70,True
1,25546493,USDC_USDT,0x3041cbd36888becc7bbcbc0045e3b1f144466f5f,0xa0b86991c6218b36c1d19d4a2e9eb0ce3606eb48,0xdac17f958d2ee523a2206206994597c13d831ec7,1667118640391,1666411770774,carried_forward,sync_log,25546292,0xb37e100c6e4311afcb8d898ed7c1046cd2ab59972f2f22eb8c4f8f8bd174a548,235,True
1,25546493,USDT_WETH,0x0d4a11d5eeaac28ec3f61d100daf4d40471f1852,0xc02aaa39b223fe8d0a0e5c4f27ead9083c756cc2,0xdac17f958d2ee523a2206206994597c13d831ec7,3922719264189559476403,7375658804519,carried_forward,sync_log,25546472,0x9fffc7583dbe241896644ab9647a71ed47b03be8884a62271a47029c2da1b3ae,474,True
1,25546493,WETH_USDC,0xb4e16d0168e52d35cacd2c6185b44281ec28c9dc,0xa0b86991c6218b36c1d19d4a2e9eb0ce3606eb48,0xc02aaa39b223fe8d0a0e5c4f27ead9083c756cc2,8786771351776,4676422555078027135128,carried_forward,sync_log,25546481,0xc1933c7f931861890dd484da48b2353ab17d866e1bbdf7016f4515301aa4d6ef,70,True
1,25546494,USDC_USDT,0x3041cbd36888becc7bbcbc0045e3b1f144466f5f,0xa0b86991c6218b36c1d19d4a2e9eb0ce3606eb48,0xdac17f958d2ee523a2206206994597c13d831ec7,1667118640391,1666411770774,carried_forward,sync_log,25546292,0xb37e100c6e4311afcb8d898ed7c1046cd2ab59972f2f22eb8c4f8f8bd174a548,235,True
1,25546494,USDT_WETH,0x0d4a11d5eeaac28ec3f61d100daf4d40471f1852,0xc02aaa39b223fe8d0a0e5c4f27ead9083c756cc2,0xdac17f958d2ee523a2206206994597c13d831ec7,3922719264189559476403,7375658804519,carried_forward,sync_log,25546472,0x9fffc7583dbe241896644ab9647a71ed47b03be8884a62271a47029c2da1b3ae,474,True
1,25546494,WETH_USDC,0xb4e16d0168e52d35cacd2c6185b44281ec28c9dc,0xa0b86991c6218b36c1d19d4a2e9eb0ce3606eb48,0xc02aaa39b223fe8d0a0e5c4f27ead9083c756cc2,8786771351776,4676422555078027135128,carried_forward,sync_log,25546481,0xc1933c7f931861890dd484da48b2353ab17d866e1bbdf7016f4515301aa4d6ef,70,True
1,25546495,USDC_USDT,0x3041cbd36888becc7bbcbc0045e3b1f144466f5f,0xa0b86991c6218b36c1d19d4a2e9eb0ce3606eb48,0xdac17f958d2ee523a2206206994597c13d831ec7,1667118640391,1666411770774,carried_forward,sync_log,25546292,0xb37e100c6e4311afcb8d898ed7c1046cd2ab59972f2f22eb8c4f8f8bd174a548,235,True
1,25546495,USDT_WETH,0x0d4a11d5eeaac28ec3f61d100daf4d40471f1852,0xc02aaa39b223fe8d0a0e5c4f27ead9083c756cc2,0xdac17f958d2ee523a2206206994597c13d831ec7,3922719264189559476403,7375658804519,carried_forward,sync_log,25546472,0x9fffc7583dbe241896644ab9647a71ed47b03be8884a62271a47029c2da1b3ae,474,True
1,25546495,WETH_USDC,0xb4e16d0168e52d35cacd2c6185b44281ec28c9dc,0xa0b86991c6218b36c1d19d4a2e9eb0ce3606eb48,0xc02aaa39b223fe8d0a0e5c4f27ead9083c756cc2,8786771351776,4676422555078027135128,carried_forward,sync_log,25546481,0xc1933c7f931861890dd484da48b2353ab17d866e1bbdf7016f4515301aa4d6ef,70,True
1,25546496,USDC_USDT,0x3041cbd36888becc7bbcbc0045e3b1f144466f5f,0xa0b86991c6218b36c1d19d4a2e9eb0ce3606eb48,0xdac17f958d2ee523a2206206994597c13d831ec7,1667118640391,1666411770774,carried_forward,sync_log,25546292,0xb37e100c6e4311afcb8d898ed7c1046cd2ab59972f2f22eb8c4f8f8bd174a548,235,True
1,25546496,USDT_WETH,0x0d4a11d5eeaac28ec3f61d100daf4d40471f1852,0xc02aaa39b223fe8d0a0e5c4f27ead9083c756cc2,0xdac17f958d2ee523a2206206994597c13d831ec7,3922719264189559476403,7375658804519,carried_forward,sync_log,25546472,0x9fffc7583dbe241896644ab9647a71ed47b03be8884a62271a47029c2da1b3ae,474,True
1,25546496,WETH_USDC,0xb4e16d0168e52d35cacd2c6185b44281ec28c9dc,0xa0b86991c6218b36c1d19d4a2e9eb0ce3606eb48,0xc02aaa39b223fe8d0a0e5c4f27ead9083c756cc2,8786771351777,4676422555078219112544,observed_sync,sync_log,25546496,0x48b4138acb42f1b1c954bfeb7518a43fb9c2648bb62cb870f8ff93c4810c7622,641,True
1,25546497,USDC_USDT,0x3041cbd36888becc7bbcbc0045e3b1f144466f5f,0xa0b86991c6218b36c1d19d4a2e9eb0ce3606eb48,0xdac17f958d2ee523a2206206994597c13d831ec7,1667118640391,1666411770774,carried_forward,sync_log,25546292,0xb37e100c6e4311afcb8d898ed7c1046cd2ab59972f2f22eb8c4f8f8bd174a548,235,True
1,25546497,USDT_WETH,0x0d4a11d5eeaac28ec3f61d100daf4d40471f1852,0xc02aaa39b223fe8d0a0e5c4f27ead9083c756cc2,0xdac17f958d2ee523a2206206994597c13d831ec7,3922719264189559476403,7375658804519,carried_forward,sync_log,25546472,0x9fffc7583dbe241896644ab9647a71ed47b03be8884a62271a47029c2da1b3ae,474,True
1,25546497,WETH_USDC,0xb4e16d0168e52d35cacd2c6185b44281ec28c9dc,0xa0b86991c6218b36c1d19d4a2e9eb0ce3606eb48,0xc02aaa39b223fe8d0a0e5c4f27ead9083c756cc2,8786771351777,4676422555078219112544,carried_forward,sync_log,25546496,0x48b4138acb42f1b1c954bfeb7518a43fb9c2648bb62cb870f8ff93c4810c7622,641,True
1,25546498,USDC_USDT,0x3041cbd36888becc7bbcbc0045e3b1f144466f5f,0xa0b86991c6218b36c1d19d4a2e9eb0ce3606eb48,0xdac17f958d2ee523a2206206994597c13d831ec7,1667118640391,1666411770774,carried_forward,sync_log,25546292,0xb37e100c6e4311afcb8d898ed7c1046cd2ab59972f2f22eb8c4f8f8bd174a548,235,True
1,25546498,USDT_WETH,0x0d4a11d5eeaac28ec3f61d100daf4d40471f1852,0xc02aaa39b223fe8d0a0e5c4f27ead9083c756cc2,0xdac17f958d2ee523a2206206994597c13d831ec7,3922719264189559476403,7375658804519,carried_forward,sync_log,25546472,0x9fffc7583dbe241896644ab9647a71ed47b03be8884a62271a47029c2da1b3ae,474,True
1,25546498,WETH_USDC,0xb4e16d0168e52d35cacd2c6185b44281ec28c9dc,0xa0b86991c6218b36c1d19d4a2e9eb0ce3606eb48,0xc02aaa39b223fe8d0a0e5c4f27ead9083c756cc2,8786771351777,4676422555078219112544,carried_forward,sync_log,25546496,0x48b4138acb42f1b1c954bfeb7518a43fb9c2648bb62cb870f8ff93c4810c7622,641,True
1,25546499,USDC_USDT,0x3041cbd36888becc7bbcbc0045e3b1f144466f5f,0xa0b86991c6218b36c1d19d4a2e9eb0ce3606eb48,0xdac17f958d2ee523a2206206994597c13d831ec7,1667118640391,1666411770774,carried_forward,sync_log,25546292,0xb37e100c6e4311afcb8d898ed7c1046cd2ab59972f2f22eb8c4f8f8bd174a548,235,True
1,25546499,USDT_WETH,0x0d4a11d5eeaac28ec3f61d100daf4d40471f1852,0xc02aaa39b223fe8d0a0e5c4f27ead9083c756cc2,0xdac17f958d2ee523a2206206994597c13d831ec7,3922719264189559476403,7375658804519,carried_forward,sync_log,25546472,0x9fffc7583dbe241896644ab9647a71ed47b03be8884a62271a47029c2da1b3ae,474,True
1,25546499,WETH_USDC,0xb4e16d0168e52d35cacd2c6185b44281ec28c9dc,0xa0b86991c6218b36c1d19d4a2e9eb0ce3606eb48,0xc02aaa39b223fe8d0a0e5c4f27ead9083c756cc2,8786771351777,4676422555078219112544,carried_forward,sync_log,25546496,0x48b4138acb42f1b1c954bfeb7518a43fb9c2648bb62cb870f8ff93c4810c7622,641,True
1,25546500,USDC_USDT,0x3041cbd36888becc7bbcbc0045e3b1f144466f5f,0xa0b86991c6218b36c1d19d4a2e9eb0ce3606eb48,0xdac17f958d2ee523a2206206994597c13d831ec7,1667118640391,1666411770774,carried_forward,sync_log,25546292,0xb37e100c6e4311afcb8d898ed7c1046cd2ab59972f2f22eb8c4f8f8bd174a548,235,True
1,25546500,USDT_WETH,0x0d4a11d5eeaac28ec3f61d100daf4d40471f1852,0xc02aaa39b223fe8d0a0e5c4f27ead9083c756cc2,0xdac17f958d2ee523a2206206994597c13d831ec7,3922719264189559476403,7375658804519,carried_forward,sync_log,25546472,0x9fffc7583dbe241896644ab9647a71ed47b03be8884a62271a47029c2da1b3ae,474,True
1,25546500,WETH_USDC,0xb4e16d0168e52d35cacd2c6185b44281ec28c9dc,0xa0b86991c6218b36c1d19d4a2e9eb0ce3606eb48,0xc02aaa39b223fe8d0a0e5c4f27ead9083c756cc2,8786771351777,4676422555078219112544,carried_forward,sync_log,25546496,0x48b4138acb42f1b1c954bfeb7518a43fb9c2648bb62cb870f8ff93c4810c7622,641,True
1,25546501,USDC_USDT,0x3041cbd36888becc7bbcbc0045e3b1f144466f5f,0xa0b86991c6218b36c1d19d4a2e9eb0ce3606eb48,0xdac17f958d2ee523a2206206994597c13d831ec7,1667118640391,1666411770774,carried_forward,sync_log,25546292,0xb37e100c6e4311afcb8d898ed7c1046cd2ab59972f2f22eb8c4f8f8bd174a548,235,True
1,25546501,USDT_WETH,0x0d4a11d5eeaac28ec3f61d100daf4d40471f1852,0xc02aaa39b223fe8d0a0e5c4f27ead9083c756cc2,0xdac17f958d2ee523a2206206994597c13d831ec7,3922719264189559476403,7375658804519,carried_forward,sync_log,25546472,0x9fffc7583dbe241896644ab9647a71ed47b03be8884a62271a47029c2da1b3ae,474,True
1,25546501,WETH_USDC,0xb4e16d0168e52d35cacd2c6185b44281ec28c9dc,0xa0b86991c6218b36c1d19d4a2e9eb0ce3606eb48,0xc02aaa39b223fe8d0a0e5c4f27ead9083c756cc2,8786771351777,4676422555078219112544,carried_forward,sync_log,25546496,0x48b4138acb42f1b1c954bfeb7518a43fb9c2648bb62cb870f8ff93c4810c7622,641,True
1,25546502,USDC_USDT,0x3041cbd36888becc7bbcbc0045e3b1f144466f5f,0xa0b86991c6218b36c1d19d4a2e9eb0ce3606eb48,0xdac17f958d2ee523a2206206994597c13d831ec7,1667118640391,1666411770774,carried_forward,sync_log,25546292,0xb37e100c6e4311afcb8d898ed7c1046cd2ab59972f2f22eb8c4f8f8bd174a548,235,True
1,25546502,USDT_WETH,0x0d4a11d5eeaac28ec3f61d100daf4d40471f1852,0xc02aaa39b223fe8d0a0e5c4f27ead9083c756cc2,0xdac17f958d2ee523a2206206994597c13d831ec7,3922719264189559476403,7375658804519,carried_forward,sync_log,25546472,0x9fffc7583dbe241896644ab9647a71ed47b03be8884a62271a47029c2da1b3ae,474,True
1,25546502,WETH_USDC,0xb4e16d0168e52d35cacd2c6185b44281ec28c9dc,0xa0b86991c6218b36c1d19d4a2e9eb0ce3606eb48,0xc02aaa39b223fe8d0a0e5c4f27ead9083c756cc2,8786771351777,4676422555078219112544,carried_forward,sync_log,25546496,0x48b4138acb42f1b1c954bfeb7518a43fb9c2648bb62cb870f8ff93c4810c7622,641,True
1,25546503,USDC_USDT,0x3041cbd36888becc7bbcbc0045e3b1f144466f5f,0xa0b86991c6218b36c1d19d4a2e9eb0ce3606eb48,0xdac17f958d2ee523a2206206994597c13d831ec7,1667118640391,1666411770774,carried_forward,sync_log,25546292,0xb37e100c6e4311afcb8d898ed7c1046cd2ab59972f2f22eb8c4f8f8bd174a548,235,True
1,25546503,USDT_WETH,0x0d4a11d5eeaac28ec3f61d100daf4d40471f1852,0xc02aaa39b223fe8d0a0e5c4f27ead9083c756cc2,0xdac17f958d2ee523a2206206994597c13d831ec7,3922719264189559476403,7375658804519,carried_forward,sync_log,25546472,0x9fffc7583dbe241896644ab9647a71ed47b03be8884a62271a47029c2da1b3ae,474,True
1,25546503,WETH_USDC,0xb4e16d0168e52d35cacd2c6185b44281ec28c9dc,0xa0b86991c6218b36c1d19d4a2e9eb0ce3606eb48,0xc02aaa39b223fe8d0a0e5c4f27ead9083c756cc2,8786771351777,4676422555078219112544,carried_forward,sync_log,25546496,0x48b4138acb42f1b1c954bfeb7518a43fb9c2648bb62cb870f8ff93c4810c7622,641,True
1,25546504,USDC_USDT,0x3041cbd36888becc7bbcbc0045e3b1f144466f5f,0xa0b86991c6218b36c1d19d4a2e9eb0ce3606eb48,0xdac17f958d2ee523a2206206994597c13d831ec7,1667118640391,1666411770774,carried_forward,sync_log,25546292,0xb37e100c6e4311afcb8d898ed7c1046cd2ab59972f2f22eb8c4f8f8bd174a548,235,True
1,25546504,USDT_WETH,0x0d4a11d5eeaac28ec3f61d100daf4d40471f1852,0xc02aaa39b223fe8d0a0e5c4f27ead9083c756cc2,0xdac17f958d2ee523a2206206994597c13d831ec7,3922719264189559476403,7375658804519,carried_forward,sync_log,25546472,0x9fffc7583dbe241896644ab9647a71ed47b03be8884a62271a47029c2da1b3ae,474,True
1,25546504,WETH_USDC,0xb4e16d0168e52d35cacd2c6185b44281ec28c9dc,0xa0b86991c6218b36c1d19d4a2e9eb0ce3606eb48,0xc02aaa39b223fe8d0a0e5c4f27ead9083c756cc2,8786771351777,4676422555078219112544,carried_forward,sync_log,25546496,0x48b4138acb42f1b1c954bfeb7518a43fb9c2648bb62cb870f8ff93c4810c7622,641,True
1,25546505,USDC_USDT,0x3041cbd36888becc7bbcbc0045e3b1f144466f5f,0xa0b86991c6218b36c1d19d4a2e9eb0ce3606eb48,0xdac17f958d2ee523a2206206994597c13d831ec7,1667118640391,1666411770774,carried_forward,sync_log,25546292,0xb37e100c6e4311afcb8d898ed7c1046cd2ab59972f2f22eb8c4f8f8bd174a548,235,True
1,25546505,USDT_WETH,0x0d4a11d5eeaac28ec3f61d100daf4d40471f1852,0xc02aaa39b223fe8d0a0e5c4f27ead9083c756cc2,0xdac17f958d2ee523a2206206994597c13d831ec7,3922719264189559476403,7375658804519,carried_forward,sync_log,25546472,0x9fffc7583dbe241896644ab9647a71ed47b03be8884a62271a47029c2da1b3ae,474,True
1,25546505,WETH_USDC,0xb4e16d0168e52d35cacd2c6185b44281ec28c9dc,0xa0b86991c6218b36c1d19d4a2e9eb0ce3606eb48,0xc02aaa39b223fe8d0a0e5c4f27ead9083c756cc2,8786771351777,4676422555078219112544,carried_forward,sync_log,25546496,0x48b4138acb42f1b1c954bfeb7518a43fb9c2648bb62cb870f8ff93c4810c7622,641,True
1,25546506,USDC_USDT,0x3041cbd36888becc7bbcbc0045e3b1f144466f5f,0xa0b86991c6218b36c1d19d4a2e9eb0ce3606eb48,0xdac17f958d2ee523a2206206994597c13d831ec7,1667118640391,1666411770774,carried_forward,sync_log,25546292,0xb37e100c6e4311afcb8d898ed7c1046cd2ab59972f2f22eb8c4f8f8bd174a548,235,True
1,25546506,USDT_WETH,0x0d4a11d5eeaac28ec3f61d100daf4d40471f1852,0xc02aaa39b223fe8d0a0e5c4f27ead9083c756cc2,0xdac17f958d2ee523a2206206994597c13d831ec7,3922719264189559476403,7375658804519,carried_forward,sync_log,25546472,0x9fffc7583dbe241896644ab9647a71ed47b03be8884a62271a47029c2da1b3ae,474,True
1,25546506,WETH_USDC,0xb4e16d0168e52d35cacd2c6185b44281ec28c9dc,0xa0b86991c6218b36c1d19d4a2e9eb0ce3606eb48,0xc02aaa39b223fe8d0a0e5c4f27ead9083c756cc2,8786874351777,4676367902364834846618,observed_sync,sync_log,25546506,0x93ac2fbe6842580198bf0a363fbde8f2e6a7fb7f7e0920389b19f2fa10b88282,43,True
1,25546507,USDC_USDT,0x3041cbd36888becc7bbcbc0045e3b1f144466f5f,0xa0b86991c6218b36c1d19d4a2e9eb0ce3606eb48,0xdac17f958d2ee523a2206206994597c13d831ec7,1667118640391,1666411770774,carried_forward,sync_log,25546292,0xb37e100c6e4311afcb8d898ed7c1046cd2ab59972f2f22eb8c4f8f8bd174a548,235,True
1,25546507,USDT_WETH,0x0d4a11d5eeaac28ec3f61d100daf4d40471f1852,0xc02aaa39b223fe8d0a0e5c4f27ead9083c756cc2,0xdac17f958d2ee523a2206206994597c13d831ec7,3922719264189559476403,7375658804519,carried_forward,sync_log,25546472,0x9fffc7583dbe241896644ab9647a71ed47b03be8884a62271a47029c2da1b3ae,474,True
1,25546507,WETH_USDC,0xb4e16d0168e52d35cacd2c6185b44281ec28c9dc,0xa0b86991c6218b36c1d19d4a2e9eb0ce3606eb48,0xc02aaa39b223fe8d0a0e5c4f27ead9083c756cc2,8786874351777,4676367902364834846618,carried_forward,sync_log,25546506,0x93ac2fbe6842580198bf0a363fbde8f2e6a7fb7f7e0920389b19f2fa10b88282,43,True
1,25546508,USDC_USDT,0x3041cbd36888becc7bbcbc0045e3b1f144466f5f,0xa0b86991c6218b36c1d19d4a2e9eb0ce3606eb48,0xdac17f958d2ee523a2206206994597c13d831ec7,1667118640391,1666411770774,carried_forward,sync_log,25546292,0xb37e100c6e4311afcb8d898ed7c1046cd2ab59972f2f22eb8c4f8f8bd174a548,235,True
1,25546508,USDT_WETH,0x0d4a11d5eeaac28ec3f61d100daf4d40471f1852,0xc02aaa39b223fe8d0a0e5c4f27ead9083c756cc2,0xdac17f958d2ee523a2206206994597c13d831ec7,3922719264189559476403,7375658804519,carried_forward,sync_log,25546472,0x9fffc7583dbe241896644ab9647a71ed47b03be8884a62271a47029c2da1b3ae,474,True
1,25546508,WETH_USDC,0xb4e16d0168e52d35cacd2c6185b44281ec28c9dc,0xa0b86991c6218b36c1d19d4a2e9eb0ce3606eb48,0xc02aaa39b223fe8d0a0e5c4f27ead9083c756cc2,8786886830398,4676361281184863728269,observed_sync,sync_log,25546508,0x31dbfd7ab535f4fd3c1062bc5b89a6bf3f72b8cedbcff65bdd133f620dac5399,134,True
1,25546509,USDC_USDT,0x3041cbd36888becc7bbcbc0045e3b1f144466f5f,0xa0b86991c6218b36c1d19d4a2e9eb0ce3606eb48,0xdac17f958d2ee523a2206206994597c13d831ec7,1667118640391,1666411770774,carried_forward,sync_log,25546292,0xb37e100c6e4311afcb8d898ed7c1046cd2ab59972f2f22eb8c4f8f8bd174a548,235,True
1,25546509,USDT_WETH,0x0d4a11d5eeaac28ec3f61d100daf4d40471f1852,0xc02aaa39b223fe8d0a0e5c4f27ead9083c756cc2,0xdac17f958d2ee523a2206206994597c13d831ec7,3922719264189559476403,7375658804519,carried_forward,sync_log,25546472,0x9fffc7583dbe241896644ab9647a71ed47b03be8884a62271a47029c2da1b3ae,474,True
1,25546509,WETH_USDC,0xb4e16d0168e52d35cacd2c6185b44281ec28c9dc,0xa0b86991c6218b36c1d19d4a2e9eb0ce3606eb48,0xc02aaa39b223fe8d0a0e5c4f27ead9083c756cc2,8787120982564,4676237043078656121978,observed_sync,sync_log,25546509,0x0824f84da5db09871d2e6de723bbaa5c991502c32e696fd288203cd8b1407121,2,True
1,25546510,USDC_USDT,0x3041cbd36888becc7bbcbc0045e3b1f144466f5f,0xa0b86991c6218b36c1d19d4a2e9eb0ce3606eb48,0xdac17f958d2ee523a2206206994597c13d831ec7,1667118640391,1666411770774,carried_forward,sync_log,25546292,0xb37e100c6e4311afcb8d898ed7c1046cd2ab59972f2f22eb8c4f8f8bd174a548,235,True
1,25546510,USDT_WETH,0x0d4a11d5eeaac28ec3f61d100daf4d40471f1852,0xc02aaa39b223fe8d0a0e5c4f27ead9083c756cc2,0xdac17f958d2ee523a2206206994597c13d831ec7,3922719264189559476403,7375658804519,carried_forward,sync_log,25546472,0x9fffc7583dbe241896644ab9647a71ed47b03be8884a62271a47029c2da1b3ae,474,True
1,25546510,WETH_USDC,0xb4e16d0168e52d35cacd2c6185b44281ec28c9dc,0xa0b86991c6218b36c1d19d4a2e9eb0ce3606eb48,0xc02aaa39b223fe8d0a0e5c4f27ead9083c756cc2,8787115183341,4676240138536665462343,observed_sync,sync_log,25546510,0xa2647164006d0d7f36f5b646232ab8d795de22868eaafe288c92bbe25fe80d67,789,True
1,25546511,USDC_USDT,0x3041cbd36888becc7bbcbc0045e3b1f144466f5f,0xa0b86991c6218b36c1d19d4a2e9eb0ce3606eb48,0xdac17f958d2ee523a2206206994597c13d831ec7,1667118640391,1666411770774,carried_forward,sync_log,25546292,0xb37e100c6e4311afcb8d898ed7c1046cd2ab59972f2f22eb8c4f8f8bd174a548,235,True
1,25546511,USDT_WETH,0x0d4a11d5eeaac28ec3f61d100daf4d40471f1852,0xc02aaa39b223fe8d0a0e5c4f27ead9083c756cc2,0xdac17f958d2ee523a2206206994597c13d831ec7,3922719264189559476403,7375658804519,carried_forward,sync_log,25546472,0x9fffc7583dbe241896644ab9647a71ed47b03be8884a62271a47029c2da1b3ae,474,True
1,25546511,WETH_USDC,0xb4e16d0168e52d35cacd2c6185b44281ec28c9dc,0xa0b86991c6218b36c1d19d4a2e9eb0ce3606eb48,0xc02aaa39b223fe8d0a0e5c4f27ead9083c756cc2,8787115183341,4676240138536665462343,carried_forward,sync_log,25546510,0xa2647164006d0d7f36f5b646232ab8d795de22868eaafe288c92bbe25fe80d67,789,True
1,25546512,USDC_USDT,0x3041cbd36888becc7bbcbc0045e3b1f144466f5f,0xa0b86991c6218b36c1d19d4a2e9eb0ce3606eb48,0xdac17f958d2ee523a2206206994597c13d831ec7,1667118640391,1666411770774,carried_forward,sync_log,25546292,0xb37e100c6e4311afcb8d898ed7c1046cd2ab59972f2f22eb8c4f8f8bd174a548,235,True
1,25546512,USDT_WETH,0x0d4a11d5eeaac28ec3f61d100daf4d40471f1852,0xc02aaa39b223fe8d0a0e5c4f27ead9083c756cc2,0xdac17f958d2ee523a2206206994597c13d831ec7,3922719264189559476403,7375658804519,carried_forward,sync_log,25546472,0x9fffc7583dbe241896644ab9647a71ed47b03be8884a62271a47029c2da1b3ae,474,True
1,25546512,WETH_USDC,0xb4e16d0168e52d35cacd2c6185b44281ec28c9dc,0xa0b86991c6218b36c1d19d4a2e9eb0ce3606eb48,0xc02aaa39b223fe8d0a0e5c4f27ead9083c756cc2,8787115183341,4676240138536665462343,carried_forward,sync_log,25546510,0xa2647164006d0d7f36f5b646232ab8d795de22868eaafe288c92bbe25fe80d67,789,True
1,25546513,USDC_USDT,0x3041cbd36888becc7bbcbc0045e3b1f144466f5f,0xa0b86991c6218b36c1d19d4a2e9eb0ce3606eb48,0xdac17f958d2ee523a2206206994597c13d831ec7,1667118640391,1666411770774,carried_forward,sync_log,25546292,0xb37e100c6e4311afcb8d898ed7c1046cd2ab59972f2f22eb8c4f8f8bd174a548,235,True
1,25546513,USDT_WETH,0x0d4a11d5eeaac28ec3f61d100daf4d40471f1852,0xc02aaa39b223fe8d0a0e5c4f27ead9083c756cc2,0xdac17f958d2ee523a2206206994597c13d831ec7,3922719264189559476403,7375658804519,carried_forward,sync_log,25546472,0x9fffc7583dbe241896644ab9647a71ed47b03be8884a62271a47029c2da1b3ae,474,True
1,25546513,WETH_USDC,0xb4e16d0168e52d35cacd2c6185b44281ec28c9dc,0xa0b86991c6218b36c1d19d4a2e9eb0ce3606eb48,0xc02aaa39b223fe8d0a0e5c4f27ead9083c756cc2,8787115183341,4676240138536665462343,carried_forward,sync_log,25546510,0xa2647164006d0d7f36f5b646232ab8d795de22868eaafe288c92bbe25fe80d67,789,True
1,25546514,USDC_USDT,0x3041cbd36888becc7bbcbc0045e3b1f144466f5f,0xa0b86991c6218b36c1d19d4a2e9eb0ce3606eb48,0xdac17f958d2ee523a2206206994597c13d831ec7,1667118640391,1666411770774,carried_forward,sync_log,25546292,0xb37e100c6e4311afcb8d898ed7c1046cd2ab59972f2f22eb8c4f8f8bd174a548,235,True
1,25546514,USDT_WETH,0x0d4a11d5eeaac28ec3f61d100daf4d40471f1852,0xc02aaa39b223fe8d0a0e5c4f27ead9083c756cc2,0xdac17f958d2ee523a2206206994597c13d831ec7,3922719264189559476403,7375658804519,carried_forward,sync_log,25546472,0x9fffc7583dbe241896644ab9647a71ed47b03be8884a62271a47029c2da1b3ae,474,True
1,25546514,WETH_USDC,0xb4e16d0168e52d35cacd2c6185b44281ec28c9dc,0xa0b86991c6218b36c1d19d4a2e9eb0ce3606eb48,0xc02aaa39b223fe8d0a0e5c4f27ead9083c756cc2,8787290797466,4676146964173062673058,observed_sync,sync_log,25546514,0xb6d1eb123f4e519b159b8c1e08c85cd0658d8303c0ee66085d0e33f6a37dbdb4,21,True
1,25546515,USDC_USDT,0x3041cbd36888becc7bbcbc0045e3b1f144466f5f,0xa0b86991c6218b36c1d19d4a2e9eb0ce3606eb48,0xdac17f958d2ee523a2206206994597c13d831ec7,1667118640391,1666411770774,carried_forward,sync_log,25546292,0xb37e100c6e4311afcb8d898ed7c1046cd2ab59972f2f22eb8c4f8f8bd174a548,235,True
1,25546515,USDT_WETH,0x0d4a11d5eeaac28ec3f61d100daf4d40471f1852,0xc02aaa39b223fe8d0a0e5c4f27ead9083c756cc2,0xdac17f958d2ee523a2206206994597c13d831ec7,3922719264189559476403,7375658804519,carried_forward,sync_log,25546472,0x9fffc7583dbe241896644ab9647a71ed47b03be8884a62271a47029c2da1b3ae,474,True
1,25546515,WETH_USDC,0xb4e16d0168e52d35cacd2c6185b44281ec28c9dc,0xa0b86991c6218b36c1d19d4a2e9eb0ce3606eb48,0xc02aaa39b223fe8d0a0e5c4f27ead9083c756cc2,8787290797466,4676146964173062673058,carried_forward,sync_log,25546514,0xb6d1eb123f4e519b159b8c1e08c85cd0658d8303c0ee66085d0e33f6a37dbdb4,21,True
1,25546516,USDC_USDT,0x3041cbd36888becc7bbcbc0045e3b1f144466f5f,0xa0b86991c6218b36c1d19d4a2e9eb0ce3606eb48,0xdac17f958d2ee523a2206206994597c13d831ec7,1667118640391,1666411770774,carried_forward,sync_log,25546292,0xb37e100c6e4311afcb8d898ed7c1046cd2ab59972f2f22eb8c4f8f8bd174a548,235,True
1,25546516,USDT_WETH,0x0d4a11d5eeaac28ec3f61d100daf4d40471f1852,0xc02aaa39b223fe8d0a0e5c4f27ead9083c756cc2,0xdac17f958d2ee523a2206206994597c13d831ec7,3922727018237482073336,7375644268806,observed_sync,sync_log,25546516,0x9c2c6f2b7b9a148b9aaa58e5da76970d3242ebe612b48906ea82d4651078aa74,2084,True
1,25546516,WETH_USDC,0xb4e16d0168e52d35cacd2c6185b44281ec28c9dc,0xa0b86991c6218b36c1d19d4a2e9eb0ce3606eb48,0xc02aaa39b223fe8d0a0e5c4f27ead9083c756cc2,8787817639841,4675867463375736199795,observed_sync,sync_log,25546516,0x4fee12c39c7c987964f208f70b0b92bd02b9cc1a090d158dd711ffde1a0ed602,2,True
1,25546517,USDC_USDT,0x3041cbd36888becc7bbcbc0045e3b1f144466f5f,0xa0b86991c6218b36c1d19d4a2e9eb0ce3606eb48,0xdac17f958d2ee523a2206206994597c13d831ec7,1667118640391,1666411770774,carried_forward,sync_log,25546292,0xb37e100c6e4311afcb8d898ed7c1046cd2ab59972f2f22eb8c4f8f8bd174a548,235,True
1,25546517,USDT_WETH,0x0d4a11d5eeaac28ec3f61d100daf4d40471f1852,0xc02aaa39b223fe8d0a0e5c4f27ead9083c756cc2,0xdac17f958d2ee523a2206206994597c13d831ec7,3922727018237482073336,7375644268806,carried_forward,sync_log,25546516,0x9c2c6f2b7b9a148b9aaa58e5da76970d3242ebe612b48906ea82d4651078aa74,2084,True
1,25546517,WETH_USDC,0xb4e16d0168e52d35cacd2c6185b44281ec28c9dc,0xa0b86991c6218b36c1d19d4a2e9eb0ce3606eb48,0xc02aaa39b223fe8d0a0e5c4f27ead9083c756cc2,8787817639841,4675867463375736199795,carried_forward,sync_log,25546516,0x4fee12c39c7c987964f208f70b0b92bd02b9cc1a090d158dd711ffde1a0ed602,2,True
1,25546518,USDC_USDT,0x3041cbd36888becc7bbcbc0045e3b1f144466f5f,0xa0b86991c6218b36c1d19d4a2e9eb0ce3606eb48,0xdac17f958d2ee523a2206206994597c13d831ec7,1667118640391,1666411770774,carried_forward,sync_log,25546292,0xb37e100c6e4311afcb8d898ed7c1046cd2ab59972f2f22eb8c4f8f8bd174a548,235,True
1,25546518,USDT_WETH,0x0d4a11d5eeaac28ec3f61d100daf4d40471f1852,0xc02aaa39b223fe8d0a0e5c4f27ead9083c756cc2,0xdac17f958d2ee523a2206206994597c13d831ec7,3922727018237482073336,7375644268806,carried_forward,sync_log,25546516,0x9c2c6f2b7b9a148b9aaa58e5da76970d3242ebe612b48906ea82d4651078aa74,2084,True
1,25546518,WETH_USDC,0xb4e16d0168e52d35cacd2c6185b44281ec28c9dc,0xa0b86991c6218b36c1d19d4a2e9eb0ce3606eb48,0xc02aaa39b223fe8d0a0e5c4f27ead9083c756cc2,8787817639841,4675867463375736199795,carried_forward,sync_log,25546516,0x4fee12c39c7c987964f208f70b0b92bd02b9cc1a090d158dd711ffde1a0ed602,2,True
1,25546519,USDC_USDT,0x3041cbd36888becc7bbcbc0045e3b1f144466f5f,0xa0b86991c6218b36c1d19d4a2e9eb0ce3606eb48,0xdac17f958d2ee523a2206206994597c13d831ec7,1667118640391,1666411770774,carried_forward,sync_log,25546292,0xb37e100c6e4311afcb8d898ed7c1046cd2ab59972f2f22eb8c4f8f8bd174a548,235,True
1,25546519,USDT_WETH,0x0d4a11d5eeaac28ec3f61d100daf4d40471f1852,0xc02aaa39b223fe8d0a0e5c4f27ead9083c756cc2,0xdac17f958d2ee523a2206206994597c13d831ec7,3922727018237482073336,7375644268806,carried_forward,sync_log,25546516,0x9c2c6f2b7b9a148b9aaa58e5da76970d3242ebe612b48906ea82d4651078aa74,2084,True
1,25546519,WETH_USDC,0xb4e16d0168e52d35cacd2c6185b44281ec28c9dc,0xa0b86991c6218b36c1d19d4a2e9eb0ce3606eb48,0xc02aaa39b223fe8d0a0e5c4f27ead9083c756cc2,8787817639841,4675867463375736199795,carried_forward,sync_log,25546516,0x4fee12c39c7c987964f208f70b0b92bd02b9cc1a090d158dd711ffde1a0ed602,2,True
1,25546520,USDC_USDT,0x3041cbd36888becc7bbcbc0045e3b1f144466f5f,0xa0b86991c6218b36c1d19d4a2e9eb0ce3606eb48,0xdac17f958d2ee523a2206206994597c13d831ec7,1667118640391,1666411770774,carried_forward,sync_log,25546292,0xb37e100c6e4311afcb8d898ed7c1046cd2ab59972f2f22eb8c4f8f8bd174a548,235,True
1,25546520,USDT_WETH,0x0d4a11d5eeaac28ec3f61d100daf4d40471f1852,0xc02aaa39b223fe8d0a0e5c4f27ead9083c756cc2,0xdac17f958d2ee523a2206206994597c13d831ec7,3922727018237482073336,7375644268806,carried_forward,sync_log,25546516,0x9c2c6f2b7b9a148b9aaa58e5da76970d3242ebe612b48906ea82d4651078aa74,2084,True
1,25546520,WETH_USDC,0xb4e16d0168e52d35cacd2c6185b44281ec28c9dc,0xa0b86991c6218b36c1d19d4a2e9eb0ce3606eb48,0xc02aaa39b223fe8d0a0e5c4f27ead9083c756cc2,8787817639841,4675867463375736199795,carried_forward,sync_log,25546516,0x4fee12c39c7c987964f208f70b0b92bd02b9cc1a090d158dd711ffde1a0ed602,2,True
1,25546521,USDC_USDT,0x3041cbd36888becc7bbcbc0045e3b1f144466f5f,0xa0b86991c6218b36c1d19d4a2e9eb0ce3606eb48,0xdac17f958d2ee523a2206206994597c13d831ec7,1667118640391,1666411770774,carried_forward,sync_log,25546292,0xb37e100c6e4311afcb8d898ed7c1046cd2ab59972f2f22eb8c4f8f8bd174a548,235,True
1,25546521,USDT_WETH,0x0d4a11d5eeaac28ec3f61d100daf4d40471f1852,0xc02aaa39b223fe8d0a0e5c4f27ead9083c756cc2,0xdac17f958d2ee523a2206206994597c13d831ec7,3922727018237482073336,7375644268806,carried_forward,sync_log,25546516,0x9c2c6f2b7b9a148b9aaa58e5da76970d3242ebe612b48906ea82d4651078aa74,2084,True
1,25546521,WETH_USDC,0xb4e16d0168e52d35cacd2c6185b44281ec28c9dc,0xa0b86991c6218b36c1d19d4a2e9eb0ce3606eb48,0xc02aaa39b223fe8d0a0e5c4f27ead9083c756cc2,8787817639841,4675867463375736199795,carried_forward,sync_log,25546516,0x4fee12c39c7c987964f208f70b0b92bd02b9cc1a090d158dd711ffde1a0ed602,2,True
1,25546522,USDC_USDT,0x3041cbd36888becc7bbcbc0045e3b1f144466f5f,0xa0b86991c6218b36c1d19d4a2e9eb0ce3606eb48,0xdac17f958d2ee523a2206206994597c13d831ec7,1667118640391,1666411770774,carried_forward,sync_log,25546292,0xb37e100c6e4311afcb8d898ed7c1046cd2ab59972f2f22eb8c4f8f8bd174a548,235,True
1,25546522,USDT_WETH,0x0d4a11d5eeaac28ec3f61d100daf4d40471f1852,0xc02aaa39b223fe8d0a0e5c4f27ead9083c756cc2,0xdac17f958d2ee523a2206206994597c13d831ec7,3922727018237482073336,7375644268806,carried_forward,sync_log,25546516,0x9c2c6f2b7b9a148b9aaa58e5da76970d3242ebe612b48906ea82d4651078aa74,2084,True
1,25546522,WETH_USDC,0xb4e16d0168e52d35cacd2c6185b44281ec28c9dc,0xa0b86991c6218b36c1d19d4a2e9eb0ce3606eb48,0xc02aaa39b223fe8d0a0e5c4f27ead9083c756cc2,8787817639841,4675867463375736199795,carried_forward,sync_log,25546516,0x4fee12c39c7c987964f208f70b0b92bd02b9cc1a090d158dd711ffde1a0ed602,2,True
1,25546523,USDC_USDT,0x3041cbd36888becc7bbcbc0045e3b1f144466f5f,0xa0b86991c6218b36c1d19d4a2e9eb0ce3606eb48,0xdac17f958d2ee523a2206206994597c13d831ec7,1667118640391,1666411770774,carried_forward,sync_log,25546292,0xb37e100c6e4311afcb8d898ed7c1046cd2ab59972f2f22eb8c4f8f8bd174a548,235,True
1,25546523,USDT_WETH,0x0d4a11d5eeaac28ec3f61d100daf4d40471f1852,0xc02aaa39b223fe8d0a0e5c4f27ead9083c756cc2,0xdac17f958d2ee523a2206206994597c13d831ec7,3922727018237482073336,7375644268806,carried_forward,sync_log,25546516,0x9c2c6f2b7b9a148b9aaa58e5da76970d3242ebe612b48906ea82d4651078aa74,2084,True
1,25546523,WETH_USDC,0xb4e16d0168e52d35cacd2c6185b44281ec28c9dc,0xa0b86991c6218b36c1d19d4a2e9eb0ce3606eb48,0xc02aaa39b223fe8d0a0e5c4f27ead9083c756cc2,8787002455841,4676302556212794228847,observed_sync,sync_log,25546523,0x44439ab7e22ecce5c132da86dc8df4a52efb667005fc9fa734a7ab47193fc591,13,True
1,25546524,USDC_USDT,0x3041cbd36888becc7bbcbc0045e3b1f144466f5f,0xa0b86991c6218b36c1d19d4a2e9eb0ce3606eb48,0xdac17f958d2ee523a2206206994597c13d831ec7,1667118640391,1666411770774,carried_forward,sync_log,25546292,0xb37e100c6e4311afcb8d898ed7c1046cd2ab59972f2f22eb8c4f8f8bd174a548,235,True
1,25546524,USDT_WETH,0x0d4a11d5eeaac28ec3f61d100daf4d40471f1852,0xc02aaa39b223fe8d0a0e5c4f27ead9083c756cc2,0xdac17f958d2ee523a2206206994597c13d831ec7,3922727018237482073336,7375644268806,carried_forward,sync_log,25546516,0x9c2c6f2b7b9a148b9aaa58e5da76970d3242ebe612b48906ea82d4651078aa74,2084,True
1,25546524,WETH_USDC,0xb4e16d0168e52d35cacd2c6185b44281ec28c9dc,0xa0b86991c6218b36c1d19d4a2e9eb0ce3606eb48,0xc02aaa39b223fe8d0a0e5c4f27ead9083c756cc2,8787002455841,4676302556212794228847,carried_forward,sync_log,25546523,0x44439ab7e22ecce5c132da86dc8df4a52efb667005fc9fa734a7ab47193fc591,13,True
1,25546525,USDC_USDT,0x3041cbd36888becc7bbcbc0045e3b1f144466f5f,0xa0b86991c6218b36c1d19d4a2e9eb0ce3606eb48,0xdac17f958d2ee523a2206206994597c13d831ec7,1667118640391,1666411770774,carried_forward,sync_log,25546292,0xb37e100c6e4311afcb8d898ed7c1046cd2ab59972f2f22eb8c4f8f8bd174a548,235,True
1,25546525,USDT_WETH,0x0d4a11d5eeaac28ec3f61d100daf4d40471f1852,0xc02aaa39b223fe8d0a0e5c4f27ead9083c756cc2,0xdac17f958d2ee523a2206206994597c13d831ec7,3922727018237482073336,7375644268806,carried_forward,sync_log,25546516,0x9c2c6f2b7b9a148b9aaa58e5da76970d3242ebe612b48906ea82d4651078aa74,2084,True
1,25546525,WETH_USDC,0xb4e16d0168e52d35cacd2c6185b44281ec28c9dc,0xa0b86991c6218b36c1d19d4a2e9eb0ce3606eb48,0xc02aaa39b223fe8d0a0e5c4f27ead9083c756cc2,8787002455841,4676302556212794228847,carried_forward,sync_log,25546523,0x44439ab7e22ecce5c132da86dc8df4a52efb667005fc9fa734a7ab47193fc591,13,True
1,25546526,USDC_USDT,0x3041cbd36888becc7bbcbc0045e3b1f144466f5f,0xa0b86991c6218b36c1d19d4a2e9eb0ce3606eb48,0xdac17f958d2ee523a2206206994597c13d831ec7,1667118640391,1666411770774,carried_forward,sync_log,25546292,0xb37e100c6e4311afcb8d898ed7c1046cd2ab59972f2f22eb8c4f8f8bd174a548,235,True
1,25546526,USDT_WETH,0x0d4a11d5eeaac28ec3f61d100daf4d40471f1852,0xc02aaa39b223fe8d0a0e5c4f27ead9083c756cc2,0xdac17f958d2ee523a2206206994597c13d831ec7,3922727018237482073336,7375644268806,carried_forward,sync_log,25546516,0x9c2c6f2b7b9a148b9aaa58e5da76970d3242ebe612b48906ea82d4651078aa74,2084,True
1,25546526,WETH_USDC,0xb4e16d0168e52d35cacd2c6185b44281ec28c9dc,0xa0b86991c6218b36c1d19d4a2e9eb0ce3606eb48,0xc02aaa39b223fe8d0a0e5c4f27ead9083c756cc2,8787002455841,4676302556212794228847,carried_forward,sync_log,25546523,0x44439ab7e22ecce5c132da86dc8df4a52efb667005fc9fa734a7ab47193fc591,13,True
1,25546527,USDC_USDT,0x3041cbd36888becc7bbcbc0045e3b1f144466f5f,0xa0b86991c6218b36c1d19d4a2e9eb0ce3606eb48,0xdac17f958d2ee523a2206206994597c13d831ec7,1667118640391,1666411770774,carried_forward,sync_log,25546292,0xb37e100c6e4311afcb8d898ed7c1046cd2ab59972f2f22eb8c4f8f8bd174a548,235,True
1,25546527,USDT_WETH,0x0d4a11d5eeaac28ec3f61d100daf4d40471f1852,0xc02aaa39b223fe8d0a0e5c4f27ead9083c756cc2,0xdac17f958d2ee523a2206206994597c13d831ec7,3922717473703443085829,7375662268806,observed_sync,sync_log,25546527,0x01794eff1c90506c1f7c946e8eab6b942ab2c92f70480dd860e872bb82581d9b,635,True
1,25546527,WETH_USDC,0xb4e16d0168e52d35cacd2c6185b44281ec28c9dc,0xa0b86991c6218b36c1d19d4a2e9eb0ce3606eb48,0xc02aaa39b223fe8d0a0e5c4f27ead9083c756cc2,8787002455841,4676302556212794228847,carried_forward,sync_log,25546523,0x44439ab7e22ecce5c132da86dc8df4a52efb667005fc9fa734a7ab47193fc591,13,True
1,25546528,USDC_USDT,0x3041cbd36888becc7bbcbc0045e3b1f144466f5f,0xa0b86991c6218b36c1d19d4a2e9eb0ce3606eb48,0xdac17f958d2ee523a2206206994597c13d831ec7,1667118640391,1666411770774,carried_forward,sync_log,25546292,0xb37e100c6e4311afcb8d898ed7c1046cd2ab59972f2f22eb8c4f8f8bd174a548,235,True
1,25546528,USDT_WETH,0x0d4a11d5eeaac28ec3f61d100daf4d40471f1852,0xc02aaa39b223fe8d0a0e5c4f27ead9083c756cc2,0xdac17f958d2ee523a2206206994597c13d831ec7,3922717473703443085829,7375662268806,carried_forward,sync_log,25546527,0x01794eff1c90506c1f7c946e8eab6b942ab2c92f70480dd860e872bb82581d9b,635,True
1,25546528,WETH_USDC,0xb4e16d0168e52d35cacd2c6185b44281ec28c9dc,0xa0b86991c6218b36c1d19d4a2e9eb0ce3606eb48,0xc02aaa39b223fe8d0a0e5c4f27ead9083c756cc2,8787002455841,4676302556212794228847,carried_forward,sync_log,25546523,0x44439ab7e22ecce5c132da86dc8df4a52efb667005fc9fa734a7ab47193fc591,13,True
1,25546529,USDC_USDT,0x3041cbd36888becc7bbcbc0045e3b1f144466f5f,0xa0b86991c6218b36c1d19d4a2e9eb0ce3606eb48,0xdac17f958d2ee523a2206206994597c13d831ec7,1667118640391,1666411770774,carried_forward,sync_log,25546292,0xb37e100c6e4311afcb8d898ed7c1046cd2ab59972f2f22eb8c4f8f8bd174a548,235,True
1,25546529,USDT_WETH,0x0d4a11d5eeaac28ec3f61d100daf4d40471f1852,0xc02aaa39b223fe8d0a0e5c4f27ead9083c756cc2,0xdac17f958d2ee523a2206206994597c13d831ec7,3922717473703443085829,7375662268806,carried_forward,sync_log,25546527,0x01794eff1c90506c1f7c946e8eab6b942ab2c92f70480dd860e872bb82581d9b,635,True
1,25546529,WETH_USDC,0xb4e16d0168e52d35cacd2c6185b44281ec28c9dc,0xa0b86991c6218b36c1d19d4a2e9eb0ce3606eb48,0xc02aaa39b223fe8d0a0e5c4f27ead9083c756cc2,8787002455841,4676302556212794228847,carried_forward,sync_log,25546523,0x44439ab7e22ecce5c132da86dc8df4a52efb667005fc9fa734a7ab47193fc591,13,True
1,25546530,USDC_USDT,0x3041cbd36888becc7bbcbc0045e3b1f144466f5f,0xa0b86991c6218b36c1d19d4a2e9eb0ce3606eb48,0xdac17f958d2ee523a2206206994597c13d831ec7,1667118640391,1666411770774,carried_forward,sync_log,25546292,0xb37e100c6e4311afcb8d898ed7c1046cd2ab59972f2f22eb8c4f8f8bd174a548,235,True
1,25546530,USDT_WETH,0x0d4a11d5eeaac28ec3f61d100daf4d40471f1852,0xc02aaa39b223fe8d0a0e5c4f27ead9083c756cc2,0xdac17f958d2ee523a2206206994597c13d831ec7,3922717473703443085829,7375662268806,carried_forward,sync_log,25546527,0x01794eff1c90506c1f7c946e8eab6b942ab2c92f70480dd860e872bb82581d9b,635,True
1,25546530,WETH_USDC,0xb4e16d0168e52d35cacd2c6185b44281ec28c9dc,0xa0b86991c6218b36c1d19d4a2e9eb0ce3606eb48,0xc02aaa39b223fe8d0a0e5c4f27ead9083c756cc2,8786848470920,4676384752557073597921,observed_sync,sync_log,25546530,0xeef9ba472efe3a5f95cf439cbb9bfa0a7d8a3318d85e0ac169e540f0825d373d,235,True
1,25546531,USDC_USDT,0x3041cbd36888becc7bbcbc0045e3b1f144466f5f,0xa0b86991c6218b36c1d19d4a2e9eb0ce3606eb48,0xdac17f958d2ee523a2206206994597c13d831ec7,1667118640391,1666411770774,carried_forward,sync_log,25546292,0xb37e100c6e4311afcb8d898ed7c1046cd2ab59972f2f22eb8c4f8f8bd174a548,235,True
1,25546531,USDT_WETH,0x0d4a11d5eeaac28ec3f61d100daf4d40471f1852,0xc02aaa39b223fe8d0a0e5c4f27ead9083c756cc2,0xdac17f958d2ee523a2206206994597c13d831ec7,3922717473703443085829,7375662268806,carried_forward,sync_log,25546527,0x01794eff1c90506c1f7c946e8eab6b942ab2c92f70480dd860e872bb82581d9b,635,True
1,25546531,WETH_USDC,0xb4e16d0168e52d35cacd2c6185b44281ec28c9dc,0xa0b86991c6218b36c1d19d4a2e9eb0ce3606eb48,0xc02aaa39b223fe8d0a0e5c4f27ead9083c756cc2,8786848470920,4676384752557073597921,carried_forward,sync_log,25546530,0xeef9ba472efe3a5f95cf439cbb9bfa0a7d8a3318d85e0ac169e540f0825d373d,235,True
1,25546532,USDC_USDT,0x3041cbd36888becc7bbcbc0045e3b1f144466f5f,0xa0b86991c6218b36c1d19d4a2e9eb0ce3606eb48,0xdac17f958d2ee523a2206206994597c13d831ec7,1667118640391,1666411770774,carried_forward,sync_log,25546292,0xb37e100c6e4311afcb8d898ed7c1046cd2ab59972f2f22eb8c4f8f8bd174a548,235,True
1,25546532,USDT_WETH,0x0d4a11d5eeaac28ec3f61d100daf4d40471f1852,0xc02aaa39b223fe8d0a0e5c4f27ead9083c756cc2,0xdac17f958d2ee523a2206206994597c13d831ec7,3922717473703443085829,7375662268806,carried_forward,sync_log,25546527,0x01794eff1c90506c1f7c946e8eab6b942ab2c92f70480dd860e872bb82581d9b,635,True
1,25546532,WETH_USDC,0xb4e16d0168e52d35cacd2c6185b44281ec28c9dc,0xa0b86991c6218b36c1d19d4a2e9eb0ce3606eb48,0xc02aaa39b223fe8d0a0e5c4f27ead9083c756cc2,8786848470920,4676384752557073597921,carried_forward,sync_log,25546530,0xeef9ba472efe3a5f95cf439cbb9bfa0a7d8a3318d85e0ac169e540f0825d373d,235,True
1,25546533,USDC_USDT,0x3041cbd36888becc7bbcbc0045e3b1f144466f5f,0xa0b86991c6218b36c1d19d4a2e9eb0ce3606eb48,0xdac17f958d2ee523a2206206994597c13d831ec7,1667118640391,1666411770774,carried_forward,sync_log,25546292,0xb37e100c6e4311afcb8d898ed7c1046cd2ab59972f2f22eb8c4f8f8bd174a548,235,True
1,25546533,USDT_WETH,0x0d4a11d5eeaac28ec3f61d100daf4d40471f1852,0xc02aaa39b223fe8d0a0e5c4f27ead9083c756cc2,0xdac17f958d2ee523a2206206994597c13d831ec7,3922717473703443085829,7375662268806,carried_forward,sync_log,25546527,0x01794eff1c90506c1f7c946e8eab6b942ab2c92f70480dd860e872bb82581d9b,635,True
1,25546533,WETH_USDC,0xb4e16d0168e52d35cacd2c6185b44281ec28c9dc,0xa0b86991c6218b36c1d19d4a2e9eb0ce3606eb48,0xc02aaa39b223fe8d0a0e5c4f27ead9083c756cc2,8786848470920,4676384752557073597921,carried_forward,sync_log,25546530,0xeef9ba472efe3a5f95cf439cbb9bfa0a7d8a3318d85e0ac169e540f0825d373d,235,True
1,25546534,USDC_USDT,0x3041cbd36888becc7bbcbc0045e3b1f144466f5f,0xa0b86991c6218b36c1d19d4a2e9eb0ce3606eb48,0xdac17f958d2ee523a2206206994597c13d831ec7,1667118640391,1666411770774,carried_forward,sync_log,25546292,0xb37e100c6e4311afcb8d898ed7c1046cd2ab59972f2f22eb8c4f8f8bd174a548,235,True
1,25546534,USDT_WETH,0x0d4a11d5eeaac28ec3f61d100daf4d40471f1852,0xc02aaa39b223fe8d0a0e5c4f27ead9083c756cc2,0xdac17f958d2ee523a2206206994597c13d831ec7,3922717473703443085829,7375662268806,carried_forward,sync_log,25546527,0x01794eff1c90506c1f7c946e8eab6b942ab2c92f70480dd860e872bb82581d9b,635,True
1,25546534,WETH_USDC,0xb4e16d0168e52d35cacd2c6185b44281ec28c9dc,0xa0b86991c6218b36c1d19d4a2e9eb0ce3606eb48,0xc02aaa39b223fe8d0a0e5c4f27ead9083c756cc2,8786848470920,4676384752557073597921,carried_forward,sync_log,25546530,0xeef9ba472efe3a5f95cf439cbb9bfa0a7d8a3318d85e0ac169e540f0825d373d,235,True
1,25546535,USDC_USDT,0x3041cbd36888becc7bbcbc0045e3b1f144466f5f,0xa0b86991c6218b36c1d19d4a2e9eb0ce3606eb48,0xdac17f958d2ee523a2206206994597c13d831ec7,1667118640391,1666411770774,carried_forward,sync_log,25546292,0xb37e100c6e4311afcb8d898ed7c1046cd2ab59972f2f22eb8c4f8f8bd174a548,235,True
1,25546535,USDT_WETH,0x0d4a11d5eeaac28ec3f61d100daf4d40471f1852,0xc02aaa39b223fe8d0a0e5c4f27ead9083c756cc2,0xdac17f958d2ee523a2206206994597c13d831ec7,3922717473703443085829,7375662268806,carried_forward,sync_log,25546527,0x01794eff1c90506c1f7c946e8eab6b942ab2c92f70480dd860e872bb82581d9b,635,True
1,25546535,WETH_USDC,0xb4e16d0168e52d35cacd2c6185b44281ec28c9dc,0xa0b86991c6218b36c1d19d4a2e9eb0ce3606eb48,0xc02aaa39b223fe8d0a0e5c4f27ead9083c756cc2,8786848470920,4676384752557073597921,carried_forward,sync_log,25546530,0xeef9ba472efe3a5f95cf439cbb9bfa0a7d8a3318d85e0ac169e540f0825d373d,235,True
1,25546536,USDC_USDT,0x3041cbd36888becc7bbcbc0045e3b1f144466f5f,0xa0b86991c6218b36c1d19d4a2e9eb0ce3606eb48,0xdac17f958d2ee523a2206206994597c13d831ec7,1667118640391,1666411770774,carried_forward,sync_log,25546292,0xb37e100c6e4311afcb8d898ed7c1046cd2ab59972f2f22eb8c4f8f8bd174a548,235,True
1,25546536,USDT_WETH,0x0d4a11d5eeaac28ec3f61d100daf4d40471f1852,0xc02aaa39b223fe8d0a0e5c4f27ead9083c756cc2,0xdac17f958d2ee523a2206206994597c13d831ec7,3922717473703443085829,7375662268806,carried_forward,sync_log,25546527,0x01794eff1c90506c1f7c946e8eab6b942ab2c92f70480dd860e872bb82581d9b,635,True
1,25546536,WETH_USDC,0xb4e16d0168e52d35cacd2c6185b44281ec28c9dc,0xa0b86991c6218b36c1d19d4a2e9eb0ce3606eb48,0xc02aaa39b223fe8d0a0e5c4f27ead9083c756cc2,8786848470920,4676384752557073597921,carried_forward,sync_log,25546530,0xeef9ba472efe3a5f95cf439cbb9bfa0a7d8a3318d85e0ac169e540f0825d373d,235,True
1,25546537,USDC_USDT,0x3041cbd36888becc7bbcbc0045e3b1f144466f5f,0xa0b86991c6218b36c1d19d4a2e9eb0ce3606eb48,0xdac17f958d2ee523a2206206994597c13d831ec7,1667118640391,1666411770774,carried_forward,sync_log,25546292,0xb37e100c6e4311afcb8d898ed7c1046cd2ab59972f2f22eb8c4f8f8bd174a548,235,True
1,25546537,USDT_WETH,0x0d4a11d5eeaac28ec3f61d100daf4d40471f1852,0xc02aaa39b223fe8d0a0e5c4f27ead9083c756cc2,0xdac17f958d2ee523a2206206994597c13d831ec7,3922717473703443085829,7375662268806,carried_forward,sync_log,25546527,0x01794eff1c90506c1f7c946e8eab6b942ab2c92f70480dd860e872bb82581d9b,635,True
1,25546537,WETH_USDC,0xb4e16d0168e52d35cacd2c6185b44281ec28c9dc,0xa0b86991c6218b36c1d19d4a2e9eb0ce3606eb48,0xc02aaa39b223fe8d0a0e5c4f27ead9083c756cc2,8786848470920,4676384752557073597921,carried_forward,sync_log,25546530,0xeef9ba472efe3a5f95cf439cbb9bfa0a7d8a3318d85e0ac169e540f0825d373d,235,True
1,25546538,USDC_USDT,0x3041cbd36888becc7bbcbc0045e3b1f144466f5f,0xa0b86991c6218b36c1d19d4a2e9eb0ce3606eb48,0xdac17f958d2ee523a2206206994597c13d831ec7,1667118640391,1666411770774,carried_forward,sync_log,25546292,0xb37e100c6e4311afcb8d898ed7c1046cd2ab59972f2f22eb8c4f8f8bd174a548,235,True
1,25546538,USDT_WETH,0x0d4a11d5eeaac28ec3f61d100daf4d40471f1852,0xc02aaa39b223fe8d0a0e5c4f27ead9083c756cc2,0xdac17f958d2ee523a2206206994597c13d831ec7,3922717473703443085829,7375662268806,carried_forward,sync_log,25546527,0x01794eff1c90506c1f7c946e8eab6b942ab2c92f70480dd860e872bb82581d9b,635,True
1,25546538,WETH_USDC,0xb4e16d0168e52d35cacd2c6185b44281ec28c9dc,0xa0b86991c6218b36c1d19d4a2e9eb0ce3606eb48,0xc02aaa39b223fe8d0a0e5c4f27ead9083c756cc2,8786848470920,4676384752557073597921,carried_forward,sync_log,25546530,0xeef9ba472efe3a5f95cf439cbb9bfa0a7d8a3318d85e0ac169e540f0825d373d,235,True
1,25546539,USDC_USDT,0x3041cbd36888becc7bbcbc0045e3b1f144466f5f,0xa0b86991c6218b36c1d19d4a2e9eb0ce3606eb48,0xdac17f958d2ee523a2206206994597c13d831ec7,1667118640391,1666411770774,carried_forward,sync_log,25546292,0xb37e100c6e4311afcb8d898ed7c1046cd2ab59972f2f22eb8c4f8f8bd174a548,235,True
1,25546539,USDT_WETH,0x0d4a11d5eeaac28ec3f61d100daf4d40471f1852,0xc02aaa39b223fe8d0a0e5c4f27ead9083c756cc2,0xdac17f958d2ee523a2206206994597c13d831ec7,3922717473703443085829,7375662268806,carried_forward,sync_log,25546527,0x01794eff1c90506c1f7c946e8eab6b942ab2c92f70480dd860e872bb82581d9b,635,True
1,25546539,WETH_USDC,0xb4e16d0168e52d35cacd2c6185b44281ec28c9dc,0xa0b86991c6218b36c1d19d4a2e9eb0ce3606eb48,0xc02aaa39b223fe8d0a0e5c4f27ead9083c756cc2,8786848470920,4676384752557073597921,carried_forward,sync_log,25546530,0xeef9ba472efe3a5f95cf439cbb9bfa0a7d8a3318d85e0ac169e540f0825d373d,235,True
1,25546540,USDC_USDT,0x3041cbd36888becc7bbcbc0045e3b1f144466f5f,0xa0b86991c6218b36c1d19d4a2e9eb0ce3606eb48,0xdac17f958d2ee523a2206206994597c13d831ec7,1667118640391,1666411770774,carried_forward,sync_log,25546292,0xb37e100c6e4311afcb8d898ed7c1046cd2ab59972f2f22eb8c4f8f8bd174a548,235,True
1,25546540,USDT_WETH,0x0d4a11d5eeaac28ec3f61d100daf4d40471f1852,0xc02aaa39b223fe8d0a0e5c4f27ead9083c756cc2,0xdac17f958d2ee523a2206206994597c13d831ec7,3922717473703443085829,7375662268806,carried_forward,sync_log,25546527,0x01794eff1c90506c1f7c946e8eab6b942ab2c92f70480dd860e872bb82581d9b,635,True
1,25546540,WETH_USDC,0xb4e16d0168e52d35cacd2c6185b44281ec28c9dc,0xa0b86991c6218b36c1d19d4a2e9eb0ce3606eb48,0xc02aaa39b223fe8d0a0e5c4f27ead9083c756cc2,8786848470920,4676384752557073597921,carried_forward,sync_log,25546530,0xeef9ba472efe3a5f95cf439cbb9bfa0a7d8a3318d85e0ac169e540f0825d373d,235,True
1,25546541,USDC_USDT,0x3041cbd36888becc7bbcbc0045e3b1f144466f5f,0xa0b86991c6218b36c1d19d4a2e9eb0ce3606eb48,0xdac17f958d2ee523a2206206994597c13d831ec7,1667118640391,1666411770774,carried_forward,sync_log,25546292,0xb37e100c6e4311afcb8d898ed7c1046cd2ab59972f2f22eb8c4f8f8bd174a548,235,True
1,25546541,USDT_WETH,0x0d4a11d5eeaac28ec3f61d100daf4d40471f1852,0xc02aaa39b223fe8d0a0e5c4f27ead9083c756cc2,0xdac17f958d2ee523a2206206994597c13d831ec7,3922717473703443085829,7375662268806,carried_forward,sync_log,25546527,0x01794eff1c90506c1f7c946e8eab6b942ab2c92f70480dd860e872bb82581d9b,635,True
1,25546541,WETH_USDC,0xb4e16d0168e52d35cacd2c6185b44281ec28c9dc,0xa0b86991c6218b36c1d19d4a2e9eb0ce3606eb48,0xc02aaa39b223fe8d0a0e5c4f27ead9083c756cc2,8786848470920,4676384752557073597921,carried_forward,sync_log,25546530,0xeef9ba472efe3a5f95cf439cbb9bfa0a7d8a3318d85e0ac169e540f0825d373d,235,True
1,25546542,USDC_USDT,0x3041cbd36888becc7bbcbc0045e3b1f144466f5f,0xa0b86991c6218b36c1d19d4a2e9eb0ce3606eb48,0xdac17f958d2ee523a2206206994597c13d831ec7,1667118640391,1666411770774,carried_forward,sync_log,25546292,0xb37e100c6e4311afcb8d898ed7c1046cd2ab59972f2f22eb8c4f8f8bd174a548,235,True
1,25546542,USDT_WETH,0x0d4a11d5eeaac28ec3f61d100daf4d40471f1852,0xc02aaa39b223fe8d0a0e5c4f27ead9083c756cc2,0xdac17f958d2ee523a2206206994597c13d831ec7,3922717473703443085829,7375662268806,carried_forward,sync_log,25546527,0x01794eff1c90506c1f7c946e8eab6b942ab2c92f70480dd860e872bb82581d9b,635,True
1,25546542,WETH_USDC,0xb4e16d0168e52d35cacd2c6185b44281ec28c9dc,0xa0b86991c6218b36c1d19d4a2e9eb0ce3606eb48,0xc02aaa39b223fe8d0a0e5c4f27ead9083c756cc2,8786848470920,4676384752557073597921,carried_forward,sync_log,25546530,0xeef9ba472efe3a5f95cf439cbb9bfa0a7d8a3318d85e0ac169e540f0825d373d,235,True
1,25546543,USDC_USDT,0x3041cbd36888becc7bbcbc0045e3b1f144466f5f,0xa0b86991c6218b36c1d19d4a2e9eb0ce3606eb48,0xdac17f958d2ee523a2206206994597c13d831ec7,1667118640391,1666411770774,carried_forward,sync_log,25546292,0xb37e100c6e4311afcb8d898ed7c1046cd2ab59972f2f22eb8c4f8f8bd174a548,235,True
1,25546543,USDT_WETH,0x0d4a11d5eeaac28ec3f61d100daf4d40471f1852,0xc02aaa39b223fe8d0a0e5c4f27ead9083c756cc2,0xdac17f958d2ee523a2206206994597c13d831ec7,3922717473703443085829,7375662268806,carried_forward,sync_log,25546527,0x01794eff1c90506c1f7c946e8eab6b942ab2c92f70480dd860e872bb82581d9b,635,True
1,25546543,WETH_USDC,0xb4e16d0168e52d35cacd2c6185b44281ec28c9dc,0xa0b86991c6218b36c1d19d4a2e9eb0ce3606eb48,0xc02aaa39b223fe8d0a0e5c4f27ead9083c756cc2,8786513134193,4676563763523186463350,observed_sync,sync_log,25546543,0x3b05703273f70a987a3001407ad251281f25badc7e0a6da2a9587757dcd69508,255,True
1,25546544,USDC_USDT,0x3041cbd36888becc7bbcbc0045e3b1f144466f5f,0xa0b86991c6218b36c1d19d4a2e9eb0ce3606eb48,0xdac17f958d2ee523a2206206994597c13d831ec7,1667118640391,1666411770774,carried_forward,sync_log,25546292,0xb37e100c6e4311afcb8d898ed7c1046cd2ab59972f2f22eb8c4f8f8bd174a548,235,True
1,25546544,USDT_WETH,0x0d4a11d5eeaac28ec3f61d100daf4d40471f1852,0xc02aaa39b223fe8d0a0e5c4f27ead9083c756cc2,0xdac17f958d2ee523a2206206994597c13d831ec7,3922717473703443085829,7375662268806,carried_forward,sync_log,25546527,0x01794eff1c90506c1f7c946e8eab6b942ab2c92f70480dd860e872bb82581d9b,635,True
1,25546544,WETH_USDC,0xb4e16d0168e52d35cacd2c6185b44281ec28c9dc,0xa0b86991c6218b36c1d19d4a2e9eb0ce3606eb48,0xc02aaa39b223fe8d0a0e5c4f27ead9083c756cc2,8786513134193,4676563763523186463350,carried_forward,sync_log,25546543,0x3b05703273f70a987a3001407ad251281f25badc7e0a6da2a9587757dcd69508,255,True
1,25546545,USDC_USDT,0x3041cbd36888becc7bbcbc0045e3b1f144466f5f,0xa0b86991c6218b36c1d19d4a2e9eb0ce3606eb48,0xdac17f958d2ee523a2206206994597c13d831ec7,1667118640391,1666411770774,carried_forward,sync_log,25546292,0xb37e100c6e4311afcb8d898ed7c1046cd2ab59972f2f22eb8c4f8f8bd174a548,235,True
1,25546545,USDT_WETH,0x0d4a11d5eeaac28ec3f61d100daf4d40471f1852,0xc02aaa39b223fe8d0a0e5c4f27ead9083c756cc2,0xdac17f958d2ee523a2206206994597c13d831ec7,3922717473703443085829,7375662268806,carried_forward,sync_log,25546527,0x01794eff1c90506c1f7c946e8eab6b942ab2c92f70480dd860e872bb82581d9b,635,True
1,25546545,WETH_USDC,0xb4e16d0168e52d35cacd2c6185b44281ec28c9dc,0xa0b86991c6218b36c1d19d4a2e9eb0ce3606eb48,0xc02aaa39b223fe8d0a0e5c4f27ead9083c756cc2,8786513134193,4676563763523186463350,carried_forward,sync_log,25546543,0x3b05703273f70a987a3001407ad251281f25badc7e0a6da2a9587757dcd69508,255,True
1,25546546,USDC_USDT,0x3041cbd36888becc7bbcbc0045e3b1f144466f5f,0xa0b86991c6218b36c1d19d4a2e9eb0ce3606eb48,0xdac17f958d2ee523a2206206994597c13d831ec7,1667118640391,1666411770774,carried_forward,sync_log,25546292,0xb37e100c6e4311afcb8d898ed7c1046cd2ab59972f2f22eb8c4f8f8bd174a548,235,True
1,25546546,USDT_WETH,0x0d4a11d5eeaac28ec3f61d100daf4d40471f1852,0xc02aaa39b223fe8d0a0e5c4f27ead9083c756cc2,0xdac17f958d2ee523a2206206994597c13d831ec7,3922717473703443085829,7375662268806,carried_forward,sync_log,25546527,0x01794eff1c90506c1f7c946e8eab6b942ab2c92f70480dd860e872bb82581d9b,635,True
1,25546546,WETH_USDC,0xb4e16d0168e52d35cacd2c6185b44281ec28c9dc,0xa0b86991c6218b36c1d19d4a2e9eb0ce3606eb48,0xc02aaa39b223fe8d0a0e5c4f27ead9083c756cc2,8786513134193,4676563763523186463350,carried_forward,sync_log,25546543,0x3b05703273f70a987a3001407ad251281f25badc7e0a6da2a9587757dcd69508,255,True
1,25546547,USDC_USDT,0x3041cbd36888becc7bbcbc0045e3b1f144466f5f,0xa0b86991c6218b36c1d19d4a2e9eb0ce3606eb48,0xdac17f958d2ee523a2206206994597c13d831ec7,1667118640391,1666411770774,carried_forward,sync_log,25546292,0xb37e100c6e4311afcb8d898ed7c1046cd2ab59972f2f22eb8c4f8f8bd174a548,235,True
1,25546547,USDT_WETH,0x0d4a11d5eeaac28ec3f61d100daf4d40471f1852,0xc02aaa39b223fe8d0a0e5c4f27ead9083c756cc2,0xdac17f958d2ee523a2206206994597c13d831ec7,3922717473703443085829,7375662268806,carried_forward,sync_log,25546527,0x01794eff1c90506c1f7c946e8eab6b942ab2c92f70480dd860e872bb82581d9b,635,True
1,25546547,WETH_USDC,0xb4e16d0168e52d35cacd2c6185b44281ec28c9dc,0xa0b86991c6218b36c1d19d4a2e9eb0ce3606eb48,0xc02aaa39b223fe8d0a0e5c4f27ead9083c756cc2,8786513134193,4676563763523186463350,carried_forward,sync_log,25546543,0x3b05703273f70a987a3001407ad251281f25badc7e0a6da2a9587757dcd69508,255,True
1,25546548,USDC_USDT,0x3041cbd36888becc7bbcbc0045e3b1f144466f5f,0xa0b86991c6218b36c1d19d4a2e9eb0ce3606eb48,0xdac17f958d2ee523a2206206994597c13d831ec7,1667118640391,1666411770774,carried_forward,sync_log,25546292,0xb37e100c6e4311afcb8d898ed7c1046cd2ab59972f2f22eb8c4f8f8bd174a548,235,True
1,25546548,USDT_WETH,0x0d4a11d5eeaac28ec3f61d100daf4d40471f1852,0xc02aaa39b223fe8d0a0e5c4f27ead9083c756cc2,0xdac17f958d2ee523a2206206994597c13d831ec7,3922717473703443085829,7375662268806,carried_forward,sync_log,25546527,0x01794eff1c90506c1f7c946e8eab6b942ab2c92f70480dd860e872bb82581d9b,635,True
1,25546548,WETH_USDC,0xb4e16d0168e52d35cacd2c6185b44281ec28c9dc,0xa0b86991c6218b36c1d19d4a2e9eb0ce3606eb48,0xc02aaa39b223fe8d0a0e5c4f27ead9083c756cc2,8786513134193,4676563763523186463350,carried_forward,sync_log,25546543,0x3b05703273f70a987a3001407ad251281f25badc7e0a6da2a9587757dcd69508,255,True
1,25546549,USDC_USDT,0x3041cbd36888becc7bbcbc0045e3b1f144466f5f,0xa0b86991c6218b36c1d19d4a2e9eb0ce3606eb48,0xdac17f958d2ee523a2206206994597c13d831ec7,1667118640391,1666411770774,carried_forward,sync_log,25546292,0xb37e100c6e4311afcb8d898ed7c1046cd2ab59972f2f22eb8c4f8f8bd174a548,235,True
1,25546549,USDT_WETH,0x0d4a11d5eeaac28ec3f61d100daf4d40471f1852,0xc02aaa39b223fe8d0a0e5c4f27ead9083c756cc2,0xdac17f958d2ee523a2206206994597c13d831ec7,3922717473703443085829,7375662268806,carried_forward,sync_log,25546527,0x01794eff1c90506c1f7c946e8eab6b942ab2c92f70480dd860e872bb82581d9b,635,True
1,25546549,WETH_USDC,0xb4e16d0168e52d35cacd2c6185b44281ec28c9dc,0xa0b86991c6218b36c1d19d4a2e9eb0ce3606eb48,0xc02aaa39b223fe8d0a0e5c4f27ead9083c756cc2,8786513134193,4676563763523186463350,carried_forward,sync_log,25546543,0x3b05703273f70a987a3001407ad251281f25badc7e0a6da2a9587757dcd69508,255,True
1,25546550,USDC_USDT,0x3041cbd36888becc7bbcbc0045e3b1f144466f5f,0xa0b86991c6218b36c1d19d4a2e9eb0ce3606eb48,0xdac17f958d2ee523a2206206994597c13d831ec7,1667118640391,1666411770774,carried_forward,sync_log,25546292,0xb37e100c6e4311afcb8d898ed7c1046cd2ab59972f2f22eb8c4f8f8bd174a548,235,True
1,25546550,USDT_WETH,0x0d4a11d5eeaac28ec3f61d100daf4d40471f1852,0xc02aaa39b223fe8d0a0e5c4f27ead9083c756cc2,0xdac17f958d2ee523a2206206994597c13d831ec7,3922717473703443085829,7375662268806,carried_forward,sync_log,25546527,0x01794eff1c90506c1f7c946e8eab6b942ab2c92f70480dd860e872bb82581d9b,635,True
1,25546550,WETH_USDC,0xb4e16d0168e52d35cacd2c6185b44281ec28c9dc,0xa0b86991c6218b36c1d19d4a2e9eb0ce3606eb48,0xc02aaa39b223fe8d0a0e5c4f27ead9083c756cc2,8786513134193,4676563763523186463350,carried_forward,sync_log,25546543,0x3b05703273f70a987a3001407ad251281f25badc7e0a6da2a9587757dcd69508,255,True
1,25546551,USDC_USDT,0x3041cbd36888becc7bbcbc0045e3b1f144466f5f,0xa0b86991c6218b36c1d19d4a2e9eb0ce3606eb48,0xdac17f958d2ee523a2206206994597c13d831ec7,1667118640391,1666411770774,carried_forward,sync_log,25546292,0xb37e100c6e4311afcb8d898ed7c1046cd2ab59972f2f22eb8c4f8f8bd174a548,235,True
1,25546551,USDT_WETH,0x0d4a11d5eeaac28ec3f61d100daf4d40471f1852,0xc02aaa39b223fe8d0a0e5c4f27ead9083c756cc2,0xdac17f958d2ee523a2206206994597c13d831ec7,3922717473703443085829,7375662268806,carried_forward,sync_log,25546527,0x01794eff1c90506c1f7c946e8eab6b942ab2c92f70480dd860e872bb82581d9b,635,True
1,25546551,WETH_USDC,0xb4e16d0168e52d35cacd2c6185b44281ec28c9dc,0xa0b86991c6218b36c1d19d4a2e9eb0ce3606eb48,0xc02aaa39b223fe8d0a0e5c4f27ead9083c756cc2,8786513134193,4676563763523186463350,carried_forward,sync_log,25546543,0x3b05703273f70a987a3001407ad251281f25badc7e0a6da2a9587757dcd69508,255,True
1,25546552,USDC_USDT,0x3041cbd36888becc7bbcbc0045e3b1f144466f5f,0xa0b86991c6218b36c1d19d4a2e9eb0ce3606eb48,0xdac17f958d2ee523a2206206994597c13d831ec7,1667118640391,1666411770774,carried_forward,sync_log,25546292,0xb37e100c6e4311afcb8d898ed7c1046cd2ab59972f2f22eb8c4f8f8bd174a548,235,True
1,25546552,USDT_WETH,0x0d4a11d5eeaac28ec3f61d100daf4d40471f1852,0xc02aaa39b223fe8d0a0e5c4f27ead9083c756cc2,0xdac17f958d2ee523a2206206994597c13d831ec7,3922717473703443085829,7375662268806,carried_forward,sync_log,25546527,0x01794eff1c90506c1f7c946e8eab6b942ab2c92f70480dd860e872bb82581d9b,635,True
1,25546552,WETH_USDC,0xb4e16d0168e52d35cacd2c6185b44281ec28c9dc,0xa0b86991c6218b36c1d19d4a2e9eb0ce3606eb48,0xc02aaa39b223fe8d0a0e5c4f27ead9083c756cc2,8786513134193,4676563763523186463350,carried_forward,sync_log,25546543,0x3b05703273f70a987a3001407ad251281f25badc7e0a6da2a9587757dcd69508,255,True
1,25546553,USDC_USDT,0x3041cbd36888becc7bbcbc0045e3b1f144466f5f,0xa0b86991c6218b36c1d19d4a2e9eb0ce3606eb48,0xdac17f958d2ee523a2206206994597c13d831ec7,1667118640391,1666411770774,carried_forward,sync_log,25546292,0xb37e100c6e4311afcb8d898ed7c1046cd2ab59972f2f22eb8c4f8f8bd174a548,235,True
1,25546553,USDT_WETH,0x0d4a11d5eeaac28ec3f61d100daf4d40471f1852,0xc02aaa39b223fe8d0a0e5c4f27ead9083c756cc2,0xdac17f958d2ee523a2206206994597c13d831ec7,3922717473703443085829,7375662268806,carried_forward,sync_log,25546527,0x01794eff1c90506c1f7c946e8eab6b942ab2c92f70480dd860e872bb82581d9b,635,True
1,25546553,WETH_USDC,0xb4e16d0168e52d35cacd2c6185b44281ec28c9dc,0xa0b86991c6218b36c1d19d4a2e9eb0ce3606eb48,0xc02aaa39b223fe8d0a0e5c4f27ead9083c756cc2,8786513134193,4676563763523186463350,carried_forward,sync_log,25546543,0x3b05703273f70a987a3001407ad251281f25badc7e0a6da2a9587757dcd69508,255,True
1,25546554,USDC_USDT,0x3041cbd36888becc7bbcbc0045e3b1f144466f5f,0xa0b86991c6218b36c1d19d4a2e9eb0ce3606eb48,0xdac17f958d2ee523a2206206994597c13d831ec7,1667118640391,1666411770774,carried_forward,sync_log,25546292,0xb37e100c6e4311afcb8d898ed7c1046cd2ab59972f2f22eb8c4f8f8bd174a548,235,True
1,25546554,USDT_WETH,0x0d4a11d5eeaac28ec3f61d100daf4d40471f1852,0xc02aaa39b223fe8d0a0e5c4f27ead9083c756cc2,0xdac17f958d2ee523a2206206994597c13d831ec7,3922717473703443085829,7375662268806,carried_forward,sync_log,25546527,0x01794eff1c90506c1f7c946e8eab6b942ab2c92f70480dd860e872bb82581d9b,635,True
1,25546554,WETH_USDC,0xb4e16d0168e52d35cacd2c6185b44281ec28c9dc,0xa0b86991c6218b36c1d19d4a2e9eb0ce3606eb48,0xc02aaa39b223fe8d0a0e5c4f27ead9083c756cc2,8786513134193,4676563763523186463350,carried_forward,sync_log,25546543,0x3b05703273f70a987a3001407ad251281f25badc7e0a6da2a9587757dcd69508,255,True
1,25546555,USDC_USDT,0x3041cbd36888becc7bbcbc0045e3b1f144466f5f,0xa0b86991c6218b36c1d19d4a2e9eb0ce3606eb48,0xdac17f958d2ee523a2206206994597c13d831ec7,1667118640391,1666411770774,carried_forward,sync_log,25546292,0xb37e100c6e4311afcb8d898ed7c1046cd2ab59972f2f22eb8c4f8f8bd174a548,235,True
1,25546555,USDT_WETH,0x0d4a11d5eeaac28ec3f61d100daf4d40471f1852,0xc02aaa39b223fe8d0a0e5c4f27ead9083c756cc2,0xdac17f958d2ee523a2206206994597c13d831ec7,3922717473703443085829,7375662268806,carried_forward,sync_log,25546527,0x01794eff1c90506c1f7c946e8eab6b942ab2c92f70480dd860e872bb82581d9b,635,True
1,25546555,WETH_USDC,0xb4e16d0168e52d35cacd2c6185b44281ec28c9dc,0xa0b86991c6218b36c1d19d4a2e9eb0ce3606eb48,0xc02aaa39b223fe8d0a0e5c4f27ead9083c756cc2,8786513134193,4676563763523186463350,carried_forward,sync_log,25546543,0x3b05703273f70a987a3001407ad251281f25badc7e0a6da2a9587757dcd69508,255,True
