block_number,block_hash,transaction_hash,transaction_index,log_index,pair_address,event_type,in_observation_window,sender,to,reserve0_raw,reserve1_raw,amount0_in_raw,amount1_in_raw,amount0_out_raw,amount1_out_raw,removed
25543560,0xa52463c6bd612fe87b9f2fcf005d6ad829aff87503fb6bd743def25413eada37,0x8bd6e2f4c4e52690de766b0061e5558f350d8e97830ac1e8db12abaea4f28c0d,11,33,0xb4e16d0168e52d35cacd2c6185b44281ec28c9dc,Sync,False,,,8883370981108,4625151616185069519066,,,,,False
25543575,0xe3be5fa653e6507acf4449820dae334e035bbea3e3fdfa1ad9204b11885a06b9,0xe62f9be555955f0e5f400b3c0b23941d23099fc8cf9c9e7eae402a8ae2bf39fb,430,1920,0xb4e16d0168e52d35cacd2c6185b44281ec28c9dc,Sync,False,,,8883350896110,4625162104985101932564,,,,,False
25543583,0xd319800059627407d74820c1a21255b6ddd82440919f4443c0e81f1506f3e103,0x4724d38681728fc9e6d597a44d41b2e510f650680a097042d65f3852375ffde5,642,407,0x0d4a11d5eeaac28ec3f61d100daf4d40471f1852,Sync,False,,,3880100509931851601416,7456152828429,,,,,False
25543603,0x0f94fa37a6b5eb89a1b1d0955291a4e8cd138aa248666f4b39aa84b8f387fee1,0x6312272489c1de4b19751ceb59a9aad7966d8314fac772c824d61d5229ba7ca4,105,235,0x0d4a11d5eeaac28ec3f61d100daf4d40471f1852,Sync,False,,,3880035657526737856875,7456277828429,,,,,False
25543628,0xd38c668d5ab87822fa9780dba1ad3e0ff65b0e616c78a1ca63cf4124492ea12f,0x82454bd1199cdfd7eda3bd488f5e0930fd2c2f2362b8c8c0a1c5fa890c230846,118,356,0x0d4a11d5eeaac28ec3f61d100daf4d40471f1852,Sync,False,,,3880033582285674928903,7456281828429,,,,,False
25543628,0xd38c668d5ab87822fa9780dba1ad3e0ff65b0e616c78a1ca63cf4124492ea12f,0x4dcf95dabf2befe537a983d7e06a00d9b9a64abe9a7976c475ccdc1924d4c68b,126,622,0x0d4a11d5eeaac28ec3f61d100daf4d40471f1852,Sync,False,,,3880058600828041785751,7456233894702,,,,,False
25543638,0x0852bf86af8a5c2f6a73cbeab036f646213ac576f373fffdc70d013168de10c8,0x503b266816482ba9c8c4a3e9a16267fce697ff94486bfdda6bfc0ac52786022e,42,69,0xb4e16d0168e52d35cacd2c6185b44281ec28c9dc,Sync,False,,,8883350885811,4625162110363986302398,,,,,False
25543639,0x37e19401bbbb680a5b69b8b88275df9a5a396016edc343b5abedf69af4ced69e,0xea9839508a63c8dce49f5815094b31468ceed94caeb63a6189c40cd53f623760,17,171,0x0d4a11d5eeaac28ec3f61d100daf4d40471f1852,Sync,False,,,3880099853526179626316,7456154858848,,,,,False
25543642,0xcf2e4a0d164ec823ef3b515a43ef36cb50a431aeb427e17d165595ff6afbdb17,0x1a65729fd4e78e067c0f6cc516b2d52aa62c8c18fd0f76ae7459d3cb97de38dc,30,44,0x0d4a11d5eeaac28ec3f61d100daf4d40471f1852,Sync,False,,,3880101942342164592964,7456150856940,,,,,False
25543646,0x0b2d7384150e7162ae6e1b17b984ef0695df917a53f309162d701d596b9a2f84,0xfad42f992d705a2f7acb433a44c53c62098e919b723ae965d5e4bd5057f2e53a,158,579,0x0d4a11d5eeaac28ec3f61d100daf4d40471f1852,Sync,False,,,3880099867030309104659,7456154856940,,,,,False
25543648,0xc2497c24593e002a8c3e58e000c777492a42dbc1c5e5cc36250cbeb8c1beee4b,0x40393cbe3cbdd5c64f2c7521c1ca516675c1a3f22e2001ebb05c5c47194e9526,17,24,0xb4e16d0168e52d35cacd2c6185b44281ec28c9dc,Sync,False,,,8883197158389,4625242391562113971531,,,,,False
25543648,0xc2497c24593e002a8c3e58e000c777492a42dbc1c5e5cc36250cbeb8c1beee4b,0xf4e1c435dac354ee6e30af8ff3a668600a1094042a88cacf01d0984d08318b2e,18,34,0xb4e16d0168e52d35cacd2c6185b44281ec28c9dc,Sync,False,,,8883197856868,4625242028973911635275,,,,,False
25543648,0xc2497c24593e002a8c3e58e000c777492a42dbc1c5e5cc36250cbeb8c1beee4b,0x5a3b63bfe35642cacbfa3d5033d9c92138acde74a0f87ea4626d409036125c55,38,69,0x0d4a11d5eeaac28ec3f61d100daf4d40471f1852,Sync,False,,,3880109854125561461539,7456135722963,,,,,False
25543657,0xde945ea18073213cb1e7422a826f1858088c6d3605e3c8e1bbfa9eff232b139b,0x831874f424281ed33863374a0a8f65ea918f367dafa3c83d16bd3bb8e1c007d1,204,687,0xb4e16d0168e52d35cacd2c6185b44281ec28c9dc,Sync,False,,,22003311293497,11456531961921591663465,,,,,False
25543657,0xde945ea18073213cb1e7422a826f1858088c6d3605e3c8e1bbfa9eff232b139b,0x831874f424281ed33863374a0a8f65ea918f367dafa3c83d16bd3bb8e1c007d1,204,725,0xb4e16d0168e52d35cacd2c6185b44281ec28c9dc,Sync,False,,,8883197856869,4625242028974047001526,,,,,False
25543660,0x304df59fb6c943543f3ab85cc1c41e3d511df9d3f40d37e5949492e54e598f3d,0x0811c20fb9c2f5b443b3239e005580e3470e8531643f8a65865dddb30c73884f,48,103,0x0d4a11d5eeaac28ec3f61d100daf4d40471f1852,Sync,False,,,3880106222316494178928,7456142722963,,,,,False
25543664,0x9af697e5bcefb421aedaf4b90074c8a7c1a11eaa3671d8572eb3926d3ac5319d,0x82585b510987b5adf5859635170328ec198a5df9473a789e07a176581fc9ca01,17,63,0xb4e16d0168e52d35cacd2c6185b44281ec28c9dc,Sync,False,,,8883197846570,4625242034353116988586,,,,,False
25543667,0x17f1af44e8e369b30212e42cbb75613b25acf9f0968ba82535d3ede60775e982,0xa66749ca39b910a1ecf4b2c7a6ac510a8813d3d2bc5e1875b426a5db36d97053,114,974,0x0d4a11d5eeaac28ec3f61d100daf4d40471f1852,Sync,False,,,3880122159297664050113,7456112189924,,,,,False
25543681,0x2cef4a3eaf9fea0b749f5a25c31102e3bf2261195b6d181dcd0b543d749b33ef,0x351b28be1e5686bc9f34268422e9885b06a6653f0b4f6cd3435809bc8590012f,4,81,0x3041cbd36888becc7bbcbc0045e3b1f144466f5f,Sync,False,,,1668001016548,1665670294172,,,,,False
25543705,0x2310537cb6dedbffe60a9a8cc6ff22cedca2f87f51b53f90f01a7bab4aa3a932,0xb7fbf2f523920b644ba81a76381b9e6bbadf2c3c3a4ffbd3a5c38236ce91f34f,135,590,0xb4e16d0168e52d35cacd2c6185b44281ec28c9dc,Sync,False,,,8883197876558,4625242018786014378149,,,,,False
25543706,0xc6fc1a499d64e215cc7342ba452e27e0bcdaffa63425420e28f677e6a44cbe1d,0x527da19e02f1ac4602b78ea77bfd6b5d83e79b2f814e3f45c6a13f68902cd317,76,235,0x0d4a11d5eeaac28ec3f61d100daf4d40471f1852,Sync,False,,,3880116970968248509526,7456122189924,,,,,False
25543711,0x7db1550c1656ede3dedc4a7f0de51499b417ab4056f37d4dbe2b08fbc31a6396,0x8867dc3d73984de3a74fb796474821d1f348a3294711a125ef75f2c2726327ef,74,124,0x0d4a11d5eeaac28ec3f61d100daf4d40471f1852,Sync,False,,,3880109707330406293605,7456136189924,,,,,False
25543724,0xb23bf36182427c15b3c8ae64f3178ee10fcd417dc1ad73f77d0c2f422c5abe17,0xb89d4a82fe91f7c5c63ef50a3e04601a5215f9c53cf7fde7edadad9f98061589,215,742,0xb4e16d0168e52d35cacd2c6185b44281ec28c9dc,Sync,False,,,8883188091559,4625247128907938692534,,,,,False
25543728,0xe1b665ac81b96dc824232638963d38feee7fca0bba733a229cd068418ba4cba6,0xcb76aced21731de834d622351009241ff01c63158b3cbe24b7ad501f10f23311,123,243,0xb4e16d0168e52d35cacd2c6185b44281ec28c9dc,Sync,False,,,8883188690800,4625246817834640761725,,,,,False
25543732,0x9950e25f40f1b67b98337eb9e371a4974f3146b8966850dad38be86ba19ed5b9,0x1d402cf746dce3ce8477c2b8865712d88aca1c04cae67cceb524103109292e8f,66,381,0x0d4a11d5eeaac28ec3f61d100daf4d40471f1852,Sync,False,,,3880107632010315256633,7456140189924,,,,,False
25543742,0x7f725f9a60d5e4e13099749e516286bcc1a272106dff82d99e58ec7b8ecb4043,0xaca172fd32f2694c995dc8af51670bdb48ff7d4d656c7b762f652b667d41be61,200,984,0x0d4a11d5eeaac28ec3f61d100daf4d40471f1852,Sync,False,,,3880107980498315256633,7456139522268,,,,,False
25543746,0xc6fbb890584083900b6aa6ddc74cc03dbc6651c17868fef49c1ca537f02cc16e,0x96e868188ef47f5004354b619b250e35df61499846f2ac491682ed1434da8900,46,149,0x0d4a11d5eeaac28ec3f61d100daf4d40471f1852,Sync,False,,,3880102792206878009557,7456149522268,,,,,False
25543755,0x1fe6e28cf0ab76510f8ce1712753be13dbcf13c80075cb53fceba32032b68a72,0xa5b10f89492b2b0f9c3ecac2748bd619107f3db73489eca7e80b8b9b8b881b5b,346,1350,0xb4e16d0168e52d35cacd2c6185b44281ec28c9dc,Sync,False,,,8883173716639,4625254637967198517679,,,,,False
25543761,0xbdcc877643408a1ba4849432752e01f93f776b34931649142c4128efe1468772,0xbff65c61dec8b1cce9f8f45f4167dabaadee00a46ca07239bf397ccb3b23d44b,1,67,0xb4e16d0168e52d35cacd2c6185b44281ec28c9dc,Sync,False,,,8881278925489,4626244389828293928111,,,,,False
25543761,0xbdcc877643408a1ba4849432752e01f93f776b34931649142c4128efe1468772,0xbff65c61dec8b1cce9f8f45f4167dabaadee00a46ca07239bf397ccb3b23d44b,1,82,0x0d4a11d5eeaac28ec3f61d100daf4d40471f1852,Sync,False,,,3880777491120814173141,7454857109435,,,,,False
25543762,0xc7652ae5c9b05437a6eeaabdfee9db2624072328e55783a28c43f54afa7280f8,0x5b7cdc9164052ac17c609c6bf1a9deec11858164bc13739bdc32f4d2ecf11e0d,32,96,0x0d4a11d5eeaac28ec3f61d100daf4d40471f1852,Sync,False,,,3880776724826524933287,7454858585893,,,,,False
25543763,0xbde60cda7a557b352ff0428746e17cfb9a5c0b535b7e24a746602ccb9250a1f5,0x2be25cbb2d728cd36c9e7af013163914532c4af766622e708bd5f8dcb15fab1c,109,312,0xb4e16d0168e52d35cacd2c6185b44281ec28c9dc,Sync,False,,,8880744582075,4626523583366667370351,,,,,False
25543764,0x9875f58c6f1e6893efc0dae360858f28c30e3cb6595d01a6807ddf1ae8ff6909,0xfac9aaf76d92105c9c12bebe6f328ceff49286bce1bde3060cfd09bfc42a6224,5,21,0x0d4a11d5eeaac28ec3f61d100daf4d40471f1852,Sync,False,,,3881241647976602560807,7453968269552,,,,,False
25543764,0x9875f58c6f1e6893efc0dae360858f28c30e3cb6595d01a6807ddf1ae8ff6909,0xb93513cd7ffd639b67a0ce75bb685314efb33a6d8dcbe34a8b3c9ad82a17e1a1,136,1317,0xb4e16d0168e52d35cacd2c6185b44281ec28c9dc,Sync,False,,,8880223007147,4626796137846453402895,,,,,False
25543765,0x2cddbdf06dfa2a5a75f43e39235cb5ca114f64ce0bd2f9880fdaa304f9d5dfab,0x412e1f7d02a8a86cd46a65bf973569bbc07bcb6c925340e0ad42869fe3bf625f,6,44,0xb4e16d0168e52d35cacd2c6185b44281ec28c9dc,Sync,False,,,8880224482525,4626795371447537547577,,,,,False
25543769,0xded0ba412a85b2b641743ac889020eb350145e2f03d4cd8ab83d34337e79ce2a,0x61ceb9c568ef158a7d19464053d0dc9210a1b34199d56d8e2386a57230f9458f,7,90,0xb4e16d0168e52d35cacd2c6185b44281ec28c9dc,Sync,False,,,8880225957999,4626794604999007898249,,,,,False
25543770,0x8c49a0c6ebba0e51f55c47bc3f583f7b6ab9a1e58aa43930aaa019cbf60bb1bd,0x68bcac2adb34ece02d35ed6f5e45d867151743253a798c0e953ccebd4f23de2f,97,306,0x0d4a11d5eeaac28ec3f61d100daf4d40471f1852,Sync,False,,,3881236220007971114414,7453978725409,,,,,False
25543772,0xab202f6257700971c984f488285d031400ba1daaadf6ec0a6519a68ea14d30d0,0x4683fc245c7d0ae38566e89f94efe2d7009ce3e9cde3cee2ed77b950756f368d,3,117,0x0d4a11d5eeaac28ec3f61d100daf4d40471f1852,Sync,False,,,3882501884854879288494,7451556074860,,,,,False
25543772,0xab202f6257700971c984f488285d031400ba1daaadf6ec0a6519a68ea14d30d0,0x4683fc245c7d0ae38566e89f94efe2d7009ce3e9cde3cee2ed77b950756f368d,3,126,0xb4e16d0168e52d35cacd2c6185b44281ec28c9dc,Sync,False,,,8877364385220,4628290516191577594505,,,,,False
25543773,0x6a06412bee03c9f7e63a5c6d6f08b24a57740ab9eb3a4a09e008b89c741be943,0x3e11c9be57e81409c2bfad23e55c65655230bf7cabc62dd841842e249eb03ad9,1,194,0x0d4a11d5eeaac28ec3f61d100daf4d40471f1852,Sync,False,,,3884896854253300113582,7446976096653,,,,,False
25543773,0x6a06412bee03c9f7e63a5c6d6f08b24a57740ab9eb3a4a09e008b89c741be943,0x3e11c9be57e81409c2bfad23e55c65655230bf7cabc62dd841842e249eb03ad9,1,224,0xb4e16d0168e52d35cacd2c6185b44281ec28c9dc,Sync,False,,,8871911839173,4631143554333678437001,,,,,False
25543775,0x8993872eafd5e12a827e80950c90dea8f33d4306fa990ffc28d20dc9933f4be7,0x7c6e998ecb57dc87a7853a38ad9aa64e62707380233f6cf2003ecd3495d231ed,19,84,0xb4e16d0168e52d35cacd2c6185b44281ec28c9dc,Sync,False,,,8869769139182,4632265683899040630665,,,,,False
25543775,0x8993872eafd5e12a827e80950c90dea8f33d4306fa990ffc28d20dc9933f4be7,0x55cbb0b9259268cd67126e85961ae8b2353ef14becee950204fdc1f80b9e9c8e,21,92,0x0d4a11d5eeaac28ec3f61d100daf4d40471f1852,Sync,False,,,3885881591385702426542,7445094591848,,,,,False
25543777,0x2003fd1543c1b63b610ac5c756c6f3ddee2842cf078e2515ad2c8ca4a74e5c66,0xc1db17cde1355559928d1bfc33e8791285a7da0becb59726449db61b458facf7,654,1395,0xb4e16d0168e52d35cacd2c6185b44281ec28c9dc,Sync,False,,,8869752255355,4632274528081964801426,,,,,False
25543778,0x32e4d0d8667d913bf298a8710efa6a24ba4e72fa2762cf1a6f9e5a59362b7c0f,0x07d7b212181769ca7baf9b93257e9dc107805161d910804682d1c699a082bb9f,33,239,0x0d4a11d5eeaac28ec3f61d100daf4d40471f1852,Sync,False,,,3886318326242134124782,7444260440206,,,,,False
25543778,0x32e4d0d8667d913bf298a8710efa6a24ba4e72fa2762cf1a6f9e5a59362b7c0f,0x33b66893b3bdf48d4172dfe3c10104af9178655f57f2d547db46663a309f3069,40,262,0xb4e16d0168e52d35cacd2c6185b44281ec28c9dc,Sync,False,,,8868622438678,4632866431633875367186,,,,,False
25543785,0x141e0b700c5192984280b20c6ca34218cb66bdc3c48738b65e805502b76d1e6c,0xb52ae51c3d564d29b1fe4a49c923f7c301dfc73163c47a02d5acc67c1146e605,84,211,0xb4e16d0168e52d35cacd2c6185b44281ec28c9dc,Sync,False,,,8867519595578,4633444350753905460626,,,,,False
25543785,0x141e0b700c5192984280b20c6ca34218cb66bdc3c48738b65e805502b76d1e6c,0x951bb43521f9995a823c2de14c540b058c459e0b6007847ab9fbd59f8944e1cd,85,215,0x0d4a11d5eeaac28ec3f61d100daf4d40471f1852,Sync,False,,,3886842382995132828462,7443259755145,,,,,False
25543786,0xda64ca563a7fbce64e140ac1e0733338eff62ec8464792b1dacc83ccd9c7957a,0x24792b7d6ef6b84c5c7f35e92ed832a3ae158d9e926ed590c8d5c844f8518b0d,21,101,0xb4e16d0168e52d35cacd2c6185b44281ec28c9dc,Sync,False,,,8866654529265,4633897769293817631250,,,,,False
25543786,0xda64ca563a7fbce64e140ac1e0733338eff62ec8464792b1dacc83ccd9c7957a,0x80f0c681917f1f3c37617b2adc43a2cbea693e229d2aea4b50687119c2d2e24d,24,112,0x0d4a11d5eeaac28ec3f61d100daf4d40471f1852,Sync,False,,,3887180253060805144686,7442614735985,,,,,False
25543787,0x7104a9dbc7b711bb8b28a5d115211c960d7a51f3c916124af3acac6e36cd01d5,0xc77f8be74419357b0fc6aaf743b75e6c0ba433e8759c9f66458c254eb88b3317,15,12,0xb4e16d0168e52d35cacd2c6185b44281ec28c9dc,Sync,False,,,8866677608778,4633885743677794021502,,,,,False
25543787,0x7104a9dbc7b711bb8b28a5d115211c960d7a51f3c916124af3acac6e36cd01d5,0x70e639fe04d1cd0876c85f35760a1d740ade80f0578a329829be0eeff1d64989,16,17,0xb4e16d0168e52d35cacd2c6185b44281ec28c9dc,Sync,False,,,8866680428692,4633884274361529659518,,,,,False
25543793,0x20e5fca084acc808e46aff2ec495b0bc6b7f27fd28a84b26943b78fcadbb6a62,0xe063af154f4d8e69571320e91a1d22b1bfba2d57fc275f7d890617e5b59792ab,23,101,0xb4e16d0168e52d35cacd2c6185b44281ec28c9dc,Sync,False,,,8863254035965,4635681054078169884798,,,,,False
25543793,0x20e5fca084acc808e46aff2ec495b0bc6b7f27fd28a84b26943b78fcadbb6a62,0xc670b045887ac4e9a4a15cdceeb94e8b985f466dabb3fbd1463e9753cdf29622,25,108,0x0d4a11d5eeaac28ec3f61d100daf4d40471f1852,Sync,False,,,3888703519443372415342,7439708095198,,,,,False
25543802,0x9e7628a09bf96ed2ca6c3c98a6f10d2924489d4f071b64697a18d1f76724a5e5,0x88a741a6d36ef6eda90e0d8fadd8c0f2121ccea51dc7b350d8e571c83a14deaf,26,108,0x0d4a11d5eeaac28ec3f61d100daf4d40471f1852,Sync,False,,,3889126062032780121582,7438902218132,,,,,False
25543802,0x9e7628a09bf96ed2ca6c3c98a6f10d2924489d4f071b64697a18d1f76724a5e5,0x919931fcfe822dc09f122b0f070b6cb4ccdaac8ca3194ab22a8ec9837a7deb80,27,112,0xb4e16d0168e52d35cacd2c6185b44281ec28c9dc,Sync,False,,,8862380866374,4636139161629224438526,,,,,False
25543805,0xc0ae907c8d008d160e290d94611f35aca80a9fe786494cc02c3c63a992d67337,0x7acbf38117f23a2943c5dabd3ef76ba8c389346b7ec9d73cc1b2dc8b500c8f2b,77,172,0xb4e16d0168e52d35cacd2c6185b44281ec28c9dc,Sync,False,,,8862363874729,4636148077159308801233,,,,,False
25543812,0x817be9c7572f705c70b4d68b107152a221f5f40abba8a0003958e7408cc5d87c,0x1371d61db64d234026752606c88a9077317bad8d1dff3807466930dfbfd3e660,65,357,0x0d4a11d5eeaac28ec3f61d100daf4d40471f1852,Sync,False,,,3889118764676513623132,7438916218132,,,,,False
25543813,0x5c8b49761db00f5b75a12536238d30186826c4f56234461143ed64f8aee7a6c5,0xbd26754795f7eb5408d92f75379ea8851868aad2d6614e551392ad5c2cc26d7e,5,90,0xb4e16d0168e52d35cacd2c6185b44281ec28c9dc,Sync,False,,,8861863416198,4636410683486464048856,,,,,False
25543818,0x99af6c269af7e932d184941d5ffe2e5cb3a0f5d642cefd1b1dfccb9e4578be01,0xf6557df906065df89e7cf0b94625d90a3ededd4e669f0e5f3620ed27444763a3,18,80,0x0d4a11d5eeaac28ec3f61d100daf4d40471f1852,Sync,False,,,3890394047599158731100,7436485036888,,,,,False
25543818,0x99af6c269af7e932d184941d5ffe2e5cb3a0f5d642cefd1b1dfccb9e4578be01,0x69d25d4ad59b7369bab16a493f9b2ef33ab639665a5f53038bd5bec755b06cae,19,84,0xb4e16d0168e52d35cacd2c6185b44281ec28c9dc,Sync,False,,,8859352053493,4637728925316610192088,,,,,False
25543819,0x6e6e5f84f53a9291504372d007c5733be46415f087fbd0bc35267be3f048005b,0x13eb20a61bdc85312efb0ece2345e07eb93442cda70b5c62a91ce441b41897af,21,184,0xb4e16d0168e52d35cacd2c6185b44281ec28c9dc,Sync,False,,,8859209696972,4637803672113800572088,,,,,False
25543820,0x8a7b0fd6485ac23660335b218ac981f506aeeba8ec16af954d664f8bcf897eee,0xbaa3b6e2381ae2300b5c0ccf1f23a45c621a2c04b89acf24cae79b6ce7f15bcc,103,586,0xb4e16d0168e52d35cacd2c6185b44281ec28c9dc,Sync,False,,,8858619681388,4638113495807914082648,,,,,False
25543841,0x94efffccb290728f8bf70dfc0af2254035ae6d207cfa78886c9f1b9db23d305c,0x3add1ca6b69a9d0d83308d011c50f451b308d440bb1d9e42a7b1d95c0716cfb3,43,94,0x0d4a11d5eeaac28ec3f61d100daf4d40471f1852,Sync,False,,,3890391028763488421865,7436490824758,,,,,False
25543844,0x5b422034b0d0e61160ea4baba822e9c1ef8982e5dce0be05e4b61841e54f7c9c,0x4dc62e851153e7e228d0f359b374c9e18b39fc1520a5e1b5a35ff51ce1818209,50,50,0x0d4a11d5eeaac28ec3f61d100daf4d40471f1852,Sync,False,,,3890388942447312137903,7436494824758,,,,,False
25543846,0x5637878ba9b9d1f692aa214a423e7635826c26a0ccf085033e1766e11d1ffe19,0xa9432f0998c2ae852f1d676cac9eb36b2ebdd58fe8ffbaa3a2c8dca89f4b1ad0,251,623,0x0d4a11d5eeaac28ec3f61d100daf4d40471f1852,Sync,False,,,3890381640358328583927,7436508824758,,,,,False
25543850,0xc293cbdf939fc1e393d8d9676e0e5af3e52b68847c995f4ea699aa2f3961428f,0xac31b3d4794e8995b4998269fa3c8e2dcf56b530d9a35bbf2ba27cb5b2552c73,12,126,0xb4e16d0168e52d35cacd2c6185b44281ec28c9dc,Sync,False,,,8858626774369,4638109793275042668549,,,,,False
25543854,0x4dbd8433ac31057d319f92763303062ad9f442ef09024a6a550a20ade611cc2a,0xb1b87557e2c0b042a61c587ac1d359231335205fe2b5be8773e9b818b4886faa,33,187,0xb4e16d0168e52d35cacd2c6185b44281ec28c9dc,Sync,False,,,8858607204371,4638120070390111714899,,,,,False
25543854,0x4dbd8433ac31057d319f92763303062ad9f442ef09024a6a550a20ade611cc2a,0xbf30b4192d65806ef07660b0b23616b7086cd004a54f12ea22e6e0479424b6dd,51,226,0x0d4a11d5eeaac28ec3f61d100daf4d40471f1852,Sync,False,,,3890385640358328583927,7436501201659,,,,,False
25543858,0xf342b909882baecd9b7f8d44e836686d49078e9b108d3a65199aac272c3d8eda,0xf71d49b0ac78d9534db7fff82f0430f52be4fbb17d5845ab78647162bbd82db4,248,596,0xb4e16d0168e52d35cacd2c6185b44281ec28c9dc,Sync,False,,,8858602569392,4638122504439696583786,,,,,False
25543859,0xa77f8ae5f9377889c43650c1cec10791a398fa0491a78978b135992c1ae9ba7d,0x175b435b01019820ddbaaf9b0596ff32a227c551f110cafbdfe409f635cc8099,84,498,0x0d4a11d5eeaac28ec3f61d100daf4d40471f1852,Sync,False,,,3890306751243942834804,7436652455610,,,,,False
25543860,0x88cc626b5465a5cbdc0e55235d074b306d748cf465f23cb29a6977d5f3f5bcd5,0x94c6ad7c5108d924b85d5a0fe32574eb3d5a630af81cb54dac5fa9ce8dd0160f,18,84,0x0d4a11d5eeaac28ec3f61d100daf4d40471f1852,Sync,False,,,3890926363067786469236,7435471758044,,,,,False
25543865,0x435012c33941e9470a73be9e2146870ecfec83ce9cdbd14d2fd19910ba2fa347,0x4ec55824b1d1a8b22864cc1f100308e5a3d022f979d8256e000c8a92dbb566ce,16,93,0xb4e16d0168e52d35cacd2c6185b44281ec28c9dc,Sync,False,,,8858592011893,4638128048697693085268,,,,,False
25543875,0x05b59232154400718b6aac9bf8e27acb02ff418bb1e0a14023df7ff6aa7249f0,0x91accde6b1c9ce58d674924afa06a876f01c76f1937433b8f2bbfac23c21d913,88,903,0x0d4a11d5eeaac28ec3f61d100daf4d40471f1852,Sync,False,,,3890916972083831016059,7435489758044,,,,,False
25543878,0xc32e98065d53422e76aa7486e49b8cd3d1d75e90cd5841002982b8abd3d4a88a,0xb53b20bb9dd34007e91ba3e3b26659bd41173222389b992a587579f21d38a95a,103,200,0x0d4a11d5eeaac28ec3f61d100daf4d40471f1852,Sync,False,,,3890909668016592214247,7435503758044,,,,,False
25543892,0x4dbb109c77f518c9bbd3b1e5835035b690760d841ba47caf83a85021e0d04b32,0x31e0c22985d1d05b94ee9764914fefca9d87b45bfd980b3fd55d1f25ba31cacd,40,136,0xb4e16d0168e52d35cacd2c6185b44281ec28c9dc,Sync,False,,,8858580016298,4638134348185830066031,,,,,False
25543894,0xfea0762dfe4c0a62698a9154999153dfe796a5ec31a46520c902001c3bf0f6fc,0xe8b22c1eb3792fe6abefe856bccd11229c62b927ded84fdfc8af5a8fbe88d82a,43,102,0xb4e16d0168e52d35cacd2c6185b44281ec28c9dc,Sync,False,,,8858374016438,4638242531698613023469,,,,,False
25543916,0x4d51ad38bc8f39a4ea152d9fa44e534936d5e69c26b3f009c5e63a07220a5a66,0xa7197eebbc28743ea3fc9a81107d40db6e5628fe13750a90c564813ecf9f0d54,56,170,0xb4e16d0168e52d35cacd2c6185b44281ec28c9dc,Sync,False,,,8858460304618,4638197487206920500426,,,,,False
25543939,0xe15f4b1169537a1315576d7e8b42c7b5daa2b97ea409111afeeecb04f28c700e,0xee2e1ef00f072cca20a0cbe88d011dd2ff7a0930a1a4319fe8d9e256cc69727f,74,232,0x0d4a11d5eeaac28ec3f61d100daf4d40471f1852,Sync,False,,,3890909146298556006820,7435504758044,,,,,False
25543940,0x37a275b5f829d478f68e76f3ef4c780b3b6bf98c784c6b1fe2c6b3ea6b3508a3,0x3a2cfb43842f990d65de54d9963a71bca0e4b6ca7c275565864481f9510db8ce,44,149,0x0d4a11d5eeaac28ec3f61d100daf4d40471f1852,Sync,False,,,3890909646298556006820,7435503805414,,,,,False
25543942,0x1b099fc51dcb59141ce40c6b10f567defa8c4f924f1216627464b9ff6be76dfd,0x5dbec9118247c3ee6eba5f0b22eeaa81a236defec6087fb28f10c23cad8279d3,96,313,0xb4e16d0168e52d35cacd2c6185b44281ec28c9dc,Sync,False,,,8858460282904,4638197498610643966923,,,,,False
25543943,0x997889bd361bdf002772515b94b1d657996a935d0ab35a042ef331f62e381e84,0xe75ca27a5e3b848cc08ade7e10f30045c8e737d1a617dc499bdf73e7d2bf7f62,19,84,0xb4e16d0168e52d35cacd2c6185b44281ec28c9dc,Sync,False,,,8853518035149,4640794448586836894155,,,,,False
25543943,0x997889bd361bdf002772515b94b1d657996a935d0ab35a042ef331f62e381e84,0x5e4614382faf30cf69a85d68fc1cf352df20659b1d16f9c6b5952ff9bd4a4b01,20,88,0x0d4a11d5eeaac28ec3f61d100daf4d40471f1852,Sync,False,,,3892968954506319332260,7431582363470,,,,,False
25543943,0x997889bd361bdf002772515b94b1d657996a935d0ab35a042ef331f62e381e84,0xbee93dcc24c59a19cc573b8f0d6404442a760ddf4205ad3b33d6b135cab99beb,143,1018,0x0d4a11d5eeaac28ec3f61d100daf4d40471f1852,Sync,False,,,3892968285370880857582,7431583644677,,,,,False
25543944,0x447a545da12f2a19f8090f22ec05562359b74ef37fb59f1441d5d44d409fd0b2,0x27cc822e87f4f47902160cf6425e2c2e805b7a42e0e983c9883f74a7d8d9c981,23,100,0x0d4a11d5eeaac28ec3f61d100daf4d40471f1852,Sync,False,,,3893480291934097898670,7430609298290,,,,,False
25543944,0x447a545da12f2a19f8090f22ec05562359b74ef37fb59f1441d5d44d409fd0b2,0xb97fcc35376a3c511a132eaf1848a813488469e518b9b541703b384c9ec173d5,26,111,0xb4e16d0168e52d35cacd2c6185b44281ec28c9dc,Sync,False,,,8852500812746,4641329318271940542539,,,,,False
25543944,0x447a545da12f2a19f8090f22ec05562359b74ef37fb59f1441d5d44d409fd0b2,0x7cb862bb7ccd79945a18981e76613bad13512cd77aefe27d02c959a0cde69721,182,770,0x0d4a11d5eeaac28ec3f61d100daf4d40471f1852,Sync,False,,,3893475067874418749466,7430619298290,,,,,False
25543945,0x608782ea9fe2cf87505eb0bc17bfb4ec09f1cdbeaf83b8829cee455a979d2911,0xdb76bd7c6179094f98233f8f806feb975b10f96769d8df7b22fa6856a9e5a264,15,70,0xb4e16d0168e52d35cacd2c6185b44281ec28c9dc,Sync,False,,,8834743053599,4650686441147113390155,,,,,False
25543945,0x608782ea9fe2cf87505eb0bc17bfb4ec09f1cdbeaf83b8829cee455a979d2911,0x477b30e2bf474d83a6e0c84d3d2d9edbae28dcf68aa3ef2530901e9c22334cfa,18,82,0x0d4a11d5eeaac28ec3f61d100daf4d40471f1852,Sync,False,,,3901259995583051801626,7415835991416,,,,,False
25543956,0x3746870e2f6ac28b18f2d851da73bf4a403faa01adcf91d69b7956a36a4359b3,0xb44cbafcc85e303dd15a4389faa0145ad34eb39d92b5d7a4e0408e7cac21ea9c,0,117,0x0d4a11d5eeaac28ec3f61d100daf4d40471f1852,Sync,False,,,3902996310954593731098,7412546821393,,,,,False
25543956,0x3746870e2f6ac28b18f2d851da73bf4a403faa01adcf91d69b7956a36a4359b3,0xb44cbafcc85e303dd15a4389faa0145ad34eb39d92b5d7a4e0408e7cac21ea9c,0,124,0xb4e16d0168e52d35cacd2c6185b44281ec28c9dc,Sync,False,,,8830784236798,4652777604850673479243,,,,,False
25543959,0xb9e741ef2ec92669363f663019b1bf5d7811bfe95d40cf81ed7b581bafa51107,0x4f6155359ae74ba5eb2e86ffdd7ad4e75c3e6c8d76527f643ee54d4bc34373b8,1,170,0x0d4a11d5eeaac28ec3f61d100daf4d40471f1852,Sync,False,,,3904054634423567994650,7410543431395,,,,,False
25543959,0xb9e741ef2ec92669363f663019b1bf5d7811bfe95d40cf81ed7b581bafa51107,0x4f6155359ae74ba5eb2e86ffdd7ad4e75c3e6c8d76527f643ee54d4bc34373b8,1,177,0xb4e16d0168e52d35cacd2c6185b44281ec28c9dc,Sync,False,,,8828407021644,4654034222857950617163,,,,,False
25543960,0xcce180a012e4437a4e52c16adc02665eed422b7c95bce036004c40cae06560c8,0x552707db63541a55feef9d608215d1a0ec7fe8861cce00703823f31a7bb4e257,0,114,0x0d4a11d5eeaac28ec3f61d100daf4d40471f1852,Sync,False,,,3905144842174315505178,7408480818647,,,,,False
25543960,0xcce180a012e4437a4e52c16adc02665eed422b7c95bce036004c40cae06560c8,0x552707db63541a55feef9d608215d1a0ec7fe8861cce00703823f31a7bb4e257,0,118,0xb4e16d0168e52d35cacd2c6185b44281ec28c9dc,Sync,False,,,8825945994816,4655335858693090708555,,,,,False
25543961,0x2d26b20d213574a3b02555e0e76f5b9e6cccec84c9b7e12fe61767a03391e001,0xdd3f21f8bd097d297f8e0b861be92b884d90488de099960c5bee13f1dbab9e52,17,74,0x0d4a11d5eeaac28ec3f61d100daf4d40471f1852,Sync,False,,,3905824912383194583578,7407194748500,,,,,False
25543961,0x2d26b20d213574a3b02555e0e76f5b9e6cccec84c9b7e12fe61767a03391e001,0x67b2680f6ff294946b8cc2964c650ecc7bc27df747845d05236663d5c7ce8661,22,104,0xb4e16d0168e52d35cacd2c6185b44281ec28c9dc,Sync,False,,,8824766431523,4655959988262008370251,,,,,False
25543962,0x71f837334e19d49f90e7cf07d8d1edc9b5306583efa69ac3435b86baf3d5297b,0xae30ed5f71faee460aaf2d576cc348c14371831d259b720ecbe8bd4205cd7c9d,40,196,0xb4e16d0168e52d35cacd2c6185b44281ec28c9dc,Sync,False,,,8823708866319,4656519708399851198859,,,,,False
25543962,0x71f837334e19d49f90e7cf07d8d1edc9b5306583efa69ac3435b86baf3d5297b,0x11070b30738f6d202abfb94ce7ca3ee33a3a7e694133ab729c87cca875a12f12,49,341,0xb4e16d0168e52d35cacd2c6185b44281ec28c9dc,Sync,False,,,8820337264168,4658305033939425754859,,,,,False
25543963,0x1cbd4f287a118e4701cf67bf5a1273054f2f0468dcb531f0f4ca48ba094099f1,0xb909c87a9eb49f080bd712e1cea2dc7bd9e4d75f299a11944495598e9ce3f4c3,14,63,0x0d4a11d5eeaac28ec3f61d100daf4d40471f1852,Sync,False,,,3908254487633600538650,7402603863827,,,,,False
25543963,0x1cbd4f287a118e4701cf67bf5a1273054f2f0468dcb531f0f4ca48ba094099f1,0x9fdda2362d4047c7e8d0cf80075803ae38bca29eb9cb7a6131fce095346f970c,57,251,0xb4e16d0168e52d35cacd2c6185b44281ec28c9dc,Sync,False,,,8818856675094,4659089467000548836715,,,,,False
25543964,0x80ed0db38e556425882ae14554bf2d9f3bb01f0d6c246605a7ab3091db731ef1,0xb41f721893aaa4f1bcfa4c9dd38d22e35b7e2ea9af89b159bdc6f334055f94e1,0,193,0x0d4a11d5eeaac28ec3f61d100daf4d40471f1852,Sync,False,,,3909508254872182968858,7400236991301,,,,,False
25543964,0x80ed0db38e556425882ae14554bf2d9f3bb01f0d6c246605a7ab3091db731ef1,0xb41f721893aaa4f1bcfa4c9dd38d22e35b7e2ea9af89b159bdc6f334055f94e1,0,220,0xb4e16d0168e52d35cacd2c6185b44281ec28c9dc,Sync,False,,,8816120054168,4660540051525163188843,,,,,False
25543965,0x41fdc56e7f656f803c4ebf0a7bd6a6d786c9cb94d54090705098980539204b55,0x5c157fb0bbd72f85e3908c658004537944195240fbccf31c2f4813a5a7331535,212,1245,0xb4e16d0168e52d35cacd2c6185b44281ec28c9dc,Sync,False,,,8816110809993,4660544953061691784467,,,,,False
25543966,0x712567913e5586085cffc88579829e1f2bd9ed804f8e8da345f1c127db075289,0x2fd6b849b6f6873a49c85637a0ef6884a0d747d275f400ec3d48ded6ae0a23ed,329,354,0x0d4a11d5eeaac28ec3f61d100daf4d40471f1852,Sync,False,,,3909484553060378936641,7400281991301,,,,,False
25543967,0x9973a875e227438f8aa9115415d116a3f191c93f5a50d01f32ab7fc91d39d626,0x169750f9dcf11758a4d87b7fb0f83290f912cb02768d0b7596cc5cb6e81ab1f4,25,114,0xb4e16d0168e52d35cacd2c6185b44281ec28c9dc,Sync,False,,,8814490643138,4661404174161965778835,,,,,False
25543967,0x9973a875e227438f8aa9115415d116a3f191c93f5a50d01f32ab7fc91d39d626,0x7f490b91e930f3ffde8fde23677e47eac0966aabc2aca11d562ef175c9ec14ba,27,121,0x0d4a11d5eeaac28ec3f61d100daf4d40471f1852,Sync,False,,,3910129029859751711937,7399065920187,,,,,False
25543969,0xc2af55903b32287a5537e9d4d4383a87b31f26482605bd3bb6d2ec4590e5b19b,0xe955ba46562b2a9972d9713a646a36e42e0c9109d9b316feb78c309df6a3172c,21,105,0xb4e16d0168e52d35cacd2c6185b44281ec28c9dc,Sync,False,,,8806294685689,4665755573604802963347,,,,,False
25543969,0xc2af55903b32287a5537e9d4d4383a87b31f26482605bd3bb6d2ec4590e5b19b,0xe6d7918082fe25f7bc628e2cdd9462b94c738335750a553dd7390d59f2174770,23,114,0x0d4a11d5eeaac28ec3f61d100daf4d40471f1852,Sync,False,,,3913914082961409695937,7391931919678,,,,,False
25543971,0xa859cadf6ed148844fd5cbcab5f85bde2da88e1c83dbf339477754ae349a552b,0xa8024afe4fa2a4926f2d864514f0345317fbdbd4a7c96d69e90dfc944e3e4acc,25,120,0xb4e16d0168e52d35cacd2c6185b44281ec28c9dc,Sync,False,,,8800538115967,4668816706854204451219,,,,,False
25543971,0xa859cadf6ed148844fd5cbcab5f85bde2da88e1c83dbf339477754ae349a552b,0x31541a5ef0baf2c643429f9539ecb7f9534f636afb5e199de2f13b4f6c448854,28,130,0x0d4a11d5eeaac28ec3f61d100daf4d40471f1852,Sync,False,,,3916480170995158817985,7387103236383,,,,,False
25543973,0xf3cc1a52bbd06f0a5f66368f8edea877e93acc99d56553e200b5cbe30f7664e3,0xf4c6c8728ef452856fc23890085cce1467f01ee41e0803caed4a18d621c97478,299,471,0x0d4a11d5eeaac28ec3f61d100daf4d40471f1852,Sync,False,,,3916474885126888776850,7387113236383,,,,,False
25543975,0xbad7ef29391c777e3428db9f88472870ab93dc85b70746edab2206c83d22dd63,0xcd8382955e06fdfb8911a05e156bbc50eb5c6cb45201bb127cd7e97c034bfe6f,23,106,0xb4e16d0168e52d35cacd2c6185b44281ec28c9dc,Sync,False,,,8794549170306,4672005668719195845523,,,,,False
25543975,0xbad7ef29391c777e3428db9f88472870ab93dc85b70746edab2206c83d22dd63,0x700462d0e015598a1b5477252fb33dce153700411a784981987d0692eb85b492,26,118,0x0d4a11d5eeaac28ec3f61d100daf4d40471f1852,Sync,False,,,3919114048228106412178,7382153618094,,,,,False
25543994,0x49d0cabf33cd290b565dd15a20e60b947833d5e6bdf9641bd9d9e120f0c9498f,0x79c89f2d6239a768dfc262664768947cf9ad65f0f1f68b4772e86631c670eb0a,22,86,0xb4e16d0168e52d35cacd2c6185b44281ec28c9dc,Sync,False,,,8791341943533,4673715225647482309011,,,,,False
25543994,0x49d0cabf33cd290b565dd15a20e60b947833d5e6bdf9641bd9d9e120f0c9498f,0xaaa07e54590fd4209c166c480942f432cb9b1ec1d500abc0c3ca8828380f467e,27,117,0x0d4a11d5eeaac28ec3f61d100daf4d40471f1852,Sync,False,,,3920507685618273103250,7379537331526,,,,,False
25543997,0x6f1ec174a238b45060e4261abf256ba1cd2fa3a1a4767d50d6a1a38ba043150e,0xb5bc51e440c8e4a647ca41c1d83fe83cc83b4e7045a74237ba70d392b92fa1ac,43,320,0xb4e16d0168e52d35cacd2c6185b44281ec28c9dc,Sync,False,,,8791332680304,4673720165054335171272,,,,,False
25543997,0x6f1ec174a238b45060e4261abf256ba1cd2fa3a1a4767d50d6a1a38ba043150e,0xae8240f57e26d358263d34e0c27de5ad82768dd04068fc20f63cd1f84a7ce06b,155,537,0xb4e16d0168e52d35cacd2c6185b44281ec28c9dc,Sync,False,,,8791516524764,4673622723401511679718,,,,,False
25543998,0x99111e9ec420dbe9541a222fb3a4b8183b0f4700c93dd54a3ddbe417c5bb73fb,0xe659a4166674e12a5411a9b25499479d5a231b214c3e137bb50904915ee38988,35,173,0xb4e16d0168e52d35cacd2c6185b44281ec28c9dc,Sync,False,,,8791439786741,4673663640901771370298,,,,,False
25543998,0x99111e9ec420dbe9541a222fb3a4b8183b0f4700c93dd54a3ddbe417c5bb73fb,0x05e36d0a8d64e9e4a11ce6532ee3009ca4929e2fa39a99f702ae9ad319546ae2,77,431,0x0d4a11d5eeaac28ec3f61d100daf4d40471f1852,Sync,False,,,3920498151516517625528,7379555331526,,,,,False
25544000,0xab4e49c55247499e800b8daf9b1505ad28fec0bc361a79cb7e8133a83855da42,0x8776d1c8b490fbc8706ef0d71dadf7518734557009fbf3908e2e93b9bef98fec,43,152,0xb4e16d0168e52d35cacd2c6185b44281ec28c9dc,Sync,False,,,8791439848509,4673663608163470003340,,,,,False
25544004,0x34da21de022caebf75d0b35e36f5499027f26e870ff3eb385c1a9e5287a76c7a,0xdaf2b9dfd893508a60c302d1e43792cd8bfaf0bc5a167575d379413cd603a750,21,86,0x0d4a11d5eeaac28ec3f61d100daf4d40471f1852,Sync,False,,,3920497092174748291591,7379557331526,,,,,False
25544015,0xb14bd926c8f506056d9571f4ea37dad1f43ed00e504de11c02906268bb021d2d,0x6ece82e384404cf079a9ee30a9af13b6ce3f45dd180dd9da15c313f2dd21ce74,27,576,0xb4e16d0168e52d35cacd2c6185b44281ec28c9dc,Sync,False,,,8791439845307,4673663609871256310917,,,,,False
25544026,0x553ee80197588bcd03a537c6775cdd8cd8d32a99f93e82a4b5e01eb4a18003f6,0xb006243a8ed646a2c4ed23550fabf6fef6c87cc6a0fff93d56663a94a90dfd49,143,467,0x0d4a11d5eeaac28ec3f61d100daf4d40471f1852,Sync,False,,,3920489676798398415578,7379571331526,,,,,False
25544031,0x99b3c16b3404e106e1e80775975377299e9fe086ad5e77fcb13efb40c2fb8c4c,0xf04ee997ea7942605b8cd4bf8162e91880d95e411711ce085a523494ad158bb6,59,170,0x0d4a11d5eeaac28ec3f61d100daf4d40471f1852,Sync,False,,,3920480142784364044927,7379589331526,,,,,False
25544033,0x4b385df0e3b564f443924b3666cd6e1f316cbad4696eeace83610aeaabfc40a2,0x764a2f9f7e6ccce6ec59b0dfe8414d775b2da79b1bafa40981f705b4519a28e4,17,80,0xb4e16d0168e52d35cacd2c6185b44281ec28c9dc,Sync,False,,,8793830471013,4672396875395834423685,,,,,False
25544033,0x4b385df0e3b564f443924b3666cd6e1f316cbad4696eeace83610aeaabfc40a2,0x6f739683618d2cae1156f8fcd0f851e3f22c46083467264c3e360e3d7294de81,19,87,0x0d4a11d5eeaac28ec3f61d100daf4d40471f1852,Sync,False,,,3919443600968460643967,7381546824953,,,,,False
25544034,0xd1c672ec6531e43d9d40a1c105ddfbc5eec40bf1dd795706db46468c77cb661b,0x366d9a0103cdcb7709255375157a5bbfca114df61b15d3a3d18516d8b6fcd18a,61,112,0xb4e16d0168e52d35cacd2c6185b44281ec28c9dc,Sync,False,,,8795454116415,4671536937328197345925,,,,,False
25544034,0xd1c672ec6531e43d9d40a1c105ddfbc5eec40bf1dd795706db46468c77cb661b,0xf520e819a6acedecf099f9cb6d348996a0cb90a3c9da70c673dd51957f612015,69,148,0x0d4a11d5eeaac28ec3f61d100daf4d40471f1852,Sync,False,,,3918736425750882732927,7382882909892,,,,,False
25544035,0xbed5b9a9992bf0166680469df3e4815a8ece0d18caf5df78d4952776b433eeff,0x9355cbc06e925ae45c403673e4059cf2ce8ff5e427be9c417a70e80bfe5ecce1,293,941,0xb4e16d0168e52d35cacd2c6185b44281ec28c9dc,Sync,False,,,8795434013098,4671547646973383663353,,,,,False
25544037,0xff855b562fef47c84f64defafee0d5b4f29d82263ae5b35d02e4c20bde349c73,0xb4393e0e24e9d436660a8f262520d41c6ce428126bc50b880a61debafa23d0c2,54,355,0xb4e16d0168e52d35cacd2c6185b44281ec28c9dc,Sync,False,,,8796301925108,4671088098169564574312,,,,,False
25544037,0xff855b562fef47c84f64defafee0d5b4f29d82263ae5b35d02e4c20bde349c73,0x5dce58c6a97ec591a5a6724e4f8a627e70ea94fd233940e1428f96ab87c37adc,70,436,0x0d4a11d5eeaac28ec3f61d100daf4d40471f1852,Sync,False,,,3917900529366020876415,7384462814015,,,,,False
25544038,0xf5857ea05d588156fe24a2f76676db24a00e29da544eeac8ab29a34788016604,0x6babaf48514678d10213a952a72bb3c2da6ad83287d9c951d1f8e362f17d8d77,11,49,0xb4e16d0168e52d35cacd2c6185b44281ec28c9dc,Sync,False,,,8798756802412,4669788763016901469288,,,,,False
25544038,0xf5857ea05d588156fe24a2f76676db24a00e29da544eeac8ab29a34788016604,0x4561f7b2825c08fcec099ed6a3a27f182709b9d4d1dd6eaff73003895b88d9e3,20,88,0x0d4a11d5eeaac28ec3f61d100daf4d40471f1852,Sync,False,,,3917239589388327823615,7385712516130,,,,,False
25544038,0xf5857ea05d588156fe24a2f76676db24a00e29da544eeac8ab29a34788016604,0x7c54df278214d5101a67f07f978828d60839ada4bf20c60722bfe411e4ea6d77,185,742,0x0d4a11d5eeaac28ec3f61d100daf4d40471f1852,Sync,False,,,3917232186348101489899,7385726516130,,,,,False
25544039,0x42515d7f569335882aebdf815dae00e0672ab2c52ccf4eef8922bd99bfcfeaed,0x3fcbbab9f37f0b6e08a7a4ecbb3d87c02e60092390dec45e1565336594035a6f,52,98,0xb4e16d0168e52d35cacd2c6185b44281ec28c9dc,Sync,False,,,8800243901856,4669002012480046782696,,,,,False
25544039,0x42515d7f569335882aebdf815dae00e0672ab2c52ccf4eef8922bd99bfcfeaed,0xadef0b57eaed0517efc4777f7f06fc0990b6c08cb9d4d32f2268e08c2a6713d9,59,131,0x0d4a11d5eeaac28ec3f61d100daf4d40471f1852,Sync,False,,,3916674909599087186795,7386780544572,,,,,False
25544041,0x65ba0b202780265c22daa39a1bdadd1d0a90faa208418a1e190954867c45c6de,0x132ee6eed4cb2cc9c1be0d2b4231c4ab04fd84912f45850e3892bdf13f3372d4,24,109,0xb4e16d0168e52d35cacd2c6185b44281ec28c9dc,Sync,False,,,8801509502088,4668332655306952865384,,,,,False
25544041,0x65ba0b202780265c22daa39a1bdadd1d0a90faa208418a1e190954867c45c6de,0x742b839b4b3f8c159aaa111aa3524f9bc55736e5134c374a51e620665f104dac,28,131,0x0d4a11d5eeaac28ec3f61d100daf4d40471f1852,Sync,False,,,3916093068179245298411,7387881355005,,,,,False
25544043,0x199bd9eba44ec4c62e3c8573aa42e88b5319ffa591640c820d8ec81fc127c550,0xae5ef118c7ee7b98a47854cedb093992d9a039d1ec2eed21843fea08d66aac7d,269,517,0xb4e16d0168e52d35cacd2c6185b44281ec28c9dc,Sync,False,,,21671368419272,11494523394297061871657,,,,,False
25544043,0x199bd9eba44ec4c62e3c8573aa42e88b5319ffa591640c820d8ec81fc127c550,0xae5ef118c7ee7b98a47854cedb093992d9a039d1ec2eed21843fea08d66aac7d,269,556,0xb4e16d0168e52d35cacd2c6185b44281ec28c9dc,Sync,False,,,8801509502089,4668332655307096065502,,,,,False
25544043,0x199bd9eba44ec4c62e3c8573aa42e88b5319ffa591640c820d8ec81fc127c550,0x849d4d4c79d4543913b5b2e7cb7f932f426b763ccc4c7c290600617e89678af7,432,1083,0x0d4a11d5eeaac28ec3f61d100daf4d40471f1852,Sync,False,,,3916176318155074597255,7387724774757,,,,,False
25544046,0x1835778c6b88d0259c6cb22c58984a4827d589083a91c81c9b058342a955ae57,0xffec5749faebb0288914c2494d564c23be3169a2de3a8fe9055104ddce4fc100,13,62,0x0d4a11d5eeaac28ec3f61d100daf4d40471f1852,Sync,False,,,3915701377981102870343,7388623538949,,,,,False
25544046,0x1835778c6b88d0259c6cb22c58984a4827d589083a91c81c9b058342a955ae57,0xa4688f70294210edf7460933244e33aaf9345c3c5594a84a5962c0431dcad7d7,22,100,0xb4e16d0168e52d35cacd2c6185b44281ec28c9dc,Sync,False,,,8802193942962,4667970744801893939742,,,,,False
25544048,0xf454ccd9bae36c776bb90a970104c8de1ea30809fbc678b22b566a5440827d09,0x76a61d4c6a8760e0273a47c5121da52b54b68e69b93e23b864b26546a5d4ab4c,15,70,0xb4e16d0168e52d35cacd2c6185b44281ec28c9dc,Sync,False,,,8804969222759,4666503840582840196126,,,,,False
25544048,0xf454ccd9bae36c776bb90a970104c8de1ea30809fbc678b22b566a5440827d09,0x7351f7714a6cbd9bb72af0d508c5ee20a9e218ed7d2da17db95302a9238086c1,17,79,0x0d4a11d5eeaac28ec3f61d100daf4d40471f1852,Sync,False,,,3914487292504685649991,7390922034282,,,,,False
25544049,0x5a9598a5717f112f46732f1539ac3088682b05eda43310795b09db000faee949,0x40a7768b64843ef2fe69c2ebce27afb6df8ee15a8302d7598ac7e94bc1c8d113,16,73,0xb4e16d0168e52d35cacd2c6185b44281ec28c9dc,Sync,False,,,8808389356553,4664697361175666859038,,,,,False
25544049,0x5a9598a5717f112f46732f1539ac3088682b05eda43310795b09db000faee949,0x0d7b1d134bb649b8a2f12a6e0df475b1a6848fcaa5f31965ff0b0b26ddbea17c,18,82,0x0d4a11d5eeaac28ec3f61d100daf4d40471f1852,Sync,False,,,3912981681846166685511,7393774426202,,,,,False
25544050,0xdf52f2251e5ab40bca7c834f80357f87decf7dfd2f3f0dc5e22730147e4e34ec,0x3e193672cb62f962b74d1c7d8236c17ef23aa5000aec672d92fbdf279df8c52e,64,656,0x3041cbd36888becc7bbcbc0045e3b1f144466f5f,Sync,False,,,1667987161983,1665684171124,,,,,False
25544050,0xdf52f2251e5ab40bca7c834f80357f87decf7dfd2f3f0dc5e22730147e4e34ec,0x3e193672cb62f962b74d1c7d8236c17ef23aa5000aec672d92fbdf279df8c52e,64,659,0xb4e16d0168e52d35cacd2c6185b44281ec28c9dc,Sync,False,,,8808403211118,4664690046175490656863,,,,,False
25544050,0xdf52f2251e5ab40bca7c834f80357f87decf7dfd2f3f0dc5e22730147e4e34ec,0xac2629ba3fbd0a016672fb87f09493d28eb623eafea2c3e6c4ff4667bafac38a,201,960,0x0d4a11d5eeaac28ec3f61d100daf4d40471f1852,Sync,False,,,3912979851728985651877,7393777894707,,,,,False
25544073,0x602d33200f3da05f22530e321a0ee08a64361d844514c7bc35c976196fedf3fc,0x8e562789eee8208086112fd5ba0260e7113e83eb9967f1fc7c9c60f401b190fc,89,127,0x0d4a11d5eeaac28ec3f61d100daf4d40471f1852,Sync,False,,,3912977741176646368922,7393781894707,,,,,False
25544076,0xcc2213151100578d9aa1f6d7fc7992fa4d9c2b980f432ddafc92723285d27312,0xc6a4d25f73bc8a49d7f4d8a75a6dcb989c5388b6600a270f00267321340f164d,14,98,0xb4e16d0168e52d35cacd2c6185b44281ec28c9dc,Sync,False,,,8810641150381,4663508751640915951711,,,,,False
25544076,0xcc2213151100578d9aa1f6d7fc7992fa4d9c2b980f432ddafc92723285d27312,0x2965d3720b1141a644fe192dd1d980e924d40bff10615153061b243a3294be56,15,102,0x0d4a11d5eeaac28ec3f61d100daf4d40471f1852,Sync,False,,,3911967568227763022106,7395696912594,,,,,False
25544082,0xe4e3ac43541954cacad5ba5ba5fb7217121843084b1742e05e6a7ba9c08d2d74,0x5b8cdf6c06d7e927e2932849a5bc2c2c9430b716c8f8ce6360b40c8ece38ab89,49,177,0x0d4a11d5eeaac28ec3f61d100daf4d40471f1852,Sync,False,,,3911958075680886659440,7395714912594,,,,,False
25544117,0x45430123a15e243b90dd7732461d11b9c13fd5521671a1506b1291a4b00e6df2,0xcb50e80888fc67082f2069964eaa5ba300a29b4f79e05df630bef01cd200edf4,251,722,0x0d4a11d5eeaac28ec3f61d100daf4d40471f1852,Sync,False,,,3911942415716162036840,7395744607594,,,,,False
25544126,0xb97f5f2ca2fb460eb43a61e4dc0701d94059a5dca40f678ae24b47c25e878fd1,0xbb1cb06ebc0b5f3b8f48c3e455398782d58c9a8b388230883b1a1cc6710a4d93,221,499,0xb4e16d0168e52d35cacd2c6185b44281ec28c9dc,Sync,False,,,8810487165460,4663590503175033406112,,,,,False
25544140,0xf98391a910b8af040e9f7cabcbe086102de7ff564896011568872584a92d56d7,0xe8da5b026cf36fb67f700112b6839d450cb00c89fd88e6f9b52883cf454828dc,52,134,0x0d4a11d5eeaac28ec3f61d100daf4d40471f1852,Sync,False,,,3911941638556969929474,7395746081278,,,,,False
25544141,0x5fd21ae58daa8411bd9a785dedb92ef767df629aa99f2870c03d19758d578784,0xd4639c6aa084abeb8531ade84dbcef5450b27378f4bfab550506509e07aba2e4,68,204,0xb4e16d0168e52d35cacd2c6185b44281ec28c9dc,Sync,False,,,8810487155161,4663590508643462097377,,,,,False
25544154,0x292996256fd556ec298f4254022531cdda975bcd7c31283597267d1cae62e8f8,0x424acf5321ead0a8a698a56d45e2dba9c0b49142803b1f36f616f24502203a28,14,1267,0x3041cbd36888becc7bbcbc0045e3b1f144466f5f,Sync,False,,,1667987180926,1665684152264,,,,,False
25544154,0x292996256fd556ec298f4254022531cdda975bcd7c31283597267d1cae62e8f8,0x424acf5321ead0a8a698a56d45e2dba9c0b49142803b1f36f616f24502203a28,14,1273,0x3041cbd36888becc7bbcbc0045e3b1f144466f5f,Sync,False,,,1667987199814,1665684171124,,,,,False
25544154,0x292996256fd556ec298f4254022531cdda975bcd7c31283597267d1cae62e8f8,0x424acf5321ead0a8a698a56d45e2dba9c0b49142803b1f36f616f24502203a28,14,1365,0x3041cbd36888becc7bbcbc0045e3b1f144466f5f,Sync,False,,,1667915832190,1665612902038,,,,,False
25544159,0xb7e4806ba785d9dc88da06fe1151ad53166e5d105e715374cdda3b24aead3606,0x208a2489edcf47d9496f3307b6e060868070debcd6aa9711f65d04cc9c5ee2fa,14,176,0x0d4a11d5eeaac28ec3f61d100daf4d40471f1852,Sync,False,,,3911869919184745289682,7395882081278,,,,,False
25544159,0xb7e4806ba785d9dc88da06fe1151ad53166e5d105e715374cdda3b24aead3606,0xc277f9ea0f491e1c6559790f1b5d7238b1b95f446e8e4410e837458ac016b7b3,96,509,0x0d4a11d5eeaac28ec3f61d100daf4d40471f1852,Sync,False,,,3911867809831370781614,7395886081278,,,,,False
25544162,0x5280c5b38940d2f7079e73f92e303cb35bc64be88839e3dab4c65c037d09a5e7,0x734afa334064f4a573c808262434a0a76d149ea386a271dc5c0adb48dc2bfbf1,81,753,0x0d4a11d5eeaac28ec3f61d100daf4d40471f1852,Sync,False,,,3912061089540590297330,7395521775490,,,,,False
25544164,0x2c525d463cc0cf2739148f5d5b256d7c536ae550faa4d62a0296431fd88e3d28,0x6b243d7cad1d2b91b2653120893e8a7281b7ff0a1c34672cbd8ff9f1e51f98df,24,577,0xb4e16d0168e52d35cacd2c6185b44281ec28c9dc,Sync,False,,,8810240751151,4663721331987765401861,,,,,False
25544164,0x2c525d463cc0cf2739148f5d5b256d7c536ae550faa4d62a0296431fd88e3d28,0x6b243d7cad1d2b91b2653120893e8a7281b7ff0a1c34672cbd8ff9f1e51f98df,24,593,0x0d4a11d5eeaac28ec3f61d100daf4d40471f1852,Sync,False,,,3912169739436706601054,7395317001101,,,,,False
25544164,0x2c525d463cc0cf2739148f5d5b256d7c536ae550faa4d62a0296431fd88e3d28,0x435d653c15cd2347e06581a6fc270e404c89b79cefc6c16ce2aff10dd4df7903,54,864,0x0d4a11d5eeaac28ec3f61d100daf4d40471f1852,Sync,False,,,3912164465250392107770,7395327001101,,,,,False
25544167,0x0c7d1007d0e6701d10c5c4df6fb6b6c99c45bc8054c3ca1dddde43c581ec3b3a,0x9b9f56f36e070e80d5e60d0d85ef24fbadea4090d1aa06b7c23349ae8a5d9d6e,3,79,0x0d4a11d5eeaac28ec3f61d100daf4d40471f1852,Sync,False,,,3912158430280171951052,7395338443601,,,,,False
25544168,0xeaf1ae91544aca90e25508629310ed940896ca078194f01703cc4279d853a671,0x1c5634703ddb9988c8ed3edc898a4a02b96fa6ea9b25d89abb8c6b90820d0f1f,129,621,0x0d4a11d5eeaac28ec3f61d100daf4d40471f1852,Sync,False,,,3912183734866959393164,7395290752953,,,,,False
25544169,0xc89cda213a27f050ae2f76ad7df8485b4bf9ecdebf46b89130ec7c837918b53f,0x9a3dcb5e438fcc87e330e3f7083b686f2b7f555c3fcd10d130013ef3d7e90549,61,207,0xb4e16d0168e52d35cacd2c6185b44281ec28c9dc,Sync,False,,,8810240563373,4663721431687765401861,,,,,False
25544171,0xa3e6e3846c57b389923e0c49be1700baa213859b4bfc52a40df568de025c6126,0x12ade06e62294230ed16dd45280987f7932174e659fb4e4c5dedb18cf1d48cd8,1,76,0x0d4a11d5eeaac28ec3f61d100daf4d40471f1852,Sync,False,,,3914914651372440463756,7390147505208,,,,,False
25544171,0xa3e6e3846c57b389923e0c49be1700baa213859b4bfc52a40df568de025c6126,0x12ade06e62294230ed16dd45280987f7932174e659fb4e4c5dedb18cf1d48cd8,1,80,0xb4e16d0168e52d35cacd2c6185b44281ec28c9dc,Sync,False,,,8803836296024,4667124220047182498565,,,,,False
25544171,0xa3e6e3846c57b389923e0c49be1700baa213859b4bfc52a40df568de025c6126,0x20326c40fe1cba770534ee1a171e95b695dc3099959a15e28d162f439c69c6d0,17,539,0x0d4a11d5eeaac28ec3f61d100daf4d40471f1852,Sync,False,,,3914908280635094777005,7390159567395,,,,,False
25544172,0x73771a058e59d4fd57bccd9c53a2484e4953cf152e7c8ee80c2eb2351519a904,0x4928c0df12823530da51037a54081e71a9eb5dd25207367080bc121ea5d568a9,306,1812,0xb4e16d0168e52d35cacd2c6185b44281ec28c9dc,Sync,False,,,8803837145022,4667123771323299122037,,,,,False
25544175,0x355adc2dccdf4bd541e6ba3be0fbb520acf7c7eb7828beb14b7283ab38decb8b,0x80e94e39aac7eb3b18f69d343ca8fdd4d723afb85119c0d8637b837018dc4ebf,497,1038,0x0d4a11d5eeaac28ec3f61d100daf4d40471f1852,Sync,False,,,3914892597079630747362,7390189262395,,,,,False
25544195,0x419273c01df3a3499fc18f33cd6b4114790097ca8039901300fc38e59a834e8d,0x75adf6e23eb47742b33b7c0d77a30082faf52742cc233bc1d5cebca121aa389d,746,1620,0xb4e16d0168e52d35cacd2c6185b44281ec28c9dc,Sync,False,,,8803791728769,4667147920131576136356,,,,,False
25544206,0xc469795616c9de453990518fc1eb611b908a700d40f140dbd959c48dba427ebd,0x71d36303bd2c4a7ac84a6a3caf5a2df2ffbfa8e1442a5a6597fdcebf007747f9,74,275,0xb4e16d0168e52d35cacd2c6185b44281ec28c9dc,Sync,False,,,8803791848848,4667147856665153332170,,,,,False
25544218,0x20a3d910f3f1f75755ee3c5f029d09abce0c41cf2bc2068c8384d39f79430e79,0x880e1aea90d22f14b685257fb2349eec6b6dce3227fbce956e72de523ac23544,18,112,0xb4e16d0168e52d35cacd2c6185b44281ec28c9dc,Sync,False,,,8803740863857,4667174966788967737744,,,,,False
25544225,0x13919cc6e08ad63ed83b4bba9527c2d48bbd77df632a4a141512a9fc2500bf6c,0x13898686badfbc68f026805ef65757b1b03b3d4f14c435b148c8485e76885a76,11,92,0xb4e16d0168e52d35cacd2c6185b44281ec28c9dc,Sync,False,,,8803669935659,4667212681788062074507,,,,,False
25544230,0x3b58b0536d544475591f0f6fe2dcf8c4e29bf0de75ef9fb2c16df40315e55701,0x9d0edea3d6c57422d80d18ddad06ac9b46f5a712a5ca291fe4a700cc43a0cbdb,108,361,0x0d4a11d5eeaac28ec3f61d100daf4d40471f1852,Sync,False,,,3914874111824750028318,7390224262395,,,,,False
25544250,0xa54222b89ed4996c6013e8f35fc7d6f036225474e85bfb00edd66680d53f5354,0x074d65b6ec1883defc5dca3264fdfd6f4669fe8562be473cf3e7fa41ce050264,102,528,0x0d4a11d5eeaac28ec3f61d100daf4d40471f1852,Sync,False,,,3914959285754993285152,7390063962868,,,,,False
25544258,0x9f36cb5e78839b0045bcf89a81933035b6eef5f8a1dc64e39167767791c0f336,0x56c49dc394c282c43d19424578bfe5a462a82e4520fa4050c74c031173b244f0,144,726,0x0d4a11d5eeaac28ec3f61d100daf4d40471f1852,Sync,False,,,3914955588564388457515,7390070962868,,,,,False
25544260,0x1fc702b79caa091c669dc07fe7de6e59cfb29a26b2b8bb14926bd2f6992520bc,0xf5336a6e6eb2cb613e18fb97d267f27e1fdd74e319ce265efbfcd5eb3fe15b07,246,736,0x0d4a11d5eeaac28ec3f61d100daf4d40471f1852,Sync,False,,,3914997315658416337337,7389992433799,,,,,False
25544271,0x475cf8b23bd0ad6505393a46b2f5c976b90a36c91f2d12ce917cb53925dc10ec,0x3b50d429db6867aec3e43c258180156034fc3899232100f62f6c64cb606c0417,84,675,0x0d4a11d5eeaac28ec3f61d100daf4d40471f1852,Sync,False,,,3914978829416721734239,7390027433799,,,,,False
25544274,0x0214dc3e8073d14b9025759552fd4143e85afec7d1463a302ebfef6fe050392b,0xbef9de857a65836204f1239503d9824532a01960f40f1131974745e7d5403d19,32,138,0xb4e16d0168e52d35cacd2c6185b44281ec28c9dc,Sync,False,,,8803669925360,4667212687264975890441,,,,,False
25544285,0xd92e841c8763980f9e75b9414d4a40c1385d320eccd88275b9758e57930d6345,0x22f4ba0bcb3362b0186ed66008c3558ca310a23cf9ab40c5af2dff43234fa987,223,608,0xb4e16d0168e52d35cacd2c6185b44281ec28c9dc,Sync,False,,,21679774701839,11493402229222283622492,,,,,False
25544285,0xd92e841c8763980f9e75b9414d4a40c1385d320eccd88275b9758e57930d6345,0x22f4ba0bcb3362b0186ed66008c3558ca310a23cf9ab40c5af2dff43234fa987,223,647,0xb4e16d0168e52d35cacd2c6185b44281ec28c9dc,Sync,False,,,8803669925361,4667212687265001663977,,,,,False
25544300,0xba952d1c6faf0cb2436be5b7ed784812fdc6fc0f2628b65f1fbcc7913836f091,0x05d50353872d36a165a70b0cce34c80d1b8a461b74c11e203df0d482b42f33f2,4,11,0x0d4a11d5eeaac28ec3f61d100daf4d40471f1852,Sync,False,,,3914978829416721734239,7390027554161,,,,,False
25544308,0xc60f437e9b99c3f7dfc9a5571f077b584f68fbae4f33b4bc751e5a6d5a2cb66e,0xc42db5ab09209576c61d51468e797203fd77184ba3e68a469c73fb094a142aac,851,705,0x0d4a11d5eeaac28ec3f61d100daf4d40471f1852,Sync,False,,,3915358574242924118508,7389312956375,,,,,False
25544314,0x1b55533fb3c6482911e5129709d703f8ebe1445aefa906e55ce9a245ac1a6f04,0x34f4c4d1c2f572e2a697e4bf7b7012d52ea695235fb9e8719b01e24e660a6e06,25,93,0xb4e16d0168e52d35cacd2c6185b44281ec28c9dc,Sync,False,,,8803682212603,4667206192808580215581,,,,,False
25544322,0x603766d0a3cbd98d6df16042b7912f57a22eb575c950c53b0bc66f6341b3d39f,0x2290e2c85d59e8d86992444c55a07f33b1b481744d26f301af0f2ce660e38b38,0,8,0xb4e16d0168e52d35cacd2c6185b44281ec28c9dc,Sync,False,,,8803532651133,4667285721635773161193,,,,,False
25544338,0x5d93596f893004421d15f3df0572e4ce9d4e2cb3a648b62d35ad0278b3a12359,0x65cd455b77d754efad9c6a2833aad517e80ee14cd092ddc5b218fb4bb03423d1,74,594,0xb4e16d0168e52d35cacd2c6185b44281ec28c9dc,Sync,False,,,8803532640834,4667285727112858098168,,,,,False
25544341,0xf36d6f2d316fb5a6fdf242d57af9ed2e940b5ce22e7039722695bc6cbb63a2b4,0x70657ac2715e6c36c29e8486f48e2427e4bc7ca293e50f0adce9c925010934a9,25,115,0xb4e16d0168e52d35cacd2c6185b44281ec28c9dc,Sync,False,,,8802124924656,4668034409597157119864,,,,,False
25544341,0xf36d6f2d316fb5a6fdf242d57af9ed2e940b5ce22e7039722695bc6cbb63a2b4,0x20eb94ed5cdb1913b7eb9328511742a5b151e2d252017c87833a231cc77bbeb3,67,254,0x0d4a11d5eeaac28ec3f61d100daf4d40471f1852,Sync,False,,,3915813541878608734956,7388456987703,,,,,False
25544352,0x3a8d903d42f0efd8080e109eabc0e91cc658fc622f39abd236a093bdfe7849ef,0x85b318a579c37bf5a0d7048e1ba09e34fb78962a11edad0b6404aa9737726d9e,63,475,0x0d4a11d5eeaac28ec3f61d100daf4d40471f1852,Sync,False,,,3915804030688484505412,7388474987703,,,,,False
25544355,0x42fcab5229217f37e639ea9db018137a92c2d56a5a500272d8903b057049987b,0x19aaee1e9c37ba06bf95e0b87e73a3a89112d3f5623d13f9d7ead245f31d7f45,63,108,0x0d4a11d5eeaac28ec3f61d100daf4d40471f1852,Sync,False,,,3915801917096969155689,7388478987703,,,,,False
25544374,0x21c663f0975f2694a848f668b9252276efe5d1d0ab8be40aa77d5b09cb93b0e3,0x0b91ee1bb0ed7d410e22f58d86cc6100d93aa9aa92042cf608669550b83df449,85,226,0x3041cbd36888becc7bbcbc0045e3b1f144466f5f,Sync,False,,,1667908843570,1665619902038,,,,,False
25544383,0x702d98b0c2cb7767f1866b8c1c954db52986e1d4c757688095c6d49b81e59c25,0x2908091adb405d551b7b19a376fa2b69d5b05eeb33039bf0daf0b2844a9e3952,66,91,0x0d4a11d5eeaac28ec3f61d100daf4d40471f1852,Sync,False,,,3915799803507738898735,7388482987703,,,,,False
25544395,0x95bf338167b81a98d3933bbcbd0293174760c0285e82b121f47405c184645913,0x517f19ef55110d75df55f9088e078f8a3156127f184ce565583014304dd85162,100,494,0x0d4a11d5eeaac28ec3f61d100daf4d40471f1852,Sync,False,,,3915797689920793730843,7388486987703,,,,,False
25544396,0x2699dfa309ec825d431cc372ad608d9c102ed86f721f8df01c141b0c2aef4baa,0x954fd1e313c90f6dcdf24175e2f44931cb230bca43bae62633b702950dc78602,89,266,0xb4e16d0168e52d35cacd2c6185b44281ec28c9dc,Sync,False,,,8802125284294,4668034219442382282310,,,,,False
25544410,0x5334550acd46c5fd07955a7396f9fd2f8613084261749752a35c25de237746bc,0xc0302f9c3a8ff56c677b435ed0c1b7b8990d7c857e504c184ffae8a74001743b,4,23,0xb4e16d0168e52d35cacd2c6185b44281ec28c9dc,Sync,False,,,8802105714296,4668044629259266888559,,,,,False
25544423,0xdea90694297812488c44ad19befaf410b82123293acacaa4ce676139afded18c,0x072b0ed8fbb479dabcfc1aa0fdd4ae45e06640851c73d72351d16a002b7606d5,33,168,0xb4e16d0168e52d35cacd2c6185b44281ec28c9dc,Sync,False,,,8800522022311,4668887191759266888559,,,,,False
25544445,0x0e3a8b75e1326daa154251b6091f6d11d24ae9661cbaf592dc00da0a3431c16d,0xa2b84158585584f6e79251de6ebde8b08e603be3fba842a5a4d5fbd3b455c8ff,43,77,0xb4e16d0168e52d35cacd2c6185b44281ec28c9dc,Sync,False,,,8800489155015,4668904681178653832895,,,,,False
25544458,0xac966d89c2fca7006536eee069f97c6064f66f0a6778a78e8aa6cc8d651572e9,0xa5193064d78da95f066a6f541eeadff6f6813fb8aca691dd72ad00b4dca6161f,37,109,0xb4e16d0168e52d35cacd2c6185b44281ec28c9dc,Sync,False,,,8800551053823,4668871940883205870395,,,,,False
25544467,0xfe9ff630e640e4503269b47cfbfdee293dcf1a496d9ba156f6ada544925e48b3,0x1765d37285820147c0213237c7c428c87e94d3649c6b4d11ee46dc0bea5f922d,130,362,0x0d4a11d5eeaac28ec3f61d100daf4d40471f1852,Sync,False,,,3915797213218483055311,7388487889871,,,,,False
25544475,0xd2bbaffa1c5b47b4306859f26e41522cf8ad26f170682a277e036946655827f1,0xda24efa429ee745e561cbd3bac9be9acc8b520d9bd4e0f65deec803937fe9ab7,115,193,0x0d4a11d5eeaac28ec3f61d100daf4d40471f1852,Sync,False,,,3915795099634338354982,7388491889871,,,,,False
25544499,0x3be7357767f401b3f7868cb98f063ed3dbdf2b3dc71028d0eb03d81108fca939,0x8d4320cf46163a5137b811868bc9e367bc9e4757b4fc2a4311528083d24cae6d,51,145,0x0d4a11d5eeaac28ec3f61d100daf4d40471f1852,Sync,False,,,3915791400867581350125,7388498889871,,,,,False
25544517,0x6b1e09b9477c1f0d3755a3dbd28148fe32cb664c2e997db2cb053b6eb4636072,0x1daf72369e97151fb4a59fb08d368f043edc1cb7c84c454f22183e849031c0ee,94,313,0x0d4a11d5eeaac28ec3f61d100daf4d40471f1852,Sync,False,,,3915698972066333320873,7388673817769,,,,,False
25544529,0x6bf6de41b3f5ba07caf41d93c5ec14fca304199c7eecabc3ec893fabcde50843,0x6f0cbfa713c79bb2228f5e35df1b936b3771cd1170d502c322ed42cc76ea659e,3,32,0x0d4a11d5eeaac28ec3f61d100daf4d40471f1852,Sync,False,,,3915697316072168161662,7388676951928,,,,,False
25544530,0x63e8291d264c174daab37ac48aa0a614dbdea934fb0d2ac2fd43587bb408a5ff,0xc24a9488ee35538bbc5ae8e9927541d95bd55ed7a293d8046619beb29174c82f,9,38,0x0d4a11d5eeaac28ec3f61d100daf4d40471f1852,Sync,False,,,3915128977890735290291,7389752753761,,,,,False
25544530,0x63e8291d264c174daab37ac48aa0a614dbdea934fb0d2ac2fd43587bb408a5ff,0x7f5b29ff191833ffec5f7b5f61e706d54f729ad0cbee8e251e1200cdc1809e23,144,917,0xb4e16d0168e52d35cacd2c6185b44281ec28c9dc,Sync,False,,,21667502228661,11495052135453969240855,,,,,False
25544530,0x63e8291d264c174daab37ac48aa0a614dbdea934fb0d2ac2fd43587bb408a5ff,0x7f5b29ff191833ffec5f7b5f61e706d54f729ad0cbee8e251e1200cdc1809e23,144,955,0xb4e16d0168e52d35cacd2c6185b44281ec28c9dc,Sync,False,,,8800551053824,4668871940883209753879,,,,,False
25544534,0xa3b6f665e51e804cafd4e33690db226d118e472838d212d0e841a33912f4392d,0x0842355f8d533a6d000aa87f8e977e0c2af1e7a02f395fd6c1947fd126e58189,45,42,0x0d4a11d5eeaac28ec3f61d100daf4d40471f1852,Sync,False,,,3915126865028984971362,7389756753761,,,,,False
25544540,0xd16f8d3b00104569a6ef5a6eca17a72c25d1cade1b2da0de6b0073959c984b56,0x3068e44f0fc8b87dcee1cfb3b38ac809d07695396301a0ab874c2bb2bd72872d,109,653,0x0d4a11d5eeaac28ec3f61d100daf4d40471f1852,Sync,False,,,3915109409943960466306,7389789799316,,,,,False
25544549,0x8a0db96d119e6a8daa81f5495cae3d8d0b67fb3face40e1e49cec1871ba4ec26,0x70f1709f77bb5a2d744c15347385bae620e0ac1e314fc5262653ea51b6a485b3,61,202,0x0d4a11d5eeaac28ec3f61d100daf4d40471f1852,Sync,False,,,3915105712474409994387,7389796799316,,,,,False
25544550,0x1b0e22914b2d8454a6b9d990cf60353e91a6cbe549a3580644b7083547be6d52,0x0e11231b6ddf19b10fe0ed0fe4e54aaaae65cb5cca5d3ac72c3f92d22f3e007e,1,126,0x0d4a11d5eeaac28ec3f61d100daf4d40471f1852,Sync,False,,,3915103864161656852703,7389800298522,,,,,False
25544557,0x7c020aeb62c9582e2756c9e59aa0d59ef698a9db49038d7dafe70b0db156ebdf,0xdecf9808aebb9274bb4ca84095945eecf1e6e650b5b56d2b1fccb7066210b3d3,18,109,0xb4e16d0168e52d35cacd2c6185b44281ec28c9dc,Sync,False,,,8800601915900,4668845038618989602763,,,,,False
25544557,0x7c020aeb62c9582e2756c9e59aa0d59ef698a9db49038d7dafe70b0db156ebdf,0xdecf9808aebb9274bb4ca84095945eecf1e6e650b5b56d2b1fccb7066210b3d3,18,135,0xb4e16d0168e52d35cacd2c6185b44281ec28c9dc,Sync,False,,,8800651970924,4668818563528535577655,,,,,False
25544563,0xabb758210215fdfd9e2bff40f3bc0626bf9c25ef9e82d9d58ba5104cb6defb8a,0xbecabcc9ca0cbb26f913348c26783b4134b05eb97dccbe0dfa82f3681e1907a5,9,76,0xb4e16d0168e52d35cacd2c6185b44281ec28c9dc,Sync,False,,,8800766096345,4668758201463877358309,,,,,False
25544563,0xabb758210215fdfd9e2bff40f3bc0626bf9c25ef9e82d9d58ba5104cb6defb8a,0x4f94e6b51e4c2d964ab69cff232539a8944c2bf8d27e2b84e6f14455da7e4b04,10,96,0xb4e16d0168e52d35cacd2c6185b44281ec28c9dc,Sync,False,,,8800779848758,4668750927782191087816,,,,,False
25544563,0xabb758210215fdfd9e2bff40f3bc0626bf9c25ef9e82d9d58ba5104cb6defb8a,0x237b87fe43ec235753a7e9409682c6443dbc6f173a9c57b1d818afae6b2ef0fd,96,283,0x0d4a11d5eeaac28ec3f61d100daf4d40471f1852,Sync,False,,,3915096469250521198814,7389814298522,,,,,False
25544607,0xa98f0c1350543608c7635a2a6cf39687db2f1873f6e4877ed5d29adc206a7537,0x4f2c12f356c1c2d9d3388e26f5ca87c4812ac578b9e8ad71f70dcc9f714decc2,50,125,0xb4e16d0168e52d35cacd2c6185b44281ec28c9dc,Sync,False,,,8800779923445,4668750888280133477631,,,,,False
25544620,0x98559191d34be7dc5d0e753771bc5627a7a90cdb28774a2059ee40a284802947,0xe66f645ead4b3d1c6e2cef4839755151096dc99fed0196d75821f5a64f39067a,7,20,0x0d4a11d5eeaac28ec3f61d100daf4d40471f1852,Sync,False,,,3915899989250521198814,7388302499535,,,,,False
25544630,0xa398b6de8b6838ad03cec728ae7713db8a4f44be18853ef456b7fa4cb0ec8de5,0xe9e98d6b38cc879aa0829346731e471116466d4fe474f3ad1f768fdf9b847612,57,126,0xb4e16d0168e52d35cacd2c6185b44281ec28c9dc,Sync,False,,,8806423111337,4665768105289448538182,,,,,False
25544636,0x7efeec8dc7ccbfa0a0e5987fb14b5e909abd954ae6d69fd6538e7bc710e00039,0xb67476996749e0602ec4b32baa265613eb799a7c2cec480de8f9519641f331a5,23,84,0xb4e16d0168e52d35cacd2c6185b44281ec28c9dc,Sync,False,,,8806438748997,4665759845104753635562,,,,,False
25544643,0x605307212c584db31b74a6dca43d2261c448efdb93bbb0f29c6fc3eed3300122,0x708da7428acd6b2b5794706b91743a6d56ef6d93b8d523e48adbf8e586c873c1,14,110,0xb4e16d0168e52d35cacd2c6185b44281ec28c9dc,Sync,False,,,8806438738698,4665759850578241117821,,,,,False
25544653,0x3fa6121246f8069b157de5ed1829451cc3d047842b963cc101c44ed3e762ccef,0x872c81feea1b3a6731ee111ea1a9a9c92255677d45b9520d875b4c8dff6e3926,33,156,0xb4e16d0168e52d35cacd2c6185b44281ec28c9dc,Sync,False,,,8806425431099,4665766922334451765535,,,,,False
25544656,0x066bbb2fed04bf6c76cba126e026dad96e64e03a94c1228b96b1d504462b1c15,0xb8eae1ceaff04af50bf125e010ccb07d440988c3140cabaf38d233fb329aa805,297,620,0xb4e16d0168e52d35cacd2c6185b44281ec28c9dc,Sync,False,,,8806420796114,4665769385405080359134,,,,,False
25544666,0x8f454ec192746691aae1a4dba82e28fb98f0d80181a412203bdf672b935cb05e,0x982eb778d98e1c2ae1a2418c2beda4e8e3edb0ae02280c2911f2c083e3e8a416,1,59,0x0d4a11d5eeaac28ec3f61d100daf4d40471f1852,Sync,False,,,3915892798595269243928,7388316107312,,,,,False
25544672,0x7000746f9c865b2f0650feae63d1988cc7b424936ce3f088e7ea935ba3894d88,0x3b1b6e320e3cb03181c46cd0e22618c21cc6c3b5e867983ae25339b4a316875b,26,83,0x0d4a11d5eeaac28ec3f61d100daf4d40471f1852,Sync,False,,,3915684611590894370394,7388710107312,,,,,False
25544674,0x9b5e2935ffbd603f234e97f26ddbba9e537de2d28cc5a3a9588d3bfb10be5e2c,0x45e901e9f1c1293e760973a644149cb35efca8c7e6ac074e7d34cf8ea8356146,32,156,0x0d4a11d5eeaac28ec3f61d100daf4d40471f1852,Sync,False,,,3915784977081389547335,7388521295398,,,,,False
25544680,0xceb3e8346e1b41e97a91ee9fe5ee27004ee771b5f83d5883994e6bd530eaf5af,0xe04a722e9e87da7333ad07de5b8cbd4eecc1a65946b2082731b766055c9da641,212,763,0xb4e16d0168e52d35cacd2c6185b44281ec28c9dc,Sync,False,,,8806420785815,4665769390878590191637,,,,,False
25544727,0xfc7ee0fdfe23c94d6ec3b089fbca62b4f126ea02285c2ec8dbd6421734440686,0x782f1998046c095947d37a61dad9b4ebba8406f92f1afa4d9a6bff7c3af3dfbe,144,425,0xb4e16d0168e52d35cacd2c6185b44281ec28c9dc,Sync,False,,,8806461824776,4665747713171975389397,,,,,False
25544735,0xc9cbfc323f8f34ab21b01b9937a246c12b8c3785da7b02af5038cfe024823a65,0x6c3879cd060d0e8c95036b412fd2c12c2b14511b83e56b43b0c0a4ad04bfc46c,79,321,0x0d4a11d5eeaac28ec3f61d100daf4d40471f1852,Sync,False,,,3915776831877949682817,7388536710499,,,,,False
25544738,0xbfa129f9169fbc9bc658a84bb6dd2dc4f93dfea2f7a17bdccc05606ca2b19606,0xb92176ce47c44171e40444483eb42e8e31f9f8eaa3a170bdda0f6cde4a7f02e5,134,952,0xb4e16d0168e52d35cacd2c6185b44281ec28c9dc,Sync,False,,,21690779301767,11491982357706510985043,,,,,False
25544738,0xbfa129f9169fbc9bc658a84bb6dd2dc4f93dfea2f7a17bdccc05606ca2b19606,0xb92176ce47c44171e40444483eb42e8e31f9f8eaa3a170bdda0f6cde4a7f02e5,134,991,0xb4e16d0168e52d35cacd2c6185b44281ec28c9dc,Sync,False,,,8806461824777,4665747713172172821745,,,,,False
25544744,0xb8d9e869e8e91f1955b846fe06190fc3335fa58ac19cc03091b76610053b13ba,0x5b90ba437d0cc59c7e0f69dc541d815fa49ab59d1f48394d87f377240a26ee98,82,276,0xb4e16d0168e52d35cacd2c6185b44281ec28c9dc,Sync,False,,,8806359339812,4665802174703578361919,,,,,False
25544767,0x910798900e186508998d7f64d18360cb114342e23c3389e03332fcc8c93c255d,0x2fd6c8419da49f0b0a35107dba0c59332af546fe2719c46a03c3a7f4d69285a4,57,373,0xb4e16d0168e52d35cacd2c6185b44281ec28c9dc,Sync,False,,,8806358313898,4665802719891078361919,,,,,False
25544775,0xa553a208b2391e1fd787e57c37841d80c2473cb38c6cfa067f7984fee4d1faaa,0x5f10a217820a58a59ff7ac0ea3a72fd2c6963c5c03bc2e78fddff92a815a5523,120,456,0xb4e16d0168e52d35cacd2c6185b44281ec28c9dc,Sync,False,,,8806281578918,4665843498464922244507,,,,,False
25544779,0x1bd44e79f3cf5830b8e9302ec5a4e74f6932a729348366e07499ad1d54350242,0x8e39bc6f31e410cfc438c938d95b7ff36af168ad611d088c8e5945539f38f0a8,99,190,0x0d4a11d5eeaac28ec3f61d100daf4d40471f1852,Sync,False,,,3915774718318771657079,7388540710499,,,,,False
25544782,0x9c0e0eb8ee9ef79b57efb47447c4a28152d38e38c233f60ab0bb52f05a90f4d7,0xa7d92c0149d56ae57c520020408ce9c6f4818dbba26106f3f924d9d5c186a18d,102,206,0x0d4a11d5eeaac28ec3f61d100daf4d40471f1852,Sync,False,,,3915785187660663712804,7388521015573,,,,,False
25544786,0x1d932be27d8c51d11b08c318a89d9b23046ec34a0a7ece361c973ee0514792c0,0x008b3754502b755229363e596f220f8ada26e81aae5cb1115254981979012bc0,148,275,0x0d4a11d5eeaac28ec3f61d100daf4d40471f1852,Sync,False,,,3915756126298216074085,7388576015573,,,,,False
25544799,0xf19200378dab6fbda9b31d0d436ceba338a0350656dbd67200c0a6c24472a87f,0x315c9e081665c835160804654ff6e34e93ab8a91b49c7576807414d79500ff72,72,128,0x0d4a11d5eeaac28ec3f61d100daf4d40471f1852,Sync,False,,,3915749785694784870266,7388588015573,,,,,False
25544803,0x9b3a12a29500a2cc2926346d7baf3ba71a2a8cf4de00a500fe17a84428aa339a,0xd84a5c732284bf7f435ab6aa243b061bc3578b4c581346c13ecb471ee396511c,12,113,0x0d4a11d5eeaac28ec3f61d100daf4d40471f1852,Sync,False,,,3915731292385486829117,7388623015573,,,,,False
25544805,0x2985cf908242f11a4538849935f931d0f46394e6e6c66091f03e80a37a20e8b0,0x0deda9cf9a1ae56ee8de26aa685487c3285f4eeae570409f78f51c2e0d629365,140,217,0xb4e16d0168e52d35cacd2c6185b44281ec28c9dc,Sync,False,,,8806279935061,4665844372053077010771,,,,,False
25544819,0xa0c51dbd3f99aa0d1d23199f35f696495e6ad0e952faf3c2ae49aae9ece1426d,0x8feac260d314606647ec5ff2af5cd33003f73b785ae31e19f1c679d3703f5139,52,313,0xb4e16d0168e52d35cacd2c6185b44281ec28c9dc,Sync,False,,,8806216075075,4665878309141164597521,,,,,False
25544820,0x422020ca2384ba6cce15fa958ca9b8b2c642b147e4d08e08d83e1a9f72dd0757,0xda3463a813ec1f84f13f3e4e9dc1b423338b631dbcb1f67583d78e57134816b5,24,102,0x0d4a11d5eeaac28ec3f61d100daf4d40471f1852,Sync,False,,,3915798843064750963800,7388495938257,,,,,False
25544820,0x422020ca2384ba6cce15fa958ca9b8b2c642b147e4d08e08d83e1a9f72dd0757,0x54709d3c36121dceb69e18d33b4e32fbc89dd87eb946d747eba6e8b0a8c65627,56,174,0xb4e16d0168e52d35cacd2c6185b44281ec28c9dc,Sync,False,,,8806214431272,4665879182713772746212,,,,,False
25544828,0x93dd5905024a8997487a60cdb21acbbc1903bde82b51809b3eed63181d8dc835,0x4273b996808fd64020fc56760576b6927495efefb4e0ad79ac416a35c5044770,139,240,0x0d4a11d5eeaac28ec3f61d100daf4d40471f1852,Sync,False,,,3915795144296484672770,7388502938257,,,,,False
25544828,0x93dd5905024a8997487a60cdb21acbbc1903bde82b51809b3eed63181d8dc835,0x5ae2fa93faac9e72d384812376a6ad2c139f270083a51233b7a7cd4e09862d70,149,263,0x0d4a11d5eeaac28ec3f61d100daf4d40471f1852,Sync,False,,,3915772605878432849983,7388545592993,,,,,False
25544840,0x3b964a6e245c4606979c566dbeb3c74bc2cb94f171d56439f8d1fde50611c84f,0xce96827cc7cfaadd3ea1c15d96feb9e0f0574d0fa7334e7524ea1adf7afac8a7,19,122,0xb4e16d0168e52d35cacd2c6185b44281ec28c9dc,Sync,False,,,8806289606272,4665839471868485015917,,,,,False
25544865,0x318de337b006c4325030ca2d72ff01ce92c73fa2ab3d5a210c5688cddbf29ce6,0xc36d6e92da56839a1d46a250979c26ad69415317409cd3b07aa31b4115f083ee,86,365,0x0d4a11d5eeaac28ec3f61d100daf4d40471f1852,Sync,False,,,3915759396201139544301,7388570592993,,,,,False
25544871,0xa6e80e1e21bb8e03bb015eaecbbd5026ddf3c0d2e6978328d6199d1da5d4adba,0x75c4f790083faccae8f1c91ef5072f1492cac721d0e9e3e6ec13dd7e8e100d88,145,467,0x0d4a11d5eeaac28ec3f61d100daf4d40471f1852,Sync,False,,,3915740902802845036766,7388605592993,,,,,False
25544876,0x6101bab3cafc98875391de8d3deb7b8b008d83959e3112ae6404487e6f07a10c,0x962bce038cecf1a5c11ebb3b2320007271c3d72e1dcf1a3b06d33ec3022b3f94,406,415,0xb4e16d0168e52d35cacd2c6185b44281ec28c9dc,Sync,False,,,8806279821273,4665844671864003085936,,,,,False
25544880,0xe52d8316598654531e69be70cfbe902f0809a111aede94d0e5351f1b28c7028e,0xc4e4a6e8bfb43c7e8eb7478b5d789ce2b49c9060a6d8a30e38fee811b65cfe20,39,151,0xb4e16d0168e52d35cacd2c6185b44281ec28c9dc,Sync,False,,,8806198142296,4665888078583035328528,,,,,False
25544880,0xe52d8316598654531e69be70cfbe902f0809a111aede94d0e5351f1b28c7028e,0x67931a0be85c1c65041067ef629c0797377b3c24661f691b36c8219dd13d9bcf,70,251,0xb4e16d0168e52d35cacd2c6185b44281ec28c9dc,Sync,False,,,8805950829583,4666019513073035328528,,,,,False
25544883,0xa1b4b98379deefe289b747571eac32c7b4c7beb05b7ed54bb0250f38c045effd,0x2cae6d001e12564640e43bd19e5eac7f2252c6f9cc9e5f66f828425152123bf9,30,84,0xb4e16d0168e52d35cacd2c6185b44281ec28c9dc,Sync,False,,,8805999007328,4665994061797505646146,,,,,False
25544884,0xfb38e5a3bcbc8026dc2141638b78c85f738fc42b196220c4658f199a8640ddcf,0x3da85e98d24adb1d550065777a094bb3bfb567408316fe9660fbac01e666a0eb,93,251,0xb4e16d0168e52d35cacd2c6185b44281ec28c9dc,Sync,False,,,8805998575183,4665994291465625979477,,,,,False
25544885,0xdab8641dee1727758e4c417f89ada906aae3e6310295bef91b6355a27cc0655f,0x3b51cdc0ba0e87da8ac772842cc97e52c4d1f9f89f38eb4eecd7db09ba9a1048,15,98,0x0d4a11d5eeaac28ec3f61d100daf4d40471f1852,Sync,False,,,3915905786724059887592,7388295420151,,,,,False
25544889,0x54928950a90dd3310bd1aa40c5efa476506203ed6442ed9cc8da7e1fa86c3104,0x53d7518f40f81ad061bd143023c7d45d17fb3a17b75bb25831c4e619228db4de,51,215,0x0d4a11d5eeaac28ec3f61d100daf4d40471f1852,Sync,False,,,3915932162943082076311,7388245804717,,,,,False
25544892,0xa7434fd5056d42c3456375f6508f75498ba5524e542c500940be353deaab5031,0xa0c7691a3b7a6b12127761e54769c25676c76d9338d1369975165c5cb8accb27,2,6,0xb4e16d0168e52d35cacd2c6185b44281ec28c9dc,Sync,False,,,8805998246699,4665994466041852574024,,,,,False
25544893,0x79567de873111338da4cbe50a07c357151720485e21c21aeaf2e27a6f0aa30c0,0xd17c5e4e4990d723957d77552c27e663d15eb83a49e5294a5c2d8f69dea5c4fa,54,90,0xb4e16d0168e52d35cacd2c6185b44281ec28c9dc,Sync,False,,,8805955170030,4666017359674391688009,,,,,False
25544898,0xba8045a35e8399a77a94c8f71e55c73fcf555c7ac04e089dbf2675f92d10e7c4,0x62662efac4a083215d1e30ce891faf4f05264a808202122fafdaee0e981a1e00,88,200,0xb4e16d0168e52d35cacd2c6185b44281ec28c9dc,Sync,False,,,8805954689853,4666017614872226118009,,,,,False
25544900,0x3a93a455c9b6b932aaa7ee26a9c5b246ee83171c3afc28620d41245359bcda78,0x54444a6fbee779df503f3735da8f5a62a05e32e6a264e4dab9ad3aa01b978cd0,99,234,0x0d4a11d5eeaac28ec3f61d100daf4d40471f1852,Sync,False,,,3915922651192964958927,7388263804717,,,,,False
25544905,0x2acac4e3444e4cd7a77a40b427053b60ae48a823197e6cbb01258b35dae60d69,0x8b1a58c04e5cc9e7d8bb322c59b1300d38bc1580fda16c0c18c5d94806b692f7,132,284,0x0d4a11d5eeaac28ec3f61d100daf4d40471f1852,Sync,False,,,3915948908427463955895,7388214413523,,,,,False
25544921,0x917335fd5876d70bba83a870f4959de04697685a7b66722ea6fbd3849aed6995,0xc4f77af0410e7e89856ca88aaa17ddfd67b564d18c365a422ce9e0b5d696031f,54,53,0x0d4a11d5eeaac28ec3f61d100daf4d40471f1852,Sync,False,,,3915946794683202742733,7388218413523,,,,,False
25544924,0x5a149ab7a1663bb4438c9ba6aedf2710a4695e8d2ae6bc4bcd4632c9ff992100,0x0fd31b90516c5cc8c40f101af50368fc917c7bdc8311ddddbb0b55885a595140,135,264,0x0d4a11d5eeaac28ec3f61d100daf4d40471f1852,Sync,False,,,3915920373072515061190,7388268413523,,,,,False
25544926,0xb81098657e5b9b031d173619f651185384699aca852ee301a0563c9f58228b0b,0x98a0753daf6f2b04328861a809d5c4d620569a9092690aff46cefb64301cf3c7,45,78,0xb4e16d0168e52d35cacd2c6185b44281ec28c9dc,Sync,False,,,8805940671554,4666025065121267977036,,,,,False
25544933,0x9b9400f21b7ab619bc51b5e1f6049b6f9bee8ec86af99e9238b6aaf270904b47,0x4fbe2f057373a3baf5111aad128b72ac0db5bc261c21726a7f8fd05530d581b0,178,332,0x0d4a11d5eeaac28ec3f61d100daf4d40471f1852,Sync,False,,,3915946556036770533801,7388219161975,,,,,False
25544933,0x9b9400f21b7ab619bc51b5e1f6049b6f9bee8ec86af99e9238b6aaf270904b47,0x482c99d24b276bb302cbb1aa6975d31d989dbc7c704c6122e21c2f6d19a37109,793,1559,0xb4e16d0168e52d35cacd2c6185b44281ec28c9dc,Sync,False,,,8805936036569,4666027528463369715669,,,,,False
25544942,0x8bc47765ad45d4d906d40d2d1bb97f7539b510243ea19be38ef6274d274d0863,0x40bcf316d2cc9d131f0ae3bf521945263ee5ceca6973b46cfb4403b7633fdb05,28,124,0xb4e16d0168e52d35cacd2c6185b44281ec28c9dc,Sync,False,,,8805833551604,4666081996512996478936,,,,,False
25544944,0x92e02ff80b00201ef13b3dfcd05d14929b0b4e09df1d13999b9fdce4afe32a8f,0x954050f204377d505e5f0380108818c48e792546b83b2cd764cd12c4e74dd94e,49,92,0x0d4a11d5eeaac28ec3f61d100daf4d40471f1852,Sync,False,,,3915952209005434021670,7388208528527,,,,,False
25544953,0xefd2c1cfd97556d07d2b7fb2e713001da73383a0db0a6c7aa12e54d11038cf0d,0x523fb4c9a133e3b3ed8cd41c756a02d317c84d471be719bacb9c37a92c24acd1,33,158,0xb4e16d0168e52d35cacd2c6185b44281ec28c9dc,Sync,False,,,8805797398609,4666101211177599726600,,,,,False
25544961,0xb2126b980924d4caf32b912b16dba602704690976c3dcfcd94f73a05b0a8575d,0xb80085129218a10253144c1e044d30ec0c46d00f5f0d51ef734b6f8b0f49d755,57,194,0xb4e16d0168e52d35cacd2c6185b44281ec28c9dc,Sync,False,,,8805409821787,4666307211177599726600,,,,,False
25544965,0x86abd1971891995646e1d0419b227b2564e23ae828e090e34658650ac9577e2a,0x083ab0c44c015d10527c6ae4730e8c7a6836cef6014af562fd5d84a6518f117d,121,250,0x0d4a11d5eeaac28ec3f61d100daf4d40471f1852,Sync,False,,,3915938998119581075910,7388233528527,,,,,False
25544969,0x4d82d6dec1587f7fd95a610ed32821cf46940d91e3adbb8cf305ba89851687cc,0xe6d203995252c5a35273ea01b6858f77f9dc1279d2f470dfb1993cc641085e65,48,159,0x0d4a11d5eeaac28ec3f61d100daf4d40471f1852,Sync,False,,,3915912877818688475235,7388282958527,,,,,False
25544972,0xc253fb54ab7e9f4ccbda03940f54fc35a2613d14c6e996a03669185bb0c5f903,0x8e4302c01447f3ffb505c12e1f7b4949286105ce116f5c01818aa464c12da476,46,298,0xb4e16d0168e52d35cacd2c6185b44281ec28c9dc,Sync,False,,,8805389736789,4666317887001303767285,,,,,False
25544975,0x1e11408d2d8e802d526e6676db7c1d21b3932ff1b4b2a691800b6badf65fbf8f,0x3ae1f6bbef8ea729e50cd99d3103ffff6ae7cfe8196790d6381058f0695d2dec,34,148,0xb4e16d0168e52d35cacd2c6185b44281ec28c9dc,Sync,False,,,8805738959005,4666133383085357338145,,,,,False
25544976,0x0a58ba39ccae86f6e1e82934e0b450332e5030105aa3bfedbbc9bcc90aeabb07,0x1ed39c497e0b76f9d916455acd1e0c54f6a54b3fa17bbec8e0d699d1c1d6e9d9,265,503,0xb4e16d0168e52d35cacd2c6185b44281ec28c9dc,Sync,False,,,8805738948705,4666133388560126606886,,,,,False
25544978,0x139f6b1bab3d5c63e821057a24aa9b76355d3c1a6fe891b2e8b74825dae5eb8c,0x7393cf32a2af059d9f240341fa83fda72169bd960ce067e60248aa5836235af5,132,508,0xb4e16d0168e52d35cacd2c6185b44281ec28c9dc,Sync,False,,,21689750874939,11493330808084984266468,,,,,False
25544978,0x139f6b1bab3d5c63e821057a24aa9b76355d3c1a6fe891b2e8b74825dae5eb8c,0x7393cf32a2af059d9f240341fa83fda72169bd960ce067e60248aa5836235af5,132,547,0xb4e16d0168e52d35cacd2c6185b44281ec28c9dc,Sync,False,,,8805738948706,4666133388560171354753,,,,,False
25544979,0x74736a9f3a05031e17325d4b9cf1630061c9ebee9dd6358c5f947736bc7ad541,0x30dec0ae0ac11dd47a753823b600daa5be9fb7eff377aa27a6a760baaacba727,170,788,0xb4e16d0168e52d35cacd2c6185b44281ec28c9dc,Sync,False,,,8805738938406,4666133394034940623494,,,,,False
25544984,0x54d118e33e495a4b7f3524126559200c6c785eeebfb732bf8dc264779390c8ed,0x1f8c6e8a09ed6b331baa8ce31e74fd3b437792673d7e832b1bf575c75554f6a6,1,3,0xb4e16d0168e52d35cacd2c6185b44281ec28c9dc,Sync,False,,,8805738871861,4666133429403312058581,,,,,False
25544984,0x54d118e33e495a4b7f3524126559200c6c785eeebfb732bf8dc264779390c8ed,0xa45562af3c11a0ac92d20d2dd206f9c92a24a4e9e08faa77ac1e0e8b4d75a164,80,265,0x0d4a11d5eeaac28ec3f61d100daf4d40471f1852,Sync,False,,,3913272526379321005086,7393282958527,,,,,False
25544990,0x6347866f69dcafee39fd6cdbca92f7f100c0b375e30d50e22dd2b0a9b9e1c462,0x5db737d6164dc1dc85e593c7a2d3f6655d2e6b65237668fb24f3036f5fae7f52,93,125,0xb4e16d0168e52d35cacd2c6185b44281ec28c9dc,Sync,False,,,8805738711240,4666133514772117574556,,,,,False
25544993,0xdc3c209a683ebe8802c835254a0660de9bae72489d69ab198ea5cdc6d7108ab0,0x15f1cd9ecfb2c365ca4078f5b93d52c402e6bfc35da23146db21f3e1b172a95e,342,574,0xb4e16d0168e52d35cacd2c6185b44281ec28c9dc,Sync,False,,,8805738700941,4666133520246478298226,,,,,False
25544997,0xe1831b052ffd974d6596e03b69c37965ac3e550f56316b184766ed80e9279b3f,0x72833141ca1b87687ca3b713080524b60d863ef4ee5886350c340b42025a39d3,84,234,0x0d4a11d5eeaac28ec3f61d100daf4d40471f1852,Sync,False,,,3913265557985897832004,7393296163439,,,,,False
25545005,0x6993d54db41d0ae543db3125678426752711fcfabb3c4005c5a567bc946a3b08,0x78191f2038e19a583d5fb030806d293eee8a7254c3b7fb2e47c1010a2a4953a5,166,394,0xb4e16d0168e52d35cacd2c6185b44281ec28c9dc,Sync,False,,,8805738730704,4666133504522471283821,,,,,False
25545017,0x7863d64c4b2a200b1e848a2f920eafa9012cae7a6ab40b8ccb2f428bdfa2405f,0xf9793ad627e4164e7a695980bf8b42e3dbe8fbbcf298803c1bb3df1fca4ce440,8,33,0xb4e16d0168e52d35cacd2c6185b44281ec28c9dc,Sync,False,,,8805737883545,4666133954780499298054,,,,,False
25545018,0x2e0d42b8f5b78ee1f921bf14dc5a1a4936fe59f6a64816b5153f9f4bb652cfd6,0x7e037466517594399c6a7d44e7e4146192cda2cbaf9c8f66f572af837315d0eb,672,960,0xb4e16d0168e52d35cacd2c6185b44281ec28c9dc,Sync,False,,,8806062883545,4665962261227762559981,,,,,False
25545025,0xfa50592d23b30e200d604bfaa4b6818ea3a300b29f7a838302ea1aa7b5293ffc,0x095a20826eb65f684806c783f1fbb005859dad375a10b2dd5979146003a49bbe,108,754,0x0d4a11d5eeaac28ec3f61d100daf4d40471f1852,Sync,False,,,3913256059205964492511,7393314163439,,,,,False
25545037,0xe6630bcdbe297b892bc00d9c789bed0eee66d5968ae9b1a349fc93fbcc73ff93,0x3c7c0da582d672348f4e45988699749ae7304f58459b5c66778efa5d301e9136,22,91,0x0d4a11d5eeaac28ec3f61d100daf4d40471f1852,Sync,False,,,3915239282139521768927,7389580395367,,,,,False
25545037,0xe6630bcdbe297b892bc00d9c789bed0eee66d5968ae9b1a349fc93fbcc73ff93,0x229d002a8481cd3776846490ab2892cf93a210d1eb6819bed3b0c711f89c5eae,24,98,0xb4e16d0168e52d35cacd2c6185b44281ec28c9dc,Sync,False,,,8803223217792,4667471897915940691693,,,,,False
25545038,0xb54a729ff1e332515ada6b5ccbbc8070ad95adf51518020f4a72ee15f2034139,0x8275700ada193334eae006893582330e890916c65f1ac46eab31520af8058ebe,0,167,0x0d4a11d5eeaac28ec3f61d100daf4d40471f1852,Sync,False,,,3916245887117352526047,7387686724955,,,,,False
25545038,0xb54a729ff1e332515ada6b5ccbbc8070ad95adf51518020f4a72ee15f2034139,0x8275700ada193334eae006893582330e890916c65f1ac46eab31520af8058ebe,0,184,0xb4e16d0168e52d35cacd2c6185b44281ec28c9dc,Sync,False,,,8800843096146,4668737978734761207533,,,,,False
25545040,0x11437f3bce5ffaa87bfe6cc05ebbcc563689cb1286223c90acfbaff22090a7a1,0x4776cdca72d2f309ca411c9448e364d2f2906da620b457c5e6663605ca966143,72,179,0xb4e16d0168e52d35cacd2c6185b44281ec28c9dc,Sync,False,,,8799747474498,4669321013884761208336,,,,,False
25545040,0x11437f3bce5ffaa87bfe6cc05ebbcc563689cb1286223c90acfbaff22090a7a1,0x77852effb3a1b9884e7564bebd1f92710a13e4b7c04ce47161874630d5f4e59f,74,189,0x0d4a11d5eeaac28ec3f61d100daf4d40471f1852,Sync,False,,,3916973639003678160479,7386318253654,,,,,False
25545041,0x555615312870c05ba15fa65e1e3ca79259ac402a8a29ed2d8d230c1550d43a8a,0xc5da45fc45041c74c08542e8ae4eca58daa8957ef7c9bd0cea3cdcb9390e4781,172,378,0xb4e16d0168e52d35cacd2c6185b44281ec28c9dc,Sync,False,,,8798788713646,4669831337866739970960,,,,,False
25545046,0x2826460467c1ecef7da410f3795e793602d4810fee3f5aac9b4a1e020618c95b,0xa0e8d3ef1b3e0b28983c9c1f8e60dfd425d69b03951807a56755a164bbc8c107,56,212,0x0d4a11d5eeaac28ec3f61d100daf4d40471f1852,Sync,False,,,3916947203665882344613,7386368253654,,,,,False
25545049,0x8bca868e16b195845b32a10e9734305a824ef1e90c7099bfa64a65ea464d6e84,0xe65b6b43e72c1980ec0f1e06661a1f90760d08acf6bd42a14020fc75d6810c55,53,376,0x0d4a11d5eeaac28ec3f61d100daf4d40471f1852,Sync,False,,,3917213166533682881013,7385868253654,,,,,False
25545052,0xa65910ce24706314d6a9c3de99469ef534523002589b3a399b59d977adabd852,0xb9f740b7bf4446351b6c5ddeab6e16ff481f698ed92c0ba061f1075b3222b17c,32,118,0x0d4a11d5eeaac28ec3f61d100daf4d40471f1852,Sync,False,,,3917239432579837649206,7385818878177,,,,,False
25545060,0x45b59c0e7e3efa7a3d00f537bd977263ebaca7906974aa489cfaaa87ba231b51,0x8dffdf1c676fbaeb85f8be7de18fc79fcdd417b9e3aac058c50b69022b0efe17,76,254,0x0d4a11d5eeaac28ec3f61d100daf4d40471f1852,Sync,False,,,3917505435075933392015,7385318878177,,,,,False
25545061,0x7e08f907eac116ceda92d37008fcd85011c35becc27adcb47760bcd4bdaaa7c7,0x96f0b01f5d870d9354b575c1b0c00412a8acad22a61f8ed6463c87d5dfceb597,19,150,0x0d4a11d5eeaac28ec3f61d100daf4d40471f1852,Sync,False,,,3917503109550701454563,7385323275474,,,,,False
25545063,0x49c071a8da6415a0fc78d6ffe1b81ef0ecdc01832bc74af04882f648e46d9038,0xf04040649653acb59c963913be1d5a87752094fedf0564e0e8ccd3286e57e020,152,380,0x0d4a11d5eeaac28ec3f61d100daf4d40471f1852,Sync,False,,,3917484599782068392032,7385358275474,,,,,False
25545067,0x6c2ce3b93f5fe588738d5999f70da4cf423bd2122b1ca4e506b6b6db7b0f712f,0x01d2bcd5d0fbb9f291fdb296001e00c146431d6a8570e5e33c42b21956f68ab5,73,403,0x0d4a11d5eeaac28ec3f61d100daf4d40471f1852,Sync,False,,,3917510996777513572279,7385308660701,,,,,False
25545079,0x808a037e0bedbcd7192088b88e58feaa85ce81631ecdb958ecc8719a8c4dfbe9,0xf3bb2b74fadfd160a4a7a29a4a43dfe7a078c4a1124781690c42c36b723043ef,114,461,0x0d4a11d5eeaac28ec3f61d100daf4d40471f1852,Sync,False,,,3917523227401209588310,7385285672720,,,,,False
25545081,0x4d3928e86dd9a72814cb1356936eb613f74fff177669fc43bfd220c0741231ec,0xd7f862a59191be03c808674e580a5c1b25a7c37be73e7d1400a08a0ebbae0bd2,56,239,0xb4e16d0168e52d35cacd2c6185b44281ec28c9dc,Sync,False,,,8799134648052,4669648296099750638569,,,,,False
25545088,0xe211182698613ed5e233716bfb022761e9e437a17aa7ce6ea58392f5fe95718a,0xcdd9667ad7e27288ee28935765a31d4a4f261159dc326b4d5b0a0aff2db46d39,5,124,0xb4e16d0168e52d35cacd2c6185b44281ec28c9dc,Sync,False,,,8799135693215,4669647743102028746836,,,,,False
25545089,0xe3b5840afc9788d10f77a5193ce7e73452e12384df1190103bcb72511a24499c,0x9a819393956ec30835972cfdcb4ca334519592ea976f1e7507ba9196ab380ea7,77,193,0xb4e16d0168e52d35cacd2c6185b44281ec28c9dc,Sync,False,,,8799140693215,4669645097594376278454,,,,,False
25545107,0xc931eb10d68c0ac585a3525b27de4bd0bf14496c2a9ba618f19b00eec34c58d1,0xd7a812e855708506d9144415f1fc5069bd072ef6de42a528935d7ce2531d1f65,43,94,0x0d4a11d5eeaac28ec3f61d100daf4d40471f1852,Sync,False,,,3917535465594016800294,7385262670656,,,,,False
25545113,0x277b6afd72f8aa13aa1331f4ff172f02c09eade3a886fad26d422393eadf87e0,0x53516215af2e8f563f59d349f22d2dec2ba6f022610664da3c14003ef95b38e6,283,530,0x0d4a11d5eeaac28ec3f61d100daf4d40471f1852,Sync,False,,,3917561907121530529577,7385212973472,,,,,False
25545119,0x979146c2bc94b9e2ceb098630d75478b1f4aac8ce8ce8cc2720b30fba6cf6c09,0x9e553e5e0ffbf7b62eb7d3154decdd813a46fbfe8d72f6bf52eaddefff988055,37,103,0xb4e16d0168e52d35cacd2c6185b44281ec28c9dc,Sync,False,,,8799096866722,4669668426122773329154,,,,,False
25545125,0xcaa433a248d4f299c094fb20b53ffe2ed5411d46027b024ece13569026946ca4,0x38d1ccc522b77e5a592baad7fc342a02b2182101821f42acd789785fe2214615,60,239,0x0d4a11d5eeaac28ec3f61d100daf4d40471f1852,Sync,False,,,3917601265822609688638,7385138999537,,,,,False
25545147,0x2825c8fee899c38f0edd5f1b88fb5139a050b49414edaf9e7c17a083f7c04b79,0xa1ef4d32abeb9ea6fd4c7ea13f972633e3fa0661458c69cf6f83723cfab99b92,72,126,0x0d4a11d5eeaac28ec3f61d100daf4d40471f1852,Sync,False,,,3917625813257177598599,7385092863850,,,,,False
25545147,0x2825c8fee899c38f0edd5f1b88fb5139a050b49414edaf9e7c17a083f7c04b79,0x1402a35802daa6da35d13afb4d4c831f2a46f339bd86624591568b962d4f8d89,78,135,0xb4e16d0168e52d35cacd2c6185b44281ec28c9dc,Sync,False,,,8799096856423,4669668431605416890167,,,,,False
25545147,0x2825c8fee899c38f0edd5f1b88fb5139a050b49414edaf9e7c17a083f7c04b79,0x8d91113eeb2e797eab51862f6fd81c610f5419b087483ec636739304f4889a92,79,143,0xb4e16d0168e52d35cacd2c6185b44281ec28c9dc,Sync,False,,,8799077286425,4669678848650664632462,,,,,False
25545150,0x07024154b4647647cc6ad014157fc9463d59d9ee9f0138979b25db469006d528,0x4a293cca618574db69609105fcaf372b9e3fd152c9a7b544e404051a623fccb3,15,71,0xb4e16d0168e52d35cacd2c6185b44281ec28c9dc,Sync,False,,,8795863957432,4671389925095456417678,,,,,False
25545150,0x07024154b4647647cc6ad014157fc9463d59d9ee9f0138979b25db469006d528,0x95a65ae036fdbe4a6ffc35dbd68fbbf3aad2920b0313c06f603931aabb784e22,32,146,0x0d4a11d5eeaac28ec3f61d100daf4d40471f1852,Sync,False,,,3918544255157503974791,7383367115413,,,,,False
25545158,0x8f91eff201f67b3aae63fd8707ef118c84bb1dbd97ee5312a26d1bca8eaf9987,0xfce2539bd87521b0e87f429ade5aa7992ca344a8adde331e36e8e5fbe624e906,27,168,0x0d4a11d5eeaac28ec3f61d100daf4d40471f1852,Sync,False,,,3918673215157503974791,7383124864379,,,,,False
25545164,0xe43312370a850d069de48df026d7004ad748bf00664799c70557efd6c823e672,0xc79995d6931656391ad242535489fd7bc577034c8423f4719c924ff628c9db5f,101,513,0xb4e16d0168e52d35cacd2c6185b44281ec28c9dc,Sync,False,,,8796297966796,4671160130129857805709,,,,,False
25545169,0xe54bd3539ce0ed1e7a4fe25d83cb2aedff7dd9c3358a85f0a5c34638eead19f3,0xc9c9f380cb07337609126a0202daa1077aa96a7443c4d7dec3b089067142711d,75,176,0x0d4a11d5eeaac28ec3f61d100daf4d40471f1852,Sync,False,,,3918690472469905962008,7383092447771,,,,,False
25545170,0xeb7454eb61404df8046917cb06f6ad16266a5b30f0876036993c53e76c1630cd,0x6ecb91f61273b57ccacfa6e14d558dd93845ca415c5bd56cfb706e5b443dca32,37,48,0xb4e16d0168e52d35cacd2c6185b44281ec28c9dc,Sync,False,,,8796260793276,4671179930129857805709,,,,,False
25545181,0x6a715bae91249762e9928e3bc7727c7ccab4a4b1a01c7ab30330ef83fc640881,0xec07976f8c42d1e0f6b5465c6d292e9327b9f1fe1609cc97a9478cf17a0c5c90,103,188,0x0d4a11d5eeaac28ec3f61d100daf4d40471f1852,Sync,False,,,3918717093598504065522,7383042442473,,,,,False
25545186,0x4f4e3faf4440173132b96721d541e0c98b0266d494ffa32c7c57645074dcbae2,0x07bbdc58539b7fec9f7f6e66b61dad0ae1ed0b0c29227b319327176e3fc3ae68,26,124,0x0d4a11d5eeaac28ec3f61d100daf4d40471f1852,Sync,False,,,3918718351122913939707,7383040080348,,,,,False
25545189,0x94babc61fd9055995bf35dce7dba4064f9f5f026d02685b7c050245800c0d11d,0x6a79210a692653943b2e2e031879b772441836c339ae784e4dfa1f0f79946c2c,44,170,0xb4e16d0168e52d35cacd2c6185b44281ec28c9dc,Sync,False,,,8796158308311,4671234518302840626725,,,,,False
25545190,0x9908ca235f5f83c5a90e5a48b1f4a1f212d008489c8bd0ed82dcd8f915b558a4,0x1016d491ea754c40c9ae1fab3dae68a31f9c35121705f9e00a1b3d74df454fcb,1,12,0x0d4a11d5eeaac28ec3f61d100daf4d40471f1852,Sync,False,,,3918839019750108889272,7382813424269,,,,,False
25545193,0xc0fae183c69ffed8abf54772a26a9c4e014dce6c49555e11655af864fc90cbde,0x4b90c45ebd1b530a4b3166fe4e8bcaafd48bb0b524804d7c0a7570a0fd8a49e0,0,105,0xb4e16d0168e52d35cacd2c6185b44281ec28c9dc,Sync,False,,,8793557911965,4672620033941864486437,,,,,False
25545193,0xc0fae183c69ffed8abf54772a26a9c4e014dce6c49555e11655af864fc90cbde,0x4b90c45ebd1b530a4b3166fe4e8bcaafd48bb0b524804d7c0a7570a0fd8a49e0,0,152,0x0d4a11d5eeaac28ec3f61d100daf4d40471f1852,Sync,False,,,3919507969895869881912,7381557164435,,,,,False
25545208,0x93edab37e8dc667c81f627d5ea1ca1880258b53ffa023ec6ea6cdee4c7bb0eb1,0x66c0651295dffeb3c8735a804694a9ff826ba5833cecd11944723220b3ab1851,72,180,0x0d4a11d5eeaac28ec3f61d100daf4d40471f1852,Sync,False,,,3919522763899988687400,7381529386773,,,,,False
25545209,0xafd7ff8a83cafb185ab11cdc54f5fe68366270c686d9b83ca2f25cb633b02683,0x4697401e2407f60b70ede968059d5cb2344a37190e9946e4c225c8ceaeef358c,18,93,0xb4e16d0168e52d35cacd2c6185b44281ec28c9dc,Sync,False,,,8793876824833,4672451088166143375978,,,,,False
25545212,0xa90fdaa678eab80b09d31ab958aa7016ca80372a52db11f92571625745f1917a,0x5e0f778e948eaa898c48aa3c6ad893cf86ff7e9f47820f98c93718ecdea5862e,55,179,0xb4e16d0168e52d35cacd2c6185b44281ec28c9dc,Sync,False,,,8793876814533,4672451093655708043894,,,,,False
25545213,0xd5afe78a82e162ed72b938bd8115445175b4ed3e1cdfd857082231cfb3270f5d,0xb20f08e609221a2d55d50b25b3a6834435bf6bd528f0d0ce91e7b1f87c8a5fdd,78,450,0x3041cbd36888becc7bbcbc0045e3b1f144466f5f,Sync,False,,,1667898869913,1665629892038,,,,,False
25545217,0x0d88c1214e9fef3b5a1e9e583701b7f2ad893ab957586a94593c58a65a87a9e5,0xc19d3a5601165dce2a467b1872a201d87caf08c20e017dac39be672d809dace8,32,134,0xb4e16d0168e52d35cacd2c6185b44281ec28c9dc,Sync,False,,,8793877393665,4672450786868618721133,,,,,False
25545222,0xb5344543282b7b8e572a56e108268202c47a8e0c856b5a45279ea5e8919238e8,0x097900ffc0435bfd145f2a9e639991cb51a386e0cfa63dfee9b24f7635562735,26,75,0xb4e16d0168e52d35cacd2c6185b44281ec28c9dc,Sync,False,,,8793887520103,4672445422536017604958,,,,,False
25545223,0x656c2da87d2f725f2517a563c0e74dafffaa83acede627652c2a70675c51c2fd,0xc779dc254a250860ad795c19468de061c20b4d31babf4b9e0c226e7dd451291d,53,185,0xb4e16d0168e52d35cacd2c6185b44281ec28c9dc,Sync,False,,,8793888617353,4672444841284600628299,,,,,False
25545231,0xac4a903e429b8906cbdeb79937330ddf0beb470098eef40bd1da79da9a1526d0,0xd16e73eaa1ce77cfe7892ceb59b1b1f8c921723db71a458957cdce42b0b18cbb,44,129,0xb4e16d0168e52d35cacd2c6185b44281ec28c9dc,Sync,False,,,8793890388500,4672443903046853306388,,,,,False
25545232,0xbfd00d2f49b8e1a889aa29cb1a2a2c2f66a80e68424da1c6a2f8b2b0418e2b2e,0x413f067a48aa0774f09af1bc98038de0f3d055b048f4dcfe2295e48788437902,26,214,0x0d4a11d5eeaac28ec3f61d100daf4d40471f1852,Sync,False,,,3919544757432766251575,7381488091449,,,,,False
25545249,0x7bbf1cfeadb383ad6516c6e8ea98a5f77f16a018f438afe0c783815821d51576,0x8258d425eadc031496a4258a6ab7643fa233ca1efc727775bc3ceea23cd05699,97,165,0x0d4a11d5eeaac28ec3f61d100daf4d40471f1852,Sync,False,,,3919571136475936634149,7381438562447,,,,,False
25545255,0x300fa1e52c6bae4eaf83c6be323d7e59a5148412fc666992a341f7665a766c85,0xb605ded358dab9a6ae86799491be8de4e2dee4ef70815e51d04f905f34bf2944,19,49,0x3041cbd36888becc7bbcbc0045e3b1f144466f5f,Sync,False,,,1667848953500,1665679892038,,,,,False
25545268,0x7db0f4541c2c3d6b7c9707e55ee502aed72715715a95a27f4b0e37cc636d5fe3,0x45e49b9a442ffd6f25b758a398e8210a1ffaa357c02477a5a83cc40144b79e40,48,117,0xb4e16d0168e52d35cacd2c6185b44281ec28c9dc,Sync,False,,,8793872775502,4672453289511942149917,,,,,False
25545272,0x6f83b511cb5f9f8487401bd8562680cbc3bd9d94b8a3d31c24f5af7cbedcfca4,0x45f306266c0c19936c334a479233fb6882378cfeebd120d08eb5fe1ecd6f5dd6,20,90,0xb4e16d0168e52d35cacd2c6185b44281ec28c9dc,Sync,False,,,8791233984845,4673860003406496025373,,,,,False
25545272,0x6f83b511cb5f9f8487401bd8562680cbc3bd9d94b8a3d31c24f5af7cbedcfca4,0xed31d17fcc68fa59e7e9557e82a5b77b7f04a1918343aa365df9a6d3bf1c64dc,22,98,0x0d4a11d5eeaac28ec3f61d100daf4d40471f1852,Sync,False,,,3920732023642794342437,7379259555898,,,,,False
25545273,0x997877220aa7b711f58354cd5c610c7d4a26994d9e1eaa2f375d6e3b45188f6b,0x9e0754a47eceadff78ff0d112a1601ca5c8a98948ee94085300a838743162059,14,62,0xb4e16d0168e52d35cacd2c6185b44281ec28c9dc,Sync,False,,,8784534898218,4677435014244917974813,,,,,False
25545273,0x997877220aa7b711f58354cd5c610c7d4a26994d9e1eaa2f375d6e3b45188f6b,0x67f2831a2bfedf70a73f75fece745b705c58a5b2bfefc6d36c652325554185db,16,76,0x0d4a11d5eeaac28ec3f61d100daf4d40471f1852,Sync,False,,,3923933939579987637285,7373256168372,,,,,False
25545274,0x02f2c89ccb496450f1b7422213a94c767ccbb159753ab1c68799f75600d24757,0xc09ebb9c4e2b594b97aa0ce776982f8faead3a03b5085c25a00a5a68efff9b56,48,172,0xb4e16d0168e52d35cacd2c6185b44281ec28c9dc,Sync,False,,,8781310029975,4679157938312377473821,,,,,False
25545274,0x02f2c89ccb496450f1b7422213a94c767ccbb159753ab1c68799f75600d24757,0x2745cf8121418ea6ce2e76a93b3338519336972d9afef4aa9103811e0931963c,55,209,0x0d4a11d5eeaac28ec3f61d100daf4d40471f1852,Sync,False,,,3925193178236220920869,7370897857556,,,,,False
25545276,0xd82f108d697e54bf714f1fbc0282e8963ae59e8b3bd43512d4c371f74b927de5,0x70c314ed26835b70df0491d6082c086cb5590a8fe6d44aefe46351ae6f91dfb9,85,650,0x3041cbd36888becc7bbcbc0045e3b1f144466f5f,Sync,False,,,1667847355905,1665681492358,,,,,False
25545285,0xe71cf70c7f2f6c88101c0b9952825e8bbb1462941c35a1e4879ec4f1dcb73841,0xde24b237497db66becaa9a7dcdfa3bf3a20ccdd215342a6cd76ff4704ce0d814,20,169,0x0d4a11d5eeaac28ec3f61d100daf4d40471f1852,Sync,False,,,3925198225809940077311,7370888407452,,,,,False
25545291,0x8ea176a95856763c6eb90a63ced045d550c9c4962095a8f1d17247732ea54346,0x236159ca3f573f8143f02c536303b44ae8479fd9e1f323f0ceabb04f3d5b80ab,20,84,0xb4e16d0168e52d35cacd2c6185b44281ec28c9dc,Sync,False,,,8779201920932,4680284905957721000989,,,,,False
25545291,0x8ea176a95856763c6eb90a63ced045d550c9c4962095a8f1d17247732ea54346,0x67e870be4aee727adee0f64637fdbdaa1dd0253414bbb4c00fa98c1f823450bf,21,88,0x0d4a11d5eeaac28ec3f61d100daf4d40471f1852,Sync,False,,,3926166169630927524095,7369076667244,,,,,False
25545292,0x7fa4a04b7b0e96287219f4f61c9dd0f893f1555769fb7cdb28be8626d289a362,0x21b062cd77beae7a8fe160eadcb46877fe29655ac753fe9bfb90e600c87de299,19,76,0xb4e16d0168e52d35cacd2c6185b44281ec28c9dc,Sync,False,,,8773935970509,4683102376850544919581,,,,,False
25545292,0x7fa4a04b7b0e96287219f4f61c9dd0f893f1555769fb7cdb28be8626d289a362,0x38752212d01f2991db53f572809d162524dcc6e41f05fc15bc3d99f3de045f2f,20,80,0x0d4a11d5eeaac28ec3f61d100daf4d40471f1852,Sync,False,,,3928848034857869161215,7364061562905,,,,,False
25545292,0x7fa4a04b7b0e96287219f4f61c9dd0f893f1555769fb7cdb28be8626d289a362,0xbb8f032ee8fea40ced94057bdbe39e0764a8bbcff83dd180eb55943521015e1a,143,531,0xb4e16d0168e52d35cacd2c6185b44281ec28c9dc,Sync,False,,,8773947160010,4683096422361278026312,,,,,False
25545293,0xdb5626b251d72b5c895fb020a22008ad56a622b1aa00e75967a83e0c90ed5015,0x277e4bb227fa7e211b51867ccbac1a4f34673a1441dd0b545f77e50fff3cd781,42,584,0xb4e16d0168e52d35cacd2c6185b44281ec28c9dc,Sync,False,,,8772894720804,4683659921050706176712,,,,,False
25545303,0x9cd22bcd7fcdeefefbe6d49ddec62cfdf1da0024a6dccdb6a72c5e292e6f9ec0,0xcda752cedc6205675733c71de0a77913bf74676a8af09826b7bad87d4875d71a,141,500,0x0d4a11d5eeaac28ec3f61d100daf4d40471f1852,Sync,False,,,3928874340511579820468,7364012404981,,,,,False
25545311,0x563459ee916c618a8c3ba642b7fa85293c49e2bda369af22b16cb53a218baf48,0xb246de099d9d97dd12dc68c38d6676b24e469f2566a419ea33648564112500de,137,399,0x0d4a11d5eeaac28ec3f61d100daf4d40471f1852,Sync,False,,,3928870617053968875502,7364019404981,,,,,False
25545312,0x6c5d63edace84be2c0b84c6d9537e21f8e22c1652417821bf8ea6122338122a2,0x142d524c387119bbaad16987af4c9f81229e3f126e89a27cc92e365bf7dbadf8,92,184,0xb4e16d0168e52d35cacd2c6185b44281ec28c9dc,Sync,False,,,8772861853508,4683677521059556461802,,,,,False
25545319,0xd0bada67d153fb6029c6db5ac3798ad710ec8d0d53fe8b6823cd1843fd445d2f,0x43aa2c5faabbdea341f1902cf42bfac7635f11551f0aeba4d2e2596d3a8acf3c,10,127,0xb4e16d0168e52d35cacd2c6185b44281ec28c9dc,Sync,False,,,8773206154094,4683494263617039018646,,,,,False
25545324,0x6b58ce68ba67f75595d177cf5fdb521d240ac86fa6fb4f4991556dc7d0bae37a,0x68a53d39a19070148aa7d66c8731683b292de79003758187fba119df66d1b7d8,245,675,0xb4e16d0168e52d35cacd2c6185b44281ec28c9dc,Sync,False,,,21987971980765,11738073724898220695127,,,,,False
25545324,0x6b58ce68ba67f75595d177cf5fdb521d240ac86fa6fb4f4991556dc7d0bae37a,0x68a53d39a19070148aa7d66c8731683b292de79003758187fba119df66d1b7d8,245,715,0xb4e16d0168e52d35cacd2c6185b44281ec28c9dc,Sync,False,,,8773206154095,4683494263617088668651,,,,,False
25545328,0xdd5e5c5739e8b9906ae8786962f8e1bd069674612f2789edfd9fc5e2066ffb2d,0x2c886520f77016149424e41a372561c88c3f9ba5aeb4932f452d89a60f7434e2,26,367,0x0d4a11d5eeaac28ec3f61d100daf4d40471f1852,Sync,False,,,3928875962430546332664,7364009416026,,,,,False
25545343,0x14f1ac03488d9f73d9e7d5314345822600c1f58490566215eb3f6ffb57a7ca5a,0x1886b1f3737136df6fd7fd2c37d229e5169f6b8242b1674a3b83945af6404146,49,616,0xb4e16d0168e52d35cacd2c6185b44281ec28c9dc,Sync,False,,,8773173286799,4683511862378690896319,,,,,False
25545354,0x09b08e2b2e1cdaad6045de4cffe2e533a7afe8e0aab46126bce0b3be974fd560,0xdde777b7f5f800a4d07875f42ba6caa826afc3e84c0943a08b88f52873ad8b01,56,149,0xb4e16d0168e52d35cacd2c6185b44281ec28c9dc,Sync,False,,,8773019301878,4683594315210653478317,,,,,False
25545360,0x9ade6ab40479e527395ed6f77a9ca0e78ed02eed7f0c8a951cca3e117adbe980,0xb145f5be5609379187532b27e308d9037fe5942f9774b9672aacd399b0f293b9,45,135,0xb4e16d0168e52d35cacd2c6185b44281ec28c9dc,Sync,False,,,8773022301878,4683592718426163528323,,,,,False
25545361,0x2a713e3549793f7cb0459185acd553eb27aa277f85185baaa1339ec74b14447b,0x6e90c0d32ef7c0946cae25b47f59df8c680fbabea9c3c02303958af5dd01f874,89,270,0xb4e16d0168e52d35cacd2c6185b44281ec28c9dc,Sync,False,,,8773019051174,4683594459080102526840,,,,,False
25545362,0xecc647a9d04396ec5538ed10e9a4329431b5d05cb2381c81f01c5ff3435c11a0,0x225523ca3dc4fc3250d57f631d05e3ebb6d69d7b8f6d3fb73293ed1476068855,32,208,0xb4e16d0168e52d35cacd2c6185b44281ec28c9dc,Sync,False,,,8773009781175,4683599422890754686295,,,,,False
25545365,0x88813032880d13fb509e98b06720f82311a53ec887f6da4fc8d41e25d046c203,0x20be26364d9ec521db0f4ff1be0caa7a561fd8a2a704e0ba9877b0be2d3042e8,189,606,0xb4e16d0168e52d35cacd2c6185b44281ec28c9dc,Sync,False,,,8773009222322,4683599722140754686295,,,,,False
25545370,0xeda348aeb8b2e7073dd6f9689e3d0d72548198b06edb74cde8de6631104f9239,0x2b9ea9248597562b69b651152b859a914ce0739f1eac6b6898fb030736c6ff47,11,60,0x0d4a11d5eeaac28ec3f61d100daf4d40471f1852,Sync,False,,,3928896062829770927120,7363971854465,,,,,False
25545371,0x3a7a3a463f1e1d1047e687a8aea8fd5754789edfa03cc1b88020ce605c7ad1b6,0x00e2579f70419522c9daa7b957f722c91b52c8406496a03893d5ddfa10f4f674,895,617,0xb4e16d0168e52d35cacd2c6185b44281ec28c9dc,Sync,False,,,8772989137326,4683610477100106782471,,,,,False
25545390,0x3854cd72b030ebe6e818f7109250a5c31a120d1d9b48fb769ed49bc1e8055b41,0x826dea635715efc3f67cd7a144cd95d97eb51b2db037c876672520a294511b8e,119,303,0x0d4a11d5eeaac28ec3f61d100daf4d40471f1852,Sync,False,,,3928922883730720893573,7363921734918,,,,,False
25545391,0x910b2b00cba737f1b84c23c11f28d35e059a6bb04df395e8c569d07e55cb4ddb,0x0069cf101572e0d4090ae83f42fca01558d35060293b7cb92719e59013a1b86a,249,503,0xb4e16d0168e52d35cacd2c6185b44281ec28c9dc,Sync,False,,,8772943441556,4683634946103500550691,,,,,False
25545405,0xc672bfdb6d47ae6f3bbfe3cd8cca36159c6e325fa1c2ec49a89a4fed42db8c82,0xd39431bbb9676e70e2aa3e1bffc80aab8861b4316a3a014710437a1085050637,444,997,0xb4e16d0168e52d35cacd2c6185b44281ec28c9dc,Sync,False,,,8772918206559,4683648458957108658343,,,,,False
25545406,0xa7fb33f788cfa750312643b395673d46f3016c067e4ad018b17325aa519e906f,0x442ec7f73c79638fca0fc138efd9b673971137f27af16680cd821db3ba5b8a80,73,175,0xb4e16d0168e52d35cacd2c6185b44281ec28c9dc,Sync,False,,,8772764222525,4683730916116252415344,,,,,False
25545408,0x0ee251ba060abb6d7b571b92973a07653e52c3afbf82c1f5e1cfd675b7a4db99,0x65b042bdf097c3923a31e57a4d44573966b6d714ccfcaa77e2e48f98c2c4c071,211,480,0x0d4a11d5eeaac28ec3f61d100daf4d40471f1852,Sync,False,,,3928949390734726143497,7363872202613,,,,,False
25545415,0x679952430a6922c8ddc500a25ec9d063738cec9349be4fe9d229459d99a2402a,0x8271b21d9c444dac5ad56b6e68b08e299d0e6da22a9016d1ae40cd60a9451498,179,343,0x0d4a11d5eeaac28ec3f61d100daf4d40471f1852,Sync,False,,,3928959424188046551356,7363853453778,,,,,False
25545418,0x0ef4e04fc886e3625c5c3b731138c9423e142b6b8e6de3c046837d073a77c48b,0x8bdb9ffe720f341549d5b6921e6a5410fc3d4eccdd8ab420c9b605936bc2b052,43,173,0xb4e16d0168e52d35cacd2c6185b44281ec28c9dc,Sync,False,,,8772731355229,4683748516653696088477,,,,,False
25545423,0x8f99c5e8cf4cf013c5d1e5f53c09c0b29507cf9729841f43819256ddf5f28b2a,0x38f52e4d34706fcd7c28bbeb381a6d39737f36aa33b868d9baf14210b79b9982,197,505,0x0d4a11d5eeaac28ec3f61d100daf4d40471f1852,Sync,False,,,3928965067811397136567,7363842907963,,,,,False
25545430,0x9f950a95880f81411347998d9a7811135d59adc434e9c4da7f7b53fb7d8393c3,0xced8a02dfe4cfb7d2526dceb8d58d90f37943e12c5a3678e4151b665f5eee3ac,348,1138,0xb4e16d0168e52d35cacd2c6185b44281ec28c9dc,Sync,False,,,8772721570230,4683753756576395931369,,,,,False
25545444,0x0747e95e76c650c6b2095595aedf33c75cb15a27766c9589d504b033f7df7738,0x67185c0822ee4ac2f0825381a7e6e58785b344e6b12612e8ed3cccb50db3d013,70,364,0xb4e16d0168e52d35cacd2c6185b44281ec28c9dc,Sync,False,,,8772721570493,4683753756436401546913,,,,,False
25545452,0x2648b82b9aee6a1732ee9c4e92b6ab8095d83d22cdd74516bd0182e46ea9a14c,0x08123d06e7ec2709efb1d49893f0bb7736255e2462a0f0e9652a0afccf7bb800,51,317,0x0d4a11d5eeaac28ec3f61d100daf4d40471f1852,Sync,False,,,3929500294147115870283,7362842907963,,,,,False
25545452,0x2648b82b9aee6a1732ee9c4e92b6ab8095d83d22cdd74516bd0182e46ea9a14c,0x7a526ddb04c3247a64048935c5af4a48324ee79a45fa25aad3a03e51fb798a72,160,533,0x0d4a11d5eeaac28ec3f61d100daf4d40471f1852,Sync,False,,,3929512326115161889940,7362820430945,,,,,False
25545453,0xfde3c7c3ada07e093e6721b86b38af932d8b6b6f783aaef4c7dd87e7055960e4,0x21fd89235b2f400c66ae4648e7db90b4341f902809f6e876a930ce5e538c1458,158,1111,0x0d4a11d5eeaac28ec3f61d100daf4d40471f1852,Sync,False,,,3929539471210391587159,7362769721473,,,,,False
25545455,0x27e0e0129a7cdde1c4037aace47ea3e084fc2a1ed63294ad2275b21681e0732e,0xd78646f5b84611228b343af64932e100c97c3f7b557f479f3d031857b184d262,107,194,0x0d4a11d5eeaac28ec3f61d100daf4d40471f1852,Sync,False,,,3929509950834073203246,7362825200592,,,,,False
25545472,0xb8a2c0d0ab1dbec495d0e2f569a75c800d64d339a4f85a671e08af30f97d8260,0xe802a443b61c8fc9c4e51f4f5eb97d28180fef782ec3721d570d197deede0215,91,223,0xb4e16d0168e52d35cacd2c6185b44281ec28c9dc,Sync,False,,,8772259101204,4684001424691417615131,,,,,False
25545473,0xed765df0e62421fb6dfb4091df2940d347c895eaed45198c3f2d67ae7caaf4ee,0x153834e16ee7c92cc41350bf0d649a3acabfb87302dfcc12b52a751a05e58e48,30,129,0xb4e16d0168e52d35cacd2c6185b44281ec28c9dc,Sync,False,,,8772259090906,4684001430207132076048,,,,,False
25545481,0x32f3e92afbf2ee7e8a0d7a2194a4c7875526c81e2879eef170dee89eaa905cff,0x65b2e0ec24639df8a190a0a7e09116610014965eabf7d7b901c5d01415f488ef,93,300,0x0d4a11d5eeaac28ec3f61d100daf4d40471f1852,Sync,False,,,3929528842248707152770,7362789909618,,,,,False
25545484,0x94c521e6ad0dc009ba74630fb4737bb4008f73d19582085548c69ea8efe0c3fd,0x91b06bc7ea27afcaf8225f60b9328d7f77ab97ad5a7003d5cc20e7b5dbc9b287,100,403,0x0d4a11d5eeaac28ec3f61d100daf4d40471f1852,Sync,False,,,3929525117552480308836,7362796909618,,,,,False
25545489,0x547ee5bd9197e87bc372a44c9e5734e73b5019632158a6aab112c93c1e0353f1,0xe46f873771fa6566b7a84362f1c762be66ceccac4020e86a0c647361ee258c56,125,255,0x0d4a11d5eeaac28ec3f61d100daf4d40471f1852,Sync,False,,,3928817280531451946596,7364127425226,,,,,False
25545489,0x547ee5bd9197e87bc372a44c9e5734e73b5019632158a6aab112c93c1e0353f1,0xb7742d5acf7e108db535b8642e514b8c14f6d3b5303e0b9d9604da79990c92d6,138,292,0xb4e16d0168e52d35cacd2c6185b44281ec28c9dc,Sync,False,,,8773350546640,4683420462336101874576,,,,,False
25545490,0xfdf960c30089d6c8015ce12db9722de4c5cc8bc07d8b706d3085cc71b44564bb,0xc039c5c1ad9f6eaa651cbd10cb0b763d2981067a5782e30759901672925d3702,0,141,0x0d4a11d5eeaac28ec3f61d100daf4d40471f1852,Sync,False,,,3928583845651035080681,7364566315402,,,,,False
25545492,0x47b41a4b06aa64a99ef33dac0fbfe4cb1349973033d023093fb9383c8f34d7c0,0x26ac65eaa91fd1905efe5e14edc2612b2d8c1fefa1e1655faa40c97e295f18ef,22,301,0xb4e16d0168e52d35cacd2c6185b44281ec28c9dc,Sync,False,,,8776169171578,4681920811475887707536,,,,,False
25545492,0x47b41a4b06aa64a99ef33dac0fbfe4cb1349973033d023093fb9383c8f34d7c0,0xd5c8dfbf16cfc2b7612a828f799cafe86ee43f571c5c163de2d44d58c77aebea,28,325,0x0d4a11d5eeaac28ec3f61d100daf4d40471f1852,Sync,False,,,3927480103377354684777,7366642216080,,,,,False
25545497,0x14151da6476eaccfd73340739aff89792a732cd130dfbf68ca73618f38f7b461,0xa36d7f21228192b27fbbe8e4874d62f4c4f1aefa58ac9b919c7e17892b889825,14,70,0xb4e16d0168e52d35cacd2c6185b44281ec28c9dc,Sync,False,,,8780332974393,4679707216605572262800,,,,,False
25545497,0x14151da6476eaccfd73340739aff89792a732cd130dfbf68ca73618f38f7b461,0x862468b22cde7c60e3e5b5c52e6ee936d9de15475c23bfb7cb4e7f79f1c0cab0,15,74,0x0d4a11d5eeaac28ec3f61d100daf4d40471f1852,Sync,False,,,3925625107781320891497,7370133694393,,,,,False
25545498,0x4b671111134366a8d589aa33179c4e813207b18d8794a9bc3043dba0375ac1e4,0x8c2822827d734107f7188a08fdc19bebee010583d11ece740453fddc96aa6afb,228,721,0x0d4a11d5eeaac28ec3f61d100daf4d40471f1852,Sync,False,,,3926206116773924387581,7369046316559,,,,,False
25545499,0xf1d6916b102cb46f0c9d6b3b7e5a7bab868739456936318dbedfb8764477719c,0xab39c33cca88e8c46220ee9afcf8bfbaee8421f735fbbc56f59c835aa74c5624,195,426,0x0d4a11d5eeaac28ec3f61d100daf4d40471f1852,Sync,False,,,3926192836852445451429,7369071316559,,,,,False
25545499,0xf1d6916b102cb46f0c9d6b3b7e5a7bab868739456936318dbedfb8764477719c,0x34754f423b5b4eb08e27a8dc7c9a66e354ed54172dfac7f255127185874f9fa0,196,433,0x0d4a11d5eeaac28ec3f61d100daf4d40471f1852,Sync,False,,,3926168933220410691027,7369116316559,,,,,False
25545500,0x62b18b086f29768bf81fcb1732d9a9814027a9f75ede845b742e250b5dac1441,0xca3c69f36b89dda11a75c50c997839a11a5ff5d6749446f7423dde03a9658b7d,10,47,0x0d4a11d5eeaac28ec3f61d100daf4d40471f1852,Sync,False,,,3925355509190437091539,7370647965110,,,,,False
25545500,0x62b18b086f29768bf81fcb1732d9a9814027a9f75ede845b742e250b5dac1441,0xf3800240bda2c60f5712a11dcc541f467c471a674344a1161e48c64c62b093f5,77,336,0x0d4a11d5eeaac28ec3f61d100daf4d40471f1852,Sync,False,,,3925350199515945184109,7370657965110,,,,,False
25545501,0xb96ce9b9c190279c923593c65735f66fadd36b9e810fda108126ce847431dec1,0x90242a00ca4ac4a30c1470d1eefae1991b7c495591dead8b66befd96c4456329,0,82,0xb4e16d0168e52d35cacd2c6185b44281ec28c9dc,Sync,False,,,8782419242764,4678598883873569234927,,,,,False
25545501,0xb96ce9b9c190279c923593c65735f66fadd36b9e810fda108126ce847431dec1,0x90242a00ca4ac4a30c1470d1eefae1991b7c495591dead8b66befd96c4456329,0,108,0x0d4a11d5eeaac28ec3f61d100daf4d40471f1852,Sync,False,,,3924669738815638111358,7371939737850,,,,,False
25545501,0xb96ce9b9c190279c923593c65735f66fadd36b9e810fda108126ce847431dec1,0xda0757cbbc6ba0452962288b719b511a77085d6dc31037ed93d145d096ab7300,2,222,0xb4e16d0168e52d35cacd2c6185b44281ec28c9dc,Sync,False,,,8782278881319,4678673883873569234927,,,,,False
25545505,0xe0415eba7a7f5fb5fbef5eca5a1e94e8535a67cca12a5ec7074ddda3af27069b,0xf8f0574c71403d535db4d3f754637ae57d248dfeb4bf9fe015cf8971987b7363,60,330,0xb4e16d0168e52d35cacd2c6185b44281ec28c9dc,Sync,False,,,8783317417022,4678122339990536034927,,,,,False
25545505,0xe0415eba7a7f5fb5fbef5eca5a1e94e8535a67cca12a5ec7074ddda3af27069b,0xcf262c59d164b14e906e0c1e650b17a66f8f39fbdb76e6fd5783c8f5e25124b5,159,840,0x0d4a11d5eeaac28ec3f61d100daf4d40471f1852,Sync,False,,,3924332448538084263806,7372575252429,,,,,False
25545508,0x4b2c4c55d5d1e8751cb59e2ed78932fe97f611bd691b51d645afba3c9fd3f787,0xc41805014738e78925d751848d3e127683a8c0e7047333991e9978356a709613,147,378,0x0d4a11d5eeaac28ec3f61d100daf4d40471f1852,Sync,False,,,3924332100586835642361,7372575908086,,,,,False
25545511,0x502cf82436699cc14e636c2b10e610ccf0457e56cfb334fa2eb68bf50958048b,0xd2751ffcea37873247a386ed90b003d92aa6953d118548db5a2c9ae47ffbda84,88,394,0x0d4a11d5eeaac28ec3f61d100daf4d40471f1852,Sync,False,,,3924866062465710915121,7371575908086,,,,,False
25545515,0x05304c0e7a8e87e86daf416eef99c1b63ed77681e087cd18f45bc00f0158cbca,0xca210a8f528f6f1ab2063d36a6ea44dea7912c3d3de19dbad65a5aeef3421c0b,54,123,0x0d4a11d5eeaac28ec3f61d100daf4d40471f1852,Sync,False,,,3924893450943324366347,7371524622476,,,,,False
25545515,0x05304c0e7a8e87e86daf416eef99c1b63ed77681e087cd18f45bc00f0158cbca,0xc19915b8838c424f7105c9215102cf523f6b43252641c44c67f5ecff4364277a,150,361,0x0d4a11d5eeaac28ec3f61d100daf4d40471f1852,Sync,False,,,3924941351551831049158,7371434929104,,,,,False
25545520,0xe14e8a1149d69c6cd23152d9a32672084ba7eb97449302d7cf80d60c05c5e59b,0xf1e25751e0bf20981caea83dd76d546ef5a31c3f3321138b6e3607dbd8e9cef3,78,211,0xb4e16d0168e52d35cacd2c6185b44281ec28c9dc,Sync,False,,,8783310464523,4678126054138235557123,,,,,False
25545529,0xb4df71b74d3f088480f87783ad1ae727195d2ebb184358a7d52d4c5805fd0e13,0x0a90b2ebdc0770d114d8ede46684004db313053701be8453ce06c20fe4e446a1,26,150,0xb4e16d0168e52d35cacd2c6185b44281ec28c9dc,Sync,False,,,8783320464523,4678120743969136359144,,,,,False
25545529,0xb4df71b74d3f088480f87783ad1ae727195d2ebb184358a7d52d4c5805fd0e13,0x3a66141b912fdc9f767e215dec862d05467457b1118232fb5f3d6eaa23f9db77,49,227,0x0d4a11d5eeaac28ec3f61d100daf4d40471f1852,Sync,False,,,3924968049388774262879,7371384938642,,,,,False
25545530,0x33190816eef3f9735beb759cf22c58a96c6ad958ae61710fa308b3b5f10f12ac,0xa81d59d26f6a0fe66874b93112384e6fbd5fc7bf6d6ae0165b88809925bcbec9,104,469,0xb4e16d0168e52d35cacd2c6185b44281ec28c9dc,Sync,False,,,8783406171568,4678075232573523190126,,,,,False
25545531,0x2f2bfaa7c7bfc54c4c24761d42b83823c0682da3cceb26f16bdebae4b31395c8,0x04c1fa5a8ab46670f40516f99075d2e25c91be8d20283ed2b9c7746f1cfe38e6,52,230,0xb4e16d0168e52d35cacd2c6185b44281ec28c9dc,Sync,False,,,8783373313932,4678092785398610927774,,,,,False
25545536,0x0a0dbe98b28b7ec43c95da832cfa76735896a206ab56d26c78611625a51354c9,0x5e0413c77c30be7a3009a0f251c8218413f22aea940230cbe51f03e8648d13b3,20,75,0x0d4a11d5eeaac28ec3f61d100daf4d40471f1852,Sync,False,,,3922406566446627403871,7376213232155,,,,,False
25545536,0x0a0dbe98b28b7ec43c95da832cfa76735896a206ab56d26c78611625a51354c9,0x10418bf3d07919190960f08baf493b0c175cdf2723a046a884617196cbc6e4e9,21,79,0xb4e16d0168e52d35cacd2c6185b44281ec28c9dc,Sync,False,,,8787716438374,4675787684164878699422,,,,,False
25545537,0xdf7d9576940613043a534f1e1ee700ca2950567f92a8ab6927785b21ac82f312,0x44fb878c2bbc24c7b2321bca4b8f017d6de7d2d6583a0ac4e8220ca5b05c7f20,0,213,0x0d4a11d5eeaac28ec3f61d100daf4d40471f1852,Sync,False,,,3921650498208409284943,7377639596297,,,,,False
25545537,0xdf7d9576940613043a534f1e1ee700ca2950567f92a8ab6927785b21ac82f312,0x44fb878c2bbc24c7b2321bca4b8f017d6de7d2d6583a0ac4e8220ca5b05c7f20,0,243,0xb4e16d0168e52d35cacd2c6185b44281ec28c9dc,Sync,False,,,8789200460548,4675000563741153003268,,,,,False
25545548,0x6dfc04d4c8f7bbcd7250705467b065a88ebd6f523dd9dca1211d50f6596aa673,0xa71d2c2f0c693216f47645dd55958da20f6ecffe6f4b632b2308316f9c94c6db,41,155,0xb4e16d0168e52d35cacd2c6185b44281ec28c9dc,Sync,False,,,8789159775555,4675022269421379897069,,,,,False
25545549,0xa22f89deb9a6d86c0d326c7e3c11c9c839bbd4342e71091ad2e01724121c41b3,0x6908f9dd1fef8e074221c0c76ad562f0bf11744a853aebeaafbf5ae8bbfd36d9,25,147,0xb4e16d0168e52d35cacd2c6185b44281ec28c9dc,Sync,False,,,8789160773055,4675021740435185283005,,,,,False
25545550,0x28a2aed60bb275768f57111e0946d49d23eb25bd47a54c5f4c087eb711e60c8d,0xb78ecb427688b2b2d7906b7705802a965f3768043eabe19b4d143980a7148baa,36,291,0xb4e16d0168e52d35cacd2c6185b44281ec28c9dc,Sync,False,,,8789120088053,4675043446316666480856,,,,,False
25545553,0xd0530b944eaed7beca3294e8058df4c02aaf5ae2d4fa4ece34543ac55c99ca28,0x89030139635d44fcd665c1b8a7de3c91279af39c8cad6fe0d2890ab316a2eaef,34,182,0xb4e16d0168e52d35cacd2c6185b44281ec28c9dc,Sync,False,,,8789079403060,4675065152394485245964,,,,,False
25545553,0xd0530b944eaed7beca3294e8058df4c02aaf5ae2d4fa4ece34543ac55c99ca28,0x139f6b9520f2ae69d80515544cd1472ea0b0241528b3830d248ff209f0c043ba,35,192,0xb4e16d0168e52d35cacd2c6185b44281ec28c9dc,Sync,False,,,8789059246093,4675075906525171794061,,,,,False
25545556,0x54c750c70571220b6f1f8cde3c77bb1bdc58e2f25f60fe9fb9cfbb6eab189e83,0xc22c0088e25de3c0b8b70734280c37d729170b7604d10853c3a9fbb9e44e4a7c,57,339,0xb4e16d0168e52d35cacd2c6185b44281ec28c9dc,Sync,True,,,8789018561100,4675097612903963568291,,,,,False
25545556,0x54c750c70571220b6f1f8cde3c77bb1bdc58e2f25f60fe9fb9cfbb6eab189e83,0xc22c0088e25de3c0b8b70734280c37d729170b7604d10853c3a9fbb9e44e4a7c,57,340,0xb4e16d0168e52d35cacd2c6185b44281ec28c9dc,Swap,True,0x7a250d5630b4cf539739df2c5dacb4c659f2488d,0x423d607bd4e213e9b64a54b324ab7f632feec647,,,0,21706378791774230,40684993,0,False
25545556,0x54c750c70571220b6f1f8cde3c77bb1bdc58e2f25f60fe9fb9cfbb6eab189e83,0x8376fddaaf7d66f7195b2999004b8d465c1a5141d6ce61258dfaa948348fc7b5,59,350,0xb4e16d0168e52d35cacd2c6185b44281ec28c9dc,Sync,True,,,8789009291485,4675102558484953081945,,,,,False
25545556,0x54c750c70571220b6f1f8cde3c77bb1bdc58e2f25f60fe9fb9cfbb6eab189e83,0x8376fddaaf7d66f7195b2999004b8d465c1a5141d6ce61258dfaa948348fc7b5,59,351,0xb4e16d0168e52d35cacd2c6185b44281ec28c9dc,Swap,True,0x7a250d5630b4cf539739df2c5dacb4c659f2488d,0x423d607bd4e213e9b64a54b324ab7f632feec647,,,0,4945580989513654,9269615,0,False
25545563,0xeb08e3e80424f366c519a24eddb213b7af75e5a91d399628ea8dde70389945c6,0x3d9eb410d87409bcb4856089eee738b608d44bc20959dcaee84d3ece99693c2a,121,212,0x0d4a11d5eeaac28ec3f61d100daf4d40471f1852,Sync,True,,,3921655868268312053742,7377629524146,,,,,False
25545563,0xeb08e3e80424f366c519a24eddb213b7af75e5a91d399628ea8dde70389945c6,0x3d9eb410d87409bcb4856089eee738b608d44bc20959dcaee84d3ece99693c2a,121,213,0x0d4a11d5eeaac28ec3f61d100daf4d40471f1852,Swap,True,0x7a250d5630b4cf539739df2c5dacb4c659f2488d,0x85280c0765d3355200e650fd907fa8286c2e11ab,,,5370059902768799,0,0,10072151,False
25545565,0x9ee0a29c4b7c8cfb9d197f0ef85fccac239bf2fb1be51f9fede6b6d917c8bf5b,0x3772db17905febe0ae5ddc4f0242925db4311d855614773c895c19914fd1b210,28,357,0xb4e16d0168e52d35cacd2c6185b44281ec28c9dc,Sync,True,,,8788968606492,4675124265110864990237,,,,,False
25545565,0x9ee0a29c4b7c8cfb9d197f0ef85fccac239bf2fb1be51f9fede6b6d917c8bf5b,0x3772db17905febe0ae5ddc4f0242925db4311d855614773c895c19914fd1b210,28,358,0xb4e16d0168e52d35cacd2c6185b44281ec28c9dc,Swap,True,0x7a250d5630b4cf539739df2c5dacb4c659f2488d,0x423d607bd4e213e9b64a54b324ab7f632feec647,,,0,21706625911908292,40684993,0,False
25545568,0x95fee5317362b64adb7fb9bc6481f078bdb959edc6afd149ec04e190b6504ed2,0x6750ca877b7c20e7c3b227a24f8cfc94e703fd8f3a95c618d8c8131c990ba579,0,219,0xb4e16d0168e52d35cacd2c6185b44281ec28c9dc,Sync,True,,,8790562880573,4674278918425209405584,,,,,False
25545568,0x95fee5317362b64adb7fb9bc6481f078bdb959edc6afd149ec04e190b6504ed2,0x6750ca877b7c20e7c3b227a24f8cfc94e703fd8f3a95c618d8c8131c990ba579,0,220,0xb4e16d0168e52d35cacd2c6185b44281ec28c9dc,Swap,True,0xbdb3ba9ffe392549e1f8658dd2630c141fdf47b6,0xbdb3ba9ffe392549e1f8658dd2630c141fdf47b6,,,1594274081,0,0,845346685655584653,False
25545568,0x95fee5317362b64adb7fb9bc6481f078bdb959edc6afd149ec04e190b6504ed2,0x6750ca877b7c20e7c3b227a24f8cfc94e703fd8f3a95c618d8c8131c990ba579,0,259,0x0d4a11d5eeaac28ec3f61d100daf4d40471f1852,Sync,True,,,3921047476461740036820,7378777685541,,,,,False
25545568,0x95fee5317362b64adb7fb9bc6481f078bdb959edc6afd149ec04e190b6504ed2,0x6750ca877b7c20e7c3b227a24f8cfc94e703fd8f3a95c618d8c8131c990ba579,0,260,0x0d4a11d5eeaac28ec3f61d100daf4d40471f1852,Swap,True,0xbdb3ba9ffe392549e1f8658dd2630c141fdf47b6,0xbdb3ba9ffe392549e1f8658dd2630c141fdf47b6,,,0,1148161395,608391806572016922,0,False
25545571,0xd287665cffbbeb7c6ba18b54884009d53a6c5b42eba330079a7ccc9c6287d97f,0x69ca67c580bebc5958cf2fa8c48d769dbabc89e334f2519056885a97e8c36732,0,2,0x0d4a11d5eeaac28ec3f61d100daf4d40471f1852,Sync,True,,,3918574586899557448218,7383448212371,,,,,False
25545571,0xd287665cffbbeb7c6ba18b54884009d53a6c5b42eba330079a7ccc9c6287d97f,0x69ca67c580bebc5958cf2fa8c48d769dbabc89e334f2519056885a97e8c36732,0,3,0x0d4a11d5eeaac28ec3f61d100daf4d40471f1852,Swap,True,0x98c3d3183c4b8a650614ad179a1a98be0a8d6b8e,0x98c3d3183c4b8a650614ad179a1a98be0a8d6b8e,,,0,4670526830,2472889562182588602,0,False
25545571,0xd287665cffbbeb7c6ba18b54884009d53a6c5b42eba330079a7ccc9c6287d97f,0xc10727776cc92f4bde38cdbbca4ef4da93755997bb269317acdf129b0fff2f01,11,79,0x0d4a11d5eeaac28ec3f61d100daf4d40471f1852,Sync,True,,,3918306732125215651680,7383954462371,,,,,False
25545571,0xd287665cffbbeb7c6ba18b54884009d53a6c5b42eba330079a7ccc9c6287d97f,0xc10727776cc92f4bde38cdbbca4ef4da93755997bb269317acdf129b0fff2f01,11,80,0x0d4a11d5eeaac28ec3f61d100daf4d40471f1852,Swap,True,0xd4b5568c52e1e5c809195a87486109d189c2fbd9,0xd4b5568c52e1e5c809195a87486109d189c2fbd9,,,0,506250000,267854774341796538,0,False
25545571,0xd287665cffbbeb7c6ba18b54884009d53a6c5b42eba330079a7ccc9c6287d97f,0xe1f740336f4f10504c1d786f6317437aee5a8eeeda07da197515edad7ccdca7f,12,108,0xb4e16d0168e52d35cacd2c6185b44281ec28c9dc,Sync,True,,,8794016743113,4672448594087362492995,,,,,False
25545571,0xd287665cffbbeb7c6ba18b54884009d53a6c5b42eba330079a7ccc9c6287d97f,0xe1f740336f4f10504c1d786f6317437aee5a8eeeda07da197515edad7ccdca7f,12,109,0xb4e16d0168e52d35cacd2c6185b44281ec28c9dc,Swap,True,0xeff6cb8b614999d130e537751ee99724d01aa167,0xeff6cb8b614999d130e537751ee99724d01aa167,,,3453862540,0,0,1830324337846912589,False
25545571,0xd287665cffbbeb7c6ba18b54884009d53a6c5b42eba330079a7ccc9c6287d97f,0xab4d7c56dd9be8c998959e2b0a4b78fa79ee374a1b0a0e65960f64ab62fc4d4f,241,652,0x0d4a11d5eeaac28ec3f61d100daf4d40471f1852,Sync,True,,,3917951769048401373898,7384625455304,,,,,False
25545571,0xd287665cffbbeb7c6ba18b54884009d53a6c5b42eba330079a7ccc9c6287d97f,0xab4d7c56dd9be8c998959e2b0a4b78fa79ee374a1b0a0e65960f64ab62fc4d4f,241,653,0x0d4a11d5eeaac28ec3f61d100daf4d40471f1852,Swap,True,0x4a4ef9ee3e64896d67e45d3599020707742d366a,0x7977f3e8e063a4ee95b5f396d63485dbdea4515d,,,0,670992933,354963076814277782,0,False
25545580,0x1ad7579a2ce0d1d67e3c1118ff1e3914f15705c784ed140f5323c373469b2938,0x57dce147e6a38b1b0ccff5949f681d2650da822758bbad3b99ac337d55247cc5,202,612,0x0d4a11d5eeaac28ec3f61d100daf4d40471f1852,Sync,True,,,3917978130218590062148,7384575918691,,,,,False
25545580,0x1ad7579a2ce0d1d67e3c1118ff1e3914f15705c784ed140f5323c373469b2938,0x57dce147e6a38b1b0ccff5949f681d2650da822758bbad3b99ac337d55247cc5,202,613,0x0d4a11d5eeaac28ec3f61d100daf4d40471f1852,Swap,True,0x7a250d5630b4cf539739df2c5dacb4c659f2488d,0x30701054871bc1a9ad74c04534cbade910388a22,,,26361170188688250,0,0,49536613,False
25545581,0x97a2a75a558b850f13d13e3c27533e64be8fb2ec37a88ddc01472552bcdf3c45,0x943c6980e826e7c84e3a11bf973e96b12a45a266008f0cf6f8d14d61b4db5923,26,157,0xb4e16d0168e52d35cacd2c6185b44281ec28c9dc,Sync,True,,,8793976058120,4672470276037713346975,,,,,False
25545581,0x97a2a75a558b850f13d13e3c27533e64be8fb2ec37a88ddc01472552bcdf3c45,0x943c6980e826e7c84e3a11bf973e96b12a45a266008f0cf6f8d14d61b4db5923,26,158,0xb4e16d0168e52d35cacd2c6185b44281ec28c9dc,Swap,True,0x7a250d5630b4cf539739df2c5dacb4c659f2488d,0x423d607bd4e213e9b64a54b324ab7f632feec647,,,0,21681950350853980,40684993,0,False
25545585,0x0eced23b5f75e48ae176647a03cd20e7c2b3b56e5a07d7354d92dcec4c7a6421,0x3690779d9373759edf53da02e8c23e0b028e137dfa84d237c0e41d1b6a3b4fb9,72,507,0xb4e16d0168e52d35cacd2c6185b44281ec28c9dc,Sync,True,,,8793925073130,4672497447372246678594,,,,,False
25545585,0x0eced23b5f75e48ae176647a03cd20e7c2b3b56e5a07d7354d92dcec4c7a6421,0x3690779d9373759edf53da02e8c23e0b028e137dfa84d237c0e41d1b6a3b4fb9,72,508,0xb4e16d0168e52d35cacd2c6185b44281ec28c9dc,Swap,True,0x7a250d5630b4cf539739df2c5dacb4c659f2488d,0x423d607bd4e213e9b64a54b324ab7f632feec647,,,0,27171334533331619,50984990,0,False
25545585,0x0eced23b5f75e48ae176647a03cd20e7c2b3b56e5a07d7354d92dcec4c7a6421,0x35ee9c15b6110f76627c3af8f78fab433765681b5985c6228b167bb334fe73bb,593,1256,0xb4e16d0168e52d35cacd2c6185b44281ec28c9dc,Sync,True,,,8793917564588,4672501448912030034919,,,,,False
25545585,0x0eced23b5f75e48ae176647a03cd20e7c2b3b56e5a07d7354d92dcec4c7a6421,0x35ee9c15b6110f76627c3af8f78fab433765681b5985c6228b167bb334fe73bb,593,1257,0xb4e16d0168e52d35cacd2c6185b44281ec28c9dc,Swap,True,0x7a250d5630b4cf539739df2c5dacb4c659f2488d,0x423d607bd4e213e9b64a54b324ab7f632feec647,,,0,4001539783356325,7508542,0,False
25545586,0x8e2c3680401477f6a10615ea4f9a6fef9ee362e4e2934460aab0791af27999b9,0xadc837259586730646b8bb460577138c1dfd9e7f42355e761385af57e030ccf9,162,408,0x0d4a11d5eeaac28ec3f61d100daf4d40471f1852,Sync,True,,,3917977234052526498135,7384577612861,,,,,False
25545586,0x8e2c3680401477f6a10615ea4f9a6fef9ee362e4e2934460aab0791af27999b9,0xadc837259586730646b8bb460577138c1dfd9e7f42355e761385af57e030ccf9,162,409,0x0d4a11d5eeaac28ec3f61d100daf4d40471f1852,Swap,True,0xa58bdd0ab5ebbb8dc425090fea8fd0ba969c1668,0x08368cfb1b69f5821ec0e8340bee726568f8d662,,,0,1694170,896166063564013,0,False
25545607,0xbc851861647370062094c76dd33568639809f3488148fc3eebffb1448f2c7966,0xf823d3b1e3b09dcfdc55a019009b8ef1fb1f61b33e69294778e3956ac5d009de,1,49,0x0d4a11d5eeaac28ec3f61d100daf4d40471f1852,Sync,True,,,3919152383017597759319,7382370004751,,,,,False
25545607,0xbc851861647370062094c76dd33568639809f3488148fc3eebffb1448f2c7966,0xf823d3b1e3b09dcfdc55a019009b8ef1fb1f61b33e69294778e3956ac5d009de,1,50,0x0d4a11d5eeaac28ec3f61d100daf4d40471f1852,Swap,True,0xbdb3ba9ffe392549e1f8658dd2630c141fdf47b6,0xbdb3ba9ffe392549e1f8658dd2630c141fdf47b6,,,1175148965071261184,0,0,2207608110,False
25545608,0x0e44bcfcb71b50cb56f09083d7d69dfcbad07627b18062c2a10086608ac9e159,0x2ed211bad48729f25fd37950e1d7b6cff6a2a51136e99c941174b6cb5a53aec7,18,71,0x0d4a11d5eeaac28ec3f61d100daf4d40471f1852,Sync,True,,,3919510724160569730839,7381697097768,,,,,False
25545608,0x0e44bcfcb71b50cb56f09083d7d69dfcbad07627b18062c2a10086608ac9e159,0x2ed211bad48729f25fd37950e1d7b6cff6a2a51136e99c941174b6cb5a53aec7,18,72,0x0d4a11d5eeaac28ec3f61d100daf4d40471f1852,Swap,True,0x51c72848c68a965f66fa7a88855f9f7784502a7f,0x51c72848c68a965f66fa7a88855f9f7784502a7f,,,358341142971971520,0,0,672906983,False
25545613,0xd96e19c5929df22f932442b54e068aafa70fb4b43d76196ca2791daad18c9184,0xcea66662fe9a76dcd0da139a3c4240aa128320d74e33e8dae182650558e907b0,88,186,0xb4e16d0168e52d35cacd2c6185b44281ec28c9dc,Sync,True,,,8793910612089,4672505154125439559879,,,,,False
25545613,0xd96e19c5929df22f932442b54e068aafa70fb4b43d76196ca2791daad18c9184,0xcea66662fe9a76dcd0da139a3c4240aa128320d74e33e8dae182650558e907b0,88,187,0xb4e16d0168e52d35cacd2c6185b44281ec28c9dc,Swap,True,0x7a250d5630b4cf539739df2c5dacb4c659f2488d,0x423d607bd4e213e9b64a54b324ab7f632feec647,,,0,3705213409524960,6952499,0,False
25545626,0x56a217748d2ada68c41cc1211c72d4b205e18fc88552e167a5866114f9d3b8cd,0x726933e56e6d4a299dd8b3efd80d5ca33ed52f2e9927a902c092cbb3aa371880,0,122,0x0d4a11d5eeaac28ec3f61d100daf4d40471f1852,Sync,True,,,3920030515253107898647,7380721230085,,,,,False
25545626,0x56a217748d2ada68c41cc1211c72d4b205e18fc88552e167a5866114f9d3b8cd,0x726933e56e6d4a299dd8b3efd80d5ca33ed52f2e9927a902c092cbb3aa371880,0,123,0x0d4a11d5eeaac28ec3f61d100daf4d40471f1852,Swap,True,0xbdb3ba9ffe392549e1f8658dd2630c141fdf47b6,0xbdb3ba9ffe392549e1f8658dd2630c141fdf47b6,,,519791092538167808,0,0,975867683,False
25545626,0x56a217748d2ada68c41cc1211c72d4b205e18fc88552e167a5866114f9d3b8cd,0x726933e56e6d4a299dd8b3efd80d5ca33ed52f2e9927a902c092cbb3aa371880,0,126,0xb4e16d0168e52d35cacd2c6185b44281ec28c9dc,Sync,True,,,8792680410814,4673160860665905587527,,,,,False
25545626,0x56a217748d2ada68c41cc1211c72d4b205e18fc88552e167a5866114f9d3b8cd,0x726933e56e6d4a299dd8b3efd80d5ca33ed52f2e9927a902c092cbb3aa371880,0,127,0xb4e16d0168e52d35cacd2c6185b44281ec28c9dc,Swap,True,0xbdb3ba9ffe392549e1f8658dd2630c141fdf47b6,0xbdb3ba9ffe392549e1f8658dd2630c141fdf47b6,,,0,655706540466027648,1230201275,0,False
25545627,0x6ce8bced035d92e261f38b80ce116c9ee9153d144aa88b51d908810c86a3deda,0x7fc437a27885160922499bf754f183df0f3ebf4bee1064d5467a6db829af0616,67,209,0x0d4a11d5eeaac28ec3f61d100daf4d40471f1852,Sync,True,,,3920057233394953673061,7380671075827,,,,,False
25545627,0x6ce8bced035d92e261f38b80ce116c9ee9153d144aa88b51d908810c86a3deda,0x7fc437a27885160922499bf754f183df0f3ebf4bee1064d5467a6db829af0616,67,210,0x0d4a11d5eeaac28ec3f61d100daf4d40471f1852,Swap,True,0x7a250d5630b4cf539739df2c5dacb4c659f2488d,0x85280c0765d3355200e650fd907fa8286c2e11ab,,,26718141845774414,0,0,50154258,False
25545628,0xa23b35d41f152fc04b5199f0edc4b36be9e7a9ec435d6125fe3252306e8aba03,0x915d392f64ac20824536147ba1acf4b322d53867ac6e7f70d38cc06ba48b7d9b,41,104,0xb4e16d0168e52d35cacd2c6185b44281ec28c9dc,Sync,True,,,8790616823889,4674261182823201783623,,,,,False
25545628,0xa23b35d41f152fc04b5199f0edc4b36be9e7a9ec435d6125fe3252306e8aba03,0x915d392f64ac20824536147ba1acf4b322d53867ac6e7f70d38cc06ba48b7d9b,41,105,0xb4e16d0168e52d35cacd2c6185b44281ec28c9dc,Swap,True,0x51c72848c68a965f66fa7a88855f9f7784502a7f,0x51c72848c68a965f66fa7a88855f9f7784502a7f,,,0,1100322157296196096,2063586925,0,False
25545628,0xa23b35d41f152fc04b5199f0edc4b36be9e7a9ec435d6125fe3252306e8aba03,0x6a82faa507b89a9f56a8255b746b8592032b184796e12bc096fbafcb6cd549eb,46,122,0x0d4a11d5eeaac28ec3f61d100daf4d40471f1852,Sync,True,,,3920994571046342774501,7378911976858,,,,,False
25545628,0xa23b35d41f152fc04b5199f0edc4b36be9e7a9ec435d6125fe3252306e8aba03,0x6a82faa507b89a9f56a8255b746b8592032b184796e12bc096fbafcb6cd549eb,46,123,0x0d4a11d5eeaac28ec3f61d100daf4d40471f1852,Swap,True,0x51c72848c68a965f66fa7a88855f9f7784502a7f,0x51c72848c68a965f66fa7a88855f9f7784502a7f,,,937337651389101440,0,0,1759098969,False
25545629,0x22d3c6f7e26d1f36c957ecd55b274e9fec47d26da4e1621726d66948b4dc6289,0xc6229eeb5dfd12695134921c4aa1099c4e620dc1af29f045a4f4c0cf8f64ba49,10,134,0xb4e16d0168e52d35cacd2c6185b44281ec28c9dc,Sync,True,,,8790583717371,4674278839688903267401,,,,,False
25545629,0x22d3c6f7e26d1f36c957ecd55b274e9fec47d26da4e1621726d66948b4dc6289,0xc6229eeb5dfd12695134921c4aa1099c4e620dc1af29f045a4f4c0cf8f64ba49,10,135,0xb4e16d0168e52d35cacd2c6185b44281ec28c9dc,Swap,True,0x66a9893cc07d91d95644aedd05d03f95e1dba8af,0x66a9893cc07d91d95644aedd05d03f95e1dba8af,,,0,17656865701483778,33106518,0,False
25545631,0x35319a7608b4f6ad09de6225633efd775e266d7c8c57b74ae994a7d8908fcbfb,0x5046bbde3d336e4dbd02aea16e96e6d9c087cf1051903581aae3baa6db31f2fc,82,201,0xb4e16d0168e52d35cacd2c6185b44281ec28c9dc,Sync,True,,,8790527582805,4674308778523231279222,,,,,False
25545631,0x35319a7608b4f6ad09de6225633efd775e266d7c8c57b74ae994a7d8908fcbfb,0x5046bbde3d336e4dbd02aea16e96e6d9c087cf1051903581aae3baa6db31f2fc,82,202,0xb4e16d0168e52d35cacd2c6185b44281ec28c9dc,Swap,True,0x7a250d5630b4cf539739df2c5dacb4c659f2488d,0x423d607bd4e213e9b64a54b324ab7f632feec647,,,0,29938834328011821,56134566,0,False
25545632,0x8ee009eae05ec8987f478266cc9e16f6f0616634e1887b9e6b1a4b5d012997c8,0x2d5268cfcc370904abbf9f1147efef447ae5226e929444e468d239f915d7e5bb,102,307,0x0d4a11d5eeaac28ec3f61d100daf4d40471f1852,Sync,True,,,3922142207829544276057,7376759348821,,,,,False
25545632,0x8ee009eae05ec8987f478266cc9e16f6f0616634e1887b9e6b1a4b5d012997c8,0x2d5268cfcc370904abbf9f1147efef447ae5226e929444e468d239f915d7e5bb,102,308,0x0d4a11d5eeaac28ec3f61d100daf4d40471f1852,Swap,True,0x68b3465833fb72a70ecdf485e0e4c7bd8665fc45,0x505f99d145bb9f7d9cf87c4dedb7b1e4b3f57a99,,,1147636783201501556,0,0,2152628037,False
25545636,0xeda71d6535e3ee85c11b707a299c6e19a1daaeac82c1487d3af4062069467634,0x259edd3abcf705121f99957ee757fe49aa05b338f6c6df026ba67ab73cb3f5f7,202,491,0x0d4a11d5eeaac28ec3f61d100daf4d40471f1852,Sync,True,,,3922187555971904207340,7376674314954,,,,,False
25545636,0xeda71d6535e3ee85c11b707a299c6e19a1daaeac82c1487d3af4062069467634,0x259edd3abcf705121f99957ee757fe49aa05b338f6c6df026ba67ab73cb3f5f7,202,492,0x0d4a11d5eeaac28ec3f61d100daf4d40471f1852,Swap,True,0x7a250d5630b4cf539739df2c5dacb4c659f2488d,0x13d535fe09975af3308eda0462851ec17a13caa6,,,45348142359931283,0,0,85033867,False
25545636,0xeda71d6535e3ee85c11b707a299c6e19a1daaeac82c1487d3af4062069467634,0x308989d23178282d65acc324a49d670c8714be13b12cd1642d78f01a0962e2cb,204,496,0x0d4a11d5eeaac28ec3f61d100daf4d40471f1852,Sync,True,,,3922142930267196701499,7376758498482,,,,,False
25545636,0xeda71d6535e3ee85c11b707a299c6e19a1daaeac82c1487d3af4062069467634,0x308989d23178282d65acc324a49d670c8714be13b12cd1642d78f01a0962e2cb,204,497,0x0d4a11d5eeaac28ec3f61d100daf4d40471f1852,Swap,True,0x7a250d5630b4cf539739df2c5dacb4c659f2488d,0x7a250d5630b4cf539739df2c5dacb4c659f2488d,,,0,84183528,44625704707505841,0,False
25545639,0xe5172c363390bd936fad8eca39c403b82cc8d5aa90e5ed48c1354c74b9bbb1d6,0x34466edefd105fd48edbbd744e6777c60c73831093b64f078c7505f89efd1f96,61,520,0x3041cbd36888becc7bbcbc0045e3b1f144466f5f,Sync,True,,,1667846360105,1665682489858,,,,,False
25545639,0xe5172c363390bd936fad8eca39c403b82cc8d5aa90e5ed48c1354c74b9bbb1d6,0x34466edefd105fd48edbbd744e6777c60c73831093b64f078c7505f89efd1f96,61,521,0x3041cbd36888becc7bbcbc0045e3b1f144466f5f,Swap,True,0xa58bdd0ab5ebbb8dc425090fea8fd0ba969c1668,0x111111125421ca6dc452d289314280a0f8842a65,,,0,997500,995800,0,False
25545644,0xa74a95c60af1c0fc2860b263e13ed35efbbb7c11acdd6114e84c0f978632fb98,0xbd55c2eeccaaf3c1b1292209cda97692e8a72758b2c23fd945b08778ccfe7255,228,638,0xb4e16d0168e52d35cacd2c6185b44281ec28c9dc,Sync,True,,,8790507497807,4674319490758394363137,,,,,False
25545644,0xa74a95c60af1c0fc2860b263e13ed35efbbb7c11acdd6114e84c0f978632fb98,0xbd55c2eeccaaf3c1b1292209cda97692e8a72758b2c23fd945b08778ccfe7255,228,639,0xb4e16d0168e52d35cacd2c6185b44281ec28c9dc,Swap,True,0x7a250d5630b4cf539739df2c5dacb4c659f2488d,0x423d607bd4e213e9b64a54b324ab7f632feec647,,,0,10712235163083915,20084998,0,False
25545646,0x41ce0bc5e9445f4cd41f421b4ed431e7a732c9bc530a38f6b82c2b05fd912d0c,0xcade149a451f1a8eb7e17d4aba5a4db5bb24ead6530c0a3bd42e6d173e0d09c2,56,278,0xb4e16d0168e52d35cacd2c6185b44281ec28c9dc,Sync,True,,,8790508547154,4674318934446076277809,,,,,False
25545646,0x41ce0bc5e9445f4cd41f421b4ed431e7a732c9bc530a38f6b82c2b05fd912d0c,0xcade149a451f1a8eb7e17d4aba5a4db5bb24ead6530c0a3bd42e6d173e0d09c2,56,279,0xb4e16d0168e52d35cacd2c6185b44281ec28c9dc,Swap,True,0x681878dc5abaa70d182b3e1c4d6a3fd1e16922c0,0x681878dc5abaa70d182b3e1c4d6a3fd1e16922c0,,,1049347,0,0,556312318085328,False
25545652,0x2c3948d7d2eebf1bf2613d495ad90fa6905882b08dbba3b88e4a05cb492dc478,0xb0feed8028a248113e518acf08f3d684d589ff5c34addc5c9cedc307ab8fabb2,56,386,0x0d4a11d5eeaac28ec3f61d100daf4d40471f1852,Sync,True,,,3922139219611680555391,7376765498482,,,,,False
25545652,0x2c3948d7d2eebf1bf2613d495ad90fa6905882b08dbba3b88e4a05cb492dc478,0xb0feed8028a248113e518acf08f3d684d589ff5c34addc5c9cedc307ab8fabb2,56,387,0x0d4a11d5eeaac28ec3f61d100daf4d40471f1852,Swap,True,0x5597278e3baa59d53e256db5cbabc9b491499ce5,0x9b533f1ceaa5ceb7e5b8994ef16499e47a66312d,,,0,7000000,3710655516146108,0,False
25545652,0x2c3948d7d2eebf1bf2613d495ad90fa6905882b08dbba3b88e4a05cb492dc478,0x9498a4a03273a945ba27686407a2e73dc78e243ef5775d170977ab811ec46202,70,442,0xb4e16d0168e52d35cacd2c6185b44281ec28c9dc,Sync,True,,,8792549317492,4673237268585999915160,,,,,False
25545652,0x2c3948d7d2eebf1bf2613d495ad90fa6905882b08dbba3b88e4a05cb492dc478,0x9498a4a03273a945ba27686407a2e73dc78e243ef5775d170977ab811ec46202,70,443,0xb4e16d0168e52d35cacd2c6185b44281ec28c9dc,Swap,True,0x7a250d5630b4cf539739df2c5dacb4c659f2488d,0x43de4318b6eb91a7cf37975dbb574396a7b5b5c6,,,2040770338,0,0,1081665860076362649,False
25545659,0xfcbd0f96c391ef3a1d9c2206ae95dc6946ec833e4134c3c6c74db3d5d74a06cc,0x8a647156b6228938785269f6191624dc52977f331c44ec1141499dc5e738de7a,161,501,0x0d4a11d5eeaac28ec3f61d100daf4d40471f1852,Sync,True,,,3922137099240258285174,7376769498482,,,,,False
25545659,0xfcbd0f96c391ef3a1d9c2206ae95dc6946ec833e4134c3c6c74db3d5d74a06cc,0x8a647156b6228938785269f6191624dc52977f331c44ec1141499dc5e738de7a,161,502,0x0d4a11d5eeaac28ec3f61d100daf4d40471f1852,Swap,True,0x5597278e3baa59d53e256db5cbabc9b491499ce5,0x9b533f1ceaa5ceb7e5b8994ef16499e47a66312d,,,0,4000000,2120371422270217,0,False
25545663,0x5643d3175e218e8f9d0be672693d7d3b0b1382f95f85cfcd1394b66764304401,0xfc7b2d16e78d0db302167d3f0c1e7eb1125ddaca81b7cba059255935d1e815e1,136,300,0x0d4a11d5eeaac28ec3f61d100daf4d40471f1852,Sync,True,,,3922164841445082907528,7376717477744,,,,,False
25545663,0x5643d3175e218e8f9d0be672693d7d3b0b1382f95f85cfcd1394b66764304401,0xfc7b2d16e78d0db302167d3f0c1e7eb1125ddaca81b7cba059255935d1e815e1,136,301,0x0d4a11d5eeaac28ec3f61d100daf4d40471f1852,Swap,True,0x7a250d5630b4cf539739df2c5dacb4c659f2488d,0x85280c0765d3355200e650fd907fa8286c2e11ab,,,27742204824622354,0,0,52020738,False
25545667,0x3351dae486bbf1b1aefebf18e340dc0be688d6487cfa8599a9384c295e807d8e,0x5511eca8ed589446a7e0a9a58f9ce951cd8b8b6129620f01e79fad23a8b0424a,155,557,0x0d4a11d5eeaac28ec3f61d100daf4d40471f1852,Sync,True,,,3922157420058343569233,7376731477744,,,,,False
25545667,0x3351dae486bbf1b1aefebf18e340dc0be688d6487cfa8599a9384c295e807d8e,0x5511eca8ed589446a7e0a9a58f9ce951cd8b8b6129620f01e79fad23a8b0424a,155,558,0x0d4a11d5eeaac28ec3f61d100daf4d40471f1852,Swap,True,0x5597278e3baa59d53e256db5cbabc9b491499ce5,0x3e3b383801169aeab967adf459ec9196b21474d7,,,0,14000000,7421386739338295,0,False
25545673,0x3dee4d2297878918459272e94c42ba417c7d558ef9fcb28297c1d1f7887fe3d2,0xa6848d554af92540157fce1b9742e76677208306f99d7e3a922bd3f9f6aa41c6,4,297,0x0d4a11d5eeaac28ec3f61d100daf4d40471f1852,Sync,True,,,3922149998699731422294,7376745477744,,,,,False
25545673,0x3dee4d2297878918459272e94c42ba417c7d558ef9fcb28297c1d1f7887fe3d2,0xa6848d554af92540157fce1b9742e76677208306f99d7e3a922bd3f9f6aa41c6,4,298,0x0d4a11d5eeaac28ec3f61d100daf4d40471f1852,Swap,True,0x5597278e3baa59d53e256db5cbabc9b491499ce5,0x9b533f1ceaa5ceb7e5b8994ef16499e47a66312d,,,0,14000000,7421358612146939,0,False
25545674,0x0890985bf4294f2f0e46a7c8fef565486614b3582bf2d538ee1fae457cdf2f9d,0xc06168acc7aae55c321d1ead4948eb4774cfc1e6a9529022563e0d559b82c1ea,68,101,0xb4e16d0168e52d35cacd2c6185b44281ec28c9dc,Sync,True,,,8792552203105,4673235739485182047667,,,,,False
25545674,0x0890985bf4294f2f0e46a7c8fef565486614b3582bf2d538ee1fae457cdf2f9d,0xc06168acc7aae55c321d1ead4948eb4774cfc1e6a9529022563e0d559b82c1ea,68,102,0xb4e16d0168e52d35cacd2c6185b44281ec28c9dc,Swap,True,0x681878dc5abaa70d182b3e1c4d6a3fd1e16922c0,0x681878dc5abaa70d182b3e1c4d6a3fd1e16922c0,,,2885613,0,0,1529100817867493,False
25545679,0x1fff2a80a0ba9d1d331b69f300a857bf8c5e17ad45192fd45279dce7ce56b11f,0x6b3a8fd7f29d02815442b586cfd50ead9b21221c452354cc0d0b3c464c7d3056,2,37,0x0d4a11d5eeaac28ec3f61d100daf4d40471f1852,Sync,True,,,3922146288030978277315,7376752477744,,,,,False
25545679,0x1fff2a80a0ba9d1d331b69f300a857bf8c5e17ad45192fd45279dce7ce56b11f,0x6b3a8fd7f29d02815442b586cfd50ead9b21221c452354cc0d0b3c464c7d3056,2,38,0x0d4a11d5eeaac28ec3f61d100daf4d40471f1852,Swap,True,0x5597278e3baa59d53e256db5cbabc9b491499ce5,0x9b533f1ceaa5ceb7e5b8994ef16499e47a66312d,,,0,7000000,3710668753144979,0,False
25545680,0x4f4e3bfa33839457ad873f30084fa7e7bd9c0765e4287a6f029ce1fcd2a49933,0xc413642165dc3a19f15eb3a528085381db80d85fd613b68a7de99c62c6c9cccf,391,1015,0xb4e16d0168e52d35cacd2c6185b44281ec28c9dc,Sync,True,,,8792544966350,4673239597392614702214,,,,,False
25545680,0x4f4e3bfa33839457ad873f30084fa7e7bd9c0765e4287a6f029ce1fcd2a49933,0xc413642165dc3a19f15eb3a528085381db80d85fd613b68a7de99c62c6c9cccf,391,1016,0xb4e16d0168e52d35cacd2c6185b44281ec28c9dc,Swap,True,0x7a250d5630b4cf539739df2c5dacb4c659f2488d,0x5268431292f7b423e622832d21644ff81d16502d,,,0,3857907432654547,7236755,0,False
25545685,0x27559b7403a567462ba051e1bc3c589f48c8f1db3e53039251822f6f7947190b,0x025599633c6ffb6a91495f923a648c097779fb28947460789e8e37b26d184820,425,693,0xb4e16d0168e52d35cacd2c6185b44281ec28c9dc,Sync,True,,,8792452266379,4673289016223975103487,,,,,False
25545685,0x27559b7403a567462ba051e1bc3c589f48c8f1db3e53039251822f6f7947190b,0x025599633c6ffb6a91495f923a648c097779fb28947460789e8e37b26d184820,425,694,0xb4e16d0168e52d35cacd2c6185b44281ec28c9dc,Swap,True,0x7a250d5630b4cf539739df2c5dacb4c659f2488d,0x423d607bd4e213e9b64a54b324ab7f632feec647,,,0,49418831360401273,92699971,0,False
25545694,0xe784402bad4956cd9f81bfd86efb86a49726496d606e1785169711e7927c767c,0x85e4ffd29fa198fe08bff75f54cbdd0a7f6b05ca308a5187730fc415cc936135,32,486,0x0d4a11d5eeaac28ec3f61d100daf4d40471f1852,Sync,True,,,3922142577369256870161,7376759477744,,,,,False
25545694,0xe784402bad4956cd9f81bfd86efb86a49726496d606e1785169711e7927c767c,0x85e4ffd29fa198fe08bff75f54cbdd0a7f6b05ca308a5187730fc415cc936135,32,487,0x0d4a11d5eeaac28ec3f61d100daf4d40471f1852,Swap,True,0x5597278e3baa59d53e256db5cbabc9b491499ce5,0x9b533f1ceaa5ceb7e5b8994ef16499e47a66312d,,,0,7000000,3710661721407154,0,False
25545694,0xe784402bad4956cd9f81bfd86efb86a49726496d606e1785169711e7927c767c,0x3cc15a4241754ac5f361d3a880f2a2ce8a8a0db367aff4cb824c22ac95d2cc3d,41,521,0xb4e16d0168e52d35cacd2c6185b44281ec28c9dc,Sync,True,,,8792452559003,4673288861158103866076,,,,,False
25545694,0xe784402bad4956cd9f81bfd86efb86a49726496d606e1785169711e7927c767c,0x3cc15a4241754ac5f361d3a880f2a2ce8a8a0db367aff4cb824c22ac95d2cc3d,41,522,0xb4e16d0168e52d35cacd2c6185b44281ec28c9dc,Swap,True,0xae0562f6349e1b574a75248bd53848a3039751aa,0x9886202afd85a4ded704deb370dee516ee558661,,,292624,0,0,155065871237411,False
25545694,0xe784402bad4956cd9f81bfd86efb86a49726496d606e1785169711e7927c767c,0x3bda8fd945c14450953885a59206b7f16a3e3efca39f23bb19f993c1c6d096ef,161,737,0x0d4a11d5eeaac28ec3f61d100daf4d40471f1852,Sync,True,,,3922135156066898625965,7376773477744,,,,,False
25545694,0xe784402bad4956cd9f81bfd86efb86a49726496d606e1785169711e7927c767c,0x3bda8fd945c14450953885a59206b7f16a3e3efca39f23bb19f993c1c6d096ef,161,738,0x0d4a11d5eeaac28ec3f61d100daf4d40471f1852,Swap,True,0x5597278e3baa59d53e256db5cbabc9b491499ce5,0x9b533f1ceaa5ceb7e5b8994ef16499e47a66312d,,,0,14000000,7421302358244196,0,False
25545695,0x750e4aef934f140e4a82b1ccf1f8d2e78a91c3f289d2240d49ac7ab9a9380891,0x39692e8372cd1ac747903b2964d0d79b720598b38e4d6c4145b47a3ea6936e2f,84,336,0x0d4a11d5eeaac28ec3f61d100daf4d40471f1852,Sync,True,,,3922134564310953996738,7376774594071,,,,,False
25545695,0x750e4aef934f140e4a82b1ccf1f8d2e78a91c3f289d2240d49ac7ab9a9380891,0x39692e8372cd1ac747903b2964d0d79b720598b38e4d6c4145b47a3ea6936e2f,84,337,0x0d4a11d5eeaac28ec3f61d100daf4d40471f1852,Swap,True,0x7f54f05635d15cde17a49502fedb9d1803a3be8a,0x7f54f05635d15cde17a49502fedb9d1803a3be8a,,,0,1116327,591755944629227,0,False
25545712,0xe18213dea5765a721fef00af0fcdccfefb073d26ce71cc13ecfc47bb88b6c769,0xc2ba40b95f9c480db54f4f504a4fcc823520404923e2869f8bfa4bce18213741,60,496,0x0d4a11d5eeaac28ec3f61d100daf4d40471f1852,Sync,True,,,3922125022680698193594,7376792594071,,,,,False
25545712,0xe18213dea5765a721fef00af0fcdccfefb073d26ce71cc13ecfc47bb88b6c769,0xc2ba40b95f9c480db54f4f504a4fcc823520404923e2869f8bfa4bce18213741,60,497,0x0d4a11d5eeaac28ec3f61d100daf4d40471f1852,Swap,True,0x5597278e3baa59d53e256db5cbabc9b491499ce5,0x9b533f1ceaa5ceb7e5b8994ef16499e47a66312d,,,0,18000000,9541630255803144,0,False
25545716,0xfb6762c545907bd3f9d39677b89bc8ea421e2e717c3c2d5a857ea628ad37a4c9,0x908999a71fadb0b36dcf7d547962ca81edb4bc2f38e36c6d6bb00ea1c715e54b,40,122,0x0d4a11d5eeaac28ec3f61d100daf4d40471f1852,Sync,True,,,3922121312059274614199,7376799594071,,,,,False
25545716,0xfb6762c545907bd3f9d39677b89bc8ea421e2e717c3c2d5a857ea628ad37a4c9,0x908999a71fadb0b36dcf7d547962ca81edb4bc2f38e36c6d6bb00ea1c715e54b,40,123,0x0d4a11d5eeaac28ec3f61d100daf4d40471f1852,Swap,True,0x5597278e3baa59d53e256db5cbabc9b491499ce5,0x9b533f1ceaa5ceb7e5b8994ef16499e47a66312d,,,0,7000000,3710621423579395,0,False
25545718,0x21e84c54cbe49387c08e11e9160594bf5151b7fe3a9c376356a0740b4f2d8921,0xe8078abb593957a533246e0425b2fce7fc23ccc6cb9e24bc787f1b5b8067eb7c,115,133,0x0d4a11d5eeaac28ec3f61d100daf4d40471f1852,Sync,True,,,3922123791084274614199,7376794945465,,,,,False
25545718,0x21e84c54cbe49387c08e11e9160594bf5151b7fe3a9c376356a0740b4f2d8921,0xe8078abb593957a533246e0425b2fce7fc23ccc6cb9e24bc787f1b5b8067eb7c,115,134,0x0d4a11d5eeaac28ec3f61d100daf4d40471f1852,Swap,True,0x7a250d5630b4cf539739df2c5dacb4c659f2488d,0x7aef4633a41411b50e3e88bdb6641462524618b6,,,2479025000000000,0,0,4648606,False
25545719,0xd2cb72b2951229050ea3de9ae5713284c09649adadd2c8f59079b3616f3a7088,0x1c1585a4d2a814e0f09ea899a31c63ce78bd271290e083a8a94bbc7b3cdccd5b,533,1015,0xb4e16d0168e52d35cacd2c6185b44281ec28c9dc,Sync,True,,,8792198406717,4673424356388655118208,,,,,False
25545719,0xd2cb72b2951229050ea3de9ae5713284c09649adadd2c8f59079b3616f3a7088,0x1c1585a4d2a814e0f09ea899a31c63ce78bd271290e083a8a94bbc7b3cdccd5b,533,1016,0xb4e16d0168e52d35cacd2c6185b44281ec28c9dc,Swap,True,0x7a250d5630b4cf539739df2c5dacb4c659f2488d,0x423d607bd4e213e9b64a54b324ab7f632feec647,,,0,135495230551252132,254152286,0,False
25545725,0x8c9b16b0805c3a9f620b78a8d593a0aafc02a5c86a5b46a45a5b5f23c3d0aac0,0xc3f24cd34c26ef08a6c39bbd8e74ac9065042142e07df1249e61120cfe125969,64,138,0x0d4a11d5eeaac28ec3f61d100daf4d40471f1852,Sync,True,,,3921454306453670805175,7378058130216,,,,,False
25545725,0x8c9b16b0805c3a9f620b78a8d593a0aafc02a5c86a5b46a45a5b5f23c3d0aac0,0xc3f24cd34c26ef08a6c39bbd8e74ac9065042142e07df1249e61120cfe125969,64,139,0x0d4a11d5eeaac28ec3f61d100daf4d40471f1852,Swap,True,0x51c72848c68a965f66fa7a88855f9f7784502a7f,0x51c72848c68a965f66fa7a88855f9f7784502a7f,,,0,1263184751,669484630603809024,0,False
25545725,0x8c9b16b0805c3a9f620b78a8d593a0aafc02a5c86a5b46a45a5b5f23c3d0aac0,0xebad840496c6676910533d3379847ea7467be564c2a3f68d94aab67719b5e247,65,146,0x0d4a11d5eeaac28ec3f61d100daf4d40471f1852,Sync,True,,,3921480078558490796831,7378009786825,,,,,False
25545725,0x8c9b16b0805c3a9f620b78a8d593a0aafc02a5c86a5b46a45a5b5f23c3d0aac0,0xebad840496c6676910533d3379847ea7467be564c2a3f68d94aab67719b5e247,65,147,0x0d4a11d5eeaac28ec3f61d100daf4d40471f1852,Swap,True,0x7a250d5630b4cf539739df2c5dacb4c659f2488d,0x85280c0765d3355200e650fd907fa8286c2e11ab,,,25772104819991656,0,0,48343391,False
25545726,0xb5950bb416be7dfb6a9dcd654d7794f3f731d49144cca841dbca26a67808747c,0x3cea1edabe017a499797c357976a0c5462f2ab745281b2efcbc6b3008206e746,17,59,0x0d4a11d5eeaac28ec3f61d100daf4d40471f1852,Sync,True,,,3919947878817641223967,7380902331198,,,,,False
25545726,0xb5950bb416be7dfb6a9dcd654d7794f3f731d49144cca841dbca26a67808747c,0x3cea1edabe017a499797c357976a0c5462f2ab745281b2efcbc6b3008206e746,17,60,0x0d4a11d5eeaac28ec3f61d100daf4d40471f1852,Swap,True,0x51c72848c68a965f66fa7a88855f9f7784502a7f,0x51c72848c68a965f66fa7a88855f9f7784502a7f,,,0,2892544373,1532199740849572864,0,False
25545728,0x99f8667f2cbdcd210026b2b4da3571fea582bb72026c7dc76ffb1ca7e0209c84,0x6aae88eab57a8c41988032074b7d64973e7f7aa4b965149e23c3c7856529344d,103,114,0x0d4a11d5eeaac28ec3f61d100daf4d40471f1852,Sync,True,,,3919940465831184161487,7380916331198,,,,,False
25545728,0x99f8667f2cbdcd210026b2b4da3571fea582bb72026c7dc76ffb1ca7e0209c84,0x6aae88eab57a8c41988032074b7d64973e7f7aa4b965149e23c3c7856529344d,103,115,0x0d4a11d5eeaac28ec3f61d100daf4d40471f1852,Swap,True,0x5597278e3baa59d53e256db5cbabc9b491499ce5,0x9b533f1ceaa5ceb7e5b8994ef16499e47a66312d,,,0,14000000,7412986457062480,0,False
25545728,0x99f8667f2cbdcd210026b2b4da3571fea582bb72026c7dc76ffb1ca7e0209c84,0x97a155fef1032e130f64aa5c22c49d3afee9035a5831b40a7c2a0ff5079766e9,210,412,0x0d4a11d5eeaac28ec3f61d100daf4d40471f1852,Sync,True,,,3919912270969266403756,7380969579866,,,,,False
25545728,0x99f8667f2cbdcd210026b2b4da3571fea582bb72026c7dc76ffb1ca7e0209c84,0x97a155fef1032e130f64aa5c22c49d3afee9035a5831b40a7c2a0ff5079766e9,210,413,0x0d4a11d5eeaac28ec3f61d100daf4d40471f1852,Swap,True,0x7a250d5630b4cf539739df2c5dacb4c659f2488d,0x7e3651eddcaaa8a50a2d11000c75cad27f3a5910,,,0,53248668,28194861917757731,0,False
25545730,0xd709cc30ffce2e0921d69f2c78b8006dd820afa279d3ecf894504274da862f24,0x434e67fe1a2a23ec7a5e7641cfb74ef340b05077193a951fcb6553e0a441487c,4,14,0xb4e16d0168e52d35cacd2c6185b44281ec28c9dc,Sync,True,,,8793362591977,4672807481922052609152,,,,,False
25545730,0xd709cc30ffce2e0921d69f2c78b8006dd820afa279d3ecf894504274da862f24,0x434e67fe1a2a23ec7a5e7641cfb74ef340b05077193a951fcb6553e0a441487c,4,15,0xb4e16d0168e52d35cacd2c6185b44281ec28c9dc,Swap,True,0x51c72848c68a965f66fa7a88855f9f7784502a7f,0x51c72848c68a965f66fa7a88855f9f7784502a7f,,,1164185260,0,0,616874466602509056,False
25545731,0xa0d2803553bfd5b81cb49b1452b6cf513bb9a24f85abfafce4093bd295f3db86,0x5aa0742664404f0bf52d6f680f4681454f181e795f372d967802ed16c809836e,49,178,0xb4e16d0168e52d35cacd2c6185b44281ec28c9dc,Sync,True,,,8793363002762,4672807264285107169273,,,,,False
25545731,0xa0d2803553bfd5b81cb49b1452b6cf513bb9a24f85abfafce4093bd295f3db86,0x5aa0742664404f0bf52d6f680f4681454f181e795f372d967802ed16c809836e,49,179,0xb4e16d0168e52d35cacd2c6185b44281ec28c9dc,Swap,True,0x950fd558f47e234a2fde23b7d61f7ccdbcb4a86f,0x950fd558f47e234a2fde23b7d61f7ccdbcb4a86f,,,410785,0,0,217636945439879,False
25545734,0xe4a1f1486adedcce4b5cc03c9aec5eae479e4fd53999931715f6ec5ad529457c,0x5ddc816dff0c5609255fce18f01a1090b1acf337b947cb42313f53f33f139b59,71,132,0x0d4a11d5eeaac28ec3f61d100daf4d40471f1852,Sync,True,,,3919315113993585459116,7382097549617,,,,,False
25545734,0xe4a1f1486adedcce4b5cc03c9aec5eae479e4fd53999931715f6ec5ad529457c,0x5ddc816dff0c5609255fce18f01a1090b1acf337b947cb42313f53f33f139b59,71,133,0x0d4a11d5eeaac28ec3f61d100daf4d40471f1852,Swap,True,0x51c72848c68a965f66fa7a88855f9f7784502a7f,0x51c72848c68a965f66fa7a88855f9f7784502a7f,,,0,1127969751,597156975680944640,0,False
25545734,0xe4a1f1486adedcce4b5cc03c9aec5eae479e4fd53999931715f6ec5ad529457c,0xdf2004929a46349b67ab66c600ab55776c8aa107009b2c9117387ad2f5bba290,121,275,0xb4e16d0168e52d35cacd2c6185b44281ec28c9dc,Sync,True,,,8794239232829,4672343078150520229561,,,,,False
25545734,0xe4a1f1486adedcce4b5cc03c9aec5eae479e4fd53999931715f6ec5ad529457c,0xdf2004929a46349b67ab66c600ab55776c8aa107009b2c9117387ad2f5bba290,121,276,0xb4e16d0168e52d35cacd2c6185b44281ec28c9dc,Swap,True,0x51c72848c68a965f66fa7a88855f9f7784502a7f,0x51c72848c68a965f66fa7a88855f9f7784502a7f,,,876230067,0,0,464186134586939712,False
25545736,0xda4267e310803a756db280a1a1684ee17e023306c4711ef96c8cb3e14dd2e7ff,0x59cc08468981554c0bfebd1c7a7d222d12b62c4a23c6130fe95586d7a5a3128c,20,93,0xb4e16d0168e52d35cacd2c6185b44281ec28c9dc,Sync,True,,,8796177250432,4671316733917813535033,,,,,False
25545736,0xda4267e310803a756db280a1a1684ee17e023306c4711ef96c8cb3e14dd2e7ff,0x59cc08468981554c0bfebd1c7a7d222d12b62c4a23c6130fe95586d7a5a3128c,20,94,0xb4e16d0168e52d35cacd2c6185b44281ec28c9dc,Swap,True,0x51c72848c68a965f66fa7a88855f9f7784502a7f,0x51c72848c68a965f66fa7a88855f9f7784502a7f,,,1938017603,0,0,1026344232706694528,False
25545736,0xda4267e310803a756db280a1a1684ee17e023306c4711ef96c8cb3e14dd2e7ff,0x3e3b8c0bf251fdfd1b79501648578e498380bb0faafa66c81baa52d2a8224d3f,21,97,0x0d4a11d5eeaac28ec3f61d100daf4d40471f1852,Sync,True,,,3918396643996425913900,7383833119354,,,,,False
25545736,0xda4267e310803a756db280a1a1684ee17e023306c4711ef96c8cb3e14dd2e7ff,0x3e3b8c0bf251fdfd1b79501648578e498380bb0faafa66c81baa52d2a8224d3f,21,98,0x0d4a11d5eeaac28ec3f61d100daf4d40471f1852,Swap,True,0x51c72848c68a965f66fa7a88855f9f7784502a7f,0x51c72848c68a965f66fa7a88855f9f7784502a7f,,,0,1735569737,918469997159545216,0,False
25545736,0xda4267e310803a756db280a1a1684ee17e023306c4711ef96c8cb3e14dd2e7ff,0xbb25dfb9f8659323096f5c75902df46e9829e2ef9798febbd5756a29157562c1,81,381,0x0d4a11d5eeaac28ec3f61d100daf4d40471f1852,Sync,True,,,3918392940437056508391,7383840119354,,,,,False
25545736,0xda4267e310803a756db280a1a1684ee17e023306c4711ef96c8cb3e14dd2e7ff,0xbb25dfb9f8659323096f5c75902df46e9829e2ef9798febbd5756a29157562c1,81,382,0x0d4a11d5eeaac28ec3f61d100daf4d40471f1852,Swap,True,0x5597278e3baa59d53e256db5cbabc9b491499ce5,0x9b533f1ceaa5ceb7e5b8994ef16499e47a66312d,,,0,7000000,3703559369405509,0,False
25545737,0x3bd4fa18e3d4948e23a984157aeb7d49619c8ba7e4289b6796382d6b8c784c78,0x959db73fc19dfc1ee5a746275ba74021f105fc2b518cb63891189a963e768c16,25,98,0xb4e16d0168e52d35cacd2c6185b44281ec28c9dc,Sync,True,,,8796187964322,4671311061252551475384,,,,,False
25545737,0x3bd4fa18e3d4948e23a984157aeb7d49619c8ba7e4289b6796382d6b8c784c78,0x959db73fc19dfc1ee5a746275ba74021f105fc2b518cb63891189a963e768c16,25,99,0xb4e16d0168e52d35cacd2c6185b44281ec28c9dc,Swap,True,0x7a250d5630b4cf539739df2c5dacb4c659f2488d,0x43de4318b6eb91a7cf37975dbb574396a7b5b5c6,,,10713890,0,0,5672665262059649,False
25545742,0xa2253435e9877bbe7e28568da3207657a990a7e9ad8a5d2081d4018d0beccc5e,0x0a61f731db30f2f0b7401eba5b661f6fe8948a5b6ed713b03cf60aa540e98c82,1,331,0x0d4a11d5eeaac28ec3f61d100daf4d40471f1852,Sync,True,,,3918377120563144042682,7383870020231,,,,,False
25545742,0xa2253435e9877bbe7e28568da3207657a990a7e9ad8a5d2081d4018d0beccc5e,0x0a61f731db30f2f0b7401eba5b661f6fe8948a5b6ed713b03cf60aa540e98c82,1,332,0x0d4a11d5eeaac28ec3f61d100daf4d40471f1852,Swap,True,0xae0562f6349e1b574a75248bd53848a3039751aa,0xae0562f6349e1b574a75248bd53848a3039751aa,,,0,29900877,15819873912465709,0,False
25545742,0xa2253435e9877bbe7e28568da3207657a990a7e9ad8a5d2081d4018d0beccc5e,0x1952bab7f6c19637836bcc71eed2b97b6bb268b7fc643d0b657897d58fbcf653,22,589,0x0d4a11d5eeaac28ec3f61d100daf4d40471f1852,Sync,True,,,3918369713525328976226,7383884020231,,,,,False
25545742,0xa2253435e9877bbe7e28568da3207657a990a7e9ad8a5d2081d4018d0beccc5e,0x1952bab7f6c19637836bcc71eed2b97b6bb268b7fc643d0b657897d58fbcf653,22,590,0x0d4a11d5eeaac28ec3f61d100daf4d40471f1852,Swap,True,0x5597278e3baa59d53e256db5cbabc9b491499ce5,0x9b533f1ceaa5ceb7e5b8994ef16499e47a66312d,,,0,14000000,7407037815066456,0,False
25545742,0xa2253435e9877bbe7e28568da3207657a990a7e9ad8a5d2081d4018d0beccc5e,0x052bfbdfac5e67ea8c34a20c81df04d7c39e50bf1f4ac8f23428f76942440ecc,107,1043,0x0d4a11d5eeaac28ec3f61d100daf4d40471f1852,Sync,True,,,3918370583906328976226,7383882384982,,,,,False
25545742,0xa2253435e9877bbe7e28568da3207657a990a7e9ad8a5d2081d4018d0beccc5e,0x052bfbdfac5e67ea8c34a20c81df04d7c39e50bf1f4ac8f23428f76942440ecc,107,1044,0x0d4a11d5eeaac28ec3f61d100daf4d40471f1852,Swap,True,0xa58bdd0ab5ebbb8dc425090fea8fd0ba969c1668,0x111111125421ca6dc452d289314280a0f8842a65,,,870381000000000,0,0,1635249,False
25545744,0xb06f9743928c3b6bd6312f0ad16e5ff425f35ab76cb4f4aae441d9741c23f7dc,0x0bf9107bbd905c0755aea93ee5a82348a2c4d43eb384ea8ce27fa3965dc3561b,13,53,0xb4e16d0168e52d35cacd2c6185b44281ec28c9dc,Sync,True,,,8799597706522,4669506414065889594552,,,,,False
25545744,0xb06f9743928c3b6bd6312f0ad16e5ff425f35ab76cb4f4aae441d9741c23f7dc,0x0bf9107bbd905c0755aea93ee5a82348a2c4d43eb384ea8ce27fa3965dc3561b,13,54,0xb4e16d0168e52d35cacd2c6185b44281ec28c9dc,Swap,True,0x51c72848c68a965f66fa7a88855f9f7784502a7f,0x51c72848c68a965f66fa7a88855f9f7784502a7f,,,3409742200,0,0,1804647186661880832,False
25545744,0xb06f9743928c3b6bd6312f0ad16e5ff425f35ab76cb4f4aae441d9741c23f7dc,0x994476a5ab7581a749d436f3b67f31d83a4318db77656816518941b5928df310,15,61,0x0d4a11d5eeaac28ec3f61d100daf4d40471f1852,Sync,True,,,3916894808249036192610,7386672800737,,,,,False
25545744,0xb06f9743928c3b6bd6312f0ad16e5ff425f35ab76cb4f4aae441d9741c23f7dc,0x994476a5ab7581a749d436f3b67f31d83a4318db77656816518941b5928df310,15,62,0x0d4a11d5eeaac28ec3f61d100daf4d40471f1852,Swap,True,0x51c72848c68a965f66fa7a88855f9f7784502a7f,0x51c72848c68a965f66fa7a88855f9f7784502a7f,,,0,2790415755,1475775657292783616,0,False
25545745,0x7bbc4619698dd7d7ac2a6a9b0547292464f4da3abc06fb20ff322fa6c12b10d3,0x3b5b86e193db941f85b256a66d9ccda1cf4842e8d05f120775a355757488e1a3,0,220,0x0d4a11d5eeaac28ec3f61d100daf4d40471f1852,Sync,True,,,3915914001335508308854,7388528484965,,,,,False
25545745,0x7bbc4619698dd7d7ac2a6a9b0547292464f4da3abc06fb20ff322fa6c12b10d3,0x3b5b86e193db941f85b256a66d9ccda1cf4842e8d05f120775a355757488e1a3,0,221,0x0d4a11d5eeaac28ec3f61d100daf4d40471f1852,Swap,True,0xbdb3ba9ffe392549e1f8658dd2630c141fdf47b6,0xbdb3ba9ffe392549e1f8658dd2630c141fdf47b6,,,0,1855684228,980806913527883756,0,False
25545745,0x7bbc4619698dd7d7ac2a6a9b0547292464f4da3abc06fb20ff322fa6c12b10d3,0x3b5b86e193db941f85b256a66d9ccda1cf4842e8d05f120775a355757488e1a3,0,256,0xb4e16d0168e52d35cacd2c6185b44281ec28c9dc,Sync,True,,,8801797094864,4668343099874314493945,,,,,False
25545745,0x7bbc4619698dd7d7ac2a6a9b0547292464f4da3abc06fb20ff322fa6c12b10d3,0x3b5b86e193db941f85b256a66d9ccda1cf4842e8d05f120775a355757488e1a3,0,257,0xb4e16d0168e52d35cacd2c6185b44281ec28c9dc,Swap,True,0xbdb3ba9ffe392549e1f8658dd2630c141fdf47b6,0xbdb3ba9ffe392549e1f8658dd2630c141fdf47b6,,,2199388342,0,0,1163314191575100607,False
25545748,0xe75063324220fa26d29d44077dbaacb207822676c9edc9180dc1a1c980ed6a39,0x2b89b99d0d5552f0e0fd7d54701e28ec2a1f332a22d6d5316ac4f1c2df06059b,97,238,0xb4e16d0168e52d35cacd2c6185b44281ec28c9dc,Sync,True,,,8801802138912,4668340432613189322880,,,,,False
25545748,0xe75063324220fa26d29d44077dbaacb207822676c9edc9180dc1a1c980ed6a39,0x2b89b99d0d5552f0e0fd7d54701e28ec2a1f332a22d6d5316ac4f1c2df06059b,97,239,0xb4e16d0168e52d35cacd2c6185b44281ec28c9dc,Swap,True,0x4c82d1fbfe28c977cbb58d8c7ff8fcf9f70a2cca,0xb771f724c504b329623b0ce9199907137670600e,,,5044048,0,0,2667261125171065,False
25545757,0x53a0e542c17395b190ea774ca1c497a683f9087063b9d2913beafb38ffda231d,0xdf2ee5f0180e4da9c453d38143b64f7552aa0e90c4f3e744ef47f40f1cb5d551,1,2,0x0d4a11d5eeaac28ec3f61d100daf4d40471f1852,Sync,True,,,3915906603620999314737,7388542484965,,,,,False
25545757,0x53a0e542c17395b190ea774ca1c497a683f9087063b9d2913beafb38ffda231d,0xdf2ee5f0180e4da9c453d38143b64f7552aa0e90c4f3e744ef47f40f1cb5d551,1,3,0x0d4a11d5eeaac28ec3f61d100daf4d40471f1852,Swap,True,0x5597278e3baa59d53e256db5cbabc9b491499ce5,0x9b533f1ceaa5ceb7e5b8994ef16499e47a66312d,,,0,14000000,7397714508994117,0,False
25545758,0xc8e246c428bf9c01284a15e7d2e9d1b2d61f5a020181b0503f10e5d3c4cbc099,0xe11076bcfd524767e15b5a5e25b8f3ad37742e8f49640058cc75d718c15766bb,95,281,0x3041cbd36888becc7bbcbc0045e3b1f144466f5f,Sync,True,,,1667845362809,1665683488858,,,,,False
25545758,0xc8e246c428bf9c01284a15e7d2e9d1b2d61f5a020181b0503f10e5d3c4cbc099,0xe11076bcfd524767e15b5a5e25b8f3ad37742e8f49640058cc75d718c15766bb,95,282,0x3041cbd36888becc7bbcbc0045e3b1f144466f5f,Swap,True,0xa58bdd0ab5ebbb8dc425090fea8fd0ba969c1668,0x111111125421ca6dc452d289314280a0f8842a65,,,0,999000,997296,0,False
25545759,0x0f51df9f4297bf558c2a2ee43a80f3214448eea5632263377aeee4355a275d02,0xde113c777a5c0f3ae8288483f64b3c619bab7b80d3091c5a51e5e6c7681d6e33,2,206,0xb4e16d0168e52d35cacd2c6185b44281ec28c9dc,Sync,True,,,8801818519423,4668331770722165307865,,,,,False
25545759,0x0f51df9f4297bf558c2a2ee43a80f3214448eea5632263377aeee4355a275d02,0xde113c777a5c0f3ae8288483f64b3c619bab7b80d3091c5a51e5e6c7681d6e33,2,207,0xb4e16d0168e52d35cacd2c6185b44281ec28c9dc,Swap,True,0x36331e299247e5d0d3261e1d9852f6e0cffee95c,0x36331e299247e5d0d3261e1d9852f6e0cffee95c,,,16380511,0,0,8661891024015015,False
25545760,0x183b876ac2035ce8b64a61d3d4bdc1cb03b0f24483cbe6e112e18cc90fcc6532,0x8dc430bc7b81dede0a2cab618e0564ed0eaf93c993d5ee1ba3adf9f5b4ee7dff,3,89,0x0d4a11d5eeaac28ec3f61d100daf4d40471f1852,Sync,True,,,3915904990848979360664,7388545537105,,,,,False
25545760,0x183b876ac2035ce8b64a61d3d4bdc1cb03b0f24483cbe6e112e18cc90fcc6532,0x8dc430bc7b81dede0a2cab618e0564ed0eaf93c993d5ee1ba3adf9f5b4ee7dff,3,90,0x0d4a11d5eeaac28ec3f61d100daf4d40471f1852,Swap,True,0x950fd558f47e234a2fde23b7d61f7ccdbcb4a86f,0x950fd558f47e234a2fde23b7d61f7ccdbcb4a86f,,,0,3052140,1612772019954073,0,False
25545761,0x6d727e9fac32f90218620c51dd427ebc584af8e2050cb31d7dbbd5c70d4d7635,0x75f67f54f34ae597d901b8681dd4d30b2f13f88355d67cfaaeae3792e5418c6c,82,122,0xb4e16d0168e52d35cacd2c6185b44281ec28c9dc,Sync,True,,,8801824188800,4668328772805749803994,,,,,False
25545761,0x6d727e9fac32f90218620c51dd427ebc584af8e2050cb31d7dbbd5c70d4d7635,0x75f67f54f34ae597d901b8681dd4d30b2f13f88355d67cfaaeae3792e5418c6c,82,123,0xb4e16d0168e52d35cacd2c6185b44281ec28c9dc,Swap,True,0x4eeb167fe8f1423c4852b916e39f32e6ac4b4099,0x4eeb167fe8f1423c4852b916e39f32e6ac4b4099,,,5669377,0,0,2997916415503871,False
25545770,0x862daadd39efabfce1e77929de72d2640fd1483d37273327a9ac6dfc71a07c5f,0x83eaf27d67a732c11d9aa68777208fe996c5889e549bfc1ba962eb89aa83a7e7,55,293,0xb4e16d0168e52d35cacd2c6185b44281ec28c9dc,Sync,True,,,8801824178501,4668328778285122124494,,,,,False
25545770,0x862daadd39efabfce1e77929de72d2640fd1483d37273327a9ac6dfc71a07c5f,0x83eaf27d67a732c11d9aa68777208fe996c5889e549bfc1ba962eb89aa83a7e7,55,294,0xb4e16d0168e52d35cacd2c6185b44281ec28c9dc,Swap,True,0x7a250d5630b4cf539739df2c5dacb4c659f2488d,0x423d607bd4e213e9b64a54b324ab7f632feec647,,,0,5479372320500,10299,0,False
25545772,0xf9ceb2a7e01138559b567ddae876972b944cb65ae620f9f6e5d2fade8a7702aa,0x60f4ee49a636d2e310a22058019d833f280b0d087da163842753fef3e559a8bd,24,241,0x0d4a11d5eeaac28ec3f61d100daf4d40471f1852,Sync,True,,,3915901292005278708182,7388552537105,,,,,False
25545772,0xf9ceb2a7e01138559b567ddae876972b944cb65ae620f9f6e5d2fade8a7702aa,0x60f4ee49a636d2e310a22058019d833f280b0d087da163842753fef3e559a8bd,24,242,0x0d4a11d5eeaac28ec3f61d100daf4d40471f1852,Swap,True,0x5597278e3baa59d53e256db5cbabc9b491499ce5,0x9b533f1ceaa5ceb7e5b8994ef16499e47a66312d,,,0,7000000,3698843700652482,0,False
25545774,0x21500eb6edd39ee8f057c62ba9b9e0153d01e6a44830605d772d2f849f888ac5,0x580b3efad5850f5c0e184aef5e9013e6e7289663990e4848fc2281f224c593a5,109,396,0x0d4a11d5eeaac28ec3f61d100daf4d40471f1852,Sync,True,,,3915901790755278708182,7388551598883,,,,,False
25545774,0x21500eb6edd39ee8f057c62ba9b9e0153d01e6a44830605d772d2f849f888ac5,0x580b3efad5850f5c0e184aef5e9013e6e7289663990e4848fc2281f224c593a5,109,397,0x0d4a11d5eeaac28ec3f61d100daf4d40471f1852,Swap,True,0xa58bdd0ab5ebbb8dc425090fea8fd0ba969c1668,0x111111125421ca6dc452d289314280a0f8842a65,,,498750000000000,0,0,938222,False
25545777,0x4eeb4d11b802a409f51e0361bd0741fb4cb1451f6e42abe245951ff82a8cd772,0x43abff2abb9c953f4ecc23463f695cde5019648497d4771e25030bc0ce1ef509,19,167,0x0d4a11d5eeaac28ec3f61d100daf4d40471f1852,Sync,True,,,3915896506703641613628,7388561598883,,,,,False
25545777,0x4eeb4d11b802a409f51e0361bd0741fb4cb1451f6e42abe245951ff82a8cd772,0x43abff2abb9c953f4ecc23463f695cde5019648497d4771e25030bc0ce1ef509,19,168,0x0d4a11d5eeaac28ec3f61d100daf4d40471f1852,Swap,True,0x5597278e3baa59d53e256db5cbabc9b491499ce5,0x9b533f1ceaa5ceb7e5b8994ef16499e47a66312d,,,0,10000000,5284051637094554,0,False
25545780,0xf5c760b174dd0cab98e900191ce913ebf412c23fff61e90ba5f2edf1950efaeb,0xdc3edefb1465113d90fbac014644872985ad781be93b522e921bae4b44bd458a,19,105,0xb4e16d0168e52d35cacd2c6185b44281ec28c9dc,Sync,True,,,8801817002005,4668332596025777727974,,,,,False
25545780,0xf5c760b174dd0cab98e900191ce913ebf412c23fff61e90ba5f2edf1950efaeb,0xdc3edefb1465113d90fbac014644872985ad781be93b522e921bae4b44bd458a,19,106,0xb4e16d0168e52d35cacd2c6185b44281ec28c9dc,Swap,True,0xcbc35d5c850a94bf4866b768a72fa688db07dde6,0xcbc35d5c850a94bf4866b768a72fa688db07dde6,,,0,3817740655603480,7176496,0,False
25545789,0x6980bde43c6435935c12e0b905a33224bc5d8e7d616d3475a6400aa951686cf8,0x79786c6987632296f7ff55a36d33b70b427f385c4719a1be487facaeba59bf3a,539,971,0xb4e16d0168e52d35cacd2c6185b44281ec28c9dc,Sync,True,,,8801810739606,4668335927491894615882,,,,,False
25545789,0x6980bde43c6435935c12e0b905a33224bc5d8e7d616d3475a6400aa951686cf8,0x79786c6987632296f7ff55a36d33b70b427f385c4719a1be487facaeba59bf3a,539,972,0xb4e16d0168e52d35cacd2c6185b44281ec28c9dc,Swap,True,0x7a250d5630b4cf539739df2c5dacb4c659f2488d,0x423d607bd4e213e9b64a54b324ab7f632feec647,,,0,3331466116887908,6262399,0,False
25545801,0x5eff9dfb343de279dc27927d2bf7bb9178f2005579efc255de96a64fc0b80c21,0xa8acf8bd898884a138baff64092f46e3bac10f8cc13363a76bdc0a660b28ece7,12,172,0x0d4a11d5eeaac28ec3f61d100daf4d40471f1852,Sync,True,,,3915892807875995607650,7388568598883,,,,,False
25545801,0x5eff9dfb343de279dc27927d2bf7bb9178f2005579efc255de96a64fc0b80c21,0xa8acf8bd898884a138baff64092f46e3bac10f8cc13363a76bdc0a660b28ece7,12,173,0x0d4a11d5eeaac28ec3f61d100daf4d40471f1852,Swap,True,0x5597278e3baa59d53e256db5cbabc9b491499ce5,0x9b533f1ceaa5ceb7e5b8994ef16499e47a66312d,,,0,7000000,3698827646005978,0,False
25545805,0x7303d4141e9bae1f8bfb0072f6dc5fc58099f664f8e37b1561bb9c21bac98488,0xb00d3b1ad04845b2bc0839367e2c6797197448db08bb21d7c92fa3c4d95d3db4,262,731,0xb4e16d0168e52d35cacd2c6185b44281ec28c9dc,Sync,True,,,8801803169107,4668339954846234771297,,,,,False
25545805,0x7303d4141e9bae1f8bfb0072f6dc5fc58099f664f8e37b1561bb9c21bac98488,0xb00d3b1ad04845b2bc0839367e2c6797197448db08bb21d7c92fa3c4d95d3db4,262,732,0xb4e16d0168e52d35cacd2c6185b44281ec28c9dc,Swap,True,0x7a250d5630b4cf539739df2c5dacb4c659f2488d,0x423d607bd4e213e9b64a54b324ab7f632feec647,,,0,4027354340155415,7570499,0,False
25545811,0xc430a2dcb9152b23293155435233cbd3da550ad260dee5872be5dbab39dab303,0x28fe2119ab1256df20733833e331ce8cd35bc6b8f1eabf0b375f0d99896616b4,160,581,0xb4e16d0168e52d35cacd2c6185b44281ec28c9dc,Sync,True,,,21663969184442,11490233419358453719344,,,,,False
25545811,0xc430a2dcb9152b23293155435233cbd3da550ad260dee5872be5dbab39dab303,0x28fe2119ab1256df20733833e331ce8cd35bc6b8f1eabf0b375f0d99896616b4,160,621,0xb4e16d0168e52d35cacd2c6185b44281ec28c9dc,Sync,True,,,8801803169108,4668339954846244523046,,,,,False
25545816,0xe1761474f31103cf1abab95b1f8d3dbe6c593bea2297bcddc2d7f4ac618abbf7,0xdd12525378aa9298f3f67357fa3424200ae54da03d9690906241795a660fbad3,25,208,0x0d4a11d5eeaac28ec3f61d100daf4d40471f1852,Sync,True,,,3915883296637018673473,7388586598883,,,,,False
25545816,0xe1761474f31103cf1abab95b1f8d3dbe6c593bea2297bcddc2d7f4ac618abbf7,0xdd12525378aa9298f3f67357fa3424200ae54da03d9690906241795a660fbad3,25,209,0x0d4a11d5eeaac28ec3f61d100daf4d40471f1852,Swap,True,0x5597278e3baa59d53e256db5cbabc9b491499ce5,0x9b533f1ceaa5ceb7e5b8994ef16499e47a66312d,,,0,18000000,9511238976934177,0,False
25545822,0x54ebabfc0670b8735ac8dee688b3aa973074e4fae702f3f04f564c2a5bc9d4d9,0x2d4aa81d1ec5cd3212a4b1e845616c42ef1609d649ee54a651efcfbf9080f693,63,258,0x3041cbd36888becc7bbcbc0045e3b1f144466f5f,Sync,True,,,1667842717701,1665686138491,,,,,False
25545822,0x54ebabfc0670b8735ac8dee688b3aa973074e4fae702f3f04f564c2a5bc9d4d9,0x2d4aa81d1ec5cd3212a4b1e845616c42ef1609d649ee54a651efcfbf9080f693,63,259,0x3041cbd36888becc7bbcbc0045e3b1f144466f5f,Swap,True,0xad3b67bca8935cb510c8d18bd45f0b94f54a968f,0xad3b67bca8935cb510c8d18bd45f0b94f54a968f,,,0,2649633,2645108,0,False
25545824,0x12bcb02a453d71b71af0eebe1a2d2cbea1c8ae47fd856f8d0b8c6290e86f7690,0x807acdf446d98b64ec0f55d173010fb971f476f993f873806efca68da2817aa0,68,605,0xb4e16d0168e52d35cacd2c6185b44281ec28c9dc,Sync,True,,,8801464165589,4668520305033797956148,,,,,False
25545824,0x12bcb02a453d71b71af0eebe1a2d2cbea1c8ae47fd856f8d0b8c6290e86f7690,0x807acdf446d98b64ec0f55d173010fb971f476f993f873806efca68da2817aa0,68,606,0xb4e16d0168e52d35cacd2c6185b44281ec28c9dc,Swap,True,0x7a250d5630b4cf539739df2c5dacb4c659f2488d,0x423d607bd4e213e9b64a54b324ab7f632feec647,,,0,180350187553433102,339003519,0,False
25545826,0x4f15efd53860207503f12d7ec9e9e4165917f5c2b25c1df09aabce9f36712333,0x529aa7d164b848f5c63e9c503203cddb19db05dfcb26b3458cd9d0d6fa640ab7,36,337,0x0d4a11d5eeaac28ec3f61d100daf4d40471f1852,Sync,True,,,3915963512347624410426,7388435703014,,,,,False
25545826,0x4f15efd53860207503f12d7ec9e9e4165917f5c2b25c1df09aabce9f36712333,0x529aa7d164b848f5c63e9c503203cddb19db05dfcb26b3458cd9d0d6fa640ab7,36,338,0x0d4a11d5eeaac28ec3f61d100daf4d40471f1852,Swap,True,0x7a250d5630b4cf539739df2c5dacb4c659f2488d,0x6f858f383842c887a82d30b392cfc686938413ec,,,80215710605736953,0,0,150895869,False
25545826,0x4f15efd53860207503f12d7ec9e9e4165917f5c2b25c1df09aabce9f36712333,0x4c211db47624b8ed1dd16b54bed49f8f1dbe0ec174b5b6e200b3a1380b17d8b2,55,366,0xb4e16d0168e52d35cacd2c6185b44281ec28c9dc,Sync,True,,,8801428581839,4668539236430011749608,,,,,False
25545826,0x4f15efd53860207503f12d7ec9e9e4165917f5c2b25c1df09aabce9f36712333,0x4c211db47624b8ed1dd16b54bed49f8f1dbe0ec174b5b6e200b3a1380b17d8b2,55,367,0xb4e16d0168e52d35cacd2c6185b44281ec28c9dc,Swap,True,0x7a250d5630b4cf539739df2c5dacb4c659f2488d,0x423d607bd4e213e9b64a54b324ab7f632feec647,,,0,18931396213793460,35583750,0,False
25545827,0xc730e9530400d1e3eefb1edb4a1b0f4210a69d65d4dab3df9e6eca0da55773c6,0x8d5d9b381a9f376eb3babbdb496b1aaf5667917ef2fc0ca082e25757fa86ee4b,8,89,0xb4e16d0168e52d35cacd2c6185b44281ec28c9dc,Sync,True,,,8801372405650,4668569123802419073241,,,,,False
25545827,0xc730e9530400d1e3eefb1edb4a1b0f4210a69d65d4dab3df9e6eca0da55773c6,0x8d5d9b381a9f376eb3babbdb496b1aaf5667917ef2fc0ca082e25757fa86ee4b,8,90,0xb4e16d0168e52d35cacd2c6185b44281ec28c9dc,Swap,True,0x7a250d5630b4cf539739df2c5dacb4c659f2488d,0x423d607bd4e213e9b64a54b324ab7f632feec647,,,0,29887372407323633,56176189,0,False
25545828,0xc2a1a797a96b82a3c8d5cc72169089add748717130f8c525ceb70efbf35039c0,0xce2283dca15fe0492068251a51b128142a04bdebdff4f67b61a853f7090f30f1,33,223,0x0d4a11d5eeaac28ec3f61d100daf4d40471f1852,Sync,True,,,3916043731337710786443,7388284807149,,,,,False
25545828,0xc2a1a797a96b82a3c8d5cc72169089add748717130f8c525ceb70efbf35039c0,0xce2283dca15fe0492068251a51b128142a04bdebdff4f67b61a853f7090f30f1,33,224,0x0d4a11d5eeaac28ec3f61d100daf4d40471f1852,Swap,True,0x7a250d5630b4cf539739df2c5dacb4c659f2488d,0x6f858f383842c887a82d30b392cfc686938413ec,,,80218990086376017,0,0,150895865,False
25545831,0xce3866b3711c78f8f65244999a14dbbd0dc6428b86926a561aed8fbdcbe9efe0,0x72a902f0afb814769f2b488c5a16df6ead2e06beeb6dcaed5fceaf734330eaac,140,296,0xb4e16d0168e52d35cacd2c6185b44281ec28c9dc,Sync,True,,,8801192464758,4668664860179356540331,,,,,False
25545831,0xce3866b3711c78f8f65244999a14dbbd0dc6428b86926a561aed8fbdcbe9efe0,0x72a902f0afb814769f2b488c5a16df6ead2e06beeb6dcaed5fceaf734330eaac,140,297,0xb4e16d0168e52d35cacd2c6185b44281ec28c9dc,Swap,True,0x7a250d5630b4cf539739df2c5dacb4c659f2488d,0x423d607bd4e213e9b64a54b324ab7f632feec647,,,0,95736376937467090,179940892,0,False
25545841,0xb5348b796e1be979e2dad2fa8ce1b9aecd7513e4b65f926768a5a48f8da2af35,0xc95aa6044c53ff2b0e55ca5cf5144d43743bb5d207ef7b5ad1443dc1aab55086,174,628,0x0d4a11d5eeaac28ec3f61d100daf4d40471f1852,Sync,True,,,3916032581309679411119,7388305906939,,,,,False
25545841,0xb5348b796e1be979e2dad2fa8ce1b9aecd7513e4b65f926768a5a48f8da2af35,0xc95aa6044c53ff2b0e55ca5cf5144d43743bb5d207ef7b5ad1443dc1aab55086,174,629,0x0d4a11d5eeaac28ec3f61d100daf4d40471f1852,Swap,True,0x6487986a78b126538746937fbd25516971129b3a,0x6487986a78b126538746937fbd25516971129b3a,,,0,21099790,11150028031375324,0,False
25545842,0xe9c50e9713e1ddc835f7a4869fbaff2687253a338951b27900e08a61b430e697,0xcdcb299e565dd0b806b3ab09aa602f26c5d899db983f6c0f5fdebbb67cf449f7,58,64,0x3041cbd36888becc7bbcbc0045e3b1f144466f5f,Sync,True,,,1667842652774,1665686203530,,,,,False
25545842,0xe9c50e9713e1ddc835f7a4869fbaff2687253a338951b27900e08a61b430e697,0xcdcb299e565dd0b806b3ab09aa602f26c5d899db983f6c0f5fdebbb67cf449f7,58,65,0x3041cbd36888becc7bbcbc0045e3b1f144466f5f,Swap,True,0x7a250d5630b4cf539739df2c5dacb4c659f2488d,0xb4e16d0168e52d35cacd2c6185b44281ec28c9dc,,,0,65039,64927,0,False
25545842,0xe9c50e9713e1ddc835f7a4869fbaff2687253a338951b27900e08a61b430e697,0xcdcb299e565dd0b806b3ab09aa602f26c5d899db983f6c0f5fdebbb67cf449f7,58,67,0xb4e16d0168e52d35cacd2c6185b44281ec28c9dc,Sync,True,,,8801192529685,4668664825841619335503,,,,,False
25545842,0xe9c50e9713e1ddc835f7a4869fbaff2687253a338951b27900e08a61b430e697,0xcdcb299e565dd0b806b3ab09aa602f26c5d899db983f6c0f5fdebbb67cf449f7,58,68,0xb4e16d0168e52d35cacd2c6185b44281ec28c9dc,Swap,True,0x7a250d5630b4cf539739df2c5dacb4c659f2488d,0x72ed24bdd9253595bdd01469a15a8852bee7e0da,,,64927,0,0,34337737204828,False
25545846,0x9209430ca0264e26709f4852e99e242851e0a2e18bef1c0c561571de36aa45f7,0x350963c089b2dee3ec5c234a6fe1520a32c664f93f9fa7328d550d490790819d,275,670,0x0d4a11d5eeaac28ec3f61d100daf4d40471f1852,Sync,True,,,3916019370326805282341,7388330906939,,,,,False
25545846,0x9209430ca0264e26709f4852e99e242851e0a2e18bef1c0c561571de36aa45f7,0x350963c089b2dee3ec5c234a6fe1520a32c664f93f9fa7328d550d490790819d,275,671,0x0d4a11d5eeaac28ec3f61d100daf4d40471f1852,Swap,True,0x5597278e3baa59d53e256db5cbabc9b491499ce5,0xfcaeb9e0ef7bb61f24e40ba651b3729975d2570d,,,0,25000000,13210982874128778,0,False
25545849,0xc5324435a4b9aa193cc04320d5eeeca7e4f07b7983f2a160ed3f32f580f0f82d,0x0d173074ddaba467ea15dbcadac6a19f3e8804fd2cf58a1c225d7324956181af,66,111,0xb4e16d0168e52d35cacd2c6185b44281ec28c9dc,Sync,True,,,8801195622495,4668663190157558568458,,,,,False
25545849,0xc5324435a4b9aa193cc04320d5eeeca7e4f07b7983f2a160ed3f32f580f0f82d,0x0d173074ddaba467ea15dbcadac6a19f3e8804fd2cf58a1c225d7324956181af,66,112,0xb4e16d0168e52d35cacd2c6185b44281ec28c9dc,Swap,True,0xb5dcd76a21e2af116b72641354718fcef5cb62ef,0xb5dcd76a21e2af116b72641354718fcef5cb62ef,,,3092810,0,0,1635684060767045,False
25545858,0x6fe638459db9560932f0d9e94b2063c7947f042d13a857451264b50f127482ca,0x19dfb1fb8d674e6dfd221abc3ed35c5a3f8d7946173f9c7ee52c1bba931ab538,0,3,0xb4e16d0168e52d35cacd2c6185b44281ec28c9dc,Sync,True,,,8801156278453,4668684123406007013012,,,,,False
25545858,0x6fe638459db9560932f0d9e94b2063c7947f042d13a857451264b50f127482ca,0x19dfb1fb8d674e6dfd221abc3ed35c5a3f8d7946173f9c7ee52c1bba931ab538,0,4,0xb4e16d0168e52d35cacd2c6185b44281ec28c9dc,Swap,True,0x4c82d1fbfe28c977cbb58d8c7ff8fcf9f70a2cca,0xe40f64d9926c5c514a0cba558a7543152925e9ba,,,0,20933248448444554,39344042,0,False
25545859,0x31eb6a29365c750a6733dd8dd5a091cc86abfeb8265d7feccd67c91f06e859cc,0xc4d5be545903b3bec3d7015b8db81d03309ca015a90c916f1192aea13e31b8b6,119,258,0xb4e16d0168e52d35cacd2c6185b44281ec28c9dc,Sync,True,,,8801079544160,4668724950915190893776,,,,,False
25545859,0x31eb6a29365c750a6733dd8dd5a091cc86abfeb8265d7feccd67c91f06e859cc,0xc4d5be545903b3bec3d7015b8db81d03309ca015a90c916f1192aea13e31b8b6,119,259,0xb4e16d0168e52d35cacd2c6185b44281ec28c9dc,Swap,True,0x7a250d5630b4cf539739df2c5dacb4c659f2488d,0x423d607bd4e213e9b64a54b324ab7f632feec647,,,0,40827509183880764,76734293,0,False
25545880,0x048233ccc241d5a42bbd5e1fa9ae4cecdc59d90e226cbdd3eea9c4cd8a169cd0,0x7f250e5d6639a8cb0d9961f49dbd31464ae1872e352008d04a41d5c24aa6b104,118,302,0x0d4a11d5eeaac28ec3f61d100daf4d40471f1852,Sync,True,,,3916030580085749674570,7388309821061,,,,,False
25545880,0x048233ccc241d5a42bbd5e1fa9ae4cecdc59d90e226cbdd3eea9c4cd8a169cd0,0x7f250e5d6639a8cb0d9961f49dbd31464ae1872e352008d04a41d5c24aa6b104,118,303,0x0d4a11d5eeaac28ec3f61d100daf4d40471f1852,Swap,True,0x7a250d5630b4cf539739df2c5dacb4c659f2488d,0x85280c0765d3355200e650fd907fa8286c2e11ab,,,11209758944392229,0,0,21085878,False
25545882,0xbf518716e625aa1a5d935cd629f13d155d677f69a23c717812dcf67c02e394b1,0xdf141aa07cfa6840bfb5482f5459a668febc87fdf226c2a6a8a515f0ef4d45f7,27,35,0x0d4a11d5eeaac28ec3f61d100daf4d40471f1852,Sync,True,,,3916027875831162041695,7388314938489,,,,,False
25545882,0xbf518716e625aa1a5d935cd629f13d155d677f69a23c717812dcf67c02e394b1,0xdf141aa07cfa6840bfb5482f5459a668febc87fdf226c2a6a8a515f0ef4d45f7,27,36,0x0d4a11d5eeaac28ec3f61d100daf4d40471f1852,Swap,True,0x6e8122ade2968594659b46d8177f4de12c25c719,0x6e8122ade2968594659b46d8177f4de12c25c719,,,0,5117428,2704254587632875,0,False
25545888,0x88f4f77aa1d1310dab4a53f0c5947012787164ff0337eb84c910f185a8afdfb2,0xd9dac46bd0e6fba3182e0124048456ab43f40e28c5ddac8020b6b43fb6666bc1,1,4,0xb4e16d0168e52d35cacd2c6185b44281ec28c9dc,Sync,True,,,8801079879578,4668724773519179953051,,,,,False
25545888,0x88f4f77aa1d1310dab4a53f0c5947012787164ff0337eb84c910f185a8afdfb2,0xd9dac46bd0e6fba3182e0124048456ab43f40e28c5ddac8020b6b43fb6666bc1,1,5,0xb4e16d0168e52d35cacd2c6185b44281ec28c9dc,Swap,True,0xa58bdd0ab5ebbb8dc425090fea8fd0ba969c1668,0xa58bdd0ab5ebbb8dc425090fea8fd0ba969c1668,,,335418,0,0,177396010940725,False
25545899,0x1c0d294697dfe9be0eb50d8d1c8231d28e0cdec64b76124acb04b77f50317482,0x53551b08a84470c9b53d9e1d93636d5d5f06f96f8a8e206197260638123b4bab,31,36,0xb4e16d0168e52d35cacd2c6185b44281ec28c9dc,Sync,True,,,8801082591309,4668723339338259317756,,,,,False
25545899,0x1c0d294697dfe9be0eb50d8d1c8231d28e0cdec64b76124acb04b77f50317482,0x53551b08a84470c9b53d9e1d93636d5d5f06f96f8a8e206197260638123b4bab,31,37,0xb4e16d0168e52d35cacd2c6185b44281ec28c9dc,Swap,True,0x681878dc5abaa70d182b3e1c4d6a3fd1e16922c0,0x681878dc5abaa70d182b3e1c4d6a3fd1e16922c0,,,2711731,0,0,1434180920635295,False
25545900,0xf1a2967ddcc908e103f6d66ded42a2199ff30728ff8cd15352930936fff03fec,0xd3eed5ffa8894b6af63653264e88742d85246b9ba190185208c716eeae1a292b,127,1074,0x0d4a11d5eeaac28ec3f61d100daf4d40471f1852,Sync,True,,,3916054369949262429816,7388265102702,,,,,False
25545900,0xf1a2967ddcc908e103f6d66ded42a2199ff30728ff8cd15352930936fff03fec,0xd3eed5ffa8894b6af63653264e88742d85246b9ba190185208c716eeae1a292b,127,1075,0x0d4a11d5eeaac28ec3f61d100daf4d40471f1852,Swap,True,0x7a250d5630b4cf539739df2c5dacb4c659f2488d,0x85280c0765d3355200e650fd907fa8286c2e11ab,,,26494118100388121,0,0,49835787,False
25545913,0xf6d039f29d6d619d5de0472a0adc2ab5831da80ecc7a0512b5bb77c266ae4e66,0x87a1d9de00d9084f6136e65af3e4e68062556203ff3184a57a90dc3d99130918,81,347,0x0d4a11d5eeaac28ec3f61d100daf4d40471f1852,Sync,True,,,3916035874393142363996,7388300102702,,,,,False
25545913,0xf6d039f29d6d619d5de0472a0adc2ab5831da80ecc7a0512b5bb77c266ae4e66,0x87a1d9de00d9084f6136e65af3e4e68062556203ff3184a57a90dc3d99130918,81,348,0x0d4a11d5eeaac28ec3f61d100daf4d40471f1852,Swap,True,0x5597278e3baa59d53e256db5cbabc9b491499ce5,0x1f9b4a5ddd586f8471cda36262c52e5872a7d257,,,0,35000000,18495556120065820,0,False
25545913,0xf6d039f29d6d619d5de0472a0adc2ab5831da80ecc7a0512b5bb77c266ae4e66,0xefe9238c873a412d6f0dfc2e39ab3824b4c7158960a169068401af9313c2017e,84,359,0x0d4a11d5eeaac28ec3f61d100daf4d40471f1852,Sync,True,,,3916026362461016728742,7388318102702,,,,,False
25545913,0xf6d039f29d6d619d5de0472a0adc2ab5831da80ecc7a0512b5bb77c266ae4e66,0xefe9238c873a412d6f0dfc2e39ab3824b4c7158960a169068401af9313c2017e,84,360,0x0d4a11d5eeaac28ec3f61d100daf4d40471f1852,Swap,True,0x5597278e3baa59d53e256db5cbabc9b491499ce5,0x1f9b4a5ddd586f8471cda36262c52e5872a7d257,,,0,18000000,9511932125635254,0,False
25545926,0xd9051289529c1941cb40919ad0e3c144c8e1b5189e069c98cfd86b562a956d54,0x1e0b38b574b4d2eaf5ea475f0f3d55e462f4bc1d33da965c3f0affacf0fc5ebb,65,154,0xb4e16d0168e52d35cacd2c6185b44281ec28c9dc,Sync,True,,,8801090224336,4668719302385902553566,,,,,False
25545926,0xd9051289529c1941cb40919ad0e3c144c8e1b5189e069c98cfd86b562a956d54,0x1e0b38b574b4d2eaf5ea475f0f3d55e462f4bc1d33da965c3f0affacf0fc5ebb,65,155,0xb4e16d0168e52d35cacd2c6185b44281ec28c9dc,Swap,True,0x36331e299247e5d0d3261e1d9852f6e0cffee95c,0x36331e299247e5d0d3261e1d9852f6e0cffee95c,,,7633027,0,0,4036952356764190,False
25545926,0xd9051289529c1941cb40919ad0e3c144c8e1b5189e069c98cfd86b562a956d54,0xa459ca3414184e13f935e4ae7d9227498afa9e9c79d3c2e3867b7d0610e6b5d3,171,467,0xb4e16d0168e52d35cacd2c6185b44281ec28c9dc,Sync,True,,,8801091728602,4668718506811109959632,,,,,False
25545926,0xd9051289529c1941cb40919ad0e3c144c8e1b5189e069c98cfd86b562a956d54,0xa459ca3414184e13f935e4ae7d9227498afa9e9c79d3c2e3867b7d0610e6b5d3,171,468,0xb4e16d0168e52d35cacd2c6185b44281ec28c9dc,Swap,True,0xf738fe5af456258e980291211ce4c881fdcafba7,0xf738fe5af456258e980291211ce4c881fdcafba7,,,1504266,0,0,795574792593934,False
25545932,0x9449b4853bf2c8147ab96f9f237359cdc19f9d53ca6aafc1e914ef24f76b42b9,0x5d7ff7f36b738c1f27f4625f0b4401ba787c81d1b5409a8c94eed66e676b42e6,5,94,0xb4e16d0168e52d35cacd2c6185b44281ec28c9dc,Sync,True,,,8801095643176,4668716436476152711128,,,,,False
25545932,0x9449b4853bf2c8147ab96f9f237359cdc19f9d53ca6aafc1e914ef24f76b42b9,0x5d7ff7f36b738c1f27f4625f0b4401ba787c81d1b5409a8c94eed66e676b42e6,5,95,0xb4e16d0168e52d35cacd2c6185b44281ec28c9dc,Swap,True,0x10e3410f84b7acc2bb736abd0b7a18c5cdbd8e63,0x10e3410f84b7acc2bb736abd0b7a18c5cdbd8e63,,,3914574,0,0,2070334957248504,False
25545932,0x9449b4853bf2c8147ab96f9f237359cdc19f9d53ca6aafc1e914ef24f76b42b9,0x18dc5a8ba2cc1d876f90f9c0790b961d39f21f4be48114d6d79a44a6048cce1d,29,293,0xb4e16d0168e52d35cacd2c6185b44281ec28c9dc,Sync,True,,,8801096432590,4668716018972095601184,,,,,False
25545932,0x9449b4853bf2c8147ab96f9f237359cdc19f9d53ca6aafc1e914ef24f76b42b9,0x18dc5a8ba2cc1d876f90f9c0790b961d39f21f4be48114d6d79a44a6048cce1d,29,294,0xb4e16d0168e52d35cacd2c6185b44281ec28c9dc,Swap,True,0xabbc7e27d086edd584c27adac3f519dd785d5f1b,0xabbc7e27d086edd584c27adac3f519dd785d5f1b,,,789414,0,0,417504057109944,False
25545942,0x8f2b6c204a7acfb6cfa2104838590d446e0f15df8b1cc5a252cd4a93ae139b11,0xe1c582cfcb21433ab6926d16e213fd6ce708079f5c600f897da5efcfd54abeae,53,122,0xb4e16d0168e52d35cacd2c6185b44281ec28c9dc,Sync,True,,,8801078819592,4668725390269036445911,,,,,False
25545942,0x8f2b6c204a7acfb6cfa2104838590d446e0f15df8b1cc5a252cd4a93ae139b11,0xe1c582cfcb21433ab6926d16e213fd6ce708079f5c600f897da5efcfd54abeae,53,123,0xb4e16d0168e52d35cacd2c6185b44281ec28c9dc,Swap,True,0x7a250d5630b4cf539739df2c5dacb4c659f2488d,0x423d607bd4e213e9b64a54b324ab7f632feec647,,,0,9371296940844727,17612998,0,False
25545944,0x573e1ebe192afcd71cf645203f45966245373cc8184fc2b926b886a55b799133,0x279deaeb29c08a6c4e3c6f881cd22ded467156c92d11155e958dd5e5d6bc8c1b,83,159,0xb4e16d0168e52d35cacd2c6185b44281ec28c9dc,Sync,True,,,8801044108596,4668743858957253335009,,,,,False
25545944,0x573e1ebe192afcd71cf645203f45966245373cc8184fc2b926b886a55b799133,0x279deaeb29c08a6c4e3c6f881cd22ded467156c92d11155e958dd5e5d6bc8c1b,83,160,0xb4e16d0168e52d35cacd2c6185b44281ec28c9dc,Swap,True,0x7a250d5630b4cf539739df2c5dacb4c659f2488d,0x423d607bd4e213e9b64a54b324ab7f632feec647,,,0,18468688216889098,34710996,0,False
25545953,0xa0a19b740f9bc6e785c0b7dcfd6c22a3ee535aac6c37d8d5fd94dd42a64beef3,0x4aec2e6549901352ac41aba92d43b9effff05e5f3c666cebdde989e591cd534f,104,293,0xb4e16d0168e52d35cacd2c6185b44281ec28c9dc,Sync,True,,,8801029173597,4668751805470917070134,,,,,False
25545953,0xa0a19b740f9bc6e785c0b7dcfd6c22a3ee535aac6c37d8d5fd94dd42a64beef3,0x4aec2e6549901352ac41aba92d43b9effff05e5f3c666cebdde989e591cd534f,104,294,0xb4e16d0168e52d35cacd2c6185b44281ec28c9dc,Swap,True,0x7a250d5630b4cf539739df2c5dacb4c659f2488d,0x423d607bd4e213e9b64a54b324ab7f632feec647,,,0,7946513663735125,14934999,0,False
25545960,0x496cf75336d97b83d684c7d83091ddefbadfe8dec2493298a5cc92d927c7c529,0x69f6658ff37c5b9d0b5892fc25beefb721f1efbb754a71ec6d839a6b0c9f1f33,10,161,0x0d4a11d5eeaac28ec3f61d100daf4d40471f1852,Sync,True,,,3916056874974834612730,7388260708272,,,,,False
25545960,0x496cf75336d97b83d684c7d83091ddefbadfe8dec2493298a5cc92d927c7c529,0x69f6658ff37c5b9d0b5892fc25beefb721f1efbb754a71ec6d839a6b0c9f1f33,10,162,0x0d4a11d5eeaac28ec3f61d100daf4d40471f1852,Swap,True,0x4c82d1fbfe28c977cbb58d8c7ff8fcf9f70a2cca,0x77df35adb17afcb62dfe9668f9d7339075809d61,,,30512513817883988,0,0,57394430,False
25545961,0xb3737f905647281d463c7a24e2f2cdaf7122cb097bc02e168dccf362ccbe079f,0x3dde1f217ea6b908f931dc27f37b5539c4d15babadea033b6bdbeb4f13b07135,1,260,0x0d4a11d5eeaac28ec3f61d100daf4d40471f1852,Sync,True,,,3916716537864688374906,7387020091921,,,,,False
25545961,0xb3737f905647281d463c7a24e2f2cdaf7122cb097bc02e168dccf362ccbe079f,0x3dde1f217ea6b908f931dc27f37b5539c4d15babadea033b6bdbeb4f13b07135,1,261,0x0d4a11d5eeaac28ec3f61d100daf4d40471f1852,Swap,True,0xbdb3ba9ffe392549e1f8658dd2630c141fdf47b6,0xbdb3ba9ffe392549e1f8658dd2630c141fdf47b6,,,659662889853762176,0,0,1240616351,False
25545961,0xb3737f905647281d463c7a24e2f2cdaf7122cb097bc02e168dccf362ccbe079f,0x3dde1f217ea6b908f931dc27f37b5539c4d15babadea033b6bdbeb4f13b07135,1,327,0xb4e16d0168e52d35cacd2c6185b44281ec28c9dc,Sync,True,,,8799837165147,4669386128278584722742,,,,,False
25545961,0xb3737f905647281d463c7a24e2f2cdaf7122cb097bc02e168dccf362ccbe079f,0x3dde1f217ea6b908f931dc27f37b5539c4d15babadea033b6bdbeb4f13b07135,1,328,0xb4e16d0168e52d35cacd2c6185b44281ec28c9dc,Swap,True,0xbdb3ba9ffe392549e1f8658dd2630c141fdf47b6,0xbdb3ba9ffe392549e1f8658dd2630c141fdf47b6,,,0,634322807667652608,1192008450,0,False
25545962,0x19784d1cb1e3b5bd7bde391044ad5abba12d13f045c5efa45f23e7648473fd37,0xd0bb8ba66115d326dadba8872d55b4a3c0c3ad19266129fc4dd536cdb9d9c5b3,1,113,0x0d4a11d5eeaac28ec3f61d100daf4d40471f1852,Sync,True,,,3919099779397770045562,7382541443523,,,,,False
25545962,0x19784d1cb1e3b5bd7bde391044ad5abba12d13f045c5efa45f23e7648473fd37,0xd0bb8ba66115d326dadba8872d55b4a3c0c3ad19266129fc4dd536cdb9d9c5b3,1,114,0x0d4a11d5eeaac28ec3f61d100daf4d40471f1852,Swap,True,0xbdb3ba9ffe392549e1f8658dd2630c141fdf47b6,0xbdb3ba9ffe392549e1f8658dd2630c141fdf47b6,,,2383241533081670656,0,0,4478648398,False
25545962,0x19784d1cb1e3b5bd7bde391044ad5abba12d13f045c5efa45f23e7648473fd37,0xd0bb8ba66115d326dadba8872d55b4a3c0c3ad19266129fc4dd536cdb9d9c5b3,1,121,0xb4e16d0168e52d35cacd2c6185b44281ec28c9dc,Sync,True,,,8794497738750,4672229595283352966454,,,,,False
25545962,0x19784d1cb1e3b5bd7bde391044ad5abba12d13f045c5efa45f23e7648473fd37,0xd0bb8ba66115d326dadba8872d55b4a3c0c3ad19266129fc4dd536cdb9d9c5b3,1,122,0xb4e16d0168e52d35cacd2c6185b44281ec28c9dc,Swap,True,0xbdb3ba9ffe392549e1f8658dd2630c141fdf47b6,0xbdb3ba9ffe392549e1f8658dd2630c141fdf47b6,,,0,2843467004768243712,5339426397,0,False
25545965,0xc01274e0d9d3ec8c581d88f3c9e501cc530ca4ee7b0b7c9e58dd7b17035bdd36,0x8334e14c3acc1b5920cce6a447e4022a43916207097259ed62199608218eb00f,17,83,0xb4e16d0168e52d35cacd2c6185b44281ec28c9dc,Sync,True,,,8792353810168,4673372302695394107318,,,,,False
25545965,0xc01274e0d9d3ec8c581d88f3c9e501cc530ca4ee7b0b7c9e58dd7b17035bdd36,0x8334e14c3acc1b5920cce6a447e4022a43916207097259ed62199608218eb00f,17,84,0xb4e16d0168e52d35cacd2c6185b44281ec28c9dc,Swap,True,0x51c72848c68a965f66fa7a88855f9f7784502a7f,0x51c72848c68a965f66fa7a88855f9f7784502a7f,,,0,1142707412041140864,2143928582,0,False
25545965,0xc01274e0d9d3ec8c581d88f3c9e501cc530ca4ee7b0b7c9e58dd7b17035bdd36,0x3b3f34f0f34b531d86eac5674332dec2440797ae64aa5c992d3e17565b2f139a,19,90,0x0d4a11d5eeaac28ec3f61d100daf4d40471f1852,Sync,True,,,3920113788219388664442,7380637545948,,,,,False
25545965,0xc01274e0d9d3ec8c581d88f3c9e501cc530ca4ee7b0b7c9e58dd7b17035bdd36,0x3b3f34f0f34b531d86eac5674332dec2440797ae64aa5c992d3e17565b2f139a,19,91,0x0d4a11d5eeaac28ec3f61d100daf4d40471f1852,Swap,True,0x51c72848c68a965f66fa7a88855f9f7784502a7f,0x51c72848c68a965f66fa7a88855f9f7784502a7f,,,1014008821618618880,0,0,1903897575,False
25545966,0x4d47a22b243b00cfb25d9b1c2543ea8a0f3909fcc641a2b616e74abc5aef0f20,0xdd9aa6a2305522c2e766754e3a00f1f9d3d4bcfffaabac51c02df494ceb53890,111,151,0x0d4a11d5eeaac28ec3f61d100daf4d40471f1852,Sync,True,,,3920110081432801733423,7380644545948,,,,,False
25545966,0x4d47a22b243b00cfb25d9b1c2543ea8a0f3909fcc641a2b616e74abc5aef0f20,0xdd9aa6a2305522c2e766754e3a00f1f9d3d4bcfffaabac51c02df494ceb53890,111,152,0x0d4a11d5eeaac28ec3f61d100daf4d40471f1852,Swap,True,0x5597278e3baa59d53e256db5cbabc9b491499ce5,0x9b533f1ceaa5ceb7e5b8994ef16499e47a66312d,,,0,7000000,3706786586931019,0,False
25545967,0x49fdfe23817128db2457ca296bdf0048f38dfe252ae3b7fa5d24a8cadb2cfedb,0x581a07fad5525ea5d5156373d7821caddd5214f9ad5cdcd5ff625095820dc4ed,9,83,0xb4e16d0168e52d35cacd2c6185b44281ec28c9dc,Sync,True,,,8792209661526,4673449153380471192643,,,,,False
25545967,0x49fdfe23817128db2457ca296bdf0048f38dfe252ae3b7fa5d24a8cadb2cfedb,0x581a07fad5525ea5d5156373d7821caddd5214f9ad5cdcd5ff625095820dc4ed,9,84,0xb4e16d0168e52d35cacd2c6185b44281ec28c9dc,Swap,True,0x4c82d1fbfe28c977cbb58d8c7ff8fcf9f70a2cca,0x076c5b45802a59c873ced07df804f1b2c719e103,,,0,76850685077085325,144148642,0,False
25545971,0xe6d2f6d69a4a61ee06effe337397173b3b52be52d2a0320a398b2813ee111c9f,0xfa11ea91d8ab47475013640be35eeffcca1c397427697ea47554c522b6803e02,32,138,0xb4e16d0168e52d35cacd2c6185b44281ec28c9dc,Sync,True,,,8792184470322,4673462583952575382277,,,,,False
25545971,0xe6d2f6d69a4a61ee06effe337397173b3b52be52d2a0320a398b2813ee111c9f,0xfa11ea91d8ab47475013640be35eeffcca1c397427697ea47554c522b6803e02,32,139,0xb4e16d0168e52d35cacd2c6185b44281ec28c9dc,Swap,True,0x7a250d5630b4cf539739df2c5dacb4c659f2488d,0x423d607bd4e213e9b64a54b324ab7f632feec647,,,0,13430572104189634,25191204,0,False
25545977,0x4c830287c7409a16fa1830af22a8ff0c28415c37e0d52cebb7018bc9fac7f554,0xfb90e2c494ef6fcb50e99084549f000f93c09ebabbb3011e371a8107a0fbd2d4,44,160,0xb4e16d0168e52d35cacd2c6185b44281ec28c9dc,Sync,True,,,8792174685323,4673467800799810549529,,,,,False
25545977,0x4c830287c7409a16fa1830af22a8ff0c28415c37e0d52cebb7018bc9fac7f554,0xfb90e2c494ef6fcb50e99084549f000f93c09ebabbb3011e371a8107a0fbd2d4,44,161,0xb4e16d0168e52d35cacd2c6185b44281ec28c9dc,Swap,True,0x7a250d5630b4cf539739df2c5dacb4c659f2488d,0x423d607bd4e213e9b64a54b324ab7f632feec647,,,0,5216847235167252,9784999,0,False
25545983,0x39679b25143e05a3e7ae9f9c31f727a4ec51ee893de8652091c83077485efd1d,0x1c5bb589c4e47bfbb218d0232c44e9405208c0c1df6a0b7e6bc992651cbd242a,26,188,0x3041cbd36888becc7bbcbc0045e3b1f144466f5f,Sync,True,,,1667831682630,1665697192530,,,,,False
25545983,0x39679b25143e05a3e7ae9f9c31f727a4ec51ee893de8652091c83077485efd1d,0x1c5bb589c4e47bfbb218d0232c44e9405208c0c1df6a0b7e6bc992651cbd242a,26,189,0x3041cbd36888becc7bbcbc0045e3b1f144466f5f,Swap,True,0xa58bdd0ab5ebbb8dc425090fea8fd0ba969c1668,0x111111125421ca6dc452d289314280a0f8842a65,,,0,10989000,10970144,0,False
25545984,0x8a4c4623a702ee4e940389ae16700f62aa07b9c47656789c9d987b019f6164df,0x5e400b66549d1e329e457ba64cb01ba3dc3fcf07a4149776a59d68766374f549,105,222,0x0d4a11d5eeaac28ec3f61d100daf4d40471f1852,Sync,True,,,3920276205151115850957,7380332725580,,,,,False
25545984,0x8a4c4623a702ee4e940389ae16700f62aa07b9c47656789c9d987b019f6164df,0x5e400b66549d1e329e457ba64cb01ba3dc3fcf07a4149776a59d68766374f549,105,223,0x0d4a11d5eeaac28ec3f61d100daf4d40471f1852,Swap,True,0x7a250d5630b4cf539739df2c5dacb4c659f2488d,0x85280c0765d3355200e650fd907fa8286c2e11ab,,,166123718314117534,0,0,311820368,False
25545992,0x061b3a69ed2887cb1ddfa89b7203154044f46de729ce3ee7abab8733cc7d55b0,0xa0a5d5104d17fb078483e5f1abe4ec3b7d9a37c45e76c8b919e1a46bcfa89723,172,285,0x3041cbd36888becc7bbcbc0045e3b1f144466f5f,Sync,True,,,1667806152671,1665722766930,,,,,False
25545992,0x061b3a69ed2887cb1ddfa89b7203154044f46de729ce3ee7abab8733cc7d55b0,0xa0a5d5104d17fb078483e5f1abe4ec3b7d9a37c45e76c8b919e1a46bcfa89723,172,286,0x3041cbd36888becc7bbcbc0045e3b1f144466f5f,Swap,True,0xa58bdd0ab5ebbb8dc425090fea8fd0ba969c1668,0x111111125421ca6dc452d289314280a0f8842a65,,,0,25574400,25529959,0,False
25546000,0x3432633dd9c438abca43508a91150f9047963835e95480c82475ea520e198b57,0x13796e821fb2d3d94232a65f13906db02e3df521455f0877046f8edc1cea13fb,119,213,0x0d4a11d5eeaac28ec3f61d100daf4d40471f1852,Sync,True,,,3920302666079844564349,7380283059877,,,,,False
25546000,0x3432633dd9c438abca43508a91150f9047963835e95480c82475ea520e198b57,0x13796e821fb2d3d94232a65f13906db02e3df521455f0877046f8edc1cea13fb,119,214,0x0d4a11d5eeaac28ec3f61d100daf4d40471f1852,Swap,True,0x7a250d5630b4cf539739df2c5dacb4c659f2488d,0x85280c0765d3355200e650fd907fa8286c2e11ab,,,26460928728713392,0,0,49665703,False
25546002,0xe1d53c6a66d844c0d63b50ffd553bceb5f46831e08aa1b9a284bb39a0788957e,0x784f7ee5373b50bbd00721481c8710360ad4d72b8207977c249a8b1724e34c35,16,23,0xb4e16d0168e52d35cacd2c6185b44281ec28c9dc,Sync,True,,,8792118498834,4673497756706044202128,,,,,False
25546002,0xe1d53c6a66d844c0d63b50ffd553bceb5f46831e08aa1b9a284bb39a0788957e,0x784f7ee5373b50bbd00721481c8710360ad4d72b8207977c249a8b1724e34c35,16,24,0xb4e16d0168e52d35cacd2c6185b44281ec28c9dc,Swap,True,0x7a250d5630b4cf539739df2c5dacb4c659f2488d,0x423d607bd4e213e9b64a54b324ab7f632feec647,,,0,29955906233652599,56186489,0,False
25546016,0xe56c8ec817e8b15f59006ef54aef297df8f763afaccfb2fca419f482548450d3,0x58f50fabc6df4547df509884de8a200e7a757fef70d8afe4b13c1eb70f67ba05,119,302,0xb4e16d0168e52d35cacd2c6185b44281ec28c9dc,Sync,True,,,8790803460011,4674198982289640895248,,,,,False
25546016,0xe56c8ec817e8b15f59006ef54aef297df8f763afaccfb2fca419f482548450d3,0x58f50fabc6df4547df509884de8a200e7a757fef70d8afe4b13c1eb70f67ba05,119,303,0xb4e16d0168e52d35cacd2c6185b44281ec28c9dc,Swap,True,0x51c72848c68a965f66fa7a88855f9f7784502a7f,0x51c72848c68a965f66fa7a88855f9f7784502a7f,,,0,701225583596693120,1315038823,0,False
25546016,0xe56c8ec817e8b15f59006ef54aef297df8f763afaccfb2fca419f482548450d3,0x289d1ba4edc736256f92bfd86fee688e7cee69c96f32f2eb3827274c1d456d69,137,391,0x0d4a11d5eeaac28ec3f61d100daf4d40471f1852,Sync,True,,,3920880963360156347133,7379197796885,,,,,False
25546016,0xe56c8ec817e8b15f59006ef54aef297df8f763afaccfb2fca419f482548450d3,0x289d1ba4edc736256f92bfd86fee688e7cee69c96f32f2eb3827274c1d456d69,137,392,0x0d4a11d5eeaac28ec3f61d100daf4d40471f1852,Swap,True,0x51c72848c68a965f66fa7a88855f9f7784502a7f,0x51c72848c68a965f66fa7a88855f9f7784502a7f,,,578297280311782784,0,0,1085262992,False
25546017,0x883934353eeebba61ea700246d1d1e8db73b24307044b077f4d80e5928d86633,0xfe280f8c5e05246edaa9782630193678d552f7df822f2b9d7bfae4d00408672e,30,296,0x3041cbd36888becc7bbcbc0045e3b1f144466f5f,Sync,True,,,1667791194075,1665737751930,,,,,False
25546017,0x883934353eeebba61ea700246d1d1e8db73b24307044b077f4d80e5928d86633,0xfe280f8c5e05246edaa9782630193678d552f7df822f2b9d7bfae4d00408672e,30,297,0x3041cbd36888becc7bbcbc0045e3b1f144466f5f,Swap,True,0xa58bdd0ab5ebbb8dc425090fea8fd0ba969c1668,0x111111125421ca6dc452d289314280a0f8842a65,,,0,14985000,14958596,0,False
25546021,0xa86b2618ad2e22012249d8bfb4a8e0e1027733b99c48ba8689cf0ce610e9f616,0x2eb4ba06d371667de703fef664b44ea484ddb719a2087bf1f2f15cc58dc394be,138,312,0xb4e16d0168e52d35cacd2c6185b44281ec28c9dc,Sync,True,,,8789647084452,4674815776619587106960,,,,,False
25546021,0xa86b2618ad2e22012249d8bfb4a8e0e1027733b99c48ba8689cf0ce610e9f616,0x2eb4ba06d371667de703fef664b44ea484ddb719a2087bf1f2f15cc58dc394be,138,313,0xb4e16d0168e52d35cacd2c6185b44281ec28c9dc,Swap,True,0x51c72848c68a965f66fa7a88855f9f7784502a7f,0x51c72848c68a965f66fa7a88855f9f7784502a7f,,,0,616794329946211712,1156375559,0,False
25546022,0x4039f1ad6213e8ee88d0d747d79a012d5d88fa284731e2cb75c3a727cb0a2df1,0x926269611e7dc3bf6786e8cdb5d5d9d7aed33863e021ebacad27e9da84cccb5a,98,467,0x0d4a11d5eeaac28ec3f61d100daf4d40471f1852,Sync,True,,,3920871427911916294513,7379215796885,,,,,False
25546022,0x4039f1ad6213e8ee88d0d747d79a012d5d88fa284731e2cb75c3a727cb0a2df1,0x926269611e7dc3bf6786e8cdb5d5d9d7aed33863e021ebacad27e9da84cccb5a,98,468,0x0d4a11d5eeaac28ec3f61d100daf4d40471f1852,Swap,True,0x5597278e3baa59d53e256db5cbabc9b491499ce5,0xaf31fd9c3b0350424bf96e551d2d1264d8466205,,,0,18000000,9535448240052620,0,False
25546023,0xe5ab082cbb933ce23491502e01eb6ce65ba450d82395ebdb7c4d47764b6adf80,0x9b3a2a7e5a5b23e9d2bd8a194462ee4b3a69dedb18f02f8bec84314d0bff30cb,105,160,0x0d4a11d5eeaac28ec3f61d100daf4d40471f1852,Sync,True,,,3920683612983447718342,7379570351681,,,,,False
25546023,0xe5ab082cbb933ce23491502e01eb6ce65ba450d82395ebdb7c4d47764b6adf80,0x9b3a2a7e5a5b23e9d2bd8a194462ee4b3a69dedb18f02f8bec84314d0bff30cb,105,161,0x0d4a11d5eeaac28ec3f61d100daf4d40471f1852,Swap,True,0x4c82d1fbfe28c977cbb58d8c7ff8fcf9f70a2cca,0x369f3cb24f7ac80d05fa09886e994047f452f2bd,,,0,354554796,187814928468576171,0,False
25546025,0x3cc5773d5acb9f897fa8a22f1337efec165dfdf8791eb6daae0f33a6bc87eecd,0x1595e09535139f4d6143627278de458a0e61d01d429178d4ee10ac61e719d55f,52,298,0x0d4a11d5eeaac28ec3f61d100daf4d40471f1852,Sync,True,,,3921522393913701599814,7377996660559,,,,,False
25546025,0x3cc5773d5acb9f897fa8a22f1337efec165dfdf8791eb6daae0f33a6bc87eecd,0x1595e09535139f4d6143627278de458a0e61d01d429178d4ee10ac61e719d55f,52,299,0x0d4a11d5eeaac28ec3f61d100daf4d40471f1852,Swap,True,0x51c72848c68a965f66fa7a88855f9f7784502a7f,0x51c72848c68a965f66fa7a88855f9f7784502a7f,,,838780930253881472,0,0,1573691122,False
25546025,0x3cc5773d5acb9f897fa8a22f1337efec165dfdf8791eb6daae0f33a6bc87eecd,0xf9b83f4bf4ccc3d7464973f922944efc2eb2e13194a200074df5a5cea6bcb74a,60,402,0x0d4a11d5eeaac28ec3f61d100daf4d40471f1852,Sync,True,,,3921831618913701599814,7377416672076,,,,,False
25546025,0x3cc5773d5acb9f897fa8a22f1337efec165dfdf8791eb6daae0f33a6bc87eecd,0xf9b83f4bf4ccc3d7464973f922944efc2eb2e13194a200074df5a5cea6bcb74a,60,403,0x0d4a11d5eeaac28ec3f61d100daf4d40471f1852,Swap,True,0xa8f8296f4053fd65e89b245d6c7f983a70234c8b,0xa8f8296f4053fd65e89b245d6c7f983a70234c8b,,,309225000000000000,0,0,579988483,False
25546026,0x52a321dcfdb0974fbcc5e9e8f73ff7181323c95789a6c616216da03cf6c337de,0xf62139bf1f36dab5fd3f58ce9c6ea8985633ce888f3256f122847eb95e3da9c7,195,381,0x0d4a11d5eeaac28ec3f61d100daf4d40471f1852,Sync,True,,,3921833784913701599814,7377412609807,,,,,False
25546026,0x52a321dcfdb0974fbcc5e9e8f73ff7181323c95789a6c616216da03cf6c337de,0xf62139bf1f36dab5fd3f58ce9c6ea8985633ce888f3256f122847eb95e3da9c7,195,382,0x0d4a11d5eeaac28ec3f61d100daf4d40471f1852,Swap,True,0xae0562f6349e1b574a75248bd53848a3039751aa,0x28bf6006d87de7f44445905aa4f5cb8c0d8cba02,,,2166000000000000,0,0,4062269,False
25546030,0xc7fc006a4f5dfdc7f9b32ed7cbceba930ea5fe628910c399ddb7735e2a5ccf88,0x2e32d68a92ff491bfe92a15c6f3167056faa9963fe16d05333043a19423de0aa,2,367,0xb4e16d0168e52d35cacd2c6185b44281ec28c9dc,Sync,True,,,8788769269434,4675284098324706362128,,,,,False
25546030,0xc7fc006a4f5dfdc7f9b32ed7cbceba930ea5fe628910c399ddb7735e2a5ccf88,0x2e32d68a92ff491bfe92a15c6f3167056faa9963fe16d05333043a19423de0aa,2,368,0xb4e16d0168e52d35cacd2c6185b44281ec28c9dc,Swap,True,0xbdb3ba9ffe392549e1f8658dd2630c141fdf47b6,0xbdb3ba9ffe392549e1f8658dd2630c141fdf47b6,,,0,468321705119255168,877815018,0,False
25546030,0xc7fc006a4f5dfdc7f9b32ed7cbceba930ea5fe628910c399ddb7735e2a5ccf88,0x2480c25da17aa8444578415e1d7805caf88f2df6f1247ed1a960e0a973e193f0,14,516,0x0d4a11d5eeaac28ec3f61d100daf4d40471f1852,Sync,True,,,3921833238702435757828,7377413640384,,,,,False
25546030,0xc7fc006a4f5dfdc7f9b32ed7cbceba930ea5fe628910c399ddb7735e2a5ccf88,0x2480c25da17aa8444578415e1d7805caf88f2df6f1247ed1a960e0a973e193f0,14,517,0x0d4a11d5eeaac28ec3f61d100daf4d40471f1852,Swap,True,0x36331e299247e5d0d3261e1d9852f6e0cffee95c,0x36331e299247e5d0d3261e1d9852f6e0cffee95c,,,0,1030577,546211265841986,0,False
25546030,0xc7fc006a4f5dfdc7f9b32ed7cbceba930ea5fe628910c399ddb7735e2a5ccf88,0x24958db89f7251c1aa32f5de2e2581de1dac5de28aaf18d496dd932e59c2b6de,53,824,0x0d4a11d5eeaac28ec3f61d100daf4d40471f1852,Sync,True,,,3921957413772940514750,7377180761091,,,,,False
25546030,0xc7fc006a4f5dfdc7f9b32ed7cbceba930ea5fe628910c399ddb7735e2a5ccf88,0x24958db89f7251c1aa32f5de2e2581de1dac5de28aaf18d496dd932e59c2b6de,53,825,0x0d4a11d5eeaac28ec3f61d100daf4d40471f1852,Swap,True,0xbc1d9760bd6ca468ca9fb5ff2cfbeac35d86c973,0xbc1d9760bd6ca468ca9fb5ff2cfbeac35d86c973,,,124175070504756922,0,0,232879293,False
25546033,0x3503179e41d55bdd9024e290b921c878ed4a636dcaf1a36dfdbe65f338c853fc,0x74cdb013d9c0cb95cbf399e104e8612f57a2048a7b7224c555bdef1259400a05,280,729,0x3041cbd36888becc7bbcbc0045e3b1f144466f5f,Sync,True,,,1667773226146,1665755751930,,,,,False
25546033,0x3503179e41d55bdd9024e290b921c878ed4a636dcaf1a36dfdbe65f338c853fc,0x74cdb013d9c0cb95cbf399e104e8612f57a2048a7b7224c555bdef1259400a05,280,730,0x3041cbd36888becc7bbcbc0045e3b1f144466f5f,Swap,True,0x5597278e3baa59d53e256db5cbabc9b491499ce5,0x2702bd7268793b5e1c7ee1ac2d9cae2ae2ecfe55,,,0,18000000,17967929,0,False
25546036,0x97f2b800cb331fbe6ed73762d0cb718fd3d6d6709abf14774ac8722b07ea2470,0xf5724f16b841a26605825d4d186d1a7c968612f8dbe90561c8e88d603bfdad94,126,291,0x0d4a11d5eeaac28ec3f61d100daf4d40471f1852,Sync,True,,,3921958581842887566893,7377178570550,,,,,False
25546036,0x97f2b800cb331fbe6ed73762d0cb718fd3d6d6709abf14774ac8722b07ea2470,0xf5724f16b841a26605825d4d186d1a7c968612f8dbe90561c8e88d603bfdad94,126,292,0x0d4a11d5eeaac28ec3f61d100daf4d40471f1852,Swap,True,0xae0562f6349e1b574a75248bd53848a3039751aa,0x28bf6006d87de7f44445905aa4f5cb8c0d8cba02,,,1168069947052143,0,0,2190541,False
25546040,0x5f5096a64b52bdc0a1abf944b348583a0f3217ad45e43f53d590441776fc4482,0x97c31e052bc4771a9ee06538c0cea1d94c2677fdbb8a76d2349b1dd2ae316deb,90,119,0xb4e16d0168e52d35cacd2c6185b44281ec28c9dc,Sync,True,,,8788615284513,4675366260246657583275,,,,,False
25546040,0x5f5096a64b52bdc0a1abf944b348583a0f3217ad45e43f53d590441776fc4482,0x97c31e052bc4771a9ee06538c0cea1d94c2677fdbb8a76d2349b1dd2ae316deb,90,120,0xb4e16d0168e52d35cacd2c6185b44281ec28c9dc,Swap,True,0x7a250d5630b4cf539739df2c5dacb4c659f2488d,0x423d607bd4e213e9b64a54b324ab7f632feec647,,,0,82161921951221147,153984921,0,False
25546045,0xac059010b00df24135f0694812247d7b462ef67e4307e10805f68d0d4987c145,0xaae7a98c2d9955675a1f45e51fa0afdd970aaf182b15b55c176b23a6ecca0130,193,742,0xb4e16d0168e52d35cacd2c6185b44281ec28c9dc,Sync,True,,,8788605499857,4675371481155186019036,,,,,False
25546045,0xac059010b00df24135f0694812247d7b462ef67e4307e10805f68d0d4987c145,0xaae7a98c2d9955675a1f45e51fa0afdd970aaf182b15b55c176b23a6ecca0130,193,743,0xb4e16d0168e52d35cacd2c6185b44281ec28c9dc,Swap,True,0x7a250d5630b4cf539739df2c5dacb4c659f2488d,0x423d607bd4e213e9b64a54b324ab7f632feec647,,,0,5220908528435761,9784656,0,False
25546052,0x62de01386da0b95897941fe4acc34a7e9639cfb3e46835fcccaf254e89f2fa95,0x213388547fef7d5ae81e2899f8737989395d1f8e33b0e611d0178e901edd370e,188,542,0x0d4a11d5eeaac28ec3f61d100daf4d40471f1852,Sync,True,,,3922406700012682219821,7376338289312,,,,,False
25546052,0x62de01386da0b95897941fe4acc34a7e9639cfb3e46835fcccaf254e89f2fa95,0x213388547fef7d5ae81e2899f8737989395d1f8e33b0e611d0178e901edd370e,188,543,0x0d4a11d5eeaac28ec3f61d100daf4d40471f1852,Swap,True,0x51c72848c68a965f66fa7a88855f9f7784502a7f,0x51c72848c68a965f66fa7a88855f9f7784502a7f,,,448118169794652928,0,0,840281238,False
25546052,0x62de01386da0b95897941fe4acc34a7e9639cfb3e46835fcccaf254e89f2fa95,0x4ef4da728b53c4bb5b96220dc45cee2bec7ee45db645df8b5ccec53b01f620bc,189,546,0xb4e16d0168e52d35cacd2c6185b44281ec28c9dc,Sync,True,,,8787698266920,4675855615068425058524,,,,,False
25546052,0x62de01386da0b95897941fe4acc34a7e9639cfb3e46835fcccaf254e89f2fa95,0x4ef4da728b53c4bb5b96220dc45cee2bec7ee45db645df8b5ccec53b01f620bc,189,547,0xb4e16d0168e52d35cacd2c6185b44281ec28c9dc,Swap,True,0x51c72848c68a965f66fa7a88855f9f7784502a7f,0x51c72848c68a965f66fa7a88855f9f7784502a7f,,,0,484133913239039488,907232937,0,False
25546053,0xbb75341a46ed784dc5a304a85012e409ba16c64ff62454b4ba955372f4afd99b,0xef8e8ccef646914171e659e8b8bb28127bef6e51160ce9b895d30d7e6d66d336,1,73,0xb4e16d0168e52d35cacd2c6185b44281ec28c9dc,Sync,True,,,8784885298748,4677357354750718827228,,,,,False
25546053,0xbb75341a46ed784dc5a304a85012e409ba16c64ff62454b4ba955372f4afd99b,0xef8e8ccef646914171e659e8b8bb28127bef6e51160ce9b895d30d7e6d66d336,1,74,0xb4e16d0168e52d35cacd2c6185b44281ec28c9dc,Swap,True,0xbdb3ba9ffe392549e1f8658dd2630c141fdf47b6,0xbdb3ba9ffe392549e1f8658dd2630c141fdf47b6,,,0,1501739682293768704,2812968172,0,False
25546053,0xbb75341a46ed784dc5a304a85012e409ba16c64ff62454b4ba955372f4afd99b,0xef8e8ccef646914171e659e8b8bb28127bef6e51160ce9b895d30d7e6d66d336,1,86,0x0d4a11d5eeaac28ec3f61d100daf4d40471f1852,Sync,True,,,3923418172731852361901,7374442343615,,,,,False
25546053,0xbb75341a46ed784dc5a304a85012e409ba16c64ff62454b4ba955372f4afd99b,0xef8e8ccef646914171e659e8b8bb28127bef6e51160ce9b895d30d7e6d66d336,1,87,0x0d4a11d5eeaac28ec3f61d100daf4d40471f1852,Swap,True,0xbdb3ba9ffe392549e1f8658dd2630c141fdf47b6,0xbdb3ba9ffe392549e1f8658dd2630c141fdf47b6,,,1011472719170142080,0,0,1895945697,False
25546054,0xd1ff6128836c526b5b36202d696cc6fe4f0f6e37f766e80d3afa498d1ce9322f,0xe7d5905ded94fb3bbc85d2ad9b1de48ca8cf41eb896e476b685b1e40a0e640aa,20,97,0xb4e16d0168e52d35cacd2c6185b44281ec28c9dc,Sync,True,,,8781703314875,4679057262977017897692,,,,,False
25546054,0xd1ff6128836c526b5b36202d696cc6fe4f0f6e37f766e80d3afa498d1ce9322f,0xe7d5905ded94fb3bbc85d2ad9b1de48ca8cf41eb896e476b685b1e40a0e640aa,20,98,0xb4e16d0168e52d35cacd2c6185b44281ec28c9dc,Swap,True,0x51c72848c68a965f66fa7a88855f9f7784502a7f,0x51c72848c68a965f66fa7a88855f9f7784502a7f,,,0,1699908226299070464,3181983873,0,False
25546054,0xd1ff6128836c526b5b36202d696cc6fe4f0f6e37f766e80d3afa498d1ce9322f,0x8c25c24488576fa1b4dc4a2ec6081c1eb80c93ed70835f8fc2c320d526c21d25,22,104,0x0d4a11d5eeaac28ec3f61d100daf4d40471f1852,Sync,True,,,3924860624340740247469,7371740246419,,,,,False
25546054,0xd1ff6128836c526b5b36202d696cc6fe4f0f6e37f766e80d3afa498d1ce9322f,0x8c25c24488576fa1b4dc4a2ec6081c1eb80c93ed70835f8fc2c320d526c21d25,22,105,0x0d4a11d5eeaac28ec3f61d100daf4d40471f1852,Swap,True,0x51c72848c68a965f66fa7a88855f9f7784502a7f,0x51c72848c68a965f66fa7a88855f9f7784502a7f,,,1442451608887885568,0,0,2702097196,False
25546055,0xcf7876f9fbf4ecdf6cc04e529b2b10ae2c89be27f883809c5349a952dec14a8f,0x80fa45479550e30db77bc341b6a6f276979789fa8342c77f7f12317c9ff8f8cd,46,303,0xb4e16d0168e52d35cacd2c6185b44281ec28c9dc,Sync,True,,,8779435259747,4680269677405689683164,,,,,False
25546055,0xcf7876f9fbf4ecdf6cc04e529b2b10ae2c89be27f883809c5349a952dec14a8f,0x80fa45479550e30db77bc341b6a6f276979789fa8342c77f7f12317c9ff8f8cd,46,304,0xb4e16d0168e52d35cacd2c6185b44281ec28c9dc,Swap,True,0x51c72848c68a965f66fa7a88855f9f7784502a7f,0x51c72848c68a965f66fa7a88855f9f7784502a7f,,,0,1212414428671785472,2268055128,0,False
25546055,0xcf7876f9fbf4ecdf6cc04e529b2b10ae2c89be27f883809c5349a952dec14a8f,0x2a615bfe28e4143f31487f0c66ff90a9c0a021a243c868872f432223e36a1c0f,68,381,0x0d4a11d5eeaac28ec3f61d100daf4d40471f1852,Sync,True,,,3925878918190394432557,7369833904176,,,,,False
25546055,0xcf7876f9fbf4ecdf6cc04e529b2b10ae2c89be27f883809c5349a952dec14a8f,0x2a615bfe28e4143f31487f0c66ff90a9c0a021a243c868872f432223e36a1c0f,68,382,0x0d4a11d5eeaac28ec3f61d100daf4d40471f1852,Swap,True,0x51c72848c68a965f66fa7a88855f9f7784502a7f,0x51c72848c68a965f66fa7a88855f9f7784502a7f,,,1018293849654185088,0,0,1906342243,False
25546073,0x37da76576530b25028a4bff3c2c657d119cbdc25d64423bd935574a264943a85,0x5fb666c78660dab8bbcbdd8f6b122f419c7676e1548314d103343d4fa6d0ef1e,210,556,0xb4e16d0168e52d35cacd2c6185b44281ec28c9dc,Sync,True,,,8779440259747,4680267019931064281977,,,,,False
25546073,0x37da76576530b25028a4bff3c2c657d119cbdc25d64423bd935574a264943a85,0x5fb666c78660dab8bbcbdd8f6b122f419c7676e1548314d103343d4fa6d0ef1e,210,557,0xb4e16d0168e52d35cacd2c6185b44281ec28c9dc,Swap,True,0xae0562f6349e1b574a75248bd53848a3039751aa,0x28bf6006d87de7f44445905aa4f5cb8c0d8cba02,,,5000000,0,0,2657474625401187,False
25546075,0x80d961159880f722d657723fdafa60c6000910f7ceff9e20d40c045f0a874c07,0x61a37cd4aa174dec931d79bfcabd57aca2e688a78f3dafbb2893d2111662a1ec,61,205,0x0d4a11d5eeaac28ec3f61d100daf4d40471f1852,Sync,True,,,3925905383096350338013,7369784372458,,,,,False
25546075,0x80d961159880f722d657723fdafa60c6000910f7ceff9e20d40c045f0a874c07,0x61a37cd4aa174dec931d79bfcabd57aca2e688a78f3dafbb2893d2111662a1ec,61,206,0x0d4a11d5eeaac28ec3f61d100daf4d40471f1852,Swap,True,0x7a250d5630b4cf539739df2c5dacb4c659f2488d,0x85280c0765d3355200e650fd907fa8286c2e11ab,,,26464905955905456,0,0,49531718,False
25546092,0x1911188ce46ad3d76c667ac2048ed3a1312e344853d05323bcd821a26d7d440b,0x4fdb777160a9b6eb0e9956e67704de3994c5eb36603d959ae629c76c2711499d,83,200,0xb4e16d0168e52d35cacd2c6185b44281ec28c9dc,Sync,True,,,8779431916748,4680271480921470331093,,,,,False
25546092,0x1911188ce46ad3d76c667ac2048ed3a1312e344853d05323bcd821a26d7d440b,0x4fdb777160a9b6eb0e9956e67704de3994c5eb36603d959ae629c76c2711499d,83,201,0xb4e16d0168e52d35cacd2c6185b44281ec28c9dc,Swap,True,0x7a250d5630b4cf539739df2c5dacb4c659f2488d,0x423d607bd4e213e9b64a54b324ab7f632feec647,,,0,4460990406049116,8342999,0,False
25546092,0x1911188ce46ad3d76c667ac2048ed3a1312e344853d05323bcd821a26d7d440b,0x5df07abcb6687e31ed2cfccb0cad0cbcf95acb176bb8335bf5d675279a008655,163,357,0x0d4a11d5eeaac28ec3f61d100daf4d40471f1852,Sync,True,,,3925895823233689084379,7369802372458,,,,,False
25546092,0x1911188ce46ad3d76c667ac2048ed3a1312e344853d05323bcd821a26d7d440b,0x5df07abcb6687e31ed2cfccb0cad0cbcf95acb176bb8335bf5d675279a008655,163,358,0x0d4a11d5eeaac28ec3f61d100daf4d40471f1852,Swap,True,0x5597278e3baa59d53e256db5cbabc9b491499ce5,0x1f9b4a5ddd586f8471cda36262c52e5872a7d257,,,0,18000000,9559862661253634,0,False
25546099,0xa0d70c74f79c9f5ef87176f00112b49fa64714ae8267a1ae57a9df4a8d50cf4c,0x8785208d94a70996a9a5af67938e1dd0cdb18c0d4c9677019f4af73d060e3c7e,127,379,0x0d4a11d5eeaac28ec3f61d100daf4d40471f1852,Sync,True,,,3925888387817195157941,7369816372458,,,,,False
25546099,0xa0d70c74f79c9f5ef87176f00112b49fa64714ae8267a1ae57a9df4a8d50cf4c,0x8785208d94a70996a9a5af67938e1dd0cdb18c0d4c9677019f4af73d060e3c7e,127,380,0x0d4a11d5eeaac28ec3f61d100daf4d40471f1852,Swap,True,0x5597278e3baa59d53e256db5cbabc9b491499ce5,0x3e3b383801169aeab967adf459ec9196b21474d7,,,0,14000000,7435416493926438,0,False
25546109,0xd11bd4bd57b04f7bf4392fb719b6c72ec5fd3314a1aec921e56458d0151df2af,0x851274802160a7a65d0080f86948181533d3ffc1ead74aa1582b7bdb3bfb5c3f,54,124,0xb4e16d0168e52d35cacd2c6185b44281ec28c9dc,Sync,True,,,8781572644366,4679133972119041284565,,,,,False
25546109,0xd11bd4bd57b04f7bf4392fb719b6c72ec5fd3314a1aec921e56458d0151df2af,0x851274802160a7a65d0080f86948181533d3ffc1ead74aa1582b7bdb3bfb5c3f,54,125,0xb4e16d0168e52d35cacd2c6185b44281ec28c9dc,Swap,True,0x51c72848c68a965f66fa7a88855f9f7784502a7f,0x51c72848c68a965f66fa7a88855f9f7784502a7f,,,2140727618,0,0,1137508802429046528,False
25546109,0xd11bd4bd57b04f7bf4392fb719b6c72ec5fd3314a1aec921e56458d0151df2af,0x0a7bb8f15b0bda9f53b06be7b28c4185c2d5939976f164a527a27363213ccffc,57,136,0x0d4a11d5eeaac28ec3f61d100daf4d40471f1852,Sync,True,,,3924948744433972993973,7371586039032,,,,,False
25546109,0xd11bd4bd57b04f7bf4392fb719b6c72ec5fd3314a1aec921e56458d0151df2af,0x0a7bb8f15b0bda9f53b06be7b28c4185c2d5939976f164a527a27363213ccffc,57,137,0x0d4a11d5eeaac28ec3f61d100daf4d40471f1852,Swap,True,0x51c72848c68a965f66fa7a88855f9f7784502a7f,0x51c72848c68a965f66fa7a88855f9f7784502a7f,,,0,1769666574,939643383222163968,0,False
25546112,0x31f61d8a97e89e0c54b934f65b10999b32be643cc84223984d1ad7d2581fb9e3,0xb6fd2cc9367acda985b01fddb5f953f8de83d006a84f52a0f598a50136309112,90,286,0xb4e16d0168e52d35cacd2c6185b44281ec28c9dc,Sync,True,,,8783058432713,4678344801031316297045,,,,,False
25546112,0x31f61d8a97e89e0c54b934f65b10999b32be643cc84223984d1ad7d2581fb9e3,0xb6fd2cc9367acda985b01fddb5f953f8de83d006a84f52a0f598a50136309112,90,287,0xb4e16d0168e52d35cacd2c6185b44281ec28c9dc,Swap,True,0x51c72848c68a965f66fa7a88855f9f7784502a7f,0x51c72848c68a965f66fa7a88855f9f7784502a7f,,,1485788347,0,0,789171087724987520,False
25546112,0x31f61d8a97e89e0c54b934f65b10999b32be643cc84223984d1ad7d2581fb9e3,0x8b89159f5f6d8bd3789c8805dc6581f1d0fd9799d154559b7244af498c5e55c8,92,291,0x0d4a11d5eeaac28ec3f61d100daf4d40471f1852,Sync,True,,,3924248550277541042357,7372905293655,,,,,False
25546112,0x31f61d8a97e89e0c54b934f65b10999b32be643cc84223984d1ad7d2581fb9e3,0x8b89159f5f6d8bd3789c8805dc6581f1d0fd9799d154559b7244af498c5e55c8,92,292,0x0d4a11d5eeaac28ec3f61d100daf4d40471f1852,Swap,True,0x51c72848c68a965f66fa7a88855f9f7784502a7f,0x51c72848c68a965f66fa7a88855f9f7784502a7f,,,0,1319254623,700194156431951616,0,False
25546114,0xd6aaac8ff50be359daba6f47d7cfc884b8828fdbaa7034524c540763c08c7228,0x278a3c04b9466fc7288e9a2a8ee8b57bb28b727d336d769e18b21aeb30026ada,126,544,0xb4e16d0168e52d35cacd2c6185b44281ec28c9dc,Sync,True,,,8784093954745,4677794944938854032277,,,,,False
25546114,0xd6aaac8ff50be359daba6f47d7cfc884b8828fdbaa7034524c540763c08c7228,0x278a3c04b9466fc7288e9a2a8ee8b57bb28b727d336d769e18b21aeb30026ada,126,545,0xb4e16d0168e52d35cacd2c6185b44281ec28c9dc,Swap,True,0x51c72848c68a965f66fa7a88855f9f7784502a7f,0x51c72848c68a965f66fa7a88855f9f7784502a7f,,,1035522032,0,0,549856092462264768,False
25546114,0xd6aaac8ff50be359daba6f47d7cfc884b8828fdbaa7034524c540763c08c7228,0x2ea0fc79050c80756ce0ada54c9476225ded1fce2826628abdb917e92de98e4d,271,838,0x0d4a11d5eeaac28ec3f61d100daf4d40471f1852,Sync,True,,,3923831459919553635253,7373691368993,,,,,False
25546114,0xd6aaac8ff50be359daba6f47d7cfc884b8828fdbaa7034524c540763c08c7228,0x2ea0fc79050c80756ce0ada54c9476225ded1fce2826628abdb917e92de98e4d,271,839,0x0d4a11d5eeaac28ec3f61d100daf4d40471f1852,Swap,True,0x51c72848c68a965f66fa7a88855f9f7784502a7f,0x51c72848c68a965f66fa7a88855f9f7784502a7f,,,0,786075338,417090357987407104,0,False
25546115,0x67a7ee7ddb9e0515a3d266e7b8fc726e01e121c65c22fa1d517331b1dab42ffd,0xda59f3b85fd84e44951e1b693d534ffb22ca8843611aa3a098b7a26bcc9892e4,128,364,0xb4e16d0168e52d35cacd2c6185b44281ec28c9dc,Sync,True,,,8785131100578,4677244356352875123477,,,,,False
25546115,0x67a7ee7ddb9e0515a3d266e7b8fc726e01e121c65c22fa1d517331b1dab42ffd,0xda59f3b85fd84e44951e1b693d534ffb22ca8843611aa3a098b7a26bcc9892e4,128,365,0xb4e16d0168e52d35cacd2c6185b44281ec28c9dc,Swap,True,0x51c72848c68a965f66fa7a88855f9f7784502a7f,0x51c72848c68a965f66fa7a88855f9f7784502a7f,,,1037145833,0,0,550588585978908800,False
25546115,0x67a7ee7ddb9e0515a3d266e7b8fc726e01e121c65c22fa1d517331b1dab42ffd,0x4ae754d354d0a90015b77e626bd87b79b426ef066efaf01bc1952730d7681191,146,398,0x0d4a11d5eeaac28ec3f61d100daf4d40471f1852,Sync,True,,,3923358567433079809269,7374582815071,,,,,False
25546115,0x67a7ee7ddb9e0515a3d266e7b8fc726e01e121c65c22fa1d517331b1dab42ffd,0x4ae754d354d0a90015b77e626bd87b79b426ef066efaf01bc1952730d7681191,146,399,0x0d4a11d5eeaac28ec3f61d100daf4d40471f1852,Swap,True,0x51c72848c68a965f66fa7a88855f9f7784502a7f,0x51c72848c68a965f66fa7a88855f9f7784502a7f,,,0,891446078,472892486473825984,0,False
25546116,0xaf7e6ac9bc034596066f2ac1a9ba98ee3c380ebdb5cf4d36b45e0f40cf56e332,0x86f27ecee51834d17a16c080ca32256038b0148e6fe94552fede7d83fa0d68a7,18,78,0xb4e16d0168e52d35cacd2c6185b44281ec28c9dc,Sync,True,,,8790601152556,4674342619422371333909,,,,,False
25546116,0xaf7e6ac9bc034596066f2ac1a9ba98ee3c380ebdb5cf4d36b45e0f40cf56e332,0x86f27ecee51834d17a16c080ca32256038b0148e6fe94552fede7d83fa0d68a7,18,79,0xb4e16d0168e52d35cacd2c6185b44281ec28c9dc,Swap,True,0x51c72848c68a965f66fa7a88855f9f7784502a7f,0x51c72848c68a965f66fa7a88855f9f7784502a7f,,,5470051978,0,0,2901736930503789568,False
25546116,0xaf7e6ac9bc034596066f2ac1a9ba98ee3c380ebdb5cf4d36b45e0f40cf56e332,0x2c637841da9e66bfaceeb4e16b2085e57fd174c916ffd18c9796e2f591d55070,21,89,0x0d4a11d5eeaac28ec3f61d100daf4d40471f1852,Sync,True,,,3920934690311658631925,7379155425045,,,,,False
25546116,0xaf7e6ac9bc034596066f2ac1a9ba98ee3c380ebdb5cf4d36b45e0f40cf56e332,0x2c637841da9e66bfaceeb4e16b2085e57fd174c916ffd18c9796e2f591d55070,21,90,0x0d4a11d5eeaac28ec3f61d100daf4d40471f1852,Swap,True,0x51c72848c68a965f66fa7a88855f9f7784502a7f,0x51c72848c68a965f66fa7a88855f9f7784502a7f,,,0,4572609974,2423877121421177344,0,False
25546117,0x2876aec997b8bd5ba7b0780ac0063fd7763bb52fc8b94b10d3092610f0d1353c,0xe5cb92b8656234ecadbffacfc94581971f42a9ce82ca808b5e23a32b50827748,1,120,0x0d4a11d5eeaac28ec3f61d100daf4d40471f1852,Sync,True,,,3918826211331334066992,7383137640662,,,,,False
25546117,0x2876aec997b8bd5ba7b0780ac0063fd7763bb52fc8b94b10d3092610f0d1353c,0xe5cb92b8656234ecadbffacfc94581971f42a9ce82ca808b5e23a32b50827748,1,121,0x0d4a11d5eeaac28ec3f61d100daf4d40471f1852,Swap,True,0xbdb3ba9ffe392549e1f8658dd2630c141fdf47b6,0xbdb3ba9ffe392549e1f8658dd2630c141fdf47b6,,,0,3982215617,2108478980324564933,0,False
25546117,0x2876aec997b8bd5ba7b0780ac0063fd7763bb52fc8b94b10d3092610f0d1353c,0xe5cb92b8656234ecadbffacfc94581971f42a9ce82ca808b5e23a32b50827748,1,148,0xb4e16d0168e52d35cacd2c6185b44281ec28c9dc,Sync,True,,,8795318465177,4671843082891942567800,,,,,False
25546117,0x2876aec997b8bd5ba7b0780ac0063fd7763bb52fc8b94b10d3092610f0d1353c,0xe5cb92b8656234ecadbffacfc94581971f42a9ce82ca808b5e23a32b50827748,1,149,0xb4e16d0168e52d35cacd2c6185b44281ec28c9dc,Swap,True,0xbdb3ba9ffe392549e1f8658dd2630c141fdf47b6,0xbdb3ba9ffe392549e1f8658dd2630c141fdf47b6,,,4717312621,0,0,2499536530428766109,False
25546118,0x1f35b2231326cb41ca9bb331b7dde464cbe7ba0bf6d946c96fce892d54e4d07c,0xe34c8babb280fceeafb8e0fce02f7901c5a0edc509b28557697ed0504de599c1,1,76,0x0d4a11d5eeaac28ec3f61d100daf4d40471f1852,Sync,True,,,3916044581602830785603,7388397783027,,,,,False
25546118,0x1f35b2231326cb41ca9bb331b7dde464cbe7ba0bf6d946c96fce892d54e4d07c,0xe34c8babb280fceeafb8e0fce02f7901c5a0edc509b28557697ed0504de599c1,1,77,0x0d4a11d5eeaac28ec3f61d100daf4d40471f1852,Swap,True,0xbdb3ba9ffe392549e1f8658dd2630c141fdf47b6,0xbdb3ba9ffe392549e1f8658dd2630c141fdf47b6,,,0,5260142365,2781629728503281389,0,False
25546118,0x1f35b2231326cb41ca9bb331b7dde464cbe7ba0bf6d946c96fce892d54e4d07c,0xe34c8babb280fceeafb8e0fce02f7901c5a0edc509b28557697ed0504de599c1,1,80,0xb4e16d0168e52d35cacd2c6185b44281ec28c9dc,Sync,True,,,8801576038807,4668531544036759215095,,,,,False
25546118,0x1f35b2231326cb41ca9bb331b7dde464cbe7ba0bf6d946c96fce892d54e4d07c,0xe34c8babb280fceeafb8e0fce02f7901c5a0edc509b28557697ed0504de599c1,1,81,0xb4e16d0168e52d35cacd2c6185b44281ec28c9dc,Swap,True,0xbdb3ba9ffe392549e1f8658dd2630c141fdf47b6,0xbdb3ba9ffe392549e1f8658dd2630c141fdf47b6,,,6257573630,0,0,3311538855183352705,False
25546119,0x27380ba66f78450ce339f3179fcfa02d5bffb1bba3536678fdf079a51c9d15aa,0xf3f7df5e5cd079d3b9be75c287e94004c6cb099bb188f55ec5652b7a0616ab00,254,756,0xb4e16d0168e52d35cacd2c6185b44281ec28c9dc,Sync,True,,,8801655445350,4668489551956150718075,,,,,False
25546119,0x27380ba66f78450ce339f3179fcfa02d5bffb1bba3536678fdf079a51c9d15aa,0xf3f7df5e5cd079d3b9be75c287e94004c6cb099bb188f55ec5652b7a0616ab00,254,757,0xb4e16d0168e52d35cacd2c6185b44281ec28c9dc,Swap,True,0x4a4ef9ee3e64896d67e45d3599020707742d366a,0x7977f3e8e063a4ee95b5f396d63485dbdea4515d,,,79406543,0,0,41992080608497020,False
25546119,0x27380ba66f78450ce339f3179fcfa02d5bffb1bba3536678fdf079a51c9d15aa,0x4f3599f7b95b3fcc9efe45281d8e00dee813aa5ba24a71ba63a8d54e14f56021,320,1137,0x0d4a11d5eeaac28ec3f61d100daf4d40471f1852,Sync,True,,,3916030819040665657643,7388423827064,,,,,False
25546119,0x27380ba66f78450ce339f3179fcfa02d5bffb1bba3536678fdf079a51c9d15aa,0x4f3599f7b95b3fcc9efe45281d8e00dee813aa5ba24a71ba63a8d54e14f56021,320,1138,0x0d4a11d5eeaac28ec3f61d100daf4d40471f1852,Swap,True,0x4c82d1fbfe28c977cbb58d8c7ff8fcf9f70a2cca,0x4c82d1fbfe28c977cbb58d8c7ff8fcf9f70a2cca,,,0,26044037,13762562165127960,0,False
25546121,0x1581c4200bd4e7db2f1e955466912670f5dfd01ca8e3cbe1d57d050743ff8c9f,0x365f91fba7983644a1c5a0cf64372c34d5d5ba92ea40c882427028716ab4a1e9,6,48,0xb4e16d0168e52d35cacd2c6185b44281ec28c9dc,Sync,True,,,8801658437850,4668487969465335852365,,,,,False
25546121,0x1581c4200bd4e7db2f1e955466912670f5dfd01ca8e3cbe1d57d050743ff8c9f,0x365f91fba7983644a1c5a0cf64372c34d5d5ba92ea40c882427028716ab4a1e9,6,49,0xb4e16d0168e52d35cacd2c6185b44281ec28c9dc,Swap,True,0xa58bdd0ab5ebbb8dc425090fea8fd0ba969c1668,0xa58bdd0ab5ebbb8dc425090fea8fd0ba969c1668,,,2992500,0,0,1582490814865710,False
25546124,0x3bdddbafe076542b68ad919e8a998ee77b976f5888d0e683e840db629b74bb29,0xfaf9c3f3d852c50c03cf9992edf9cb96b8bcfebf5d4b418adea4dc6f63014331,35,313,0x3041cbd36888becc7bbcbc0045e3b1f144466f5f,Sync,True,,,1667749502875,1665779518140,,,,,False
25546124,0x3bdddbafe076542b68ad919e8a998ee77b976f5888d0e683e840db629b74bb29,0xfaf9c3f3d852c50c03cf9992edf9cb96b8bcfebf5d4b418adea4dc6f63014331,35,314,0x3041cbd36888becc7bbcbc0045e3b1f144466f5f,Swap,True,0xa58bdd0ab5ebbb8dc425090fea8fd0ba969c1668,0x111111125421ca6dc452d289314280a0f8842a65,,,0,23766210,23723271,0,False
25546136,0x5ddecff2748128fd0ebce4f448fa5a3e4ea95cdb2d5458fcadda37537ffcd28b,0x26cc639ae1d799e3d1cbf688477db012618499fbc27fd771dbeebac8c069888c,93,644,0xb4e16d0168e52d35cacd2c6185b44281ec28c9dc,Sync,True,,,8801659256955,4668487536307247987738,,,,,False
25546136,0x5ddecff2748128fd0ebce4f448fa5a3e4ea95cdb2d5458fcadda37537ffcd28b,0x26cc639ae1d799e3d1cbf688477db012618499fbc27fd771dbeebac8c069888c,93,645,0xb4e16d0168e52d35cacd2c6185b44281ec28c9dc,Swap,True,0xa58bdd0ab5ebbb8dc425090fea8fd0ba969c1668,0xa58bdd0ab5ebbb8dc425090fea8fd0ba969c1668,,,819105,0,0,433158087864627,False
25546140,0xb92746ced2ebd79a378046c6d9d425cd2f227a13f8376fb301a1c47c904a0d4e,0x7642ec2bbe04947a07d975dbb729ffc8ae596620734a716d3e6a56c32193664c,115,182,0x3041cbd36888becc7bbcbc0045e3b1f144466f5f,Sync,True,,,1667726966892,1665802095540,,,,,False
25546140,0xb92746ced2ebd79a378046c6d9d425cd2f227a13f8376fb301a1c47c904a0d4e,0x7642ec2bbe04947a07d975dbb729ffc8ae596620734a716d3e6a56c32193664c,115,183,0x3041cbd36888becc7bbcbc0045e3b1f144466f5f,Swap,True,0xa58bdd0ab5ebbb8dc425090fea8fd0ba969c1668,0x111111125421ca6dc452d289314280a0f8842a65,,,0,22577400,22535983,0,False
25546142,0x5fa56789c6b3b324d19be9c95ab2afb4f497b7b4dcd8796f7c328344f159103d,0x5077548fe8622ce43bf011be17c721881ecec3da8eb2166942b6fd4124e54263,11,131,0x3041cbd36888becc7bbcbc0045e3b1f144466f5f,Sync,True,,,1667701440143,1665827669940,,,,,False
25546142,0x5fa56789c6b3b324d19be9c95ab2afb4f497b7b4dcd8796f7c328344f159103d,0x5077548fe8622ce43bf011be17c721881ecec3da8eb2166942b6fd4124e54263,11,132,0x3041cbd36888becc7bbcbc0045e3b1f144466f5f,Swap,True,0xa58bdd0ab5ebbb8dc425090fea8fd0ba969c1668,0x111111125421ca6dc452d289314280a0f8842a65,,,0,25574400,25526749,0,False
25546154,0x65463493e872301f6d67f4fda5e050d8c92bfe3a4947fe947c591787370826d3,0x679b329395633447c8caabbacea673111d68db72e4dd8d0d339a367929f1abcd,3,16,0x0d4a11d5eeaac28ec3f61d100daf4d40471f1852,Sync,True,,,3916056590938023323768,7388375349097,,,,,False
25546154,0x65463493e872301f6d67f4fda5e050d8c92bfe3a4947fe947c591787370826d3,0x679b329395633447c8caabbacea673111d68db72e4dd8d0d339a367929f1abcd,3,17,0x0d4a11d5eeaac28ec3f61d100daf4d40471f1852,Swap,True,0x7a250d5630b4cf539739df2c5dacb4c659f2488d,0x85280c0765d3355200e650fd907fa8286c2e11ab,,,25771897357666125,0,0,48477967,False
25546158,0x3bd66b61098360cc61fc7a2d83962b57f9a741ba43e3432f21484b7bab8f7c1d,0xdd1f92678300a570dbfb8aa7189100ec22f5eadc2322e2c8a4f9996bd3f4d790,23,138,0x3041cbd36888becc7bbcbc0045e3b1f144466f5f,Sync,True,,,1667675515340,1665853643940,,,,,False
25546158,0x3bd66b61098360cc61fc7a2d83962b57f9a741ba43e3432f21484b7bab8f7c1d,0xdd1f92678300a570dbfb8aa7189100ec22f5eadc2322e2c8a4f9996bd3f4d790,23,139,0x3041cbd36888becc7bbcbc0045e3b1f144466f5f,Swap,True,0xa58bdd0ab5ebbb8dc425090fea8fd0ba969c1668,0x111111125421ca6dc452d289314280a0f8842a65,,,0,25974000,25924803,0,False
25546171,0x923ea916a1f58786babf1483fdaa6509ef0f16a6f30294409b057fdf913c8498,0xdc54527514da77d6eb56504c20da1981a9e2111fe4317bda4da445f013fc754e,238,683,0xb4e16d0168e52d35cacd2c6185b44281ec28c9dc,Sync,True,,,8801651665857,4668491574820489356933,,,,,False
25546171,0x923ea916a1f58786babf1483fdaa6509ef0f16a6f30294409b057fdf913c8498,0xdc54527514da77d6eb56504c20da1981a9e2111fe4317bda4da445f013fc754e,238,684,0xb4e16d0168e52d35cacd2c6185b44281ec28c9dc,Swap,True,0x7a250d5630b4cf539739df2c5dacb4c659f2488d,0x423d607bd4e213e9b64a54b324ab7f632feec647,,,0,4038513241369195,7591098,0,False
25546174,0xe0a325da2963d7293671473568b53e24100fe92e7bd5d481849817942036c620,0xfb507cedef59d7047dcbbb2217a01a88b16736f64b3f1a9899e82aecdf4ad098,35,109,0xb4e16d0168e52d35cacd2c6185b44281ec28c9dc,Sync,True,,,8801636849935,4668499457006296565369,,,,,False
25546174,0xe0a325da2963d7293671473568b53e24100fe92e7bd5d481849817942036c620,0xfb507cedef59d7047dcbbb2217a01a88b16736f64b3f1a9899e82aecdf4ad098,35,110,0xb4e16d0168e52d35cacd2c6185b44281ec28c9dc,Swap,True,0x4c82d1fbfe28c977cbb58d8c7ff8fcf9f70a2cca,0x0b783c22573dcb8803538af89b019b2eba610b6d,,,0,7882185807208436,14815922,0,False
25546177,0x38b7b5836c4063aca9ba96b00aa8392b607e947a9ca10602cf1b7be50245a93f,0xb56cb19c4fddd378a140f5ae4a36cc9d9747f2d965c7f1bca43952a881701aca,81,121,0xb4e16d0168e52d35cacd2c6185b44281ec28c9dc,Sync,True,,,8801739628428,4668445106172063825382,,,,,False
25546177,0x38b7b5836c4063aca9ba96b00aa8392b607e947a9ca10602cf1b7be50245a93f,0xb56cb19c4fddd378a140f5ae4a36cc9d9747f2d965c7f1bca43952a881701aca,81,122,0xb4e16d0168e52d35cacd2c6185b44281ec28c9dc,Swap,True,0x4c82d1fbfe28c977cbb58d8c7ff8fcf9f70a2cca,0x7523967fc791189ded1783bcad7b1f897e1be56b,,,102778493,0,0,54350834232739987,False
25546177,0x38b7b5836c4063aca9ba96b00aa8392b607e947a9ca10602cf1b7be50245a93f,0x9ae84a9479caaf8c3e24cc630b9c76bdad82e49b7c002edb7bdf94ba2aa42c67,242,553,0xb4e16d0168e52d35cacd2c6185b44281ec28c9dc,Sync,True,,,8801277149911,4668691155943046719971,,,,,False
25546177,0x38b7b5836c4063aca9ba96b00aa8392b607e947a9ca10602cf1b7be50245a93f,0x9ae84a9479caaf8c3e24cc630b9c76bdad82e49b7c002edb7bdf94ba2aa42c67,242,554,0xb4e16d0168e52d35cacd2c6185b44281ec28c9dc,Swap,True,0x7a250d5630b4cf539739df2c5dacb4c659f2488d,0x423d607bd4e213e9b64a54b324ab7f632feec647,,,0,246049770982894589,462478517,0,False
25546179,0x78e113d1b613da29d99b2457f85c4ebe469fd955009a95ceb028a58ef47c5392,0x269a9b2948402958c960e35e75e1bc9272858a74c82a73a1505af90f5781dff2,81,68,0xb4e16d0168e52d35cacd2c6185b44281ec28c9dc,Sync,True,,,8801273864839,4668692903774121772270,,,,,False
25546179,0x78e113d1b613da29d99b2457f85c4ebe469fd955009a95ceb028a58ef47c5392,0x269a9b2948402958c960e35e75e1bc9272858a74c82a73a1505af90f5781dff2,81,69,0xb4e16d0168e52d35cacd2c6185b44281ec28c9dc,Swap,True,0x4c82d1fbfe28c977cbb58d8c7ff8fcf9f70a2cca,0x0b783c22573dcb8803538af89b019b2eba610b6d,,,0,1747831075052299,3285072,0,False
25546179,0x78e113d1b613da29d99b2457f85c4ebe469fd955009a95ceb028a58ef47c5392,0xf2606c6622fef3d9c8bd026ccd334626d6a3ab658f2b2da1489f7b28c47e0160,145,162,0xb4e16d0168e52d35cacd2c6185b44281ec28c9dc,Sync,True,,,8801274966772,4668692321000257929490,,,,,False
25546179,0x78e113d1b613da29d99b2457f85c4ebe469fd955009a95ceb028a58ef47c5392,0xf2606c6622fef3d9c8bd026ccd334626d6a3ab658f2b2da1489f7b28c47e0160,145,163,0xb4e16d0168e52d35cacd2c6185b44281ec28c9dc,Swap,True,0x950fd558f47e234a2fde23b7d61f7ccdbcb4a86f,0x950fd558f47e234a2fde23b7d61f7ccdbcb4a86f,,,1101933,0,0,582773863842780,False
25546188,0x2e3e181c9632ca5a9e477ce288b6f7b424002272c027fc1d1e43fa50615bf4ff,0xfedb472171aad76375efb6b7096beda453f5062241a301cbf831b2f2356c5367,28,216,0x3041cbd36888becc7bbcbc0045e3b1f144466f5f,Sync,True,,,1667673506153,1665855656974,,,,,False
25546188,0x2e3e181c9632ca5a9e477ce288b6f7b424002272c027fc1d1e43fa50615bf4ff,0xfedb472171aad76375efb6b7096beda453f5062241a301cbf831b2f2356c5367,28,217,0x3041cbd36888becc7bbcbc0045e3b1f144466f5f,Swap,True,0xa58bdd0ab5ebbb8dc425090fea8fd0ba969c1668,0x111111125421ca6dc452d289314280a0f8842a65,,,0,2013034,2009187,0,False
25546202,0x426a514d0e1b543d6295ece408c548227690ef84cb0a5e2cc74ea40e00122ada,0x2d97b8348744c8764e16314fc95f6dcb284c75b5b1761861dde86c9820004993,162,954,0x0d4a11d5eeaac28ec3f61d100daf4d40471f1852,Sync,True,,,3916056591038023323768,7388375348909,,,,,False
25546202,0x426a514d0e1b543d6295ece408c548227690ef84cb0a5e2cc74ea40e00122ada,0x2d97b8348744c8764e16314fc95f6dcb284c75b5b1761861dde86c9820004993,162,955,0x0d4a11d5eeaac28ec3f61d100daf4d40471f1852,Swap,True,0x4271f894659d3192b8f8c0ce3d492974a163c2bc,0x4271f894659d3192b8f8c0ce3d492974a163c2bc,,,100000000000,0,0,188,False
25546202,0x426a514d0e1b543d6295ece408c548227690ef84cb0a5e2cc74ea40e00122ada,0x2d97b8348744c8764e16314fc95f6dcb284c75b5b1761861dde86c9820004993,162,960,0x0d4a11d5eeaac28ec3f61d100daf4d40471f1852,Sync,True,,,3916056591138023323768,7388375349097,,,,,False
25546202,0x426a514d0e1b543d6295ece408c548227690ef84cb0a5e2cc74ea40e00122ada,0x2d97b8348744c8764e16314fc95f6dcb284c75b5b1761861dde86c9820004993,162,1092,0x0d4a11d5eeaac28ec3f61d100daf4d40471f1852,Sync,True,,,3916001813415789918778,7388272000649,,,,,False
25546202,0x426a514d0e1b543d6295ece408c548227690ef84cb0a5e2cc74ea40e00122ada,0x2d97b8348744c8764e16314fc95f6dcb284c75b5b1761861dde86c9820004993,162,1096,0x0d4a11d5eeaac28ec3f61d100daf4d40471f1852,Sync,True,,,3915947200788585743461,7388375349097,,,,,False
25546202,0x426a514d0e1b543d6295ece408c548227690ef84cb0a5e2cc74ea40e00122ada,0x2d97b8348744c8764e16314fc95f6dcb284c75b5b1761861dde86c9820004993,162,1097,0x0d4a11d5eeaac28ec3f61d100daf4d40471f1852,Swap,True,0x4271f894659d3192b8f8c0ce3d492974a163c2bc,0x4271f894659d3192b8f8c0ce3d492974a163c2bc,,,0,103348448,54612627204175317,0,False
25546204,0x21e931b10cfab395ff7a67c3ee189ca2ea11a73f6796f07d9b8bf8ae1e15d69b,0xe8de687d30b400b0003a06e69317800bd56f1425d54de03dab8f1855fcc35f9f,58,205,0xb4e16d0168e52d35cacd2c6185b44281ec28c9dc,Sync,True,,,8801265470797,4668697373363439652946,,,,,False
25546204,0x21e931b10cfab395ff7a67c3ee189ca2ea11a73f6796f07d9b8bf8ae1e15d69b,0xe8de687d30b400b0003a06e69317800bd56f1425d54de03dab8f1855fcc35f9f,58,206,0xb4e16d0168e52d35cacd2c6185b44281ec28c9dc,Swap,True,0x1111111254eeb25477b68fb85ed929f73a960582,0xce4c24c2a44e4ab92cb1b0cfddac314971430e66,,,0,5052363181723456,9495975,0,False
25546205,0x23d5cd18cb20f83b144b6ed5936cd3e79688cbdbab2a7e3019bd70da9c258759,0x57fee6917c54810a5a696f3625dc626ecf4c7cdc97f695ad56e82d45670093b3,2,4,0xb4e16d0168e52d35cacd2c6185b44281ec28c9dc,Sync,True,,,8801255346831,4668702759863439652946,,,,,False
25546205,0x23d5cd18cb20f83b144b6ed5936cd3e79688cbdbab2a7e3019bd70da9c258759,0x57fee6917c54810a5a696f3625dc626ecf4c7cdc97f695ad56e82d45670093b3,2,5,0xb4e16d0168e52d35cacd2c6185b44281ec28c9dc,Swap,True,0xa58bdd0ab5ebbb8dc425090fea8fd0ba969c1668,0x111111125421ca6dc452d289314280a0f8842a65,,,0,5386500000000000,10123966,0,False
25546212,0x2f71fe680985188e3cc0c35f40d99d9dbd125dd9d9021a7c486b35aecd0a5447,0x3b591f351ddcb2e511204b2cd26954a7476732278358912c05ec9944ece032ef,16,235,0x3041cbd36888becc7bbcbc0045e3b1f144466f5f,Sync,True,,,1667662937068,1665866246374,,,,,False
25546212,0x2f71fe680985188e3cc0c35f40d99d9dbd125dd9d9021a7c486b35aecd0a5447,0x3b591f351ddcb2e511204b2cd26954a7476732278358912c05ec9944ece032ef,16,236,0x3041cbd36888becc7bbcbc0045e3b1f144466f5f,Swap,True,0xa58bdd0ab5ebbb8dc425090fea8fd0ba969c1668,0x111111125421ca6dc452d289314280a0f8842a65,,,0,10589400,10569085,0,False
25546218,0xec0260108acb5e5ed90989ac5971db738c8b7b4d4743f21d4fae6648d1cd749a,0xd0addb94b41630d1a347ca08139ba016c044e06b868f08558f51cceba4904ea5,15,122,0xb4e16d0168e52d35cacd2c6185b44281ec28c9dc,Sync,True,,,8798507325835,4670165317472579588178,,,,,False
25546218,0xec0260108acb5e5ed90989ac5971db738c8b7b4d4743f21d4fae6648d1cd749a,0xd0addb94b41630d1a347ca08139ba016c044e06b868f08558f51cceba4904ea5,15,123,0xb4e16d0168e52d35cacd2c6185b44281ec28c9dc,Swap,True,0x51c72848c68a965f66fa7a88855f9f7784502a7f,0x51c72848c68a965f66fa7a88855f9f7784502a7f,,,0,1462557609139935232,2748020996,0,False
25546218,0xec0260108acb5e5ed90989ac5971db738c8b7b4d4743f21d4fae6648d1cd749a,0x28c96631927a324617b102d6af40b64561f7bf989ec8d40bf0315151701975c7,29,217,0x0d4a11d5eeaac28ec3f61d100daf4d40471f1852,Sync,True,,,3917539821052685868389,7385380717131,,,,,False
25546218,0xec0260108acb5e5ed90989ac5971db738c8b7b4d4743f21d4fae6648d1cd749a,0x28c96631927a324617b102d6af40b64561f7bf989ec8d40bf0315151701975c7,29,218,0x0d4a11d5eeaac28ec3f61d100daf4d40471f1852,Swap,True,0xeff6cb8b614999d130e537751ee99724d01aa167,0xeff6cb8b614999d130e537751ee99724d01aa167,,,1592620264100124928,0,0,2994631966,False
25546221,0x7e6624719768c54ad0dfa81ad8e01ffc0685ac24d0f662f8c2d82995de04ba42,0x18468b3a54a5d0ae8286d9416b588e28b802cf133f5286a9496d166fbd18c1f0,52,210,0x3041cbd36888becc7bbcbc0045e3b1f144466f5f,Sync,True,,,1667637412282,1665891820774,,,,,False
25546221,0x7e6624719768c54ad0dfa81ad8e01ffc0685ac24d0f662f8c2d82995de04ba42,0x18468b3a54a5d0ae8286d9416b588e28b802cf133f5286a9496d166fbd18c1f0,52,211,0x3041cbd36888becc7bbcbc0045e3b1f144466f5f,Swap,True,0xa58bdd0ab5ebbb8dc425090fea8fd0ba969c1668,0x111111125421ca6dc452d289314280a0f8842a65,,,0,25574400,25524786,0,False
25546239,0x988eb0a3db0ea772343e2ac1fee7546654bce27384f356b686b01fde6adcdf90,0xa58fc42bba58eb3f9f325a78f9d320fad0ddb262551e512adbe76fc02e649e21,32,156,0xb4e16d0168e52d35cacd2c6185b44281ec28c9dc,Sync,True,,,8798464556468,4670188087472579588178,,,,,False
25546239,0x988eb0a3db0ea772343e2ac1fee7546654bce27384f356b686b01fde6adcdf90,0xa58fc42bba58eb3f9f325a78f9d320fad0ddb262551e512adbe76fc02e649e21,32,157,0xb4e16d0168e52d35cacd2c6185b44281ec28c9dc,Swap,True,0x7a250d5630b4cf539739df2c5dacb4c659f2488d,0x92778656ba54cba54032520849685cdd3494b382,,,0,22770000000000000,42769367,0,False
25546280,0x1ba88b051d0e83d451c2c411814a1ae39e05ac5ba5abbd94d829512f68df7f7f,0xb69a06ffd6f2da9ed0bba47fdd9d1480074633b92f0db76225f4c27487b31ed7,79,189,0xb4e16d0168e52d35cacd2c6185b44281ec28c9dc,Sync,True,,,8798459736069,4670190653821090245627,,,,,False
25546280,0x1ba88b051d0e83d451c2c411814a1ae39e05ac5ba5abbd94d829512f68df7f7f,0xb69a06ffd6f2da9ed0bba47fdd9d1480074633b92f0db76225f4c27487b31ed7,79,190,0xb4e16d0168e52d35cacd2c6185b44281ec28c9dc,Swap,True,0x7a250d5630b4cf539739df2c5dacb4c659f2488d,0x423d607bd4e213e9b64a54b324ab7f632feec647,,,0,2566348510657449,4820399,0,False
25546282,0xf58f181b05bf11b9d99a537aa2c85f4a7a068219695996304b4adfda5747bac1,0x0743e11e70facd40c5d14ebf5d5beab41bfea1ec63515b59f265c332f733786c,208,289,0x3041cbd36888becc7bbcbc0045e3b1f144466f5f,Sync,True,,,1667138539216,1666391820774,,,,,False
25546282,0xf58f181b05bf11b9d99a537aa2c85f4a7a068219695996304b4adfda5747bac1,0x0743e11e70facd40c5d14ebf5d5beab41bfea1ec63515b59f265c332f733786c,208,290,0x3041cbd36888becc7bbcbc0045e3b1f144466f5f,Swap,True,0x7a250d5630b4cf539739df2c5dacb4c659f2488d,0x27485d3786a3fc37b65937e88dd388682973c219,,,0,500000000,498873066,0,False
25546291,0x44dd04ec208decf34fa77a749f923eff167fb00818ae843fea62f0a78993b4e8,0x787aae892208aee4bc37f6af8f59713a078bfd34078b016fb4d31f9dc88835a9,107,571,0x0d4a11d5eeaac28ec3f61d100daf4d40471f1852,Sync,True,,,3917613103695356381034,7385242981073,,,,,False
25546291,0x44dd04ec208decf34fa77a749f923eff167fb00818ae843fea62f0a78993b4e8,0x787aae892208aee4bc37f6af8f59713a078bfd34078b016fb4d31f9dc88835a9,107,572,0x0d4a11d5eeaac28ec3f61d100daf4d40471f1852,Swap,True,0x4c82d1fbfe28c977cbb58d8c7ff8fcf9f70a2cca,0xad452b94b7095b96e18fe54b4bd863f24eddfe91,,,73282642670512645,0,0,137736058,False
25546292,0xe1ad8a55627f7e2845265a1eb43be4527fe384bab24419a08279c81f0d7a8f02,0xb37e100c6e4311afcb8d898ed7c1046cd2ab59972f2f22eb8c4f8f8bd174a548,27,235,0x3041cbd36888becc7bbcbc0045e3b1f144466f5f,Sync,True,,,1667118640391,1666411770774,,,,,False
25546292,0xe1ad8a55627f7e2845265a1eb43be4527fe384bab24419a08279c81f0d7a8f02,0xb37e100c6e4311afcb8d898ed7c1046cd2ab59972f2f22eb8c4f8f8bd174a548,27,236,0x3041cbd36888becc7bbcbc0045e3b1f144466f5f,Swap,True,0xa58bdd0ab5ebbb8dc425090fea8fd0ba969c1668,0x111111125421ca6dc452d289314280a0f8842a65,,,0,19950000,19898825,0,False
25546295,0x54af5feae463ee552ef7e01376b6f668f28f716cad7ea660d37b596575fec57a,0xcbc46ae3f046ac1d2e6b42b05ee9584fe16221bca198565eec995471fc1ee371,18,110,0xb4e16d0168e52d35cacd2c6185b44281ec28c9dc,Sync,True,,,8796391646786,4671291952319614200571,,,,,False
25546295,0x54af5feae463ee552ef7e01376b6f668f28f716cad7ea660d37b596575fec57a,0xcbc46ae3f046ac1d2e6b42b05ee9584fe16221bca198565eec995471fc1ee371,18,111,0xb4e16d0168e52d35cacd2c6185b44281ec28c9dc,Swap,True,0x51c72848c68a965f66fa7a88855f9f7784502a7f,0x51c72848c68a965f66fa7a88855f9f7784502a7f,,,0,1101298498523954944,2068089283,0,False
25546295,0x54af5feae463ee552ef7e01376b6f668f28f716cad7ea660d37b596575fec57a,0x9b7b0f4ea9a006b28b3bb575309411b40ce8e3ec054805e47f061755657fba1e,21,121,0x0d4a11d5eeaac28ec3f61d100daf4d40471f1852,Sync,True,,,3918532652089258107114,7383515113300,,,,,False
25546295,0x54af5feae463ee552ef7e01376b6f668f28f716cad7ea660d37b596575fec57a,0x9b7b0f4ea9a006b28b3bb575309411b40ce8e3ec054805e47f061755657fba1e,21,122,0x0d4a11d5eeaac28ec3f61d100daf4d40471f1852,Swap,True,0x51c72848c68a965f66fa7a88855f9f7784502a7f,0x51c72848c68a965f66fa7a88855f9f7784502a7f,,,919548393901726080,0,0,1727867773,False
25546297,0x2710648a4becedb78ef8805cf51d57b41c9041e08576508c78ef75c46cc02018,0x1c8a35fb16c366610fbe4db7f20f282d5ca61489d753918b0f334a4492b78d90,13,57,0xb4e16d0168e52d35cacd2c6185b44281ec28c9dc,Sync,True,,,8794184313996,4672467973036965019387,,,,,False
25546297,0x2710648a4becedb78ef8805cf51d57b41c9041e08576508c78ef75c46cc02018,0x1c8a35fb16c366610fbe4db7f20f282d5ca61489d753918b0f334a4492b78d90,13,58,0xb4e16d0168e52d35cacd2c6185b44281ec28c9dc,Swap,True,0x51c72848c68a965f66fa7a88855f9f7784502a7f,0x51c72848c68a965f66fa7a88855f9f7784502a7f,,,0,1176020717350818816,2207332790,0,False
25546297,0x2710648a4becedb78ef8805cf51d57b41c9041e08576508c78ef75c46cc02018,0xc30029c3044a53c1cf6ae6801ebe3f99e5b69565ab3a90fd1afb24f167f410bd,17,72,0x0d4a11d5eeaac28ec3f61d100daf4d40471f1852,Sync,True,,,3919494372152457734890,7381708869335,,,,,False
25546297,0x2710648a4becedb78ef8805cf51d57b41c9041e08576508c78ef75c46cc02018,0xc30029c3044a53c1cf6ae6801ebe3f99e5b69565ab3a90fd1afb24f167f410bd,17,73,0x0d4a11d5eeaac28ec3f61d100daf4d40471f1852,Swap,True,0x51c72848c68a965f66fa7a88855f9f7784502a7f,0x51c72848c68a965f66fa7a88855f9f7784502a7f,,,961720063199627776,0,0,1806243965,False
25546298,0x73518dc9b8bbd0442d13585053a865b39a482ca8ea1a6510f9b617fdd4d81cfb,0x10625f5d5b845d405d9c6dc4f2cf721593b6ce8239fed695ce2f3f880b6f6dc0,126,199,0x0d4a11d5eeaac28ec3f61d100daf4d40471f1852,Sync,True,,,3919567012556156825472,7381572476283,,,,,False
25546298,0x73518dc9b8bbd0442d13585053a865b39a482ca8ea1a6510f9b617fdd4d81cfb,0x10625f5d5b845d405d9c6dc4f2cf721593b6ce8239fed695ce2f3f880b6f6dc0,126,200,0x0d4a11d5eeaac28ec3f61d100daf4d40471f1852,Swap,True,0x4c82d1fbfe28c977cbb58d8c7ff8fcf9f70a2cca,0xad452b94b7095b96e18fe54b4bd863f24eddfe91,,,72640403699090582,0,0,136393052,False
25546304,0x0237f8569202c733c5592ab2f48958dc4268a3190774104be752d8b91623fe28,0xd4e738e3f9a205ccd874053953cd1b2b94d4bdcf33a0906c83a7893e191124c6,40,178,0x0d4a11d5eeaac28ec3f61d100daf4d40471f1852,Sync,True,,,3919639019130935162390,7381437278320,,,,,False
25546304,0x0237f8569202c733c5592ab2f48958dc4268a3190774104be752d8b91623fe28,0xd4e738e3f9a205ccd874053953cd1b2b94d4bdcf33a0906c83a7893e191124c6,40,179,0x0d4a11d5eeaac28ec3f61d100daf4d40471f1852,Swap,True,0x4c82d1fbfe28c977cbb58d8c7ff8fcf9f70a2cca,0xad452b94b7095b96e18fe54b4bd863f24eddfe91,,,72006574778336918,0,0,135197963,False
25546305,0x55b63b1b80f81899b199f589ad46aaf5bcde378f016e5888f215c9a3202fda0a,0x8c3d356145638b6da77f0b621ec50d39da28e0655d46fdd990e95fff54c872b4,174,253,0xb4e16d0168e52d35cacd2c6185b44281ec28c9dc,Sync,True,,,8794188267071,4672465879017147715386,,,,,False
25546305,0x55b63b1b80f81899b199f589ad46aaf5bcde378f016e5888f215c9a3202fda0a,0x8c3d356145638b6da77f0b621ec50d39da28e0655d46fdd990e95fff54c872b4,174,254,0xb4e16d0168e52d35cacd2c6185b44281ec28c9dc,Swap,True,0x06cff7088619c7178f5e14f0b119458d08d2f5ef,0x06cff7088619c7178f5e14f0b119458d08d2f5ef,,,3953075,0,0,2094019817304001,False
25546309,0x152e77cf97a4766bae1857836500cfd62fcf354b6ac26cbcf90ecfb12a1b6c0c,0x79ae27f0956f9a02611cdab586ffc2a26f27d20b26ab7b9bb97f68b32008ad27,78,415,0xb4e16d0168e52d35cacd2c6185b44281ec28c9dc,Sync,True,,,8794067941539,4672530002773786598299,,,,,False
25546309,0x152e77cf97a4766bae1857836500cfd62fcf354b6ac26cbcf90ecfb12a1b6c0c,0x79ae27f0956f9a02611cdab586ffc2a26f27d20b26ab7b9bb97f68b32008ad27,78,416,0xb4e16d0168e52d35cacd2c6185b44281ec28c9dc,Swap,True,0x4c82d1fbfe28c977cbb58d8c7ff8fcf9f70a2cca,0x608af7d60d8e9c6c60e336a27aaa4810d644455e,,,0,64123756638882913,120325532,0,False
25546312,0x8486d49c711d528efd891dc8def9d21b106551183e28a3244ec49f6e504a165e,0x99851ea6cf62cf07fb78bbdb417d20f21b601a66a698576789aa6b686ed3ba42,12,230,0xb4e16d0168e52d35cacd2c6185b44281ec28c9dc,Sync,True,,,8793137329660,4673026002773786598299,,,,,False
25546312,0x8486d49c711d528efd891dc8def9d21b106551183e28a3244ec49f6e504a165e,0x99851ea6cf62cf07fb78bbdb417d20f21b601a66a698576789aa6b686ed3ba42,12,231,0xb4e16d0168e52d35cacd2c6185b44281ec28c9dc,Swap,True,0x7a250d5630b4cf539739df2c5dacb4c659f2488d,0x541d8aa97b28d23d2785467fc9fffacd75477892,,,0,496000000000000000,930611879,0,False
25546312,0x8486d49c711d528efd891dc8def9d21b106551183e28a3244ec49f6e504a165e,0xf31baa71bf39c4132579ade2fbacafaf70d3bc70cebaeed68833c09602e6f113,66,632,0x0d4a11d5eeaac28ec3f61d100daf4d40471f1852,Sync,True,,,3920600253682345658390,7379632963349,,,,,False
25546312,0x8486d49c711d528efd891dc8def9d21b106551183e28a3244ec49f6e504a165e,0xf31baa71bf39c4132579ade2fbacafaf70d3bc70cebaeed68833c09602e6f113,66,633,0x0d4a11d5eeaac28ec3f61d100daf4d40471f1852,Swap,True,0x51c72848c68a965f66fa7a88855f9f7784502a7f,0x51c72848c68a965f66fa7a88855f9f7784502a7f,,,961234551410496000,0,0,1804314971,False
25546312,0x8486d49c711d528efd891dc8def9d21b106551183e28a3244ec49f6e504a165e,0x076e8e45ece8a6315582908d571416064957f326116399a78b00c615922b0210,78,649,0x0d4a11d5eeaac28ec3f61d100daf4d40471f1852,Sync,True,,,3920677253682345658390,7379488466101,,,,,False
25546312,0x8486d49c711d528efd891dc8def9d21b106551183e28a3244ec49f6e504a165e,0x076e8e45ece8a6315582908d571416064957f326116399a78b00c615922b0210,78,650,0x0d4a11d5eeaac28ec3f61d100daf4d40471f1852,Swap,True,0xae0562f6349e1b574a75248bd53848a3039751aa,0x28bf6006d87de7f44445905aa4f5cb8c0d8cba02,,,77000000000000000,0,0,144497248,False
25546313,0x39d13d1300ff25076f1eae7acbfc6ab74ee8ebab26b4f97b7d588009ffb7e453,0x639d2588eb17522c2976059856b1303c1fbe5dcc36c06ee828e14ba74ae3b4b8,104,234,0xb4e16d0168e52d35cacd2c6185b44281ec28c9dc,Sync,True,,,8790977184769,4674177727706683540551,,,,,False
25546313,0x39d13d1300ff25076f1eae7acbfc6ab74ee8ebab26b4f97b7d588009ffb7e453,0x639d2588eb17522c2976059856b1303c1fbe5dcc36c06ee828e14ba74ae3b4b8,104,235,0xb4e16d0168e52d35cacd2c6185b44281ec28c9dc,Swap,True,0xba2ceed10dbb21552d806f222da80d0ad82f9dd6,0x9008d19f58aabd9ed0d60971565aa8510560ab41,,,0,1151724932896942252,2160144891,0,False
25546316,0xb01df75644e8273810f7829b243d5a9ec42cff41a5b24f99422e8c4eda4a7bce,0x66f4ceb7345130743fff3917e810c9e94da51fdb43d5dd459b95de7ebfbf8b86,97,209,0xb4e16d0168e52d35cacd2c6185b44281ec28c9dc,Sync,True,,,8790857369763,4674241626115776239011,,,,,False
25546316,0xb01df75644e8273810f7829b243d5a9ec42cff41a5b24f99422e8c4eda4a7bce,0x66f4ceb7345130743fff3917e810c9e94da51fdb43d5dd459b95de7ebfbf8b86,97,210,0xb4e16d0168e52d35cacd2c6185b44281ec28c9dc,Swap,True,0x4c82d1fbfe28c977cbb58d8c7ff8fcf9f70a2cca,0x6abc5481a1dca5084209a3481b94c1fbc4261d1b,,,0,63898409092698460,119815006,0,False
25546321,0x34394c243e2a824ecd72963d7808e1400394f0f185434cb0b62e4c28f37f9af6,0xd60f3dcc0771f4081ab38378c6d61cbbdd154d4a3579660583e4c1ff85d9168a,4,61,0xb4e16d0168e52d35cacd2c6185b44281ec28c9dc,Sync,True,,,8790850818964,4674245119765991196639,,,,,False
25546321,0x34394c243e2a824ecd72963d7808e1400394f0f185434cb0b62e4c28f37f9af6,0xd60f3dcc0771f4081ab38378c6d61cbbdd154d4a3579660583e4c1ff85d9168a,4,62,0xb4e16d0168e52d35cacd2c6185b44281ec28c9dc,Swap,True,0x7a250d5630b4cf539739df2c5dacb4c659f2488d,0x423d607bd4e213e9b64a54b324ab7f632feec647,,,0,3493650214957628,6550799,0,False
25546334,0x7d572c503e1e3b489845feb2b6b36675980a3af9e648b65640505c0ea451f95e,0x8a5a71aed60d8ffaa6cf6c1ed693180b13c962245dd4fce289667637a6e809fc,179,637,0x0d4a11d5eeaac28ec3f61d100daf4d40471f1852,Sync,True,,,3920682071260738883385,7379479425682,,,,,False
25546334,0x7d572c503e1e3b489845feb2b6b36675980a3af9e648b65640505c0ea451f95e,0x8a5a71aed60d8ffaa6cf6c1ed693180b13c962245dd4fce289667637a6e809fc,179,638,0x0d4a11d5eeaac28ec3f61d100daf4d40471f1852,Swap,True,0xae0562f6349e1b574a75248bd53848a3039751aa,0xae0562f6349e1b574a75248bd53848a3039751aa,,,4817578393224995,0,0,9040419,False
25546339,0x9e34cd3f8e1d36bc50bf05d59fece2a43baca1b72c063fca44c4c4d5c48a1363,0xed1edccb99eb24f354fd7c992e43c6b7ed1f5c5a5721e5ec26e9506133d689da,126,519,0xb4e16d0168e52d35cacd2c6185b44281ec28c9dc,Sync,True,,,8790833916665,4674254134066485343884,,,,,False
25546339,0x9e34cd3f8e1d36bc50bf05d59fece2a43baca1b72c063fca44c4c4d5c48a1363,0xed1edccb99eb24f354fd7c992e43c6b7ed1f5c5a5721e5ec26e9506133d689da,126,520,0xb4e16d0168e52d35cacd2c6185b44281ec28c9dc,Swap,True,0x7a250d5630b4cf539739df2c5dacb4c659f2488d,0x423d607bd4e213e9b64a54b324ab7f632feec647,,,0,9014300494147245,16902299,0,False
25546345,0x2597a4fbf0626f0ac3c93b7c12b7ae19cecb398ff803c7e531072f1377f687cf,0x01efc5e801169d4fdf48a4068e7d132f7615caefcd3e339778f2e81665adbef7,232,710,0xb4e16d0168e52d35cacd2c6185b44281ec28c9dc,Sync,True,,,8790731225701,4674308901752450313803,,,,,False
25546345,0x2597a4fbf0626f0ac3c93b7c12b7ae19cecb398ff803c7e531072f1377f687cf,0x01efc5e801169d4fdf48a4068e7d132f7615caefcd3e339778f2e81665adbef7,232,711,0xb4e16d0168e52d35cacd2c6185b44281ec28c9dc,Swap,True,0x7a250d5630b4cf539739df2c5dacb4c659f2488d,0x423d607bd4e213e9b64a54b324ab7f632feec647,,,0,54767685964969919,102690964,0,False
25546346,0xf49169882181cece5ed002322f6ba032ddf77b226f126b34071ef23ff6e4c029,0x470485a9cb36c2d28ca78a4e9ab49730aa783483382cc70cc4bbd339415329b6,186,523,0x0d4a11d5eeaac28ec3f61d100daf4d40471f1852,Sync,True,,,3920688330171802328928,7379467680566,,,,,False
25546346,0xf49169882181cece5ed002322f6ba032ddf77b226f126b34071ef23ff6e4c029,0x470485a9cb36c2d28ca78a4e9ab49730aa783483382cc70cc4bbd339415329b6,186,524,0x0d4a11d5eeaac28ec3f61d100daf4d40471f1852,Swap,True,0xf4a1c3a0f386867938443436e07c60f8c35ceb71,0xf4a1c3a0f386867938443436e07c60f8c35ceb71,,,6258911063445543,0,0,11745116,False
25546349,0x22371938447bd417c1cfb5749b2400550412c16a7b39335917359b926a0c6202,0x92cdf4d4cd8d4e69b2c75284044981e84da9e21401b0982849719351c15f774e,141,564,0x0d4a11d5eeaac28ec3f61d100daf4d40471f1852,Sync,True,,,3921385510609848626784,7378159627962,,,,,False
25546349,0x22371938447bd417c1cfb5749b2400550412c16a7b39335917359b926a0c6202,0x92cdf4d4cd8d4e69b2c75284044981e84da9e21401b0982849719351c15f774e,141,565,0x0d4a11d5eeaac28ec3f61d100daf4d40471f1852,Swap,True,0x51c72848c68a965f66fa7a88855f9f7784502a7f,0x51c72848c68a965f66fa7a88855f9f7784502a7f,,,697180438046297856,0,0,1308052604,False
25546359,0x42913ea27ebd0f4423c1fd7ed3715b6db5d97dc8336f9dd83bd792529c69ab38,0xc22a287625bb9a68dbe2d498d0e922ee8e42207c227838f71da58da9a2e267f8,255,663,0xb4e16d0168e52d35cacd2c6185b44281ec28c9dc,Sync,True,,,8790732308904,4674308327507259639298,,,,,False
25546359,0x42913ea27ebd0f4423c1fd7ed3715b6db5d97dc8336f9dd83bd792529c69ab38,0xc22a287625bb9a68dbe2d498d0e922ee8e42207c227838f71da58da9a2e267f8,255,664,0xb4e16d0168e52d35cacd2c6185b44281ec28c9dc,Swap,True,0x6ce9a61fbf9ee28a228f1f4b33fec755ba587af4,0x6ce9a61fbf9ee28a228f1f4b33fec755ba587af4,,,1083203,0,0,574245190674505,False
25546361,0x3fa4b35b7ffdbfcf95d8ec0f7daa9a89ec313b0a597290ba8a668cea858c5c4e,0xe0ad3b5bec8029825f66762ccdf5e1b8e29b3406314b7ee93a6f6090a3a24825,120,432,0xb4e16d0168e52d35cacd2c6185b44281ec28c9dc,Sync,True,,,8790612656496,4674372142760774251495,,,,,False
25546361,0x3fa4b35b7ffdbfcf95d8ec0f7daa9a89ec313b0a597290ba8a668cea858c5c4e,0xe0ad3b5bec8029825f66762ccdf5e1b8e29b3406314b7ee93a6f6090a3a24825,120,433,0xb4e16d0168e52d35cacd2c6185b44281ec28c9dc,Swap,True,0x4c82d1fbfe28c977cbb58d8c7ff8fcf9f70a2cca,0x6abc5481a1dca5084209a3481b94c1fbc4261d1b,,,0,63815253514612197,119652408,0,False
25546362,0x0923b48c60631c38fa0502d35e9c198628583337f23868d52e1ab3602faabee3,0xd26065c36314179020769e00cdcbb705ca61886321d19c6f5f470b4356fa8b7d,39,122,0xb4e16d0168e52d35cacd2c6185b44281ec28c9dc,Sync,True,,,8790510174300,4674426801860009042681,,,,,False
25546362,0x0923b48c60631c38fa0502d35e9c198628583337f23868d52e1ab3602faabee3,0xd26065c36314179020769e00cdcbb705ca61886321d19c6f5f470b4356fa8b7d,39,123,0xb4e16d0168e52d35cacd2c6185b44281ec28c9dc,Swap,True,0x7a250d5630b4cf539739df2c5dacb4c659f2488d,0x423d607bd4e213e9b64a54b324ab7f632feec647,,,0,54659099234791186,102482196,0,False
25546365,0x6e98567437cfbf2c843afc3558d85aae045912f64473c715528171b05263fb3b,0x31284c733bcf6f04a9f4dfd9c960a7e20677735df3e132815b6879807df69b15,28,221,0x0d4a11d5eeaac28ec3f61d100daf4d40471f1852,Sync,True,,,3921378092148041055242,7378173627962,,,,,False
25546365,0x6e98567437cfbf2c843afc3558d85aae045912f64473c715528171b05263fb3b,0x31284c733bcf6f04a9f4dfd9c960a7e20677735df3e132815b6879807df69b15,28,222,0x0d4a11d5eeaac28ec3f61d100daf4d40471f1852,Swap,True,0x5597278e3baa59d53e256db5cbabc9b491499ce5,0x9b533f1ceaa5ceb7e5b8994ef16499e47a66312d,,,0,14000000,7418461807571542,0,False
25546373,0x42fb39f2854c9642a2afea4449c7375b82457fefd314549bde74662cadde20c4,0xf5bd50faec1c3b5594ff1ca885c670f943d8d126b6e1159cd553898e73ea5f72,56,446,0x0d4a11d5eeaac28ec3f61d100daf4d40471f1852,Sync,True,,,3921382911788041055242,7378164586902,,,,,False
25546373,0x42fb39f2854c9642a2afea4449c7375b82457fefd314549bde74662cadde20c4,0xf5bd50faec1c3b5594ff1ca885c670f943d8d126b6e1159cd553898e73ea5f72,56,447,0x0d4a11d5eeaac28ec3f61d100daf4d40471f1852,Swap,True,0xae0562f6349e1b574a75248bd53848a3039751aa,0xae0562f6349e1b574a75248bd53848a3039751aa,,,4819640000000000,0,0,9041060,False
25546384,0xafd0c6039cb4c827262c62a5c7cd56ce086fcd5944006e3045483e2ecdf331a5,0x5dd1c58db921097064bb893dd8afd3d0536a184eae18532e42bef968c3856f6c,20,88,0xb4e16d0168e52d35cacd2c6185b44281ec28c9dc,Sync,True,,,8787087507146,4676253024780937979897,,,,,False
25546384,0xafd0c6039cb4c827262c62a5c7cd56ce086fcd5944006e3045483e2ecdf331a5,0x5dd1c58db921097064bb893dd8afd3d0536a184eae18532e42bef968c3856f6c,20,89,0xb4e16d0168e52d35cacd2c6185b44281ec28c9dc,Swap,True,0x51c72848c68a965f66fa7a88855f9f7784502a7f,0x51c72848c68a965f66fa7a88855f9f7784502a7f,,,0,1826222920928937216,3422667154,0,False
25546384,0xafd0c6039cb4c827262c62a5c7cd56ce086fcd5944006e3045483e2ecdf331a5,0x4b7b3c3f3841873e570b61085a70a39d95dc14334f5c7fc0deea458b044ceab1,30,136,0x0d4a11d5eeaac28ec3f61d100daf4d40471f1852,Sync,True,,,3922599793317482526218,7375882578016,,,,,False
25546384,0xafd0c6039cb4c827262c62a5c7cd56ce086fcd5944006e3045483e2ecdf331a5,0x4b7b3c3f3841873e570b61085a70a39d95dc14334f5c7fc0deea458b044ceab1,30,137,0x0d4a11d5eeaac28ec3f61d100daf4d40471f1852,Swap,True,0x51c72848c68a965f66fa7a88855f9f7784502a7f,0x51c72848c68a965f66fa7a88855f9f7784502a7f,,,1216881529441470976,0,0,2282008886,False
25546385,0xdc7e4479b0e0dd872474327f34ef58ed08da169ceda42d0417dbe3f474aaefa5,0xf8ba8ae4ef5c326d5724e875645ee1a6aadeafc1205ff0130e879e699c20490c,23,149,0xb4e16d0168e52d35cacd2c6185b44281ec28c9dc,Sync,True,,,8787040286198,4676278230258463682349,,,,,False
25546385,0xdc7e4479b0e0dd872474327f34ef58ed08da169ceda42d0417dbe3f474aaefa5,0xf8ba8ae4ef5c326d5724e875645ee1a6aadeafc1205ff0130e879e699c20490c,23,150,0xb4e16d0168e52d35cacd2c6185b44281ec28c9dc,Swap,True,0x7f54f05635d15cde17a49502fedb9d1803a3be8a,0xb92fe925dc43a0ecde6c8b1a2709c170ec4fff4f,,,0,25205477525702452,47220948,0,False
25546386,0x248b1c7c69acb921712b7c453a91fec3b0ffc03bc1a2235bace3b8e5b2f3e1fb,0x5a758a9a02ed1e2f28dd770e684f0f672cf493c51b5e0653a9ae919b2fb89618,51,159,0xb4e16d0168e52d35cacd2c6185b44281ec28c9dc,Sync,True,,,8787015071149,4676291689594732075455,,,,,False
25546386,0x248b1c7c69acb921712b7c453a91fec3b0ffc03bc1a2235bace3b8e5b2f3e1fb,0x5a758a9a02ed1e2f28dd770e684f0f672cf493c51b5e0653a9ae919b2fb89618,51,160,0xb4e16d0168e52d35cacd2c6185b44281ec28c9dc,Swap,True,0x7a250d5630b4cf539739df2c5dacb4c659f2488d,0x423d607bd4e213e9b64a54b324ab7f632feec647,,,0,13459336268393106,25215049,0,False
25546386,0x248b1c7c69acb921712b7c453a91fec3b0ffc03bc1a2235bace3b8e5b2f3e1fb,0x92e737026539cf5f4f47972496103cd0697bfbd1fbb93d49dca141f5d29a2e4a,145,394,0xb4e16d0168e52d35cacd2c6185b44281ec28c9dc,Sync,True,,,8786953248755,4676324689594732075455,,,,,False
25546386,0x248b1c7c69acb921712b7c453a91fec3b0ffc03bc1a2235bace3b8e5b2f3e1fb,0x92e737026539cf5f4f47972496103cd0697bfbd1fbb93d49dca141f5d29a2e4a,145,395,0xb4e16d0168e52d35cacd2c6185b44281ec28c9dc,Swap,True,0x7a250d5630b4cf539739df2c5dacb4c659f2488d,0xe044da0988dd2d41bafbf4c8b5a66eba683db687,,,0,33000000000000000,61822394,0,False
25546387,0xab81ef13d42f8a1c72f0701aed6672f3bee0ad943b876b8b7ca24278247d1a33,0x3590e741e711015cdb314fc11fc8a07850ec34d4b6090ed862e01c8e1ceab81a,0,13,0xb4e16d0168e52d35cacd2c6185b44281ec28c9dc,Sync,True,,,8787009226108,4676294988592802257343,,,,,False
25546387,0xab81ef13d42f8a1c72f0701aed6672f3bee0ad943b876b8b7ca24278247d1a33,0x3590e741e711015cdb314fc11fc8a07850ec34d4b6090ed862e01c8e1ceab81a,0,14,0xb4e16d0168e52d35cacd2c6185b44281ec28c9dc,Swap,True,0x2dc16f84f6f44396d7d0bc17fcd4da2616457c2c,0x2dc16f84f6f44396d7d0bc17fcd4da2616457c2c,,,55977353,0,0,29701001929818112,False
25546395,0x069351d2faeee66bc57fb7f3cbeb672492aacb9914f6d18e86a50d4ca5834766,0x3b05ce9e3ee0d33b72eceff4231bc32417c17930ff5eeb29c4146caa6e3ae4c0,223,621,0xb4e16d0168e52d35cacd2c6185b44281ec28c9dc,Sync,True,,,8786663774804,4676479392266882817134,,,,,False
25546395,0x069351d2faeee66bc57fb7f3cbeb672492aacb9914f6d18e86a50d4ca5834766,0x3b05ce9e3ee0d33b72eceff4231bc32417c17930ff5eeb29c4146caa6e3ae4c0,223,622,0xb4e16d0168e52d35cacd2c6185b44281ec28c9dc,Swap,True,0x7a250d5630b4cf539739df2c5dacb4c659f2488d,0x423d607bd4e213e9b64a54b324ab7f632feec647,,,0,184403674080559791,345451304,0,False
25546403,0x17c30b097e8e00ef805e4ed45d8c28ba8c636a0ce22d9bdcf0f602c2a4ce1290,0x4f5f72d3b65eb189475853788c250cc2a50ad7ebc3619f70aa0b4b08fdd30251,127,301,0xb4e16d0168e52d35cacd2c6185b44281ec28c9dc,Sync,True,,,8786678854236,4676471390711509686972,,,,,False
25546403,0x17c30b097e8e00ef805e4ed45d8c28ba8c636a0ce22d9bdcf0f602c2a4ce1290,0x4f5f72d3b65eb189475853788c250cc2a50ad7ebc3619f70aa0b4b08fdd30251,127,302,0xb4e16d0168e52d35cacd2c6185b44281ec28c9dc,Swap,True,0x4c82d1fbfe28c977cbb58d8c7ff8fcf9f70a2cca,0x76a411f14a704099ba476ce8dffc288a53295218,,,15079432,0,0,8001555373130162,False
25546404,0x1ca491619d34e46045eb53e1c1c83aa46410acd99a45acaca6bab98d32c97c0b,0xe71d69225d82c43d4e71bf5e0aa9c75b4a7ea8462c257a05b17ce6560b88f0a1,97,207,0x0d4a11d5eeaac28ec3f61d100daf4d40471f1852,Sync,True,,,3922596081789029456768,7375889578016,,,,,False
25546404,0x1ca491619d34e46045eb53e1c1c83aa46410acd99a45acaca6bab98d32c97c0b,0xe71d69225d82c43d4e71bf5e0aa9c75b4a7ea8462c257a05b17ce6560b88f0a1,97,208,0x0d4a11d5eeaac28ec3f61d100daf4d40471f1852,Swap,True,0x5597278e3baa59d53e256db5cbabc9b491499ce5,0x9b533f1ceaa5ceb7e5b8994ef16499e47a66312d,,,0,7000000,3711528453069450,0,False
25546407,0xcc881fe5708eedeae063e72fa167b5e36fa1f6c1fff426858edc909e267242f6,0x18e3986d3a6dce6d81a0c5a80c35cfc2ceaea383453420f2f3e8b2b6a591e90c,214,386,0x0d4a11d5eeaac28ec3f61d100daf4d40471f1852,Sync,True,,,3922595925006799601089,7375889873710,,,,,False
25546407,0xcc881fe5708eedeae063e72fa167b5e36fa1f6c1fff426858edc909e267242f6,0x18e3986d3a6dce6d81a0c5a80c35cfc2ceaea383453420f2f3e8b2b6a591e90c,214,387,0x0d4a11d5eeaac28ec3f61d100daf4d40471f1852,Swap,True,0xdb0889ed700eacf9b34941064420908322c0ca16,0x9122064903443101320493176730447967674369,,,0,295694,156782229855679,0,False
25546412,0x1a3e1bef0212a61d012baa8a7927686e45778daca5bac689f1516b73fe070df1,0x1878125006e4fc351b10fec279dfdb3da2c559a4b5f0d991db9a864ca8e87634,92,306,0xb4e16d0168e52d35cacd2c6185b44281ec28c9dc,Sync,True,,,8786745335018,4676436114533147008602,,,,,False
25546412,0x1a3e1bef0212a61d012baa8a7927686e45778daca5bac689f1516b73fe070df1,0x1878125006e4fc351b10fec279dfdb3da2c559a4b5f0d991db9a864ca8e87634,92,307,0xb4e16d0168e52d35cacd2c6185b44281ec28c9dc,Swap,True,0x4c82d1fbfe28c977cbb58d8c7ff8fcf9f70a2cca,0x43de4318b6eb91a7cf37975dbb574396a7b5b5c6,,,66480782,0,0,35276178362678370,False
25546425,0xb8a691d0d106e2b65d39f39dd3bd71f5705d19838d3385f656e179e60d99f314,0xe99637e7e3c5eb977e4cadbf5b43ef665184038ec09d68f21fbe67ec35f76424,29,99,0xb4e16d0168e52d35cacd2c6185b44281ec28c9dc,Sync,True,,,8786848107354,4676381582299311467029,,,,,False
25546425,0xb8a691d0d106e2b65d39f39dd3bd71f5705d19838d3385f656e179e60d99f314,0xe99637e7e3c5eb977e4cadbf5b43ef665184038ec09d68f21fbe67ec35f76424,29,100,0xb4e16d0168e52d35cacd2c6185b44281ec28c9dc,Swap,True,0x7a250d5630b4cf539739df2c5dacb4c659f2488d,0x43de4318b6eb91a7cf37975dbb574396a7b5b5c6,,,102772336,0,0,54532233835541573,False
25546436,0xdba22ea64048bd88a87fafaf1e7fb2152eec34fd4f46e899d9fd7c34d7ac232d,0x46991b5c79821aa9feb587a86261c48e6598d1393232370120d242f30854e7d5,278,470,0x0d4a11d5eeaac28ec3f61d100daf4d40471f1852,Sync,True,,,3922622540551834256424,7375839977400,,,,,False
25546436,0xdba22ea64048bd88a87fafaf1e7fb2152eec34fd4f46e899d9fd7c34d7ac232d,0x46991b5c79821aa9feb587a86261c48e6598d1393232370120d242f30854e7d5,278,471,0x0d4a11d5eeaac28ec3f61d100daf4d40471f1852,Swap,True,0x7a250d5630b4cf539739df2c5dacb4c659f2488d,0x85280c0765d3355200e650fd907fa8286c2e11ab,,,26615545034655335,0,0,49896310,False
25546440,0x8c473447ec1dae87883bbcecddd395885dba44da1f378b907aa515bc18148af4,0xa04da43302647faf7e5617c3f658f6b684d3aa653ea2846a990ec39ad74d9bd9,104,335,0x0d4a11d5eeaac28ec3f61d100daf4d40471f1852,Sync,True,,,3922609284971896581444,7375864977400,,,,,False
25546440,0x8c473447ec1dae87883bbcecddd395885dba44da1f378b907aa515bc18148af4,0xa04da43302647faf7e5617c3f658f6b684d3aa653ea2846a990ec39ad74d9bd9,104,336,0x0d4a11d5eeaac28ec3f61d100daf4d40471f1852,Swap,True,0x5597278e3baa59d53e256db5cbabc9b491499ce5,0xac86903cdda380f20a06cc8a2dea7749f1558c68,,,0,25000000,13255579937674980,0,False
25546446,0x2c2a0c10c567444952c6de5b9452d4046b2b9335742ec1e3299adfd698e9c248,0x7733d60b7f191937d2fabedeea213fb1b0b39bdc35ed2e5de3c14bfcced24947,446,935,0xb4e16d0168e52d35cacd2c6185b44281ec28c9dc,Sync,True,,,8786771372374,4676422544081476403641,,,,,False
25546446,0x2c2a0c10c567444952c6de5b9452d4046b2b9335742ec1e3299adfd698e9c248,0x7733d60b7f191937d2fabedeea213fb1b0b39bdc35ed2e5de3c14bfcced24947,446,936,0xb4e16d0168e52d35cacd2c6185b44281ec28c9dc,Swap,True,0x7a250d5630b4cf539739df2c5dacb4c659f2488d,0x423d607bd4e213e9b64a54b324ab7f632feec647,,,0,40961782164936612,76734980,0,False
25546455,0xbaedebbc6e18ae1803f8990a4908d92ad65b3e6ad9897f314ee94e7aa920621e,0x98623451a2618da8732fe25fa9ae566369360530ea11c1153baff3768c9f8029,9,80,0x0d4a11d5eeaac28ec3f61d100daf4d40471f1852,Sync,True,,,3922694596971896581444,7375705045989,,,,,False
25546455,0xbaedebbc6e18ae1803f8990a4908d92ad65b3e6ad9897f314ee94e7aa920621e,0x98623451a2618da8732fe25fa9ae566369360530ea11c1153baff3768c9f8029,9,81,0x0d4a11d5eeaac28ec3f61d100daf4d40471f1852,Swap,True,0x7a250d5630b4cf539739df2c5dacb4c659f2488d,0xe2f400a412530157b91647d616c0cfb380633bc3,,,85312000000000000,0,0,159931411,False
25546470,0xcf4245867447297a63e55167c67d80da1fc61eba6f50216d3d6906e1bfbd5303,0xbd1f6019b5ad6d6fe064c7a61df3786d4d23e2c054a0957c8d37c4235741071c,114,409,0x0d4a11d5eeaac28ec3f61d100daf4d40471f1852,Sync,True,,,3922694667817896581444,7375704913180,,,,,False
25546470,0xcf4245867447297a63e55167c67d80da1fc61eba6f50216d3d6906e1bfbd5303,0xbd1f6019b5ad6d6fe064c7a61df3786d4d23e2c054a0957c8d37c4235741071c,114,410,0x0d4a11d5eeaac28ec3f61d100daf4d40471f1852,Swap,True,0x7a250d5630b4cf539739df2c5dacb4c659f2488d,0x2b834cfe2d2c21944e036d5b01b17dc0a05f429e,,,70846000000000,0,0,132809,False
25546471,0x50b260da7b12e5b0e1ac34d7146e4697ebcb3303e5b435d444306cc3d065735f,0x680993dd41799fff78f434f92bf0f4aa872a33e58210f25788545e07399d41a2,47,354,0xb4e16d0168e52d35cacd2c6185b44281ec28c9dc,Sync,True,,,8786771362075,4676422549579751762930,,,,,False
25546471,0x50b260da7b12e5b0e1ac34d7146e4697ebcb3303e5b435d444306cc3d065735f,0x680993dd41799fff78f434f92bf0f4aa872a33e58210f25788545e07399d41a2,47,355,0xb4e16d0168e52d35cacd2c6185b44281ec28c9dc,Swap,True,0x7a250d5630b4cf539739df2c5dacb4c659f2488d,0x423d607bd4e213e9b64a54b324ab7f632feec647,,,0,5498275359289,10299,0,False
25546472,0x761549449c3d797d587953c9d67f940f3e4d6a6b4a3bba4c48514616ca8a0bef,0x9fffc7583dbe241896644ab9647a71ed47b03be8884a62271a47029c2da1b3ae,13,474,0x0d4a11d5eeaac28ec3f61d100daf4d40471f1852,Sync,True,,,3922719264189559476403,7375658804519,,,,,False
25546472,0x761549449c3d797d587953c9d67f940f3e4d6a6b4a3bba4c48514616ca8a0bef,0x9fffc7583dbe241896644ab9647a71ed47b03be8884a62271a47029c2da1b3ae,13,475,0x0d4a11d5eeaac28ec3f61d100daf4d40471f1852,Swap,True,0x7a250d5630b4cf539739df2c5dacb4c659f2488d,0x85280c0765d3355200e650fd907fa8286c2e11ab,,,24596371662894959,0,0,46108661,False
25546481,0x5e3fa2b76a8a02258cabdf533dc16c231d81d8fa23c9e4ce4f0e2581e01b7e9c,0xc1933c7f931861890dd484da48b2353ab17d866e1bbdf7016f4515301aa4d6ef,10,70,0xb4e16d0168e52d35cacd2c6185b44281ec28c9dc,Sync,True,,,8786771351776,4676422555078027135128,,,,,False
25546481,0x5e3fa2b76a8a02258cabdf533dc16c231d81d8fa23c9e4ce4f0e2581e01b7e9c,0xc1933c7f931861890dd484da48b2353ab17d866e1bbdf7016f4515301aa4d6ef,10,71,0xb4e16d0168e52d35cacd2c6185b44281ec28c9dc,Swap,True,0x7a250d5630b4cf539739df2c5dacb4c659f2488d,0x423d607bd4e213e9b64a54b324ab7f632feec647,,,0,5498275372198,10299,0,False
25546496,0xb8b6a0fdbf07603dfa11a439d960bc13103168ad95709e9c34666625b1e93c1e,0x48b4138acb42f1b1c954bfeb7518a43fb9c2648bb62cb870f8ff93c4810c7622,227,602,0xb4e16d0168e52d35cacd2c6185b44281ec28c9dc,Sync,True,,,21555950252198,11472329018228964894247,,,,,False
25546496,0xb8b6a0fdbf07603dfa11a439d960bc13103168ad95709e9c34666625b1e93c1e,0x48b4138acb42f1b1c954bfeb7518a43fb9c2648bb62cb870f8ff93c4810c7622,227,641,0xb4e16d0168e52d35cacd2c6185b44281ec28c9dc,Sync,True,,,8786771351777,4676422555078219112544,,,,,False
25546506,0x4edfbf38de3ec8e8bc1a165d536e2907c6e55b344cd171fdba50f186b13de4df,0x93ac2fbe6842580198bf0a363fbde8f2e6a7fb7f7e0920389b19f2fa10b88282,3,43,0xb4e16d0168e52d35cacd2c6185b44281ec28c9dc,Sync,True,,,8786874351777,4676367902364834846618,,,,,False
25546506,0x4edfbf38de3ec8e8bc1a165d536e2907c6e55b344cd171fdba50f186b13de4df,0x93ac2fbe6842580198bf0a363fbde8f2e6a7fb7f7e0920389b19f2fa10b88282,3,44,0xb4e16d0168e52d35cacd2c6185b44281ec28c9dc,Swap,True,0x4c82d1fbfe28c977cbb58d8c7ff8fcf9f70a2cca,0x7523967fc791189ded1783bcad7b1f897e1be56b,,,103000000,0,0,54652713384265926,False
25546508,0x720ca75d4827357ea6c426409db18dd0e809c574b0ae1f2ec10548770de1aa0c,0x31dbfd7ab535f4fd3c1062bc5b89a6bf3f72b8cedbcff65bdd133f620dac5399,50,134,0xb4e16d0168e52d35cacd2c6185b44281ec28c9dc,Sync,True,,,8786886830398,4676361281184863728269,,,,,False
25546508,0x720ca75d4827357ea6c426409db18dd0e809c574b0ae1f2ec10548770de1aa0c,0x31dbfd7ab535f4fd3c1062bc5b89a6bf3f72b8cedbcff65bdd133f620dac5399,50,135,0xb4e16d0168e52d35cacd2c6185b44281ec28c9dc,Swap,True,0x4c82d1fbfe28c977cbb58d8c7ff8fcf9f70a2cca,0x5201883feeb05822ce25c9af8ab41fc78ca73fa9,,,12478621,0,0,6621179971118349,False
25546509,0x3a17b7690ab02e13f64454cff3718153e033257108dc9662aa107cb0b95a6605,0x0824f84da5db09871d2e6de723bbaa5c991502c32e696fd288203cd8b1407121,0,2,0xb4e16d0168e52d35cacd2c6185b44281ec28c9dc,Sync,True,,,8787120982564,4676237043078656121978,,,,,False
25546509,0x3a17b7690ab02e13f64454cff3718153e033257108dc9662aa107cb0b95a6605,0x0824f84da5db09871d2e6de723bbaa5c991502c32e696fd288203cd8b1407121,0,3,0xb4e16d0168e52d35cacd2c6185b44281ec28c9dc,Swap,True,0x4c82d1fbfe28c977cbb58d8c7ff8fcf9f70a2cca,0x7523967fc791189ded1783bcad7b1f897e1be56b,,,234152166,0,0,124238106207606291,False
25546510,0x9ce3f07365547d9418d9ce92a53a5a29bf3e23e59a407636d8b27c5489d15eb3,0xa2647164006d0d7f36f5b646232ab8d795de22868eaafe288c92bbe25fe80d67,248,789,0xb4e16d0168e52d35cacd2c6185b44281ec28c9dc,Sync,True,,,8787115183341,4676240138536665462343,,,,,False
25546510,0x9ce3f07365547d9418d9ce92a53a5a29bf3e23e59a407636d8b27c5489d15eb3,0xa2647164006d0d7f36f5b646232ab8d795de22868eaafe288c92bbe25fe80d67,248,790,0xb4e16d0168e52d35cacd2c6185b44281ec28c9dc,Swap,True,0x7a250d5630b4cf539739df2c5dacb4c659f2488d,0x423d607bd4e213e9b64a54b324ab7f632feec647,,,0,3095458009340365,5799223,0,False
25546514,0x0c3da621a3afcc27d84592978ee20fdeee8762cc1535d5228501d0d3e388d68e,0xb6d1eb123f4e519b159b8c1e08c85cd0658d8303c0ee66085d0e33f6a37dbdb4,4,21,0xb4e16d0168e52d35cacd2c6185b44281ec28c9dc,Sync,True,,,8787290797466,4676146964173062673058,,,,,False
25546514,0x0c3da621a3afcc27d84592978ee20fdeee8762cc1535d5228501d0d3e388d68e,0xb6d1eb123f4e519b159b8c1e08c85cd0658d8303c0ee66085d0e33f6a37dbdb4,4,22,0xb4e16d0168e52d35cacd2c6185b44281ec28c9dc,Swap,True,0x4c82d1fbfe28c977cbb58d8c7ff8fcf9f70a2cca,0x7523967fc791189ded1783bcad7b1f897e1be56b,,,175614125,0,0,93174363602789285,False
25546516,0xeb079012ba46b386ae4af097c4fc6dc942387ce19fbd32b8be85b067b5ce5ffc,0x4fee12c39c7c987964f208f70b0b92bd02b9cc1a090d158dd711ffde1a0ed602,0,2,0xb4e16d0168e52d35cacd2c6185b44281ec28c9dc,Sync,True,,,8787817639841,4675867463375736199795,,,,,False
25546516,0xeb079012ba46b386ae4af097c4fc6dc942387ce19fbd32b8be85b067b5ce5ffc,0x4fee12c39c7c987964f208f70b0b92bd02b9cc1a090d158dd711ffde1a0ed602,0,3,0xb4e16d0168e52d35cacd2c6185b44281ec28c9dc,Swap,True,0x4c82d1fbfe28c977cbb58d8c7ff8fcf9f70a2cca,0x7523967fc791189ded1783bcad7b1f897e1be56b,,,526842375,0,0,279500797326473263,False
25546516,0xeb079012ba46b386ae4af097c4fc6dc942387ce19fbd32b8be85b067b5ce5ffc,0xb1bb4446b266df7095095cd643870b867414433594a820ea576a4454581a8375,113,577,0x0d4a11d5eeaac28ec3f61d100daf4d40471f1852,Sync,True,,,3922720501157059476403,7375656485700,,,,,False
25546516,0xeb079012ba46b386ae4af097c4fc6dc942387ce19fbd32b8be85b067b5ce5ffc,0xb1bb4446b266df7095095cd643870b867414433594a820ea576a4454581a8375,113,578,0x0d4a11d5eeaac28ec3f61d100daf4d40471f1852,Swap,True,0x7a250d5630b4cf539739df2c5dacb4c659f2488d,0x5268431292f7b423e622832d21644ff81d16502d,,,1236967500000000,0,0,2318819,False
25546516,0xeb079012ba46b386ae4af097c4fc6dc942387ce19fbd32b8be85b067b5ce5ffc,0x9c2c6f2b7b9a148b9aaa58e5da76970d3242ebe612b48906ea82d4651078aa74,374,2084,0x0d4a11d5eeaac28ec3f61d100daf4d40471f1852,Sync,True,,,3922727018237482073336,7375644268806,,,,,False
25546516,0xeb079012ba46b386ae4af097c4fc6dc942387ce19fbd32b8be85b067b5ce5ffc,0x9c2c6f2b7b9a148b9aaa58e5da76970d3242ebe612b48906ea82d4651078aa74,374,2085,0x0d4a11d5eeaac28ec3f61d100daf4d40471f1852,Swap,True,0xcbc35d5c850a94bf4866b768a72fa688db07dde6,0xcbc35d5c850a94bf4866b768a72fa688db07dde6,,,6517080422596933,0,0,12216894,False
25546523,0x113940b9f514aa0b79507372869e420cdaa040cce90f58381e156a34133e28f9,0x44439ab7e22ecce5c132da86dc8df4a52efb667005fc9fa734a7ab47193fc591,1,13,0xb4e16d0168e52d35cacd2c6185b44281ec28c9dc,Sync,True,,,8787002455841,4676302556212794228847,,,,,False
25546523,0x113940b9f514aa0b79507372869e420cdaa040cce90f58381e156a34133e28f9,0x44439ab7e22ecce5c132da86dc8df4a52efb667005fc9fa734a7ab47193fc591,1,14,0xb4e16d0168e52d35cacd2c6185b44281ec28c9dc,Swap,True,0xf9234cb08edb93c0d4a4d4c70cc3ffd070e78e07,0xa000b020c290d000020aac04026b5306d60050f0,,,0,435092837058029052,815184000,0,False
25546527,0x16a0f5c072289c4ae21f3942dc6005e982c0cacdcf1fd9aff4ee4e7fee887848,0x01794eff1c90506c1f7c946e8eab6b942ab2c92f70480dd860e872bb82581d9b,127,635,0x0d4a11d5eeaac28ec3f61d100daf4d40471f1852,Sync,True,,,3922717473703443085829,7375662268806,,,,,False
25546527,0x16a0f5c072289c4ae21f3942dc6005e982c0cacdcf1fd9aff4ee4e7fee887848,0x01794eff1c90506c1f7c946e8eab6b942ab2c92f70480dd860e872bb82581d9b,127,636,0x0d4a11d5eeaac28ec3f61d100daf4d40471f1852,Swap,True,0x5597278e3baa59d53e256db5cbabc9b491499ce5,0x1f9b4a5ddd586f8471cda36262c52e5872a7d257,,,0,18000000,9544534038987507,0,False
25546530,0x1ac32ebe9d613e17d206818100e6024d4d812feb69794b183620f33402d7048b,0xeef9ba472efe3a5f95cf439cbb9bfa0a7d8a3318d85e0ac169e540f0825d373d,47,235,0xb4e16d0168e52d35cacd2c6185b44281ec28c9dc,Sync,True,,,8786848470920,4676384752557073597921,,,,,False
25546530,0x1ac32ebe9d613e17d206818100e6024d4d812feb69794b183620f33402d7048b,0xeef9ba472efe3a5f95cf439cbb9bfa0a7d8a3318d85e0ac169e540f0825d373d,47,236,0xb4e16d0168e52d35cacd2c6185b44281ec28c9dc,Swap,True,0x7a250d5630b4cf539739df2c5dacb4c659f2488d,0x423d607bd4e213e9b64a54b324ab7f632feec647,,,0,82196344279369074,153984921,0,False
25546543,0x58e9c1414cbbdf3d50722f8e9f8be9992dd1a8e76249db54f3aa1ed7d2274104,0x3b05703273f70a987a3001407ad251281f25badc7e0a6da2a9587757dcd69508,67,255,0xb4e16d0168e52d35cacd2c6185b44281ec28c9dc,Sync,True,,,8786513134193,4676563763523186463350,,,,,False
25546543,0x58e9c1414cbbdf3d50722f8e9f8be9992dd1a8e76249db54f3aa1ed7d2274104,0x3b05703273f70a987a3001407ad251281f25badc7e0a6da2a9587757dcd69508,67,256,0xb4e16d0168e52d35cacd2c6185b44281ec28c9dc,Swap,True,0x7a250d5630b4cf539739df2c5dacb4c659f2488d,0x423d607bd4e213e9b64a54b324ab7f632feec647,,,0,179010966112865429,335336727,0,False
